category,amount,frequency_deviation,day_of_month,is_weekend,is_anomaly,note
shopping,11868.48,1.3,4,1,0,Normal transaction in shopping
rent,17821.03,0.44,4,0,0,Normal transaction in rent
health,7702.19,1.21,27,0,0,Normal transaction in health
other,2318.03,1.36,12,0,0,Normal transaction in other
entertainment,632.57,1.76,9,0,0,Normal transaction in entertainment
entertainment,948.35,1.47,12,1,0,Normal transaction in entertainment
other,1871.05,1.13,20,1,0,Normal transaction in other
rent,23281.69,0.47,18,0,0,Normal transaction in rent
rent,11507.67,0.88,9,1,0,Normal transaction in rent
entertainment,2964.13,1.52,8,0,0,Normal transaction in entertainment
education,3705.4,1.08,24,1,0,Normal transaction in education
education,996.67,0.85,6,1,0,Normal transaction in education
entertainment,1877.93,0.22,24,1,0,Normal transaction in entertainment
education,6802.69,0.72,2,1,0,Normal transaction in education
entertainment,625.21,0.92,11,1,0,Normal transaction in entertainment
shopping,10162.25,0.38,23,1,0,Normal transaction in shopping
transport,2755.45,0.75,22,0,0,Normal transaction in transport
entertainment,2753.14,1.31,7,1,0,Normal transaction in entertainment
education,11558.8,1.52,8,1,0,Normal transaction in education
other,2374.86,0.75,27,0,0,Normal transaction in other
other,2642.38,0.3,23,0,0,Normal transaction in other
rent,20445.74,1.61,27,1,0,Normal transaction in rent
education,17579.13,1.62,23,1,0,Normal transaction in education
food,3053.91,1.09,6,1,0,Normal transaction in food
food,159.8,0.9,24,1,0,Normal transaction in food
health,5404.82,1.26,2,1,0,Normal transaction in health
education,154623.26,6.44,23,0,1,Unusual high spike in education
other,5369.04,1.51,24,1,0,Normal transaction in other
entertainment,1949.77,1.22,28,0,0,Normal transaction in entertainment
entertainment,1957.9,1.02,12,0,0,Normal transaction in entertainment
health,421.73,1.43,7,0,0,Normal transaction in health
health,6848.8,1.69,1,1,0,Normal transaction in health
food,266.7,1.0,22,1,0,Normal transaction in food
health,1645.47,1.73,21,1,0,Normal transaction in health
shopping,16888.25,1.44,25,0,0,Normal transaction in shopping
entertainment,339.16,1.18,28,1,0,Normal transaction in entertainment
shopping,13864.54,0.74,16,1,0,Normal transaction in shopping
health,663.86,1.26,21,0,0,Normal transaction in health
health,5074.65,1.33,19,0,0,Normal transaction in health
rent,37643.78,1.22,12,1,0,Normal transaction in rent
entertainment,1304.48,1.72,5,1,0,Normal transaction in entertainment
shopping,89752.18,6.8,27,1,1,Unusual high spike in shopping
food,2552.42,0.69,20,0,0,Normal transaction in food
entertainment,2194.62,0.61,4,1,0,Normal transaction in entertainment
other,3718.93,0.23,11,1,0,Normal transaction in other
health,5600.56,0.7,28,0,0,Normal transaction in health
food,1877.2,1.56,23,0,0,Normal transaction in food
shopping,2346.7,0.49,22,1,0,Normal transaction in shopping
health,37939.99,5.88,18,1,1,Unusual high spike in health
entertainment,2968.26,1.08,25,1,0,Normal transaction in entertainment
food,1491.94,1.43,7,0,0,Normal transaction in food
education,13153.14,0.7,5,1,0,Normal transaction in education
other,1238.01,0.82,25,0,0,Normal transaction in other
health,3698.94,1.64,9,1,0,Normal transaction in health
entertainment,1013.74,1.1,26,0,0,Normal transaction in entertainment
rent,9192.42,0.59,9,1,0,Normal transaction in rent
health,6487.55,1.13,3,1,0,Normal transaction in health
shopping,15781.35,0.2,19,1,0,Normal transaction in shopping
food,1747.42,1.22,2,0,0,Normal transaction in food
food,2295.73,0.55,20,0,0,Normal transaction in food
entertainment,19090.69,4.61,18,0,1,Unusual high spike in entertainment
food,1843.36,0.86,18,0,0,Normal transaction in food
shopping,16503.29,1.57,27,0,0,Normal transaction in shopping
other,918.58,1.57,21,0,0,Normal transaction in other
rent,11816.6,1.55,9,0,0,Normal transaction in rent
rent,121813.77,6.52,5,1,1,Unusual high spike in rent
rent,13449.5,1.32,9,1,0,Normal transaction in rent
shopping,5653.89,1.22,1,1,0,Normal transaction in shopping
entertainment,2676.62,1.16,4,0,0,Normal transaction in entertainment
shopping,16248.0,1.6,8,0,0,Normal transaction in shopping
entertainment,1466.2,0.52,9,0,0,Normal transaction in entertainment
health,641.82,0.68,17,0,0,Normal transaction in health
other,5321.82,0.77,9,0,0,Normal transaction in other
entertainment,2381.5,1.72,12,1,0,Normal transaction in entertainment
education,6999.35,0.43,10,1,0,Normal transaction in education
entertainment,9475.04,5.82,3,0,1,Unusual high spike in entertainment
health,966.27,0.9,18,1,0,Normal transaction in health
health,3095.89,1.72,25,1,0,Normal transaction in health
shopping,17924.5,1.09,27,0,0,Normal transaction in shopping
rent,141307.95,4.61,8,0,1,Unusual high spike in rent
shopping,15233.77,1.79,19,0,0,Normal transaction in shopping
food,9346.58,5.45,13,1,1,Unusual high spike in food
other,3664.56,0.71,17,0,0,Normal transaction in other
food,2641.8,1.29,24,1,0,Normal transaction in food
health,5914.11,0.95,25,1,0,Normal transaction in health
transport,4016.05,1.79,23,1,0,Normal transaction in transport
education,4329.93,1.02,19,1,0,Normal transaction in education
shopping,11665.48,0.64,9,0,0,Normal transaction in shopping
other,2126.08,0.59,1,0,0,Normal transaction in other
rent,5852.29,1.28,5,1,0,Normal transaction in rent
rent,8111.21,1.69,25,1,0,Normal transaction in rent
health,3376.05,1.47,10,0,0,Normal transaction in health
education,5411.19,0.54,10,0,0,Normal transaction in education
education,3619.06,1.37,5,1,0,Normal transaction in education
education,2603.52,0.51,6,1,0,Normal transaction in education
rent,16775.39,1.19,23,1,0,Normal transaction in rent
rent,17732.43,1.31,1,0,0,Normal transaction in rent
transport,2385.3,1.02,6,0,0,Normal transaction in transport
rent,12809.01,0.99,4,1,0,Normal transaction in rent
entertainment,1666.66,1.28,22,1,0,Normal transaction in entertainment
transport,3069.66,1.2,26,0,0,Normal transaction in transport
rent,21269.34,1.36,3,1,0,Normal transaction in rent
shopping,66942.15,3.28,4,0,1,Unusual high spike in shopping
health,4838.91,1.12,1,1,0,Normal transaction in health
education,22618.95,1.66,11,1,0,Normal transaction in education
health,4922.96,1.0,13,0,0,Normal transaction in health
health,608.06,0.5,4,0,0,Normal transaction in health
education,5835.0,1.26,4,1,0,Normal transaction in education
education,22209.16,0.57,7,0,0,Normal transaction in education
other,548.18,1.76,18,1,0,Normal transaction in other
health,4731.87,1.69,26,0,0,Normal transaction in health
entertainment,1569.78,1.24,17,1,0,Normal transaction in entertainment
shopping,2841.9,1.42,16,1,0,Normal transaction in shopping
rent,32274.89,0.67,25,1,0,Normal transaction in rent
food,2483.31,0.69,1,0,0,Normal transaction in food
rent,16025.71,1.75,3,0,0,Normal transaction in rent
shopping,10400.0,0.63,28,0,0,Normal transaction in shopping
education,21739.88,1.52,3,1,0,Normal transaction in education
other,2584.84,0.76,10,0,0,Normal transaction in other
entertainment,501.54,0.56,9,0,0,Normal transaction in entertainment
food,3394.28,0.81,20,1,0,Normal transaction in food
entertainment,1785.08,1.57,14,1,0,Normal transaction in entertainment
transport,1104.33,1.25,28,0,0,Normal transaction in transport
rent,11860.07,1.12,2,0,0,Normal transaction in rent
education,21827.57,1.47,22,0,0,Normal transaction in education
food,3493.99,0.25,14,0,0,Normal transaction in food
education,2002.84,0.64,20,1,0,Normal transaction in education
education,15771.81,1.69,15,0,0,Normal transaction in education
entertainment,326.41,0.98,22,0,0,Normal transaction in entertainment
food,3271.3,0.48,22,0,0,Normal transaction in food
food,782.68,1.75,18,0,0,Normal transaction in food
food,15837.19,3.64,21,1,1,Unusual high spike in food
shopping,4267.83,0.74,28,1,0,Normal transaction in shopping
other,28493.2,5.57,6,0,1,Unusual high spike in other
education,14419.3,0.73,15,1,0,Normal transaction in education
rent,31804.15,1.78,22,1,0,Normal transaction in rent
entertainment,2421.71,1.76,11,0,0,Normal transaction in entertainment
transport,4246.58,1.62,25,0,0,Normal transaction in transport
shopping,11417.64,0.84,17,0,0,Normal transaction in shopping
transport,2121.73,0.51,12,1,0,Normal transaction in transport
other,5628.83,1.02,20,1,0,Normal transaction in other
transport,2643.71,1.65,7,1,0,Normal transaction in transport
health,5354.44,0.59,28,1,0,Normal transaction in health
food,829.67,0.49,12,0,0,Normal transaction in food
shopping,16474.28,0.69,1,0,0,Normal transaction in shopping
education,129101.88,5.58,15,0,1,Unusual high spike in education
entertainment,1288.96,0.59,17,0,0,Normal transaction in entertainment
education,7116.27,0.27,25,0,0,Normal transaction in education
food,765.17,0.57,28,0,0,Normal transaction in food
health,35770.73,4.22,3,1,1,Unusual high spike in health
rent,21302.02,0.46,20,0,0,Normal transaction in rent
shopping,14164.08,0.72,11,1,0,Normal transaction in shopping
health,3085.72,1.06,12,1,0,Normal transaction in health
health,4066.48,0.92,1,1,0,Normal transaction in health
shopping,5328.51,0.73,1,0,0,Normal transaction in shopping
entertainment,978.34,1.68,16,1,0,Normal transaction in entertainment
rent,29654.92,1.69,8,1,0,Normal transaction in rent
health,3506.45,0.77,28,0,0,Normal transaction in health
shopping,16586.44,1.17,14,1,0,Normal transaction in shopping
transport,1940.74,0.7,14,1,0,Normal transaction in transport
other,1619.52,0.68,11,1,0,Normal transaction in other
food,285.07,1.25,3,0,0,Normal transaction in food
entertainment,623.27,1.25,11,0,0,Normal transaction in entertainment
health,821.39,1.13,11,1,0,Normal transaction in health
shopping,13416.5,0.76,1,1,0,Normal transaction in shopping
entertainment,2014.09,1.06,21,1,0,Normal transaction in entertainment
shopping,15248.05,1.46,5,0,0,Normal transaction in shopping
education,22856.0,1.48,25,0,0,Normal transaction in education
shopping,15158.15,1.18,20,0,0,Normal transaction in shopping
rent,34498.74,0.49,25,0,0,Normal transaction in rent
food,403.47,1.46,21,1,0,Normal transaction in food
transport,4185.4,1.49,3,1,0,Normal transaction in transport
education,23526.98,0.67,20,0,0,Normal transaction in education
education,17292.22,0.69,27,1,0,Normal transaction in education
transport,3997.37,1.32,4,1,0,Normal transaction in transport
shopping,648.43,0.6,3,1,0,Normal transaction in shopping
education,21909.44,1.12,28,1,0,Normal transaction in education
health,6344.88,0.24,20,1,0,Normal transaction in health
shopping,93670.58,4.28,9,0,1,Unusual high spike in shopping
food,1512.84,0.66,1,1,0,Normal transaction in food
rent,17738.66,1.78,26,0,0,Normal transaction in rent
shopping,12246.78,0.77,15,1,0,Normal transaction in shopping
education,145015.35,4.86,17,0,1,Unusual high spike in education
shopping,4916.23,1.68,21,1,0,Normal transaction in shopping
shopping,8965.85,1.46,24,0,0,Normal transaction in shopping
entertainment,608.39,0.7,6,0,0,Normal transaction in entertainment
rent,27019.41,1.75,21,1,0,Normal transaction in rent
entertainment,1224.59,0.86,9,0,0,Normal transaction in entertainment
shopping,13030.5,1.72,17,1,0,Normal transaction in shopping
entertainment,1857.23,1.18,1,1,0,Normal transaction in entertainment
education,21937.96,0.4,5,0,0,Normal transaction in education
entertainment,1621.38,0.8,22,1,0,Normal transaction in entertainment
entertainment,1410.52,0.55,4,1,0,Normal transaction in entertainment
health,977.53,0.64,15,1,0,Normal transaction in health
entertainment,2678.82,1.34,1,1,0,Normal transaction in entertainment
education,3436.54,1.71,5,0,0,Normal transaction in education
shopping,17921.6,0.55,13,1,0,Normal transaction in shopping
food,3301.02,1.04,10,1,0,Normal transaction in food
health,6523.93,0.79,25,0,0,Normal transaction in health
other,228.21,0.81,18,0,0,Normal transaction in other
rent,29284.28,0.44,10,1,0,Normal transaction in rent
food,728.51,1.05,9,1,0,Normal transaction in food
rent,28470.68,1.67,4,1,0,Normal transaction in rent
other,1783.95,0.43,20,1,0,Normal transaction in other
food,180.41,1.67,9,0,0,Normal transaction in food
transport,3891.82,1.02,7,1,0,Normal transaction in transport
rent,42078.64,0.46,7,1,0,Normal transaction in rent
other,659.27,0.9,4,1,0,Normal transaction in other
health,6011.36,0.21,15,0,0,Normal transaction in health
shopping,4801.21,1.48,17,1,0,Normal transaction in shopping
entertainment,447.39,1.5,6,1,0,Normal transaction in entertainment
health,1910.81,1.45,18,0,0,Normal transaction in health
shopping,11867.5,1.56,9,1,0,Normal transaction in shopping
rent,25893.89,1.18,11,0,0,Normal transaction in rent
transport,2884.33,1.29,27,1,0,Normal transaction in transport
other,3601.37,1.16,1,0,0,Normal transaction in other
education,16559.27,1.04,10,0,0,Normal transaction in education
shopping,13363.37,1.29,26,1,0,Normal transaction in shopping
shopping,14411.5,1.27,11,0,0,Normal transaction in shopping
other,3622.37,0.53,14,1,0,Normal transaction in other
rent,14573.69,0.23,18,1,0,Normal transaction in rent
food,991.14,0.64,4,0,0,Normal transaction in food
transport,436.48,0.67,3,0,0,Normal transaction in transport
entertainment,1506.92,0.85,15,0,0,Normal transaction in entertainment
transport,4185.33,0.63,12,0,0,Normal transaction in transport
food,1903.41,0.67,4,1,0,Normal transaction in food
health,5276.15,1.3,2,1,0,Normal transaction in health
rent,25086.61,0.22,5,0,0,Normal transaction in rent
entertainment,548.51,0.93,28,0,0,Normal transaction in entertainment
other,414.34,1.53,5,0,0,Normal transaction in other
entertainment,1289.79,0.7,27,1,0,Normal transaction in entertainment
health,3559.71,1.59,26,1,0,Normal transaction in health
health,4199.19,0.46,10,0,0,Normal transaction in health
other,24866.1,6.88,21,1,1,Unusual high spike in other
transport,1960.44,0.37,28,0,0,Normal transaction in transport
shopping,16837.14,0.67,20,0,0,Normal transaction in shopping
other,30107.14,3.58,24,0,1,Unusual high spike in other
health,2401.88,0.32,13,1,0,Normal transaction in health
education,21197.08,1.59,21,1,0,Normal transaction in education
food,2548.32,1.12,11,1,0,Normal transaction in food
entertainment,353.18,0.23,22,0,0,Normal transaction in entertainment
other,366.06,0.35,21,0,0,Normal transaction in other
health,1289.79,1.45,22,0,0,Normal transaction in health
health,4070.69,0.56,19,0,0,Normal transaction in health
food,1683.79,0.92,5,0,0,Normal transaction in food
transport,2341.62,1.52,4,0,0,Normal transaction in transport
shopping,8795.77,0.22,4,0,0,Normal transaction in shopping
rent,25459.98,0.5,16,0,0,Normal transaction in rent
entertainment,1388.42,1.72,23,1,0,Normal transaction in entertainment
rent,16792.09,1.48,11,1,0,Normal transaction in rent
education,2453.21,1.39,14,0,0,Normal transaction in education
health,403.92,1.07,11,0,0,Normal transaction in health
entertainment,1259.18,0.44,22,1,0,Normal transaction in entertainment
health,6056.48,1.47,12,0,0,Normal transaction in health
shopping,10851.49,1.38,11,1,0,Normal transaction in shopping
health,30483.56,5.33,15,1,1,Unusual high spike in health
food,2010.71,0.8,23,0,0,Normal transaction in food
food,21191.85,6.26,26,1,1,Unusual high spike in food
rent,10856.1,1.52,18,0,0,Normal transaction in rent
health,4162.05,0.62,19,1,0,Normal transaction in health
rent,19479.12,1.13,26,1,0,Normal transaction in rent
transport,2177.82,0.61,26,1,0,Normal transaction in transport
education,17225.63,1.05,13,0,0,Normal transaction in education
transport,1773.36,0.54,5,1,0,Normal transaction in transport
entertainment,1572.84,0.5,9,1,0,Normal transaction in entertainment
health,4166.2,0.91,27,1,0,Normal transaction in health
health,2494.0,0.73,28,0,0,Normal transaction in health
health,4916.4,1.51,23,1,0,Normal transaction in health
education,16418.19,0.75,2,1,0,Normal transaction in education
entertainment,1656.48,0.51,14,1,0,Normal transaction in entertainment
transport,819.12,1.56,18,1,0,Normal transaction in transport
rent,32552.86,0.61,9,0,0,Normal transaction in rent
health,3970.46,1.78,8,1,0,Normal transaction in health
other,2363.83,0.36,7,1,0,Normal transaction in other
entertainment,2187.47,0.5,26,0,0,Normal transaction in entertainment
transport,2795.67,1.12,8,0,0,Normal transaction in transport
shopping,12674.78,1.27,5,0,0,Normal transaction in shopping
entertainment,637.52,1.5,28,1,0,Normal transaction in entertainment
other,3844.14,0.38,19,1,0,Normal transaction in other
health,7499.91,0.3,14,1,0,Normal transaction in health
health,3547.93,0.9,13,0,0,Normal transaction in health
other,4630.67,0.89,20,1,0,Normal transaction in other
transport,13646.06,5.96,26,0,1,Unusual high spike in transport
entertainment,1671.7,1.74,21,0,0,Normal transaction in entertainment
health,5742.66,1.1,15,1,0,Normal transaction in health
other,267.89,1.09,16,1,0,Normal transaction in other
rent,5780.21,1.4,26,0,0,Normal transaction in rent
shopping,12339.78,0.62,28,1,0,Normal transaction in shopping
transport,1823.62,0.39,26,1,0,Normal transaction in transport
other,1632.71,1.68,15,0,0,Normal transaction in other
rent,13575.36,1.35,4,0,0,Normal transaction in rent
other,370.57,1.5,5,0,0,Normal transaction in other
entertainment,1796.85,0.59,25,1,0,Normal transaction in entertainment
other,30689.7,4.25,2,0,1,Unusual high spike in other
health,4879.54,0.38,2,1,0,Normal transaction in health
rent,18575.59,1.17,19,0,0,Normal transaction in rent
shopping,14297.81,1.58,6,0,0,Normal transaction in shopping
shopping,6527.55,0.77,12,0,0,Normal transaction in shopping
entertainment,543.33,0.43,21,1,0,Normal transaction in entertainment
health,216.49,0.98,17,1,0,Normal transaction in health
shopping,3012.34,0.72,18,0,0,Normal transaction in shopping
health,6177.73,0.31,4,1,0,Normal transaction in health
food,1818.99,0.48,19,1,0,Normal transaction in food
health,589.13,1.2,10,1,0,Normal transaction in health
transport,606.69,0.64,3,1,0,Normal transaction in transport
food,986.52,1.13,24,1,0,Normal transaction in food
entertainment,855.29,0.58,13,1,0,Normal transaction in entertainment
education,7284.69,1.44,5,0,0,Normal transaction in education
education,18344.48,1.12,7,0,0,Normal transaction in education
transport,27039.65,3.05,12,0,1,Unusual high spike in transport
transport,3478.15,0.62,24,0,0,Normal transaction in transport
food,1251.27,0.96,18,1,0,Normal transaction in food
food,2948.5,0.88,17,0,0,Normal transaction in food
education,13300.26,1.43,14,1,0,Normal transaction in education
education,14427.05,0.52,6,0,0,Normal transaction in education
entertainment,478.38,0.46,21,0,0,Normal transaction in entertainment
transport,3968.94,0.39,4,0,0,Normal transaction in transport
shopping,8232.51,0.98,23,0,0,Normal transaction in shopping
shopping,6930.77,1.29,3,0,0,Normal transaction in shopping
transport,4277.09,1.68,14,1,0,Normal transaction in transport
food,161.93,1.46,24,1,0,Normal transaction in food
rent,6388.56,1.15,5,0,0,Normal transaction in rent
entertainment,2959.69,1.25,15,1,0,Normal transaction in entertainment
entertainment,634.13,0.64,15,1,0,Normal transaction in entertainment
shopping,6825.93,1.2,3,1,0,Normal transaction in shopping
education,6718.47,0.66,11,0,0,Normal transaction in education
other,1202.54,0.32,17,1,0,Normal transaction in other
shopping,69801.75,4.89,6,1,1,Unusual high spike in shopping
other,4136.14,0.51,10,0,0,Normal transaction in other
education,21981.36,1.45,3,0,0,Normal transaction in education
education,699.8,1.67,26,0,0,Normal transaction in education
rent,11823.85,0.83,12,0,0,Normal transaction in rent
entertainment,836.54,0.46,17,0,0,Normal transaction in entertainment
food,3495.98,0.85,27,1,0,Normal transaction in food
transport,1263.05,1.49,6,0,0,Normal transaction in transport
health,4712.58,1.77,11,1,0,Normal transaction in health
health,4969.61,1.39,17,1,0,Normal transaction in health
other,4863.49,1.3,21,1,0,Normal transaction in other
education,14223.42,1.63,20,0,0,Normal transaction in education
entertainment,651.42,1.65,5,0,0,Normal transaction in entertainment
rent,40381.28,0.95,16,1,0,Normal transaction in rent
transport,1126.18,0.26,20,1,0,Normal transaction in transport
education,3130.28,1.74,2,0,0,Normal transaction in education
rent,28228.9,0.73,15,0,0,Normal transaction in rent
rent,37684.8,0.25,20,1,0,Normal transaction in rent
rent,40535.3,0.24,22,0,0,Normal transaction in rent
shopping,13837.5,1.52,7,1,0,Normal transaction in shopping
food,2695.32,0.23,4,0,0,Normal transaction in food
transport,2479.4,0.59,27,0,0,Normal transaction in transport
food,1305.55,0.68,9,1,0,Normal transaction in food
rent,11405.96,0.58,13,0,0,Normal transaction in rent
transport,3002.28,0.41,24,0,0,Normal transaction in transport
education,11231.33,0.59,25,1,0,Normal transaction in education
food,1882.13,1.54,9,1,0,Normal transaction in food
entertainment,2909.86,1.18,1,1,0,Normal transaction in entertainment
health,6852.54,0.55,7,1,0,Normal transaction in health
rent,19714.19,1.56,20,1,0,Normal transaction in rent
shopping,5655.55,1.75,21,1,0,Normal transaction in shopping
transport,532.74,0.72,21,0,0,Normal transaction in transport
entertainment,1520.9,1.79,13,1,0,Normal transaction in entertainment
shopping,4575.19,0.84,11,0,0,Normal transaction in shopping
food,2999.74,0.85,5,0,0,Normal transaction in food
entertainment,2540.93,1.12,4,0,0,Normal transaction in entertainment
transport,2845.52,0.88,23,0,0,Normal transaction in transport
food,500.89,1.29,10,1,0,Normal transaction in food
shopping,5235.17,0.56,9,0,0,Normal transaction in shopping
education,5802.0,1.48,22,1,0,Normal transaction in education
rent,25133.31,1.71,17,1,0,Normal transaction in rent
shopping,10955.63,1.78,5,1,0,Normal transaction in shopping
other,32536.06,3.39,5,1,1,Unusual high spike in other
food,367.06,0.29,19,0,0,Normal transaction in food
health,5701.5,0.44,9,0,0,Normal transaction in health
other,4280.89,1.16,26,1,0,Normal transaction in other
health,48461.58,6.09,26,0,1,Unusual high spike in health
education,763.97,1.57,18,1,0,Normal transaction in education
shopping,3405.64,1.28,23,0,0,Normal transaction in shopping
education,14866.51,1.6,1,1,0,Normal transaction in education
shopping,10352.01,0.51,22,0,0,Normal transaction in shopping
food,942.75,1.57,14,0,0,Normal transaction in food
rent,35335.49,0.76,2,1,0,Normal transaction in rent
health,2968.74,1.39,13,0,0,Normal transaction in health
shopping,7727.64,0.33,16,1,0,Normal transaction in shopping
health,2470.14,1.21,14,0,0,Normal transaction in health
health,23026.96,5.93,23,1,1,Unusual high spike in health
health,6841.18,1.52,17,0,0,Normal transaction in health
rent,21053.08,0.71,7,0,0,Normal transaction in rent
food,3194.5,0.98,6,1,0,Normal transaction in food
rent,38356.99,0.63,8,0,0,Normal transaction in rent
rent,41566.66,0.85,23,1,0,Normal transaction in rent
education,19687.77,1.07,10,1,0,Normal transaction in education
shopping,1664.99,1.68,10,1,0,Normal transaction in shopping
entertainment,2928.58,1.29,1,0,0,Normal transaction in entertainment
entertainment,1773.25,0.55,5,1,0,Normal transaction in entertainment
health,1969.63,1.56,2,0,0,Normal transaction in health
entertainment,1859.5,1.59,15,0,0,Normal transaction in entertainment
shopping,571.93,1.58,15,0,0,Normal transaction in shopping
transport,802.72,0.66,27,1,0,Normal transaction in transport
transport,967.81,1.27,25,0,0,Normal transaction in transport
rent,23112.48,0.97,9,0,0,Normal transaction in rent
rent,22385.17,1.68,15,1,0,Normal transaction in rent
food,3369.09,1.58,20,1,0,Normal transaction in food
entertainment,2809.61,0.25,19,1,0,Normal transaction in entertainment
health,6774.47,0.7,6,1,0,Normal transaction in health
shopping,82248.68,4.64,8,0,1,Unusual high spike in shopping
rent,37264.73,0.48,17,0,0,Normal transaction in rent
entertainment,1483.16,0.89,26,1,0,Normal transaction in entertainment
other,3454.18,1.49,13,0,0,Normal transaction in other
entertainment,2208.77,1.23,19,1,0,Normal transaction in entertainment
transport,692.55,1.47,28,1,0,Normal transaction in transport
shopping,17431.2,0.75,25,0,0,Normal transaction in shopping
transport,22444.65,4.32,12,1,1,Unusual high spike in transport
entertainment,1287.0,0.22,16,0,0,Normal transaction in entertainment
transport,4244.66,1.76,23,1,0,Normal transaction in transport
rent,30259.06,1.14,11,1,0,Normal transaction in rent
rent,29385.04,1.43,5,0,0,Normal transaction in rent
rent,6020.8,0.4,8,1,0,Normal transaction in rent
health,978.23,0.95,6,1,0,Normal transaction in health
transport,26208.93,6.92,11,0,1,Unusual high spike in transport
food,3045.48,0.92,10,0,0,Normal transaction in food
rent,21533.02,1.15,25,1,0,Normal transaction in rent
food,2619.81,1.34,3,1,0,Normal transaction in food
food,983.69,0.76,5,0,0,Normal transaction in food
rent,37186.85,0.44,23,1,0,Normal transaction in rent
shopping,11350.68,1.19,27,0,0,Normal transaction in shopping
shopping,6467.24,0.31,28,1,0,Normal transaction in shopping
food,1791.5,1.03,23,1,0,Normal transaction in food
food,2401.08,1.67,12,1,0,Normal transaction in food
shopping,6772.97,0.22,22,1,0,Normal transaction in shopping
food,593.29,1.49,5,1,0,Normal transaction in food
education,3817.83,0.68,19,1,0,Normal transaction in education
other,3786.3,0.72,15,1,0,Normal transaction in other
transport,2941.43,1.05,9,0,0,Normal transaction in transport
shopping,2906.24,0.42,6,0,0,Normal transaction in shopping
health,37610.86,4.07,16,0,1,Unusual high spike in health
food,11983.28,6.14,11,0,1,Unusual high spike in food
rent,38591.92,1.64,2,0,0,Normal transaction in rent
education,11495.27,0.55,11,1,0,Normal transaction in education
food,3093.55,0.33,6,0,0,Normal transaction in food
rent,14782.48,0.93,18,0,0,Normal transaction in rent
health,2043.61,1.02,13,0,0,Normal transaction in health
other,36124.45,3.42,14,1,1,Unusual high spike in other
other,29439.14,3.25,25,0,1,Unusual high spike in other
transport,2430.24,0.34,9,1,0,Normal transaction in transport
transport,4089.33,1.66,26,0,0,Normal transaction in transport
health,835.35,1.52,1,1,0,Normal transaction in health
health,4175.7,1.28,1,1,0,Normal transaction in health
entertainment,826.87,0.6,16,1,0,Normal transaction in entertainment
other,2028.22,1.57,20,1,0,Normal transaction in other
food,438.64,0.41,1,1,0,Normal transaction in food
food,880.89,0.47,15,0,0,Normal transaction in food
other,4780.11,1.22,10,1,0,Normal transaction in other
shopping,10792.97,0.7,9,0,0,Normal transaction in shopping
health,3602.7,1.2,8,1,0,Normal transaction in health
food,3000.25,1.28,1,0,0,Normal transaction in food
health,4962.68,0.9,7,1,0,Normal transaction in health
shopping,15683.54,1.41,23,1,0,Normal transaction in shopping
education,23818.39,1.16,3,1,0,Normal transaction in education
food,1720.58,1.57,25,1,0,Normal transaction in food
rent,5807.08,1.3,25,1,0,Normal transaction in rent
shopping,13616.66,1.57,14,1,0,Normal transaction in shopping
food,924.72,0.99,11,1,0,Normal transaction in food
entertainment,1405.81,1.2,11,1,0,Normal transaction in entertainment
education,20564.52,1.68,27,1,0,Normal transaction in education
transport,522.59,0.92,13,1,0,Normal transaction in transport
entertainment,2586.06,0.95,20,0,0,Normal transaction in entertainment
education,11835.92,0.29,5,1,0,Normal transaction in education
education,14794.05,1.26,23,1,0,Normal transaction in education
education,1108.11,0.32,27,1,0,Normal transaction in education
other,3989.13,1.15,10,1,0,Normal transaction in other
other,801.83,0.47,22,1,0,Normal transaction in other
shopping,94668.87,5.84,23,0,1,Unusual high spike in shopping
food,2838.39,1.52,14,1,0,Normal transaction in food
shopping,6886.69,0.91,8,1,0,Normal transaction in shopping
health,4949.98,1.68,6,0,0,Normal transaction in health
education,14367.02,0.98,19,1,0,Normal transaction in education
rent,21107.31,1.34,6,1,0,Normal transaction in rent
entertainment,2164.95,1.78,6,0,0,Normal transaction in entertainment
rent,14068.36,0.38,23,1,0,Normal transaction in rent
transport,1753.61,0.51,4,0,0,Normal transaction in transport
other,1302.42,1.19,17,1,0,Normal transaction in other
education,105648.84,5.72,21,0,1,Unusual high spike in education
health,2598.35,0.97,28,0,0,Normal transaction in health
food,222.49,1.79,24,0,0,Normal transaction in food
rent,34350.64,0.87,13,1,0,Normal transaction in rent
health,4589.94,1.79,18,0,0,Normal transaction in health
other,1843.5,1.69,2,1,0,Normal transaction in other
rent,8296.16,0.69,21,0,0,Normal transaction in rent
entertainment,1842.18,1.44,24,1,0,Normal transaction in entertainment
health,7282.71,1.77,14,1,0,Normal transaction in health
rent,23395.86,0.32,16,0,0,Normal transaction in rent
transport,2762.19,1.28,21,0,0,Normal transaction in transport
health,4291.33,1.47,3,0,0,Normal transaction in health
rent,15682.78,0.92,23,0,0,Normal transaction in rent
health,2933.59,1.38,13,0,0,Normal transaction in health
transport,203.97,0.2,24,0,0,Normal transaction in transport
food,1819.27,1.22,12,1,0,Normal transaction in food
rent,12026.05,0.96,23,0,0,Normal transaction in rent
rent,40029.14,0.53,2,1,0,Normal transaction in rent
other,528.08,0.6,21,1,0,Normal transaction in other
food,1519.87,0.96,3,1,0,Normal transaction in food
food,202.67,1.56,13,0,0,Normal transaction in food
rent,31988.5,1.61,13,1,0,Normal transaction in rent
other,5102.69,0.6,20,1,0,Normal transaction in other
education,15920.56,1.22,24,0,0,Normal transaction in education
education,505.33,0.23,3,0,0,Normal transaction in education
shopping,65883.33,5.46,6,1,1,Unusual high spike in shopping
other,616.45,1.34,21,0,0,Normal transaction in other
shopping,11099.49,1.67,2,0,0,Normal transaction in shopping
entertainment,263.75,1.71,26,1,0,Normal transaction in entertainment
transport,3004.72,1.15,4,1,0,Normal transaction in transport
entertainment,2784.0,1.73,12,1,0,Normal transaction in entertainment
other,3880.25,0.21,9,0,0,Normal transaction in other
entertainment,2977.74,0.37,12,0,0,Normal transaction in entertainment
shopping,13965.13,1.13,14,0,0,Normal transaction in shopping
transport,3434.1,0.58,19,0,0,Normal transaction in transport
health,6276.28,1.39,16,0,0,Normal transaction in health
other,508.98,1.32,4,1,0,Normal transaction in other
food,3395.29,1.48,24,1,0,Normal transaction in food
shopping,820.97,1.27,6,1,0,Normal transaction in shopping
other,2807.34,1.77,19,0,0,Normal transaction in other
other,268.33,1.29,9,0,0,Normal transaction in other
food,3490.49,1.01,23,1,0,Normal transaction in food
other,1153.46,0.34,23,1,0,Normal transaction in other
rent,32118.31,0.62,24,0,0,Normal transaction in rent
health,4420.16,1.54,26,1,0,Normal transaction in health
health,2504.6,0.52,22,1,0,Normal transaction in health
health,4875.54,0.76,22,0,0,Normal transaction in health
education,2990.61,0.67,17,1,0,Normal transaction in education
rent,27867.07,0.73,4,1,0,Normal transaction in rent
education,23335.73,1.37,4,0,0,Normal transaction in education
other,4832.97,1.54,28,0,0,Normal transaction in other
transport,1817.36,0.79,5,1,0,Normal transaction in transport
entertainment,1445.42,1.41,24,1,0,Normal transaction in entertainment
food,1044.79,0.5,14,1,0,Normal transaction in food
health,3549.24,0.22,9,1,0,Normal transaction in health
education,18922.63,0.65,12,0,0,Normal transaction in education
transport,2088.34,1.38,19,0,0,Normal transaction in transport
shopping,4981.07,1.6,25,0,0,Normal transaction in shopping
shopping,3304.12,1.37,17,0,0,Normal transaction in shopping
other,3710.23,1.27,13,0,0,Normal transaction in other
rent,27717.57,1.05,3,1,0,Normal transaction in rent
education,22964.74,1.53,5,1,0,Normal transaction in education
shopping,11563.37,0.39,20,1,0,Normal transaction in shopping
shopping,16622.05,1.27,21,0,0,Normal transaction in shopping
rent,17845.02,1.59,9,0,0,Normal transaction in rent
education,7450.5,0.99,5,1,0,Normal transaction in education
transport,1852.36,0.98,17,1,0,Normal transaction in transport
food,2843.21,1.57,5,1,0,Normal transaction in food
rent,12867.16,0.41,20,0,0,Normal transaction in rent
other,2703.69,1.22,18,1,0,Normal transaction in other
entertainment,731.22,1.49,26,1,0,Normal transaction in entertainment
shopping,16598.36,0.67,16,0,0,Normal transaction in shopping
other,638.8,0.7,28,0,0,Normal transaction in other
health,2115.62,0.82,13,1,0,Normal transaction in health
education,10516.22,1.58,25,1,0,Normal transaction in education
education,11320.65,0.94,23,1,0,Normal transaction in education
shopping,6605.65,1.05,25,0,0,Normal transaction in shopping
other,35374.83,5.55,26,0,1,Unusual high spike in other
transport,991.12,1.41,19,1,0,Normal transaction in transport
other,4009.98,1.39,8,1,0,Normal transaction in other
food,2063.3,1.09,13,1,0,Normal transaction in food
health,4935.78,1.27,1,1,0,Normal transaction in health
shopping,12620.29,0.91,22,1,0,Normal transaction in shopping
shopping,8195.11,1.3,2,0,0,Normal transaction in shopping
transport,4055.55,0.28,28,1,0,Normal transaction in transport
entertainment,1791.3,0.66,24,0,0,Normal transaction in entertainment
education,13061.18,0.33,26,1,0,Normal transaction in education
shopping,9147.43,0.21,19,1,0,Normal transaction in shopping
rent,25279.91,0.59,3,1,0,Normal transaction in rent
health,3259.62,1.27,20,0,0,Normal transaction in health
rent,9885.56,1.59,20,1,0,Normal transaction in rent
transport,3150.95,0.91,26,0,0,Normal transaction in transport
food,306.43,1.4,16,1,0,Normal transaction in food
shopping,8907.12,0.34,27,1,0,Normal transaction in shopping
transport,1833.38,1.53,24,0,0,Normal transaction in transport
education,22225.84,0.64,8,0,0,Normal transaction in education
transport,2078.05,1.47,17,1,0,Normal transaction in transport
entertainment,2092.05,1.14,27,1,0,Normal transaction in entertainment
transport,2088.39,0.92,1,0,0,Normal transaction in transport
shopping,1193.04,0.36,12,0,0,Normal transaction in shopping
other,2136.65,0.32,8,0,0,Normal transaction in other
food,1180.39,1.58,22,1,0,Normal transaction in food
other,3351.27,1.66,15,1,0,Normal transaction in other
health,5783.72,0.55,17,0,0,Normal transaction in health
rent,31064.47,1.29,8,0,0,Normal transaction in rent
rent,31888.76,1.37,15,1,0,Normal transaction in rent
education,5895.65,0.84,26,1,0,Normal transaction in education
food,1284.93,1.67,19,1,0,Normal transaction in food
education,7743.37,1.64,13,1,0,Normal transaction in education
health,5758.12,1.47,5,0,0,Normal transaction in health
shopping,3784.74,1.41,11,0,0,Normal transaction in shopping
other,37589.09,4.94,17,0,1,Unusual high spike in other
transport,949.83,0.91,22,0,0,Normal transaction in transport
shopping,2787.31,0.9,18,0,0,Normal transaction in shopping
rent,213664.57,6.95,15,0,1,Unusual high spike in rent
shopping,5873.42,1.21,2,1,0,Normal transaction in shopping
other,3056.08,1.32,27,1,0,Normal transaction in other
entertainment,1108.14,0.56,19,1,0,Normal transaction in entertainment
entertainment,2063.58,1.29,18,0,0,Normal transaction in entertainment
entertainment,9378.82,4.59,17,1,1,Unusual high spike in entertainment
education,9835.99,0.86,1,1,0,Normal transaction in education
food,22085.12,5.27,1,0,1,Unusual high spike in food
other,4641.31,0.27,1,1,0,Normal transaction in other
shopping,5119.69,0.64,27,1,0,Normal transaction in shopping
food,457.65,1.23,17,0,0,Normal transaction in food
other,5210.42,0.63,18,1,0,Normal transaction in other
transport,3718.63,0.34,21,1,0,Normal transaction in transport
entertainment,1314.93,0.73,17,1,0,Normal transaction in entertainment
education,3561.37,0.33,11,1,0,Normal transaction in education
education,13061.68,0.3,6,1,0,Normal transaction in education
entertainment,1903.62,0.74,15,0,0,Normal transaction in entertainment
education,14632.31,0.44,21,1,0,Normal transaction in education
education,9066.76,0.59,24,0,0,Normal transaction in education
education,4781.98,1.3,11,0,0,Normal transaction in education
other,657.21,1.74,23,0,0,Normal transaction in other
education,6362.16,0.7,11,1,0,Normal transaction in education
food,2682.37,1.4,25,1,0,Normal transaction in food
other,3791.4,0.68,18,0,0,Normal transaction in other
shopping,13338.16,1.29,17,0,0,Normal transaction in shopping
entertainment,1562.66,1.33,16,0,0,Normal transaction in entertainment
rent,38089.49,1.29,28,0,0,Normal transaction in rent
education,97812.63,6.26,20,1,1,Unusual high spike in education
transport,2950.73,1.53,3,0,0,Normal transaction in transport
shopping,16560.25,0.87,24,1,0,Normal transaction in shopping
rent,42160.35,1.23,15,0,0,Normal transaction in rent
health,750.48,1.12,11,1,0,Normal transaction in health
rent,33740.99,0.57,16,0,0,Normal transaction in rent
food,2914.81,1.45,12,0,0,Normal transaction in food
other,3615.68,0.73,3,1,0,Normal transaction in other
other,1510.4,1.04,7,0,0,Normal transaction in other
other,5160.48,1.42,4,0,0,Normal transaction in other
rent,26555.28,0.56,12,1,0,Normal transaction in rent
transport,2316.14,0.58,3,1,0,Normal transaction in transport
health,3862.86,0.9,9,0,0,Normal transaction in health
food,926.67,0.68,6,1,0,Normal transaction in food
other,24898.64,4.99,10,0,1,Unusual high spike in other
transport,1681.69,0.35,19,1,0,Normal transaction in transport
other,3073.16,1.72,10,0,0,Normal transaction in other
food,1614.49,0.37,9,1,0,Normal transaction in food
health,4168.18,0.72,9,0,0,Normal transaction in health
food,2631.63,1.08,22,1,0,Normal transaction in food
food,1772.05,0.61,22,0,0,Normal transaction in food
shopping,12548.59,0.45,21,0,0,Normal transaction in shopping
rent,12500.44,0.87,19,0,0,Normal transaction in rent
transport,2067.38,0.98,24,1,0,Normal transaction in transport
shopping,4368.67,1.61,8,1,0,Normal transaction in shopping
other,1539.13,1.13,11,0,0,Normal transaction in other
shopping,8167.94,1.55,13,0,0,Normal transaction in shopping
food,3079.56,0.94,4,1,0,Normal transaction in food
education,21466.61,1.05,13,1,0,Normal transaction in education
health,1772.71,1.27,22,0,0,Normal transaction in health
shopping,10848.42,0.82,25,0,0,Normal transaction in shopping
transport,4106.36,0.98,18,0,0,Normal transaction in transport
education,6944.56,0.28,18,0,0,Normal transaction in education
health,1674.9,1.39,14,0,0,Normal transaction in health
shopping,17056.82,0.8,24,0,0,Normal transaction in shopping
education,5038.28,1.2,14,0,0,Normal transaction in education
transport,508.02,1.18,1,0,0,Normal transaction in transport
transport,333.34,0.33,26,0,0,Normal transaction in transport
food,1499.89,1.16,24,1,0,Normal transaction in food
education,4142.65,0.39,4,0,0,Normal transaction in education
transport,2016.55,0.8,8,0,0,Normal transaction in transport
other,4482.56,0.71,20,1,0,Normal transaction in other
shopping,14610.45,1.05,20,0,0,Normal transaction in shopping
rent,38912.9,1.63,5,0,0,Normal transaction in rent
health,4615.32,0.7,19,0,0,Normal transaction in health
education,14081.77,1.54,2,0,0,Normal transaction in education
entertainment,930.22,1.36,17,1,0,Normal transaction in entertainment
health,1119.45,1.49,24,1,0,Normal transaction in health
entertainment,1778.34,1.61,17,0,0,Normal transaction in entertainment
health,6520.15,1.09,4,0,0,Normal transaction in health
transport,480.31,1.4,3,0,0,Normal transaction in transport
health,40710.29,6.86,19,1,1,Unusual high spike in health
shopping,49652.21,3.14,28,1,1,Unusual high spike in shopping
food,3188.06,1.3,26,1,0,Normal transaction in food
shopping,4790.84,0.52,25,1,0,Normal transaction in shopping
rent,6608.35,1.23,3,1,0,Normal transaction in rent
shopping,14137.13,0.49,28,0,0,Normal transaction in shopping
shopping,6818.32,0.68,2,0,0,Normal transaction in shopping
shopping,3316.65,0.98,16,1,0,Normal transaction in shopping
shopping,2089.07,0.71,27,0,0,Normal transaction in shopping
education,9434.56,1.45,24,0,0,Normal transaction in education
food,2144.01,0.33,7,0,0,Normal transaction in food
health,5723.28,1.36,8,0,0,Normal transaction in health
health,1063.54,0.46,2,1,0,Normal transaction in health
transport,955.67,1.01,19,1,0,Normal transaction in transport
health,28644.5,5.63,16,1,1,Unusual high spike in health
shopping,15939.46,1.42,17,0,0,Normal transaction in shopping
health,5136.53,1.69,9,1,0,Normal transaction in health
entertainment,2064.19,0.99,7,1,0,Normal transaction in entertainment
education,16127.38,0.86,4,0,0,Normal transaction in education
rent,24328.07,1.27,1,1,0,Normal transaction in rent
transport,3396.29,0.73,6,1,0,Normal transaction in transport
shopping,54043.72,6.25,5,0,1,Unusual high spike in shopping
education,12229.24,1.24,14,1,0,Normal transaction in education
food,162.53,1.47,11,0,0,Normal transaction in food
other,1212.15,1.19,11,1,0,Normal transaction in other
other,1661.06,1.21,26,1,0,Normal transaction in other
rent,7682.06,1.17,3,0,0,Normal transaction in rent
food,1401.09,0.67,13,0,0,Normal transaction in food
other,1352.13,1.28,20,1,0,Normal transaction in other
health,3364.97,1.11,8,1,0,Normal transaction in health
education,15099.49,1.47,23,1,0,Normal transaction in education
entertainment,1469.75,0.48,10,1,0,Normal transaction in entertainment
shopping,16385.42,0.58,7,0,0,Normal transaction in shopping
rent,5444.79,0.37,1,1,0,Normal transaction in rent
education,8815.5,0.88,28,0,0,Normal transaction in education
shopping,9917.98,0.2,13,1,0,Normal transaction in shopping
transport,3070.24,0.5,21,0,0,Normal transaction in transport
transport,2054.98,1.41,25,1,0,Normal transaction in transport
transport,2229.52,0.72,13,0,0,Normal transaction in transport
education,12465.82,0.33,11,0,0,Normal transaction in education
entertainment,2439.02,0.9,20,1,0,Normal transaction in entertainment
food,1762.67,1.62,3,1,0,Normal transaction in food
rent,23346.87,0.26,16,1,0,Normal transaction in rent
shopping,16984.98,0.44,15,0,0,Normal transaction in shopping
transport,963.93,0.39,10,0,0,Normal transaction in transport
shopping,13046.21,1.46,10,1,0,Normal transaction in shopping
shopping,594.4,1.3,8,0,0,Normal transaction in shopping
shopping,10027.15,0.45,22,1,0,Normal transaction in shopping
transport,58.86,1.48,14,1,0,Normal transaction in transport
food,348.22,1.36,14,0,0,Normal transaction in food
food,272.74,1.61,27,0,0,Normal transaction in food
other,4098.35,1.48,9,1,0,Normal transaction in other
rent,33240.65,1.31,8,1,0,Normal transaction in rent
health,3452.54,1.38,24,0,0,Normal transaction in health
health,37933.5,4.3,27,1,1,Unusual high spike in health
education,10983.19,1.71,18,0,0,Normal transaction in education
shopping,10417.76,1.17,13,1,0,Normal transaction in shopping
entertainment,2974.56,0.82,25,0,0,Normal transaction in entertainment
shopping,6135.49,0.49,3,1,0,Normal transaction in shopping
transport,4154.33,1.3,11,1,0,Normal transaction in transport
transport,1956.67,1.08,7,1,0,Normal transaction in transport
food,1190.48,1.6,13,0,0,Normal transaction in food
entertainment,1541.05,1.26,5,0,0,Normal transaction in entertainment
health,4939.0,1.71,1,1,0,Normal transaction in health
other,2457.99,1.18,9,1,0,Normal transaction in other
transport,2291.01,1.07,26,1,0,Normal transaction in transport
shopping,96804.95,3.19,21,1,1,Unusual high spike in shopping
transport,1027.76,0.5,4,1,0,Normal transaction in transport
entertainment,1355.11,1.71,12,0,0,Normal transaction in entertainment
transport,1714.12,0.72,28,1,0,Normal transaction in transport
other,3011.77,0.33,9,0,0,Normal transaction in other
health,7172.32,1.54,25,0,0,Normal transaction in health
food,149.08,0.88,5,0,0,Normal transaction in food
transport,1691.21,0.88,13,0,0,Normal transaction in transport
other,1301.4,1.23,23,0,0,Normal transaction in other
health,6204.54,1.72,14,1,0,Normal transaction in health
education,9488.42,0.29,28,0,0,Normal transaction in education
education,16631.69,1.16,10,0,0,Normal transaction in education
health,28418.09,3.61,8,0,1,Unusual high spike in health
health,567.88,1.43,12,1,0,Normal transaction in health
shopping,16579.1,1.24,10,1,0,Normal transaction in shopping
education,10093.03,0.45,17,0,0,Normal transaction in education
education,11874.84,0.57,27,1,0,Normal transaction in education
education,24244.19,1.18,8,1,0,Normal transaction in education
education,9260.99,1.61,22,0,0,Normal transaction in education
shopping,8597.94,0.71,10,0,0,Normal transaction in shopping
health,7966.05,0.94,18,1,0,Normal transaction in health
shopping,12115.04,0.49,23,1,0,Normal transaction in shopping
shopping,1395.97,1.39,26,1,0,Normal transaction in shopping
transport,2176.59,0.9,21,1,0,Normal transaction in transport
rent,156774.85,5.55,19,1,1,Unusual high spike in rent
other,496.97,0.89,8,1,0,Normal transaction in other
entertainment,16401.22,6.53,4,1,1,Unusual high spike in entertainment
food,2166.18,1.43,1,0,0,Normal transaction in food
education,16933.07,0.9,2,0,0,Normal transaction in education
rent,11706.76,0.24,1,1,0,Normal transaction in rent
rent,25152.52,0.75,7,0,0,Normal transaction in rent
education,8567.45,1.27,8,0,0,Normal transaction in education
entertainment,1267.04,1.58,23,0,0,Normal transaction in entertainment
food,579.03,0.62,23,1,0,Normal transaction in food
entertainment,2992.08,0.89,27,0,0,Normal transaction in entertainment
shopping,114810.51,4.97,2,0,1,Unusual high spike in shopping
other,4974.05,0.71,10,0,0,Normal transaction in other
health,6227.9,0.89,19,0,0,Normal transaction in health
entertainment,1177.25,1.13,6,1,0,Normal transaction in entertainment
shopping,1308.69,0.52,9,0,0,Normal transaction in shopping
food,1624.94,1.61,13,0,0,Normal transaction in food
shopping,46234.63,4.63,1,0,1,Unusual high spike in shopping
entertainment,1577.14,0.35,18,1,0,Normal transaction in entertainment
transport,1234.85,1.06,7,0,0,Normal transaction in transport
education,17033.52,1.73,20,0,0,Normal transaction in education
entertainment,1248.38,1.26,17,0,0,Normal transaction in entertainment
transport,1640.12,1.07,19,1,0,Normal transaction in transport
shopping,1061.84,0.22,28,1,0,Normal transaction in shopping
rent,21189.09,1.39,2,0,0,Normal transaction in rent
entertainment,1062.58,0.72,21,1,0,Normal transaction in entertainment
entertainment,2422.71,1.52,3,0,0,Normal transaction in entertainment
transport,1377.87,0.55,26,1,0,Normal transaction in transport
other,36445.02,5.62,17,1,1,Unusual high spike in other
entertainment,2828.54,0.48,22,1,0,Normal transaction in entertainment
entertainment,1457.95,1.69,28,0,0,Normal transaction in entertainment
education,8946.65,1.01,22,0,0,Normal transaction in education
rent,7193.35,1.39,15,1,0,Normal transaction in rent
other,17248.01,5.11,15,1,1,Unusual high spike in other
education,19824.78,0.93,3,0,0,Normal transaction in education
education,24099.84,0.93,7,0,0,Normal transaction in education
health,2063.52,1.65,22,1,0,Normal transaction in health
shopping,12949.27,0.75,24,0,0,Normal transaction in shopping
rent,19640.48,0.44,3,1,0,Normal transaction in rent
other,1095.42,0.73,21,1,0,Normal transaction in other
shopping,845.75,1.12,26,0,0,Normal transaction in shopping
transport,3969.28,0.78,21,0,0,Normal transaction in transport
shopping,16395.36,1.01,25,1,0,Normal transaction in shopping
health,6192.39,0.51,18,1,0,Normal transaction in health
entertainment,517.96,1.28,11,0,0,Normal transaction in entertainment
shopping,14424.18,1.1,11,0,0,Normal transaction in shopping
transport,3292.69,0.78,20,0,0,Normal transaction in transport
entertainment,960.11,0.3,27,1,0,Normal transaction in entertainment
education,24497.34,0.34,25,0,0,Normal transaction in education
health,7539.98,0.81,19,1,0,Normal transaction in health
entertainment,2116.75,0.87,17,1,0,Normal transaction in entertainment
other,3592.56,0.56,18,0,0,Normal transaction in other
transport,3064.98,1.14,15,0,0,Normal transaction in transport
other,4819.43,1.49,21,1,0,Normal transaction in other
shopping,12279.29,0.49,7,0,0,Normal transaction in shopping
rent,25826.86,0.25,16,0,0,Normal transaction in rent
entertainment,1475.99,1.72,11,0,0,Normal transaction in entertainment
education,156734.44,3.51,21,1,1,Unusual high spike in education
entertainment,1949.63,0.89,20,0,0,Normal transaction in entertainment
rent,24218.86,1.37,25,0,0,Normal transaction in rent
education,10728.84,1.32,28,0,0,Normal transaction in education
food,2367.19,1.12,19,1,0,Normal transaction in food
food,773.56,0.37,4,0,0,Normal transaction in food
health,6117.35,0.95,20,0,0,Normal transaction in health
rent,16353.88,1.73,8,1,0,Normal transaction in rent
transport,3333.18,0.59,6,0,0,Normal transaction in transport
entertainment,1719.56,0.23,15,0,0,Normal transaction in entertainment
transport,1606.08,1.64,25,0,0,Normal transaction in transport
health,2833.56,1.36,20,0,0,Normal transaction in health
transport,322.76,0.48,16,0,0,Normal transaction in transport
entertainment,2262.21,0.26,9,1,0,Normal transaction in entertainment
rent,22582.55,1.67,24,0,0,Normal transaction in rent
entertainment,561.19,0.31,16,0,0,Normal transaction in entertainment
shopping,4025.08,1.03,19,0,0,Normal transaction in shopping
education,24882.59,0.76,10,1,0,Normal transaction in education
education,4311.18,0.68,11,0,0,Normal transaction in education
other,2590.74,1.75,12,1,0,Normal transaction in other
rent,30746.81,0.92,25,1,0,Normal transaction in rent
food,2457.31,1.18,22,0,0,Normal transaction in food
rent,38210.77,0.52,1,0,0,Normal transaction in rent
entertainment,2608.3,0.9,13,1,0,Normal transaction in entertainment
shopping,13585.53,0.24,16,0,0,Normal transaction in shopping
rent,29810.93,1.41,19,1,0,Normal transaction in rent
food,3000.39,1.51,14,1,0,Normal transaction in food
rent,221903.65,5.93,14,1,1,Unusual high spike in rent
food,2276.44,1.19,19,0,0,Normal transaction in food
entertainment,17014.19,3.67,17,1,1,Unusual high spike in entertainment
rent,7181.53,1.74,13,0,0,Normal transaction in rent
education,18912.56,0.55,13,1,0,Normal transaction in education
education,11056.63,0.6,6,0,0,Normal transaction in education
other,1761.2,1.56,12,0,0,Normal transaction in other
shopping,12614.52,1.58,23,0,0,Normal transaction in shopping
health,5462.21,1.01,2,1,0,Normal transaction in health
transport,1978.12,0.25,8,1,0,Normal transaction in transport
food,519.52,1.08,1,1,0,Normal transaction in food
rent,35344.93,0.79,23,0,0,Normal transaction in rent
shopping,12847.22,0.71,10,0,0,Normal transaction in shopping
rent,25198.41,0.4,17,0,0,Normal transaction in rent
entertainment,1504.87,0.92,1,0,0,Normal transaction in entertainment
food,2511.05,0.39,25,1,0,Normal transaction in food
education,155379.14,3.53,27,1,1,Unusual high spike in education
education,8483.3,1.03,23,0,0,Normal transaction in education
education,10509.43,0.33,18,0,0,Normal transaction in education
food,2768.63,0.93,9,1,0,Normal transaction in food
entertainment,606.14,1.66,28,0,0,Normal transaction in entertainment
rent,19784.96,1.29,4,1,0,Normal transaction in rent
health,2293.19,1.29,17,1,0,Normal transaction in health
other,2788.21,1.53,6,1,0,Normal transaction in other
rent,33982.59,1.23,19,0,0,Normal transaction in rent
other,2369.65,1.15,16,1,0,Normal transaction in other
other,4932.7,1.2,8,0,0,Normal transaction in other
rent,262540.95,3.66,9,0,1,Unusual high spike in rent
transport,1346.49,0.74,22,0,0,Normal transaction in transport
education,13318.97,0.34,24,1,0,Normal transaction in education
food,2365.38,0.96,10,1,0,Normal transaction in food
education,17947.56,0.56,7,0,0,Normal transaction in education
shopping,7140.27,1.76,6,0,0,Normal transaction in shopping
shopping,637.7,0.84,16,0,0,Normal transaction in shopping
food,3294.29,0.8,16,1,0,Normal transaction in food
food,2482.58,1.66,24,0,0,Normal transaction in food
shopping,1283.19,0.74,22,0,0,Normal transaction in shopping
entertainment,2670.77,1.18,7,1,0,Normal transaction in entertainment
transport,976.08,0.56,14,0,0,Normal transaction in transport
other,2661.91,0.44,7,1,0,Normal transaction in other
other,861.73,0.92,8,1,0,Normal transaction in other
food,1180.27,0.6,26,0,0,Normal transaction in food
transport,2749.61,0.9,13,1,0,Normal transaction in transport
food,3303.39,1.53,7,0,0,Normal transaction in food
food,784.06,1.07,3,1,0,Normal transaction in food
other,5813.13,0.22,3,0,0,Normal transaction in other
shopping,3450.6,1.64,3,0,0,Normal transaction in shopping
rent,39881.6,1.18,15,1,0,Normal transaction in rent
other,4921.87,1.34,25,1,0,Normal transaction in other
education,7574.3,0.88,19,1,0,Normal transaction in education
other,533.27,1.32,26,1,0,Normal transaction in other
transport,1923.13,0.21,17,0,0,Normal transaction in transport
health,5181.1,1.47,21,0,0,Normal transaction in health
education,24213.04,1.09,4,0,0,Normal transaction in education
shopping,81576.04,3.69,11,1,1,Unusual high spike in shopping
rent,40874.74,1.28,26,0,0,Normal transaction in rent
entertainment,314.11,0.88,21,0,0,Normal transaction in entertainment
transport,3760.78,1.29,23,0,0,Normal transaction in transport
health,2152.59,1.08,9,0,0,Normal transaction in health
health,6798.27,0.49,3,0,0,Normal transaction in health
health,7547.46,1.52,7,0,0,Normal transaction in health
shopping,77080.65,3.81,28,1,1,Unusual high spike in shopping
shopping,5176.9,0.64,13,1,0,Normal transaction in shopping
food,3314.38,0.77,12,1,0,Normal transaction in food
rent,11271.42,1.78,17,0,0,Normal transaction in rent
entertainment,1871.48,0.61,3,0,0,Normal transaction in entertainment
education,142553.26,5.5,9,0,1,Unusual high spike in education
shopping,9124.38,1.15,4,0,0,Normal transaction in shopping
shopping,14579.59,1.12,26,0,0,Normal transaction in shopping
food,783.06,0.84,15,1,0,Normal transaction in food
food,234.29,1.76,1,1,0,Normal transaction in food
other,3492.29,0.34,7,0,0,Normal transaction in other
education,24745.75,0.8,17,1,0,Normal transaction in education
entertainment,2337.55,1.62,27,1,0,Normal transaction in entertainment
other,5471.73,0.64,18,0,0,Normal transaction in other
education,16918.47,0.34,16,0,0,Normal transaction in education
rent,21357.65,1.14,14,0,0,Normal transaction in rent
other,2228.98,1.25,7,0,0,Normal transaction in other
health,33733.74,6.24,18,1,1,Unusual high spike in health
rent,197476.85,3.0,20,0,1,Unusual high spike in rent
education,16996.93,0.64,4,1,0,Normal transaction in education
other,1812.17,0.65,4,0,0,Normal transaction in other
education,21056.84,0.94,19,0,0,Normal transaction in education
rent,6138.15,0.29,23,0,0,Normal transaction in rent
rent,34757.24,1.7,18,0,0,Normal transaction in rent
other,23381.7,4.63,6,0,1,Unusual high spike in other
transport,2434.99,0.57,12,1,0,Normal transaction in transport
transport,291.8,0.55,17,1,0,Normal transaction in transport
food,12598.09,3.88,3,1,1,Unusual high spike in food
entertainment,2201.58,1.45,5,0,0,Normal transaction in entertainment
entertainment,9063.32,5.65,5,1,1,Unusual high spike in entertainment
rent,11063.18,1.16,25,1,0,Normal transaction in rent
education,24607.28,0.39,20,1,0,Normal transaction in education
shopping,50154.16,4.46,19,1,1,Unusual high spike in shopping
rent,42089.47,1.31,14,0,0,Normal transaction in rent
education,14162.63,1.65,27,0,0,Normal transaction in education
health,3203.18,1.38,23,1,0,Normal transaction in health
entertainment,18531.28,3.49,22,1,1,Unusual high spike in entertainment
education,15846.66,0.31,27,0,0,Normal transaction in education
health,733.61,0.84,3,0,0,Normal transaction in health
other,3330.32,1.07,24,1,0,Normal transaction in other
other,5330.07,1.77,19,1,0,Normal transaction in other
other,3379.04,1.25,13,1,0,Normal transaction in other
rent,24144.27,1.19,7,0,0,Normal transaction in rent
rent,11894.57,1.67,23,0,0,Normal transaction in rent
health,25839.98,5.51,17,1,1,Unusual high spike in health
transport,2414.4,1.03,13,0,0,Normal transaction in transport
other,853.98,0.22,25,1,0,Normal transaction in other
shopping,14256.25,0.48,21,1,0,Normal transaction in shopping
health,6528.99,1.61,14,1,0,Normal transaction in health
food,2051.61,0.29,5,1,0,Normal transaction in food
shopping,69196.9,5.39,25,1,1,Unusual high spike in shopping
health,4502.26,1.43,7,1,0,Normal transaction in health
education,7477.61,0.84,9,0,0,Normal transaction in education
other,1068.78,1.52,4,0,0,Normal transaction in other
food,3192.49,0.2,21,1,0,Normal transaction in food
rent,29582.65,1.73,14,0,0,Normal transaction in rent
entertainment,1032.84,0.77,14,1,0,Normal transaction in entertainment
food,1309.71,0.9,7,0,0,Normal transaction in food
food,3472.42,1.79,24,0,0,Normal transaction in food
shopping,2867.41,0.56,18,0,0,Normal transaction in shopping
health,5598.17,0.67,3,0,0,Normal transaction in health
food,17224.0,4.08,3,0,1,Unusual high spike in food
entertainment,1356.6,1.51,17,0,0,Normal transaction in entertainment
food,263.92,1.72,2,0,0,Normal transaction in food
other,2863.18,0.67,2,1,0,Normal transaction in other
food,2104.88,1.39,25,0,0,Normal transaction in food
rent,31205.93,1.06,16,0,0,Normal transaction in rent
transport,2336.39,0.73,27,1,0,Normal transaction in transport
education,6882.27,1.77,16,1,0,Normal transaction in education
food,3081.68,1.67,9,1,0,Normal transaction in food
other,21523.65,4.15,6,1,1,Unusual high spike in other
health,32997.46,4.12,10,0,1,Unusual high spike in health
food,531.64,0.47,17,1,0,Normal transaction in food
rent,10671.42,0.26,23,0,0,Normal transaction in rent
other,2652.85,0.53,18,1,0,Normal transaction in other
transport,343.21,0.69,13,0,0,Normal transaction in transport
transport,2624.7,1.7,5,1,0,Normal transaction in transport
entertainment,2691.16,1.39,10,0,0,Normal transaction in entertainment
education,19321.62,0.58,2,0,0,Normal transaction in education
transport,1767.42,1.56,7,0,0,Normal transaction in transport
education,20571.87,0.75,10,0,0,Normal transaction in education
other,4590.38,0.66,3,1,0,Normal transaction in other
entertainment,827.17,0.93,5,0,0,Normal transaction in entertainment
rent,35121.1,0.99,27,1,0,Normal transaction in rent
transport,1624.22,1.25,4,1,0,Normal transaction in transport
other,29394.05,5.65,22,1,1,Unusual high spike in other
rent,36357.04,1.79,20,0,0,Normal transaction in rent
rent,34238.85,1.02,2,1,0,Normal transaction in rent
health,975.6,1.68,19,0,0,Normal transaction in health
entertainment,14596.88,3.28,3,1,1,Unusual high spike in entertainment
education,10668.6,0.63,12,0,0,Normal transaction in education
shopping,2081.25,0.71,19,1,0,Normal transaction in shopping
health,1992.33,0.5,7,1,0,Normal transaction in health
rent,30056.03,0.48,21,1,0,Normal transaction in rent
rent,36510.35,1.69,13,1,0,Normal transaction in rent
food,684.78,1.14,21,0,0,Normal transaction in food
food,626.76,1.23,1,1,0,Normal transaction in food
other,2742.44,1.27,21,1,0,Normal transaction in other
shopping,10217.87,0.82,5,0,0,Normal transaction in shopping
shopping,16426.24,1.22,3,0,0,Normal transaction in shopping
other,2725.92,1.1,19,1,0,Normal transaction in other
entertainment,1185.51,0.68,16,0,0,Normal transaction in entertainment
transport,1362.73,0.45,4,0,0,Normal transaction in transport
education,8319.53,0.71,11,0,0,Normal transaction in education
other,5609.33,1.2,9,0,0,Normal transaction in other
education,1280.3,1.21,14,0,0,Normal transaction in education
health,1915.15,1.03,12,0,0,Normal transaction in health
food,1890.31,0.62,24,0,0,Normal transaction in food
entertainment,2287.71,1.3,5,1,0,Normal transaction in entertainment
health,4531.79,0.66,2,0,0,Normal transaction in health
entertainment,1499.91,1.48,11,0,0,Normal transaction in entertainment
entertainment,915.61,1.75,20,0,0,Normal transaction in entertainment
entertainment,2763.66,1.15,18,1,0,Normal transaction in entertainment
rent,35404.6,0.21,7,1,0,Normal transaction in rent
transport,3877.98,0.47,13,0,0,Normal transaction in transport
health,3336.0,1.36,16,1,0,Normal transaction in health
rent,33706.57,1.72,8,0,0,Normal transaction in rent
shopping,9121.55,0.44,27,0,0,Normal transaction in shopping
education,7932.94,1.4,26,1,0,Normal transaction in education
transport,24489.12,5.29,3,1,1,Unusual high spike in transport
education,159271.19,3.03,10,0,1,Unusual high spike in education
shopping,16101.85,0.51,22,1,0,Normal transaction in shopping
education,19191.28,0.83,2,1,0,Normal transaction in education
entertainment,1615.72,1.32,21,1,0,Normal transaction in entertainment
rent,13288.97,1.21,18,1,0,Normal transaction in rent
entertainment,1598.41,1.21,16,0,0,Normal transaction in entertainment
health,2614.86,0.6,3,1,0,Normal transaction in health
transport,670.97,0.39,27,1,0,Normal transaction in transport
other,261.6,0.6,5,0,0,Normal transaction in other
food,3404.88,1.47,14,0,0,Normal transaction in food
food,3049.68,1.0,18,1,0,Normal transaction in food
entertainment,2340.14,0.51,24,1,0,Normal transaction in entertainment
entertainment,2105.4,0.27,23,1,0,Normal transaction in entertainment
rent,23509.46,1.32,10,1,0,Normal transaction in rent
education,20515.84,1.17,1,0,0,Normal transaction in education
food,20245.52,4.29,19,1,1,Unusual high spike in food
education,7293.3,0.83,6,1,0,Normal transaction in education
entertainment,526.73,0.65,13,0,0,Normal transaction in entertainment
entertainment,202.26,1.79,17,0,0,Normal transaction in entertainment
rent,17147.86,1.06,6,1,0,Normal transaction in rent
entertainment,1747.33,0.2,15,1,0,Normal transaction in entertainment
transport,947.57,1.12,13,1,0,Normal transaction in transport
health,1492.97,0.35,26,0,0,Normal transaction in health
transport,3383.57,0.3,18,0,0,Normal transaction in transport
shopping,706.93,0.9,26,0,0,Normal transaction in shopping
food,651.76,0.64,6,1,0,Normal transaction in food
shopping,7338.6,1.36,26,0,0,Normal transaction in shopping
health,4118.03,1.71,3,1,0,Normal transaction in health
other,4085.55,1.1,26,1,0,Normal transaction in other
rent,10512.01,0.77,18,0,0,Normal transaction in rent
food,2938.34,1.49,7,0,0,Normal transaction in food
transport,3929.64,0.53,16,0,0,Normal transaction in transport
rent,29266.49,0.38,1,0,0,Normal transaction in rent
other,3693.27,1.35,3,0,0,Normal transaction in other
shopping,3368.7,1.46,15,1,0,Normal transaction in shopping
entertainment,840.97,0.75,23,1,0,Normal transaction in entertainment
transport,2681.73,0.41,24,0,0,Normal transaction in transport
health,4026.91,0.53,1,0,0,Normal transaction in health
rent,5979.81,0.4,9,1,0,Normal transaction in rent
health,7145.28,1.08,12,1,0,Normal transaction in health
rent,135447.6,6.04,19,1,1,Unusual high spike in rent
education,20986.4,0.84,18,1,0,Normal transaction in education
food,2393.0,1.04,26,1,0,Normal transaction in food
food,2269.96,0.79,1,0,0,Normal transaction in food
education,20189.63,0.47,19,1,0,Normal transaction in education
health,35405.19,5.78,5,0,1,Unusual high spike in health
transport,4207.03,1.75,6,0,0,Normal transaction in transport
shopping,112549.12,4.84,21,0,1,Unusual high spike in shopping
rent,20445.66,1.4,5,0,0,Normal transaction in rent
shopping,2655.39,0.51,9,0,0,Normal transaction in shopping
education,4132.47,1.41,7,0,0,Normal transaction in education
other,24259.88,3.57,9,0,1,Unusual high spike in other
other,5290.06,0.42,15,0,0,Normal transaction in other
health,1427.1,1.2,16,1,0,Normal transaction in health
transport,2185.84,1.77,17,1,0,Normal transaction in transport
rent,32511.91,0.74,22,0,0,Normal transaction in rent
health,3862.34,0.52,17,1,0,Normal transaction in health
food,1098.34,1.6,14,1,0,Normal transaction in food
health,2085.89,1.6,24,1,0,Normal transaction in health
transport,326.29,1.2,10,1,0,Normal transaction in transport
education,4224.94,0.39,1,1,0,Normal transaction in education
entertainment,1799.0,1.21,18,0,0,Normal transaction in entertainment
education,3453.25,0.3,21,0,0,Normal transaction in education
education,9011.38,0.25,9,1,0,Normal transaction in education
entertainment,642.09,1.44,15,0,0,Normal transaction in entertainment
food,1182.97,0.77,28,1,0,Normal transaction in food
transport,378.31,1.44,21,1,0,Normal transaction in transport
transport,15365.55,4.42,13,1,1,Unusual high spike in transport
shopping,9433.22,1.12,8,1,0,Normal transaction in shopping
rent,19822.89,1.63,27,0,0,Normal transaction in rent
rent,23929.73,1.29,7,1,0,Normal transaction in rent
shopping,5392.03,0.96,25,1,0,Normal transaction in shopping
entertainment,825.22,1.13,5,1,0,Normal transaction in entertainment
education,6392.23,0.2,2,1,0,Normal transaction in education
education,11585.81,1.76,26,0,0,Normal transaction in education
transport,2277.28,0.73,20,1,0,Normal transaction in transport
entertainment,2424.16,0.71,10,0,0,Normal transaction in entertainment
entertainment,1560.66,1.16,1,1,0,Normal transaction in entertainment
food,254.01,0.84,27,0,0,Normal transaction in food
health,4914.13,1.31,20,0,0,Normal transaction in health
shopping,2762.52,0.73,28,0,0,Normal transaction in shopping
health,4452.54,1.37,27,0,0,Normal transaction in health
health,5028.84,1.61,7,1,0,Normal transaction in health
other,5437.52,1.57,16,1,0,Normal transaction in other
other,2580.5,1.59,5,1,0,Normal transaction in other
entertainment,1652.82,0.32,10,0,0,Normal transaction in entertainment
rent,22687.42,0.63,6,1,0,Normal transaction in rent
food,2726.77,1.19,19,1,0,Normal transaction in food
health,4795.88,1.09,8,1,0,Normal transaction in health
shopping,2870.26,1.19,16,1,0,Normal transaction in shopping
entertainment,9870.54,5.93,16,0,1,Unusual high spike in entertainment
transport,2929.6,0.79,19,0,0,Normal transaction in transport
health,5782.32,1.39,10,1,0,Normal transaction in health
education,14393.53,0.51,13,1,0,Normal transaction in education
other,1612.39,1.56,4,1,0,Normal transaction in other
education,2249.8,1.25,3,1,0,Normal transaction in education
health,7798.69,1.39,7,1,0,Normal transaction in health
transport,4418.55,1.17,1,0,0,Normal transaction in transport
shopping,12903.11,0.56,13,1,0,Normal transaction in shopping
education,14419.65,0.61,2,0,0,Normal transaction in education
health,34321.31,6.29,14,1,1,Unusual high spike in health
entertainment,289.02,0.57,19,1,0,Normal transaction in entertainment
rent,17580.4,1.17,6,1,0,Normal transaction in rent
health,4543.54,0.6,1,1,0,Normal transaction in health
other,272.42,0.55,11,1,0,Normal transaction in other
education,13934.87,0.99,17,1,0,Normal transaction in education
health,5906.62,0.91,17,1,0,Normal transaction in health
rent,37889.2,0.44,18,1,0,Normal transaction in rent
shopping,4248.07,0.32,4,0,0,Normal transaction in shopping
transport,3420.07,1.03,17,0,0,Normal transaction in transport
health,4908.77,0.53,14,1,0,Normal transaction in health
food,903.81,1.12,13,1,0,Normal transaction in food
entertainment,1829.2,0.4,19,1,0,Normal transaction in entertainment
health,1396.78,1.47,4,1,0,Normal transaction in health
rent,30053.49,0.48,5,0,0,Normal transaction in rent
food,3491.43,1.58,25,0,0,Normal transaction in food
entertainment,1956.57,1.61,17,0,0,Normal transaction in entertainment
health,5615.33,0.48,21,1,0,Normal transaction in health
food,2670.62,0.32,9,1,0,Normal transaction in food
education,11544.81,1.18,9,0,0,Normal transaction in education
education,13540.79,0.41,22,0,0,Normal transaction in education
transport,4289.24,0.61,5,0,0,Normal transaction in transport
other,5434.62,0.32,5,0,0,Normal transaction in other
entertainment,1652.43,0.66,18,0,0,Normal transaction in entertainment
food,245.25,1.31,10,0,0,Normal transaction in food
entertainment,1585.62,1.19,3,1,0,Normal transaction in entertainment
food,504.16,1.09,14,0,0,Normal transaction in food
entertainment,867.97,0.23,1,0,0,Normal transaction in entertainment
health,1613.74,0.8,5,1,0,Normal transaction in health
entertainment,2815.18,0.85,20,0,0,Normal transaction in entertainment
education,12952.34,0.57,10,1,0,Normal transaction in education
food,2547.32,0.86,1,1,0,Normal transaction in food
education,9364.35,0.28,7,1,0,Normal transaction in education
education,22665.1,0.68,16,0,0,Normal transaction in education
shopping,11188.16,0.21,10,1,0,Normal transaction in shopping
transport,1840.48,0.37,2,1,0,Normal transaction in transport
food,2297.71,1.06,12,1,0,Normal transaction in food
other,1242.14,0.37,14,0,0,Normal transaction in other
education,16346.75,0.8,8,1,0,Normal transaction in education
education,1321.06,0.61,11,0,0,Normal transaction in education
food,3176.02,1.58,27,1,0,Normal transaction in food
transport,1847.86,0.3,15,0,0,Normal transaction in transport
health,1171.8,1.31,6,0,0,Normal transaction in health
health,5948.3,0.71,9,1,0,Normal transaction in health
other,5299.38,0.84,12,1,0,Normal transaction in other
food,1697.73,1.75,3,0,0,Normal transaction in food
transport,3956.14,1.8,28,1,0,Normal transaction in transport
rent,33306.16,0.46,1,1,0,Normal transaction in rent
rent,15091.54,1.38,15,0,0,Normal transaction in rent
other,715.88,1.67,21,1,0,Normal transaction in other
transport,1334.69,0.24,2,0,0,Normal transaction in transport
rent,34199.09,1.23,24,0,0,Normal transaction in rent
health,3480.89,1.3,22,1,0,Normal transaction in health
entertainment,2518.21,1.78,21,1,0,Normal transaction in entertainment
entertainment,2991.3,0.93,28,0,0,Normal transaction in entertainment
entertainment,378.46,1.26,26,1,0,Normal transaction in entertainment
transport,407.68,1.38,26,1,0,Normal transaction in transport
other,1220.45,1.6,13,1,0,Normal transaction in other
health,43900.32,5.57,17,0,1,Unusual high spike in health
food,1061.18,1.02,25,1,0,Normal transaction in food
transport,2375.29,0.34,24,1,0,Normal transaction in transport
food,2205.14,1.72,2,0,0,Normal transaction in food
entertainment,974.33,1.04,3,0,0,Normal transaction in entertainment
education,16285.38,1.57,14,1,0,Normal transaction in education
education,10534.65,0.83,7,0,0,Normal transaction in education
food,1241.51,0.54,7,0,0,Normal transaction in food
education,15446.91,0.94,4,1,0,Normal transaction in education
education,10196.88,1.32,13,0,0,Normal transaction in education
entertainment,2952.53,0.25,18,0,0,Normal transaction in entertainment
food,15136.82,4.15,10,1,1,Unusual high spike in food
education,10906.43,1.65,19,1,0,Normal transaction in education
shopping,495.77,0.5,25,0,0,Normal transaction in shopping
entertainment,1306.0,0.46,19,1,0,Normal transaction in entertainment
entertainment,776.23,0.82,1,1,0,Normal transaction in entertainment
health,5257.04,1.64,25,1,0,Normal transaction in health
education,21368.88,1.04,22,0,0,Normal transaction in education
rent,38313.17,0.76,4,0,0,Normal transaction in rent
shopping,9554.88,1.0,6,1,0,Normal transaction in shopping
food,3112.08,1.53,3,1,0,Normal transaction in food
health,32735.15,3.28,12,1,1,Unusual high spike in health
shopping,4585.13,0.86,27,0,0,Normal transaction in shopping
education,16213.45,0.5,13,0,0,Normal transaction in education
food,1193.61,0.37,17,0,0,Normal transaction in food
shopping,17083.71,1.77,27,0,0,Normal transaction in shopping
other,3891.23,0.44,4,0,0,Normal transaction in other
education,1971.2,0.27,19,0,0,Normal transaction in education
food,768.52,0.59,11,0,0,Normal transaction in food
education,12325.41,0.47,9,0,0,Normal transaction in education
food,397.0,0.32,7,1,0,Normal transaction in food
rent,38154.55,1.68,1,0,0,Normal transaction in rent
other,753.38,1.22,28,0,0,Normal transaction in other
health,7839.75,0.35,7,1,0,Normal transaction in health
food,2741.37,1.11,12,1,0,Normal transaction in food
rent,16507.37,1.41,12,0,0,Normal transaction in rent
transport,4016.97,0.8,16,1,0,Normal transaction in transport
entertainment,16686.41,6.42,15,1,1,Unusual high spike in entertainment
health,2426.0,1.6,8,1,0,Normal transaction in health
other,5273.38,1.13,23,0,0,Normal transaction in other
entertainment,907.96,1.44,20,0,0,Normal transaction in entertainment
transport,2933.58,0.66,10,0,0,Normal transaction in transport
other,764.68,0.42,4,0,0,Normal transaction in other
entertainment,1340.9,1.54,18,0,0,Normal transaction in entertainment
health,3792.11,1.77,14,1,0,Normal transaction in health
education,21040.65,1.64,3,1,0,Normal transaction in education
education,13481.42,1.33,22,1,0,Normal transaction in education
education,11229.75,0.94,4,0,0,Normal transaction in education
shopping,72070.82,3.64,6,1,1,Unusual high spike in shopping
shopping,3225.91,1.31,25,0,0,Normal transaction in shopping
education,17143.84,0.27,22,1,0,Normal transaction in education
health,4764.92,1.16,10,1,0,Normal transaction in health
shopping,904.91,0.45,26,0,0,Normal transaction in shopping
shopping,9242.14,0.64,26,1,0,Normal transaction in shopping
health,7438.8,1.26,18,0,0,Normal transaction in health
other,5982.84,0.59,17,1,0,Normal transaction in other
other,505.76,0.37,7,0,0,Normal transaction in other
other,5063.28,1.25,21,0,0,Normal transaction in other
rent,188819.24,4.63,26,0,1,Unusual high spike in rent
education,995.92,1.27,27,0,0,Normal transaction in education
education,1217.15,1.52,27,1,0,Normal transaction in education
transport,2787.68,1.64,18,1,0,Normal transaction in transport
transport,1461.44,1.01,14,1,0,Normal transaction in transport
shopping,48415.28,3.86,3,1,1,Unusual high spike in shopping
health,4617.44,0.52,12,0,0,Normal transaction in health
shopping,9101.14,0.22,11,1,0,Normal transaction in shopping
rent,40215.21,0.99,4,1,0,Normal transaction in rent
food,978.76,1.44,21,0,0,Normal transaction in food
other,4734.67,1.72,2,1,0,Normal transaction in other
other,4999.52,1.67,7,0,0,Normal transaction in other
education,24777.56,0.87,27,0,0,Normal transaction in education
rent,8832.42,0.95,13,1,0,Normal transaction in rent
food,3114.74,1.46,18,1,0,Normal transaction in food
shopping,849.97,1.49,2,1,0,Normal transaction in shopping
rent,39558.83,1.38,28,0,0,Normal transaction in rent
other,1744.56,1.1,27,1,0,Normal transaction in other
rent,33146.8,0.65,15,0,0,Normal transaction in rent
rent,37942.83,1.5,26,0,0,Normal transaction in rent
rent,192442.47,4.95,12,0,1,Unusual high spike in rent
rent,30700.33,1.75,22,0,0,Normal transaction in rent
other,741.75,0.83,17,0,0,Normal transaction in other
entertainment,1455.5,0.93,5,0,0,Normal transaction in entertainment
other,2106.91,1.2,12,1,0,Normal transaction in other
rent,34026.56,0.46,9,1,0,Normal transaction in rent
health,5567.27,0.99,24,0,0,Normal transaction in health
health,3730.36,1.22,9,1,0,Normal transaction in health
education,15090.76,1.24,13,0,0,Normal transaction in education
education,4727.21,0.78,24,0,0,Normal transaction in education
health,4459.74,1.64,25,0,0,Normal transaction in health
rent,23490.85,1.02,13,0,0,Normal transaction in rent
shopping,7183.96,1.06,18,0,0,Normal transaction in shopping
shopping,10324.73,1.48,22,1,0,Normal transaction in shopping
entertainment,1273.27,0.93,2,0,0,Normal transaction in entertainment
other,3825.98,1.46,6,0,0,Normal transaction in other
rent,32470.27,0.65,27,0,0,Normal transaction in rent
entertainment,1389.18,1.75,24,0,0,Normal transaction in entertainment
shopping,9834.53,0.79,22,0,0,Normal transaction in shopping
education,14390.14,1.5,19,1,0,Normal transaction in education
other,2891.42,1.11,15,0,0,Normal transaction in other
health,4074.68,0.35,12,0,0,Normal transaction in health
shopping,1459.62,0.26,4,0,0,Normal transaction in shopping
rent,17627.06,1.47,16,1,0,Normal transaction in rent
entertainment,2678.65,1.09,2,1,0,Normal transaction in entertainment
rent,13219.39,0.49,26,0,0,Normal transaction in rent
education,23251.58,1.3,26,1,0,Normal transaction in education
transport,2447.83,0.77,9,0,0,Normal transaction in transport
other,1858.82,1.33,24,0,0,Normal transaction in other
rent,8735.3,1.64,20,0,0,Normal transaction in rent
transport,3588.81,1.56,4,1,0,Normal transaction in transport
rent,5164.66,1.23,18,1,0,Normal transaction in rent
rent,35662.77,0.86,5,0,0,Normal transaction in rent
food,1557.28,1.35,15,0,0,Normal transaction in food
entertainment,1239.86,0.74,9,1,0,Normal transaction in entertainment
other,4931.41,0.26,27,1,0,Normal transaction in other
food,1683.62,0.55,21,1,0,Normal transaction in food
other,1529.57,1.18,19,0,0,Normal transaction in other
other,2937.87,1.32,23,1,0,Normal transaction in other
transport,523.52,1.23,25,0,0,Normal transaction in transport
transport,3909.35,1.08,26,1,0,Normal transaction in transport
rent,43148.64,1.28,6,1,0,Normal transaction in rent
other,546.92,0.58,12,0,0,Normal transaction in other
other,3054.19,1.08,8,1,0,Normal transaction in other
entertainment,11768.25,3.71,12,0,1,Unusual high spike in entertainment
shopping,12114.4,1.15,2,0,0,Normal transaction in shopping
food,2539.55,0.96,18,1,0,Normal transaction in food
entertainment,11094.81,4.45,22,1,1,Unusual high spike in entertainment
transport,2404.08,1.48,9,1,0,Normal transaction in transport
food,1838.6,0.86,14,1,0,Normal transaction in food
health,4599.85,1.25,11,1,0,Normal transaction in health
health,1977.84,0.68,19,0,0,Normal transaction in health
rent,10491.2,1.75,17,0,0,Normal transaction in rent
shopping,12954.11,0.41,17,0,0,Normal transaction in shopping
education,4961.11,1.29,27,1,0,Normal transaction in education
entertainment,2629.38,0.34,11,1,0,Normal transaction in entertainment
health,844.44,1.37,14,0,0,Normal transaction in health
transport,18923.78,5.86,7,0,1,Unusual high spike in transport
education,10360.2,0.85,6,1,0,Normal transaction in education
entertainment,986.34,1.54,12,1,0,Normal transaction in entertainment
transport,3303.36,1.22,27,1,0,Normal transaction in transport
food,2793.52,0.59,27,0,0,Normal transaction in food
education,12179.54,1.71,18,1,0,Normal transaction in education
transport,2089.62,0.66,11,0,0,Normal transaction in transport
food,3362.71,0.35,22,0,0,Normal transaction in food
transport,14660.09,5.14,2,1,1,Unusual high spike in transport
rent,28988.63,0.32,4,1,0,Normal transaction in rent
other,2069.64,1.6,21,1,0,Normal transaction in other
other,5168.29,1.54,9,0,0,Normal transaction in other
entertainment,906.52,1.62,1,1,0,Normal transaction in entertainment
education,11068.87,0.66,21,1,0,Normal transaction in education
shopping,7576.36,1.78,28,0,0,Normal transaction in shopping
shopping,5713.97,0.92,13,1,0,Normal transaction in shopping
health,3316.62,1.18,27,0,0,Normal transaction in health
food,13358.44,3.98,14,1,1,Unusual high spike in food
food,2903.58,0.95,19,1,0,Normal transaction in food
entertainment,382.68,1.1,13,1,0,Normal transaction in entertainment
rent,33570.58,0.96,19,0,0,Normal transaction in rent
shopping,8280.12,0.75,22,0,0,Normal transaction in shopping
health,7208.49,1.11,15,0,0,Normal transaction in health
food,609.89,0.76,5,1,0,Normal transaction in food
education,14776.03,1.66,11,0,0,Normal transaction in education
health,1162.54,0.95,10,1,0,Normal transaction in health
shopping,103560.84,3.69,1,0,1,Unusual high spike in shopping
health,48685.21,5.06,4,1,1,Unusual high spike in health
health,1754.76,0.79,14,0,0,Normal transaction in health
entertainment,2143.18,1.58,28,1,0,Normal transaction in entertainment
transport,2328.92,0.99,11,1,0,Normal transaction in transport
transport,2795.86,1.03,15,0,0,Normal transaction in transport
transport,1122.78,1.46,10,0,0,Normal transaction in transport
education,4129.43,0.54,3,1,0,Normal transaction in education
food,2978.61,1.33,13,0,0,Normal transaction in food
rent,38990.54,1.69,19,0,0,Normal transaction in rent
rent,15010.78,1.52,1,0,0,Normal transaction in rent
health,30597.63,5.76,26,1,1,Unusual high spike in health
food,3348.52,1.28,2,1,0,Normal transaction in food
health,6657.68,1.32,16,0,0,Normal transaction in health
rent,18703.97,0.25,20,1,0,Normal transaction in rent
entertainment,2669.18,0.95,6,1,0,Normal transaction in entertainment
rent,130278.81,3.1,3,1,1,Unusual high spike in rent
entertainment,1463.82,0.69,2,1,0,Normal transaction in entertainment
health,3590.93,0.76,24,0,0,Normal transaction in health
rent,32707.17,0.35,2,1,0,Normal transaction in rent
entertainment,2720.04,0.3,21,1,0,Normal transaction in entertainment
entertainment,423.29,0.95,20,1,0,Normal transaction in entertainment
shopping,6150.36,0.42,5,1,0,Normal transaction in shopping
shopping,10954.81,1.05,6,1,0,Normal transaction in shopping
food,563.12,1.27,5,1,0,Normal transaction in food
education,13725.74,1.55,6,1,0,Normal transaction in education
health,1001.19,1.25,5,0,0,Normal transaction in health
health,6071.16,1.21,19,1,0,Normal transaction in health
entertainment,2095.77,1.21,22,0,0,Normal transaction in entertainment
shopping,3459.51,1.74,27,1,0,Normal transaction in shopping
rent,250632.11,3.59,13,1,1,Unusual high spike in rent
transport,1306.02,1.0,17,0,0,Normal transaction in transport
entertainment,2523.41,1.35,19,0,0,Normal transaction in entertainment
transport,379.61,0.61,13,1,0,Normal transaction in transport
health,5563.15,0.87,3,1,0,Normal transaction in health
shopping,64527.15,6.33,17,1,1,Unusual high spike in shopping
shopping,7519.85,0.36,17,1,0,Normal transaction in shopping
entertainment,879.76,1.29,11,0,0,Normal transaction in entertainment
health,7906.12,0.84,1,0,0,Normal transaction in health
other,424.81,0.53,15,1,0,Normal transaction in other
food,12569.73,3.04,11,0,1,Unusual high spike in food
transport,2168.78,0.94,3,1,0,Normal transaction in transport
education,7280.84,0.22,13,0,0,Normal transaction in education
shopping,15981.31,1.44,15,1,0,Normal transaction in shopping
rent,7135.43,1.76,6,1,0,Normal transaction in rent
rent,21176.81,1.07,28,0,0,Normal transaction in rent
shopping,17874.84,0.88,15,0,0,Normal transaction in shopping
other,4040.74,1.58,8,0,0,Normal transaction in other
entertainment,964.68,0.49,28,0,0,Normal transaction in entertainment
entertainment,1451.88,0.26,13,0,0,Normal transaction in entertainment
health,3263.2,1.65,4,0,0,Normal transaction in health
transport,2148.7,0.92,3,1,0,Normal transaction in transport
health,24427.62,4.4,22,1,1,Unusual high spike in health
shopping,15999.76,0.34,28,1,0,Normal transaction in shopping
entertainment,1134.97,0.7,15,0,0,Normal transaction in entertainment
other,2452.5,1.57,28,0,0,Normal transaction in other
transport,22032.94,6.41,16,0,1,Unusual high spike in transport
food,633.27,1.35,15,0,0,Normal transaction in food
entertainment,2421.39,0.21,23,0,0,Normal transaction in entertainment
education,7413.66,1.19,13,0,0,Normal transaction in education
other,31450.57,6.18,11,0,1,Unusual high spike in other
health,1503.0,1.42,25,0,0,Normal transaction in health
rent,13335.85,0.5,13,0,0,Normal transaction in rent
entertainment,2980.62,1.53,17,0,0,Normal transaction in entertainment
food,2852.84,0.53,25,1,0,Normal transaction in food
education,19784.16,0.52,22,0,0,Normal transaction in education
transport,21811.03,5.58,28,0,1,Unusual high spike in transport
shopping,17993.64,1.6,16,0,0,Normal transaction in shopping
shopping,9461.6,0.97,19,0,0,Normal transaction in shopping
rent,36893.03,0.29,13,0,0,Normal transaction in rent
rent,6599.48,1.72,25,0,0,Normal transaction in rent
entertainment,1653.79,1.14,9,0,0,Normal transaction in entertainment
shopping,12521.58,1.58,1,1,0,Normal transaction in shopping
shopping,10933.71,0.9,18,0,0,Normal transaction in shopping
food,558.52,1.41,4,0,0,Normal transaction in food
food,1841.94,0.95,18,0,0,Normal transaction in food
transport,4208.63,0.82,11,1,0,Normal transaction in transport
shopping,8982.28,1.13,22,0,0,Normal transaction in shopping
transport,896.2,0.88,17,0,0,Normal transaction in transport
other,2074.69,0.89,27,1,0,Normal transaction in other
health,764.32,0.65,20,1,0,Normal transaction in health
other,2404.7,1.11,6,0,0,Normal transaction in other
other,2443.51,1.43,1,0,0,Normal transaction in other
other,1904.19,0.62,27,0,0,Normal transaction in other
shopping,16106.37,0.22,18,0,0,Normal transaction in shopping
other,947.22,1.43,24,0,0,Normal transaction in other
rent,41665.95,1.0,13,0,0,Normal transaction in rent
entertainment,593.57,0.21,9,0,0,Normal transaction in entertainment
entertainment,1044.7,0.51,3,0,0,Normal transaction in entertainment
rent,21926.06,1.33,1,0,0,Normal transaction in rent
other,3528.13,1.47,19,0,0,Normal transaction in other
education,13843.86,1.7,18,1,0,Normal transaction in education
food,18464.9,4.57,11,1,1,Unusual high spike in food
transport,1295.16,0.49,3,1,0,Normal transaction in transport
transport,2734.16,1.24,14,1,0,Normal transaction in transport
entertainment,1270.38,1.36,18,0,0,Normal transaction in entertainment
education,22219.96,0.6,3,0,0,Normal transaction in education
shopping,9922.33,1.46,22,1,0,Normal transaction in shopping
education,22194.94,1.73,7,1,0,Normal transaction in education
shopping,2764.51,1.56,6,0,0,Normal transaction in shopping
rent,19016.27,0.28,16,1,0,Normal transaction in rent
transport,13401.11,6.15,14,0,1,Unusual high spike in transport
shopping,2401.11,0.69,24,1,0,Normal transaction in shopping
entertainment,1897.31,1.75,23,1,0,Normal transaction in entertainment
food,1273.73,0.47,6,0,0,Normal transaction in food
health,4297.54,1.76,10,0,0,Normal transaction in health
transport,27853.45,4.46,14,1,1,Unusual high spike in transport
health,5854.45,0.96,15,0,0,Normal transaction in health
food,22634.78,6.36,1,0,1,Unusual high spike in food
health,5071.83,0.64,17,1,0,Normal transaction in health
transport,1497.81,1.15,17,0,0,Normal transaction in transport
transport,3903.42,1.08,19,1,0,Normal transaction in transport
shopping,7773.97,0.3,25,0,0,Normal transaction in shopping
rent,23732.18,0.7,24,1,0,Normal transaction in rent
food,1962.19,0.77,20,0,0,Normal transaction in food
entertainment,1921.72,0.77,26,0,0,Normal transaction in entertainment
entertainment,1516.38,0.37,23,1,0,Normal transaction in entertainment
health,241.67,0.45,13,1,0,Normal transaction in health
other,1946.13,0.56,17,1,0,Normal transaction in other
shopping,1075.85,0.52,7,1,0,Normal transaction in shopping
shopping,6340.09,1.56,18,0,0,Normal transaction in shopping
other,3251.05,1.68,27,1,0,Normal transaction in other
food,1921.19,1.8,2,0,0,Normal transaction in food
transport,2810.38,1.19,16,1,0,Normal transaction in transport
education,13744.47,1.66,2,1,0,Normal transaction in education
transport,1706.39,0.89,10,0,0,Normal transaction in transport
food,1267.55,1.04,14,0,0,Normal transaction in food
entertainment,17190.91,3.02,26,0,1,Unusual high spike in entertainment
shopping,13319.76,0.47,8,1,0,Normal transaction in shopping
food,10854.07,6.87,24,1,1,Unusual high spike in food
shopping,11581.05,1.69,11,1,0,Normal transaction in shopping
health,2224.96,0.94,11,1,0,Normal transaction in health
health,1053.06,1.15,5,0,0,Normal transaction in health
entertainment,287.59,1.65,16,1,0,Normal transaction in entertainment
health,42517.42,3.13,15,0,1,Unusual high spike in health
other,360.27,1.19,26,1,0,Normal transaction in other
other,5630.45,1.75,15,0,0,Normal transaction in other
transport,2084.43,1.12,6,0,0,Normal transaction in transport
shopping,8614.57,1.76,1,1,0,Normal transaction in shopping
other,36415.6,6.37,2,1,1,Unusual high spike in other
food,2199.97,0.27,18,0,0,Normal transaction in food
transport,3938.36,0.33,1,1,0,Normal transaction in transport
food,2019.01,1.42,6,1,0,Normal transaction in food
entertainment,10265.58,5.5,28,0,1,Unusual high spike in entertainment
entertainment,2676.34,1.58,7,1,0,Normal transaction in entertainment
other,4015.85,0.53,21,0,0,Normal transaction in other
shopping,15652.87,1.79,20,0,0,Normal transaction in shopping
other,4748.91,0.81,4,1,0,Normal transaction in other
transport,19071.71,5.01,28,0,1,Unusual high spike in transport
other,2166.54,1.46,27,1,0,Normal transaction in other
food,692.38,1.42,27,1,0,Normal transaction in food
rent,14899.44,0.36,8,1,0,Normal transaction in rent
entertainment,631.79,1.41,26,1,0,Normal transaction in entertainment
shopping,8434.01,1.23,7,0,0,Normal transaction in shopping
shopping,84034.73,5.55,14,0,1,Unusual high spike in shopping
health,4762.02,0.99,12,1,0,Normal transaction in health
health,35074.48,4.48,5,0,1,Unusual high spike in health
rent,42920.51,1.71,9,1,0,Normal transaction in rent
food,1568.76,0.34,14,0,0,Normal transaction in food
health,2274.33,0.86,21,1,0,Normal transaction in health
education,1977.44,0.66,21,1,0,Normal transaction in education
shopping,17224.54,1.45,11,0,0,Normal transaction in shopping
food,2339.34,0.89,16,1,0,Normal transaction in food
transport,4457.57,1.15,27,0,0,Normal transaction in transport
rent,22398.67,1.18,17,1,0,Normal transaction in rent
rent,21104.51,0.98,19,0,0,Normal transaction in rent
education,16474.44,1.47,22,0,0,Normal transaction in education
shopping,1130.51,0.45,23,1,0,Normal transaction in shopping
transport,3553.95,1.55,23,0,0,Normal transaction in transport
food,3341.99,1.77,12,0,0,Normal transaction in food
transport,1316.52,0.9,17,0,0,Normal transaction in transport
shopping,7280.93,0.26,16,0,0,Normal transaction in shopping
education,23047.02,0.51,15,1,0,Normal transaction in education
education,15276.56,1.73,15,0,0,Normal transaction in education
shopping,11080.99,0.43,25,0,0,Normal transaction in shopping
education,12103.19,1.79,6,1,0,Normal transaction in education
education,4132.87,0.46,28,0,0,Normal transaction in education
food,2397.55,0.89,4,0,0,Normal transaction in food
entertainment,1519.35,0.65,9,1,0,Normal transaction in entertainment
education,10622.34,1.39,2,0,0,Normal transaction in education
education,21678.71,0.24,21,0,0,Normal transaction in education
food,604.12,1.57,12,0,0,Normal transaction in food
food,1479.37,0.98,21,0,0,Normal transaction in food
shopping,2146.84,1.49,25,0,0,Normal transaction in shopping
transport,3920.82,0.29,24,0,0,Normal transaction in transport
education,11207.93,0.76,25,1,0,Normal transaction in education
shopping,6381.05,1.35,22,1,0,Normal transaction in shopping
education,143707.42,6.49,26,1,1,Unusual high spike in education
rent,5281.36,0.49,19,1,0,Normal transaction in rent
entertainment,838.97,1.77,17,0,0,Normal transaction in entertainment
education,7947.31,1.59,3,1,0,Normal transaction in education
entertainment,13176.57,6.75,12,1,1,Unusual high spike in entertainment
other,3271.58,1.44,15,1,0,Normal transaction in other
rent,8574.18,0.66,6,0,0,Normal transaction in rent
health,28595.13,5.67,4,0,1,Unusual high spike in health
food,3072.98,1.12,1,1,0,Normal transaction in food
food,12507.77,4.16,4,0,1,Unusual high spike in food
other,3429.91,0.75,18,0,0,Normal transaction in other
other,286.41,1.46,11,1,0,Normal transaction in other
transport,3316.02,1.56,26,0,0,Normal transaction in transport
other,200.56,0.52,1,1,0,Normal transaction in other
education,15798.0,1.0,20,0,0,Normal transaction in education
food,929.22,1.22,18,1,0,Normal transaction in food
transport,1157.48,1.48,8,0,0,Normal transaction in transport
education,22130.2,1.62,18,1,0,Normal transaction in education
food,1735.8,1.0,15,0,0,Normal transaction in food
entertainment,1647.97,1.51,26,1,0,Normal transaction in entertainment
education,14496.15,0.65,5,1,0,Normal transaction in education
entertainment,1107.79,1.46,12,0,0,Normal transaction in entertainment
entertainment,862.78,1.56,18,1,0,Normal transaction in entertainment
education,22292.68,0.8,5,1,0,Normal transaction in education
food,1011.3,0.77,23,1,0,Normal transaction in food
shopping,7274.23,0.28,12,0,0,Normal transaction in shopping
other,1043.92,1.5,19,0,0,Normal transaction in other
entertainment,245.21,0.94,4,1,0,Normal transaction in entertainment
transport,3518.88,0.8,16,1,0,Normal transaction in transport
transport,1704.75,1.79,17,1,0,Normal transaction in transport
health,6114.24,1.56,6,1,0,Normal transaction in health
education,4454.5,1.14,3,0,0,Normal transaction in education
transport,3467.32,0.22,2,0,0,Normal transaction in transport
shopping,5895.67,0.76,25,1,0,Normal transaction in shopping
shopping,12037.67,1.37,17,0,0,Normal transaction in shopping
entertainment,1931.64,1.37,28,1,0,Normal transaction in entertainment
shopping,14965.79,1.76,13,0,0,Normal transaction in shopping
entertainment,1710.66,0.76,22,0,0,Normal transaction in entertainment
shopping,16599.44,1.24,21,1,0,Normal transaction in shopping
transport,2153.87,1.45,22,1,0,Normal transaction in transport
transport,4130.24,1.09,8,0,0,Normal transaction in transport
health,1223.34,0.6,26,1,0,Normal transaction in health
shopping,11102.7,1.57,14,1,0,Normal transaction in shopping
health,530.26,1.74,1,1,0,Normal transaction in health
food,776.34,1.37,20,1,0,Normal transaction in food
shopping,14343.45,0.38,27,1,0,Normal transaction in shopping
entertainment,1399.78,0.72,27,0,0,Normal transaction in entertainment
entertainment,1267.44,1.39,24,1,0,Normal transaction in entertainment
shopping,1915.25,1.67,18,1,0,Normal transaction in shopping
health,49750.79,4.78,24,1,1,Unusual high spike in health
entertainment,672.69,0.7,14,1,0,Normal transaction in entertainment
transport,1452.43,0.44,8,0,0,Normal transaction in transport
transport,1864.6,0.51,18,0,0,Normal transaction in transport
health,3399.28,1.55,16,0,0,Normal transaction in health
food,826.0,1.47,10,1,0,Normal transaction in food
food,2770.55,0.29,2,0,0,Normal transaction in food
health,1661.0,1.46,11,1,0,Normal transaction in health
food,347.36,1.04,23,1,0,Normal transaction in food
transport,2895.59,0.77,8,0,0,Normal transaction in transport
shopping,8856.26,1.08,6,0,0,Normal transaction in shopping
education,2498.54,0.81,21,0,0,Normal transaction in education
rent,26289.18,1.25,19,0,0,Normal transaction in rent
transport,3960.2,0.54,11,1,0,Normal transaction in transport
other,1819.0,0.69,21,1,0,Normal transaction in other
shopping,4385.06,0.6,2,0,0,Normal transaction in shopping
transport,2107.13,1.08,15,1,0,Normal transaction in transport
education,6304.96,0.36,9,1,0,Normal transaction in education
health,7026.18,0.69,18,1,0,Normal transaction in health
food,1665.01,0.83,3,1,0,Normal transaction in food
health,5652.06,1.05,2,1,0,Normal transaction in health
entertainment,1471.04,1.2,27,0,0,Normal transaction in entertainment
rent,41127.77,1.29,22,0,0,Normal transaction in rent
food,2763.21,0.37,25,1,0,Normal transaction in food
shopping,1928.79,1.04,24,1,0,Normal transaction in shopping
education,19061.54,0.68,18,1,0,Normal transaction in education
other,5300.5,0.73,13,0,0,Normal transaction in other
rent,18222.05,1.3,1,1,0,Normal transaction in rent
entertainment,2188.95,1.55,10,1,0,Normal transaction in entertainment
entertainment,1586.96,0.4,8,0,0,Normal transaction in entertainment
entertainment,2302.78,0.88,27,0,0,Normal transaction in entertainment
rent,19926.28,1.65,7,1,0,Normal transaction in rent
rent,44501.0,1.31,12,0,0,Normal transaction in rent
shopping,15169.62,0.98,22,1,0,Normal transaction in shopping
other,1853.87,1.66,14,1,0,Normal transaction in other
shopping,11078.11,1.36,1,0,0,Normal transaction in shopping
shopping,953.72,0.83,8,0,0,Normal transaction in shopping
other,2852.83,0.38,5,0,0,Normal transaction in other
food,1080.81,0.65,4,1,0,Normal transaction in food
education,19871.12,0.27,26,1,0,Normal transaction in education
transport,3248.37,1.54,26,1,0,Normal transaction in transport
entertainment,999.7,0.98,13,0,0,Normal transaction in entertainment
health,1604.15,0.43,16,0,0,Normal transaction in health
health,2160.68,0.57,7,0,0,Normal transaction in health
education,7048.97,1.43,19,0,0,Normal transaction in education
food,10131.07,5.38,19,0,1,Unusual high spike in food
other,2502.1,1.26,3,1,0,Normal transaction in other
other,1330.93,1.79,23,0,0,Normal transaction in other
food,2630.07,0.52,8,1,0,Normal transaction in food
shopping,523.39,1.47,25,1,0,Normal transaction in shopping
entertainment,2875.29,1.35,12,0,0,Normal transaction in entertainment
rent,18482.68,0.29,26,1,0,Normal transaction in rent
shopping,1306.81,0.48,27,0,0,Normal transaction in shopping
food,1610.08,0.97,22,1,0,Normal transaction in food
entertainment,299.58,0.66,10,1,0,Normal transaction in entertainment
transport,3704.33,1.42,7,1,0,Normal transaction in transport
entertainment,1170.15,1.54,2,0,0,Normal transaction in entertainment
rent,39447.86,0.5,1,0,0,Normal transaction in rent
food,895.06,1.3,9,0,0,Normal transaction in food
rent,20741.51,0.87,17,0,0,Normal transaction in rent
other,4141.05,1.34,18,0,0,Normal transaction in other
entertainment,1189.2,0.95,25,1,0,Normal transaction in entertainment
rent,14943.74,0.28,11,1,0,Normal transaction in rent
food,509.8,1.61,14,0,0,Normal transaction in food
food,2092.03,1.5,2,1,0,Normal transaction in food
transport,2092.99,1.64,1,0,0,Normal transaction in transport
entertainment,1156.23,1.44,10,1,0,Normal transaction in entertainment
shopping,83132.15,5.29,14,1,1,Unusual high spike in shopping
education,5013.3,0.66,7,1,0,Normal transaction in education
rent,29843.2,1.1,24,0,0,Normal transaction in rent
entertainment,1840.23,1.78,12,0,0,Normal transaction in entertainment
transport,3276.04,0.42,23,0,0,Normal transaction in transport
health,45459.34,5.19,19,1,1,Unusual high spike in health
other,5421.96,1.48,27,1,0,Normal transaction in other
entertainment,1108.37,0.41,25,1,0,Normal transaction in entertainment
education,20019.5,0.99,23,0,0,Normal transaction in education
shopping,8448.89,0.85,27,1,0,Normal transaction in shopping
entertainment,1963.57,0.52,14,1,0,Normal transaction in entertainment
health,5007.27,0.32,19,0,0,Normal transaction in health
food,411.56,1.29,8,0,0,Normal transaction in food
rent,35878.87,1.47,12,1,0,Normal transaction in rent
food,15377.54,6.12,28,0,1,Unusual high spike in food
transport,3501.24,1.38,14,1,0,Normal transaction in transport
rent,44124.5,1.46,9,0,0,Normal transaction in rent
health,6379.31,1.72,26,0,0,Normal transaction in health
education,19208.99,1.28,25,0,0,Normal transaction in education
education,8532.9,0.21,22,1,0,Normal transaction in education
health,2538.26,1.14,28,1,0,Normal transaction in health
other,3147.03,0.47,27,0,0,Normal transaction in other
transport,2142.08,0.31,9,1,0,Normal transaction in transport
transport,3754.11,0.96,27,0,0,Normal transaction in transport
food,2118.8,0.68,26,0,0,Normal transaction in food
entertainment,740.57,1.07,1,1,0,Normal transaction in entertainment
education,2613.27,1.09,4,1,0,Normal transaction in education
health,1634.66,1.31,1,1,0,Normal transaction in health
shopping,11540.41,0.71,27,1,0,Normal transaction in shopping
transport,684.68,0.73,3,1,0,Normal transaction in transport
food,2944.3,1.11,18,0,0,Normal transaction in food
entertainment,481.97,1.79,12,1,0,Normal transaction in entertainment
health,1625.16,1.62,25,0,0,Normal transaction in health
entertainment,946.6,0.89,20,0,0,Normal transaction in entertainment
other,5423.41,0.73,5,1,0,Normal transaction in other
shopping,7650.0,0.53,13,0,0,Normal transaction in shopping
food,15313.1,3.13,4,1,1,Unusual high spike in food
health,2885.33,1.33,2,0,0,Normal transaction in health
rent,220743.73,3.04,1,1,1,Unusual high spike in rent
shopping,8137.7,1.49,22,1,0,Normal transaction in shopping
rent,10132.38,1.16,25,0,0,Normal transaction in rent
transport,2627.45,1.76,17,0,0,Normal transaction in transport
other,557.62,0.47,15,0,0,Normal transaction in other
other,5569.61,0.98,16,1,0,Normal transaction in other
other,3137.0,0.9,28,1,0,Normal transaction in other
other,5380.1,0.84,23,1,0,Normal transaction in other
education,21507.57,0.92,25,0,0,Normal transaction in education
entertainment,2743.26,0.43,24,1,0,Normal transaction in entertainment
food,17137.45,4.44,23,0,1,Unusual high spike in food
food,2440.0,0.87,24,1,0,Normal transaction in food
rent,42327.33,0.79,7,1,0,Normal transaction in rent
rent,14488.76,1.28,19,0,0,Normal transaction in rent
food,1520.42,1.15,23,1,0,Normal transaction in food
health,7070.39,0.73,18,1,0,Normal transaction in health
education,16042.76,0.52,9,1,0,Normal transaction in education
transport,2097.82,0.95,28,0,0,Normal transaction in transport
other,26451.68,5.1,4,0,1,Unusual high spike in other
rent,36572.84,1.49,5,1,0,Normal transaction in rent
education,2806.64,0.39,21,1,0,Normal transaction in education
rent,8477.17,1.25,9,0,0,Normal transaction in rent
food,293.62,1.73,19,1,0,Normal transaction in food
education,11305.93,1.06,1,1,0,Normal transaction in education
other,4139.35,1.44,26,0,0,Normal transaction in other
rent,14499.5,0.79,2,1,0,Normal transaction in rent
health,4823.24,1.5,27,0,0,Normal transaction in health
other,5641.1,0.67,20,0,0,Normal transaction in other
other,4248.07,0.43,12,0,0,Normal transaction in other
transport,913.53,1.2,21,0,0,Normal transaction in transport
transport,1016.09,0.46,27,0,0,Normal transaction in transport
health,3817.73,1.66,3,0,0,Normal transaction in health
education,144734.85,6.18,13,0,1,Unusual high spike in education
rent,44745.58,1.22,25,0,0,Normal transaction in rent
entertainment,2420.05,1.34,19,0,0,Normal transaction in entertainment
entertainment,1804.3,1.48,7,1,0,Normal transaction in entertainment
entertainment,296.27,1.53,18,1,0,Normal transaction in entertainment
rent,7069.17,0.73,23,0,0,Normal transaction in rent
transport,4209.27,0.76,20,0,0,Normal transaction in transport
education,10424.34,1.43,16,0,0,Normal transaction in education
entertainment,2716.91,0.66,18,0,0,Normal transaction in entertainment
transport,1191.45,1.08,11,0,0,Normal transaction in transport
rent,28441.57,1.17,28,0,0,Normal transaction in rent
shopping,11803.27,0.36,19,0,0,Normal transaction in shopping
other,5917.05,1.64,21,1,0,Normal transaction in other
rent,31826.68,0.7,5,1,0,Normal transaction in rent
education,12257.62,1.06,4,1,0,Normal transaction in education
entertainment,988.16,1.77,26,0,0,Normal transaction in entertainment
transport,627.99,0.64,24,0,0,Normal transaction in transport
rent,276331.86,6.08,6,0,1,Unusual high spike in rent
other,36562.23,6.82,19,0,1,Unusual high spike in other
rent,11775.55,0.74,22,0,0,Normal transaction in rent
shopping,12422.06,1.78,6,1,0,Normal transaction in shopping
shopping,16072.49,0.53,26,1,0,Normal transaction in shopping
education,13777.99,0.61,1,0,0,Normal transaction in education
education,19947.68,1.43,23,1,0,Normal transaction in education
rent,25268.52,1.43,11,0,0,Normal transaction in rent
health,7947.8,1.55,22,0,0,Normal transaction in health
health,3602.35,1.38,23,1,0,Normal transaction in health
entertainment,2084.88,0.26,28,1,0,Normal transaction in entertainment
education,12456.51,0.34,5,0,0,Normal transaction in education
food,284.67,0.98,8,0,0,Normal transaction in food
rent,190474.42,5.82,28,0,1,Unusual high spike in rent
other,5256.34,0.79,10,0,0,Normal transaction in other
rent,43811.63,1.72,3,1,0,Normal transaction in rent
shopping,15955.79,1.77,25,1,0,Normal transaction in shopping
rent,19984.15,1.25,26,0,0,Normal transaction in rent
other,1420.74,0.37,13,1,0,Normal transaction in other
transport,1674.95,1.33,24,0,0,Normal transaction in transport
transport,294.92,0.29,8,0,0,Normal transaction in transport
health,20888.66,3.66,25,0,1,Unusual high spike in health
transport,4114.68,1.08,24,1,0,Normal transaction in transport
health,3931.56,0.48,19,1,0,Normal transaction in health
entertainment,907.51,0.88,20,0,0,Normal transaction in entertainment
health,5820.01,0.38,14,0,0,Normal transaction in health
food,1885.11,0.46,15,1,0,Normal transaction in food
shopping,1057.41,1.23,27,0,0,Normal transaction in shopping
health,7299.33,1.17,23,1,0,Normal transaction in health
rent,27652.23,1.26,26,1,0,Normal transaction in rent
food,3161.53,0.78,4,0,0,Normal transaction in food
entertainment,1031.74,0.95,21,1,0,Normal transaction in entertainment
education,5376.41,0.37,6,1,0,Normal transaction in education
rent,18478.8,1.16,11,1,0,Normal transaction in rent
food,902.41,1.63,3,0,0,Normal transaction in food
rent,44430.1,1.56,21,1,0,Normal transaction in rent
food,701.12,0.53,25,0,0,Normal transaction in food
other,917.75,1.1,7,1,0,Normal transaction in other
shopping,849.45,1.8,19,0,0,Normal transaction in shopping
entertainment,2564.7,1.21,22,1,0,Normal transaction in entertainment
health,7251.06,1.72,17,1,0,Normal transaction in health
shopping,15848.25,0.52,9,1,0,Normal transaction in shopping
education,2149.49,0.56,8,0,0,Normal transaction in education
shopping,7567.48,1.11,22,1,0,Normal transaction in shopping
health,3506.78,1.1,25,1,0,Normal transaction in health
rent,29239.52,1.18,11,1,0,Normal transaction in rent
transport,3481.02,0.21,3,1,0,Normal transaction in transport
education,5520.03,0.3,21,0,0,Normal transaction in education
rent,36361.46,1.24,18,1,0,Normal transaction in rent
health,7663.97,1.35,10,1,0,Normal transaction in health
entertainment,1636.22,1.45,10,0,0,Normal transaction in entertainment
rent,24794.77,1.06,15,0,0,Normal transaction in rent
health,44608.44,5.67,24,0,1,Unusual high spike in health
education,5635.25,0.84,21,0,0,Normal transaction in education
transport,3609.55,1.03,25,1,0,Normal transaction in transport
transport,4460.2,0.39,27,1,0,Normal transaction in transport
health,34447.2,5.82,12,0,1,Unusual high spike in health
health,3942.56,0.47,28,0,0,Normal transaction in health
food,1832.35,0.58,20,1,0,Normal transaction in food
shopping,1242.71,1.45,28,1,0,Normal transaction in shopping
health,1567.36,1.51,3,1,0,Normal transaction in health
other,270.38,0.83,6,0,0,Normal transaction in other
rent,9374.04,0.5,17,1,0,Normal transaction in rent
food,3356.78,1.12,22,0,0,Normal transaction in food
transport,11534.53,3.53,9,0,1,Unusual high spike in transport
education,19454.7,0.53,13,0,0,Normal transaction in education
transport,4121.13,1.03,15,1,0,Normal transaction in transport
food,2823.14,0.58,4,0,0,Normal transaction in food
rent,38923.27,1.46,25,0,0,Normal transaction in rent
health,3628.59,0.39,14,0,0,Normal transaction in health
rent,9992.34,1.44,23,1,0,Normal transaction in rent
education,12273.69,1.27,16,0,0,Normal transaction in education
food,517.49,1.51,1,1,0,Normal transaction in food
food,2866.62,1.73,6,1,0,Normal transaction in food
transport,3397.33,0.87,18,0,0,Normal transaction in transport
health,4449.23,0.22,18,1,0,Normal transaction in health
shopping,16155.79,1.7,15,1,0,Normal transaction in shopping
entertainment,960.1,0.56,8,1,0,Normal transaction in entertainment
transport,3413.45,0.67,3,0,0,Normal transaction in transport
health,3808.45,1.02,8,0,0,Normal transaction in health
shopping,2219.55,0.37,25,0,0,Normal transaction in shopping
other,305.16,0.7,2,1,0,Normal transaction in other
education,9808.89,0.5,12,1,0,Normal transaction in education
health,5900.08,0.67,25,1,0,Normal transaction in health
other,2457.56,1.07,16,1,0,Normal transaction in other
shopping,8070.72,1.7,12,0,0,Normal transaction in shopping
transport,2280.37,1.42,3,0,0,Normal transaction in transport
entertainment,1640.23,1.25,9,0,0,Normal transaction in entertainment
shopping,2237.23,0.37,2,1,0,Normal transaction in shopping
other,4345.76,1.56,24,0,0,Normal transaction in other
other,4199.25,1.57,22,1,0,Normal transaction in other
transport,659.22,0.74,2,0,0,Normal transaction in transport
education,17920.51,0.4,14,0,0,Normal transaction in education
rent,41421.23,0.61,28,1,0,Normal transaction in rent
health,5852.62,0.26,8,1,0,Normal transaction in health
entertainment,556.03,0.41,21,0,0,Normal transaction in entertainment
health,6722.27,1.75,7,0,0,Normal transaction in health
health,5357.59,1.4,25,1,0,Normal transaction in health
food,341.34,0.99,26,0,0,Normal transaction in food
transport,1847.61,0.25,4,0,0,Normal transaction in transport
health,6010.66,0.85,20,1,0,Normal transaction in health
entertainment,648.46,1.32,2,1,0,Normal transaction in entertainment
transport,1976.74,0.39,1,1,0,Normal transaction in transport
education,13976.1,0.91,8,1,0,Normal transaction in education
shopping,8832.48,0.32,3,0,0,Normal transaction in shopping
transport,1067.29,0.9,23,0,0,Normal transaction in transport
health,1258.05,1.12,26,0,0,Normal transaction in health
shopping,17693.51,1.53,4,0,0,Normal transaction in shopping
shopping,10340.86,1.16,4,1,0,Normal transaction in shopping
education,21692.6,1.65,21,0,0,Normal transaction in education
food,2630.11,1.57,24,1,0,Normal transaction in food
health,39040.19,3.86,1,1,1,Unusual high spike in health
health,6338.42,1.42,22,0,0,Normal transaction in health
health,2439.33,0.58,13,0,0,Normal transaction in health
other,631.83,1.44,6,1,0,Normal transaction in other
health,6229.3,1.29,28,0,0,Normal transaction in health
shopping,54134.3,5.62,3,0,1,Unusual high spike in shopping
entertainment,2615.15,1.45,13,0,0,Normal transaction in entertainment
health,7166.2,1.17,12,1,0,Normal transaction in health
rent,11585.76,1.29,26,1,0,Normal transaction in rent
food,895.46,1.39,6,0,0,Normal transaction in food
shopping,17922.51,0.23,18,0,0,Normal transaction in shopping
education,22881.6,0.98,10,0,0,Normal transaction in education
health,4320.07,1.65,21,0,0,Normal transaction in health
health,6607.17,1.31,6,0,0,Normal transaction in health
food,3080.16,0.4,22,1,0,Normal transaction in food
rent,8188.04,0.86,17,1,0,Normal transaction in rent
shopping,8972.69,1.43,6,0,0,Normal transaction in shopping
transport,4433.69,0.57,14,1,0,Normal transaction in transport
health,42361.9,6.58,14,1,1,Unusual high spike in health
education,90110.01,4.67,28,0,1,Unusual high spike in education
rent,16466.17,0.86,17,1,0,Normal transaction in rent
rent,35394.01,1.09,11,1,0,Normal transaction in rent
shopping,4428.52,0.36,22,1,0,Normal transaction in shopping
entertainment,357.07,1.66,28,1,0,Normal transaction in entertainment
education,21714.91,1.09,18,0,0,Normal transaction in education
rent,29965.25,0.52,20,0,0,Normal transaction in rent
other,1477.46,0.6,8,0,0,Normal transaction in other
entertainment,1865.9,1.24,14,1,0,Normal transaction in entertainment
entertainment,1935.73,1.7,10,1,0,Normal transaction in entertainment
other,4250.74,1.36,26,0,0,Normal transaction in other
shopping,13837.39,1.09,27,1,0,Normal transaction in shopping
education,63619.37,3.46,11,0,1,Unusual high spike in education
food,2151.04,0.35,26,1,0,Normal transaction in food
health,3610.69,0.4,3,0,0,Normal transaction in health
shopping,4321.85,1.36,3,0,0,Normal transaction in shopping
food,2818.16,1.14,19,1,0,Normal transaction in food
rent,30524.15,1.29,20,0,0,Normal transaction in rent
transport,3067.67,1.04,20,0,0,Normal transaction in transport
food,2090.27,0.59,5,1,0,Normal transaction in food
shopping,52447.54,6.42,24,0,1,Unusual high spike in shopping
health,5577.47,1.61,15,0,0,Normal transaction in health
food,2331.33,1.68,26,1,0,Normal transaction in food
rent,11854.72,1.27,1,1,0,Normal transaction in rent
shopping,4275.51,0.85,17,1,0,Normal transaction in shopping
entertainment,265.16,1.54,27,1,0,Normal transaction in entertainment
shopping,984.41,0.36,27,0,0,Normal transaction in shopping
shopping,12175.58,0.27,14,0,0,Normal transaction in shopping
food,2979.89,0.4,13,1,0,Normal transaction in food
health,3947.31,1.09,9,1,0,Normal transaction in health
shopping,7155.92,0.39,19,0,0,Normal transaction in shopping
entertainment,978.0,0.8,18,1,0,Normal transaction in entertainment
rent,25698.71,1.26,24,0,0,Normal transaction in rent
health,7675.33,0.8,24,0,0,Normal transaction in health
transport,829.71,1.09,16,0,0,Normal transaction in transport
education,3040.09,0.26,15,1,0,Normal transaction in education
rent,12125.56,1.58,21,0,0,Normal transaction in rent
food,926.87,1.46,14,0,0,Normal transaction in food
other,2730.59,1.13,9,0,0,Normal transaction in other
rent,19731.69,0.56,2,0,0,Normal transaction in rent
entertainment,2990.99,1.31,6,1,0,Normal transaction in entertainment
education,10457.55,0.58,12,1,0,Normal transaction in education
shopping,14046.11,0.87,8,0,0,Normal transaction in shopping
rent,42868.76,0.47,25,0,0,Normal transaction in rent
other,1354.74,0.42,26,1,0,Normal transaction in other
food,868.02,1.16,9,0,0,Normal transaction in food
shopping,917.24,0.57,14,1,0,Normal transaction in shopping
education,13743.68,1.61,13,0,0,Normal transaction in education
shopping,87805.3,4.81,16,1,1,Unusual high spike in shopping
rent,235520.77,5.24,15,0,1,Unusual high spike in rent
transport,643.82,1.12,23,0,0,Normal transaction in transport
education,20135.56,1.11,14,1,0,Normal transaction in education
other,5185.71,1.46,8,0,0,Normal transaction in other
entertainment,668.16,1.45,22,0,0,Normal transaction in entertainment
shopping,15771.67,1.48,10,0,0,Normal transaction in shopping
food,366.38,1.58,19,0,0,Normal transaction in food
food,337.39,1.32,24,1,0,Normal transaction in food
entertainment,1749.15,1.18,20,1,0,Normal transaction in entertainment
health,857.47,0.88,24,0,0,Normal transaction in health
other,2118.15,0.75,7,0,0,Normal transaction in other
health,7277.97,0.86,21,0,0,Normal transaction in health
rent,34033.63,1.14,12,1,0,Normal transaction in rent
entertainment,2765.43,0.26,3,1,0,Normal transaction in entertainment
other,5753.08,0.9,20,1,0,Normal transaction in other
education,4086.08,1.41,25,0,0,Normal transaction in education
transport,3412.95,1.47,18,1,0,Normal transaction in transport
food,1466.38,1.39,17,1,0,Normal transaction in food
transport,2038.25,1.06,13,0,0,Normal transaction in transport
shopping,3223.31,0.48,15,0,0,Normal transaction in shopping
health,4404.72,0.83,5,0,0,Normal transaction in health
transport,419.55,1.74,4,1,0,Normal transaction in transport
entertainment,227.98,1.32,5,1,0,Normal transaction in entertainment
food,857.3,1.47,18,1,0,Normal transaction in food
food,2671.77,1.57,9,1,0,Normal transaction in food
food,2707.3,1.39,12,0,0,Normal transaction in food
education,13763.11,1.63,7,1,0,Normal transaction in education
education,21656.3,0.55,16,0,0,Normal transaction in education
education,2593.86,1.7,27,0,0,Normal transaction in education
transport,414.3,0.35,25,1,0,Normal transaction in transport
education,16172.96,1.47,17,0,0,Normal transaction in education
health,6841.96,1.47,23,0,0,Normal transaction in health
education,1750.83,1.57,1,1,0,Normal transaction in education
food,2192.63,1.33,16,1,0,Normal transaction in food
transport,4368.67,0.6,25,1,0,Normal transaction in transport
entertainment,843.41,0.25,27,1,0,Normal transaction in entertainment
other,33967.12,5.86,10,0,1,Unusual high spike in other
education,18157.73,0.62,7,0,0,Normal transaction in education
entertainment,2364.22,0.5,14,1,0,Normal transaction in entertainment
food,1979.74,0.64,23,1,0,Normal transaction in food
food,1770.3,0.52,16,0,0,Normal transaction in food
transport,3862.22,1.12,18,0,0,Normal transaction in transport
rent,157815.7,5.56,26,1,1,Unusual high spike in rent
shopping,9384.0,0.4,23,1,0,Normal transaction in shopping
other,25968.86,5.24,8,1,1,Unusual high spike in other
health,820.18,1.56,3,0,0,Normal transaction in health
education,9005.54,1.63,20,1,0,Normal transaction in education
education,19222.3,1.51,12,1,0,Normal transaction in education
education,23826.14,1.53,6,0,0,Normal transaction in education
rent,18177.29,0.55,6,0,0,Normal transaction in rent
transport,3531.01,1.16,4,1,0,Normal transaction in transport
transport,1716.59,1.04,5,0,0,Normal transaction in transport
shopping,17193.86,0.9,14,1,0,Normal transaction in shopping
transport,2608.34,1.74,11,1,0,Normal transaction in transport
rent,40302.37,0.39,19,1,0,Normal transaction in rent
education,20385.18,0.59,14,0,0,Normal transaction in education
education,555.48,0.2,8,0,0,Normal transaction in education
health,931.35,0.24,15,1,0,Normal transaction in health
education,8575.21,1.77,28,1,0,Normal transaction in education
education,4030.67,1.43,13,0,0,Normal transaction in education
shopping,452.02,1.61,15,0,0,Normal transaction in shopping
education,21959.35,0.36,7,0,0,Normal transaction in education
transport,1233.09,1.17,21,1,0,Normal transaction in transport
food,1151.1,1.04,25,0,0,Normal transaction in food
food,2767.98,0.9,2,0,0,Normal transaction in food
health,6964.84,0.99,24,1,0,Normal transaction in health
other,164.73,1.22,5,0,0,Normal transaction in other
education,6194.45,1.27,2,0,0,Normal transaction in education
rent,42130.65,0.46,24,0,0,Normal transaction in rent
transport,3123.83,1.53,2,0,0,Normal transaction in transport
entertainment,1721.07,1.75,20,0,0,Normal transaction in entertainment
other,4094.81,1.42,21,1,0,Normal transaction in other
education,2273.14,0.47,4,1,0,Normal transaction in education
transport,4313.69,1.1,13,0,0,Normal transaction in transport
rent,33799.17,0.21,15,0,0,Normal transaction in rent
shopping,13643.64,1.66,5,1,0,Normal transaction in shopping
shopping,5453.41,0.89,11,0,0,Normal transaction in shopping
food,137.72,0.48,17,0,0,Normal transaction in food
shopping,975.38,1.77,15,1,0,Normal transaction in shopping
entertainment,18053.91,4.86,23,0,1,Unusual high spike in entertainment
shopping,12624.12,1.64,4,1,0,Normal transaction in shopping
food,1002.08,1.56,3,0,0,Normal transaction in food
transport,3936.14,1.78,4,0,0,Normal transaction in transport
education,17801.2,0.76,5,1,0,Normal transaction in education
transport,2983.34,1.04,7,1,0,Normal transaction in transport
other,1960.7,0.73,2,0,0,Normal transaction in other
rent,35735.95,1.69,11,1,0,Normal transaction in rent
other,4463.42,0.34,6,1,0,Normal transaction in other
food,884.32,1.06,28,1,0,Normal transaction in food
transport,1462.14,1.79,15,0,0,Normal transaction in transport
shopping,8490.54,1.8,22,1,0,Normal transaction in shopping
other,2836.96,0.22,9,0,0,Normal transaction in other
transport,4363.64,0.45,9,1,0,Normal transaction in transport
rent,29230.84,1.73,12,1,0,Normal transaction in rent
transport,1885.91,0.59,26,0,0,Normal transaction in transport
food,1198.75,1.66,7,0,0,Normal transaction in food
education,19942.08,1.36,21,0,0,Normal transaction in education
education,18137.15,0.54,17,1,0,Normal transaction in education
other,1484.49,1.25,6,0,0,Normal transaction in other
health,2932.08,1.25,5,1,0,Normal transaction in health
education,10366.94,0.92,11,0,0,Normal transaction in education
transport,1632.49,1.44,7,0,0,Normal transaction in transport
health,34423.74,6.82,7,1,1,Unusual high spike in health
entertainment,2567.66,1.66,28,1,0,Normal transaction in entertainment
entertainment,11817.74,5.33,22,0,1,Unusual high spike in entertainment
education,5476.73,0.98,13,1,0,Normal transaction in education
rent,136859.72,6.16,11,1,1,Unusual high spike in rent
other,5379.06,1.46,23,1,0,Normal transaction in other
transport,841.9,0.25,18,0,0,Normal transaction in transport
shopping,11253.74,1.09,3,1,0,Normal transaction in shopping
transport,797.85,1.37,27,1,0,Normal transaction in transport
health,3311.13,0.65,12,1,0,Normal transaction in health
entertainment,624.19,0.63,24,0,0,Normal transaction in entertainment
entertainment,2596.37,1.49,26,1,0,Normal transaction in entertainment
other,764.19,1.31,9,0,0,Normal transaction in other
entertainment,203.66,0.76,28,1,0,Normal transaction in entertainment
rent,17209.24,0.56,10,1,0,Normal transaction in rent
shopping,15500.94,1.73,11,1,0,Normal transaction in shopping
education,20490.75,1.44,5,1,0,Normal transaction in education
transport,1626.35,0.86,13,1,0,Normal transaction in transport
entertainment,1286.91,0.44,26,1,0,Normal transaction in entertainment
education,12973.07,0.21,11,1,0,Normal transaction in education
food,13673.44,5.35,24,0,1,Unusual high spike in food
health,4867.45,1.55,15,1,0,Normal transaction in health
health,2043.85,1.17,16,1,0,Normal transaction in health
entertainment,899.45,1.34,24,1,0,Normal transaction in entertainment
other,1687.51,1.64,26,1,0,Normal transaction in other
health,2946.46,0.84,15,0,0,Normal transaction in health
health,3592.35,1.68,27,1,0,Normal transaction in health
entertainment,1865.17,0.62,21,1,0,Normal transaction in entertainment
rent,22406.03,1.74,22,0,0,Normal transaction in rent
health,7664.99,0.82,28,0,0,Normal transaction in health
transport,3284.87,1.49,3,0,0,Normal transaction in transport
other,531.88,1.48,17,1,0,Normal transaction in other
transport,2261.91,0.65,22,1,0,Normal transaction in transport
transport,4197.79,0.76,13,0,0,Normal transaction in transport
entertainment,2092.9,1.41,23,1,0,Normal transaction in entertainment
shopping,6474.43,1.73,8,0,0,Normal transaction in shopping
other,26765.53,3.74,22,1,1,Unusual high spike in other
education,4546.81,0.27,17,1,0,Normal transaction in education
rent,25716.09,1.69,19,0,0,Normal transaction in rent
entertainment,8595.0,3.75,20,1,1,Unusual high spike in entertainment
other,5234.57,1.55,12,1,0,Normal transaction in other
education,5617.78,0.69,3,1,0,Normal transaction in education
food,1330.66,0.95,9,0,0,Normal transaction in food
shopping,17210.79,0.21,10,0,0,Normal transaction in shopping
food,17050.04,5.7,5,1,1,Unusual high spike in food
education,9797.12,0.27,24,0,0,Normal transaction in education
education,10884.9,1.67,16,1,0,Normal transaction in education
other,4624.76,0.9,16,0,0,Normal transaction in other
shopping,1165.65,0.73,4,0,0,Normal transaction in shopping
transport,2081.52,1.43,7,1,0,Normal transaction in transport
other,5866.34,1.22,21,0,0,Normal transaction in other
entertainment,1403.28,0.78,23,0,0,Normal transaction in entertainment
transport,1232.31,1.67,11,1,0,Normal transaction in transport
food,1580.84,0.8,27,0,0,Normal transaction in food
food,1613.06,0.91,18,1,0,Normal transaction in food
rent,270127.79,4.76,22,1,1,Unusual high spike in rent
transport,3530.7,0.81,10,0,0,Normal transaction in transport
rent,37792.74,0.38,8,0,0,Normal transaction in rent
education,1867.19,1.44,22,1,0,Normal transaction in education
transport,1608.9,0.43,17,0,0,Normal transaction in transport
rent,25828.64,0.89,4,0,0,Normal transaction in rent
shopping,3304.4,0.61,4,1,0,Normal transaction in shopping
education,17677.32,1.55,18,1,0,Normal transaction in education
rent,35478.06,0.37,23,1,0,Normal transaction in rent
other,5675.81,0.34,20,0,0,Normal transaction in other
entertainment,13743.82,3.47,13,0,1,Unusual high spike in entertainment
transport,2616.11,0.88,18,1,0,Normal transaction in transport
transport,1873.06,1.41,24,1,0,Normal transaction in transport
education,1895.54,1.25,23,0,0,Normal transaction in education
shopping,15383.62,1.36,12,0,0,Normal transaction in shopping
transport,2596.8,1.64,3,0,0,Normal transaction in transport
entertainment,1372.88,0.94,16,1,0,Normal transaction in entertainment
transport,348.89,0.68,2,1,0,Normal transaction in transport
food,1940.68,0.99,7,1,0,Normal transaction in food
rent,7921.92,0.61,8,1,0,Normal transaction in rent
transport,3755.54,1.76,28,1,0,Normal transaction in transport
food,840.77,0.65,22,1,0,Normal transaction in food
rent,26195.56,0.64,16,1,0,Normal transaction in rent
health,240.18,1.65,5,0,0,Normal transaction in health
health,7130.83,0.46,1,1,0,Normal transaction in health
food,14207.79,4.92,5,0,1,Unusual high spike in food
shopping,15214.38,1.15,2,1,0,Normal transaction in shopping
transport,230.83,1.63,20,0,0,Normal transaction in transport
rent,36026.26,1.19,2,0,0,Normal transaction in rent
rent,36647.36,0.92,3,0,0,Normal transaction in rent
rent,21747.4,1.24,13,0,0,Normal transaction in rent
rent,11620.5,1.31,7,0,0,Normal transaction in rent
food,452.38,0.53,24,0,0,Normal transaction in food
food,3370.12,0.71,16,1,0,Normal transaction in food
rent,7506.52,1.8,22,1,0,Normal transaction in rent
other,20430.43,6.72,3,0,1,Unusual high spike in other
other,919.11,0.31,4,0,0,Normal transaction in other
shopping,7146.45,1.64,21,1,0,Normal transaction in shopping
food,814.4,1.38,23,0,0,Normal transaction in food
education,16777.75,1.1,25,1,0,Normal transaction in education
education,7231.82,1.51,15,1,0,Normal transaction in education
education,17549.69,1.05,8,0,0,Normal transaction in education
transport,399.16,1.57,17,0,0,Normal transaction in transport
education,1502.25,0.74,19,1,0,Normal transaction in education
food,2442.66,0.45,14,0,0,Normal transaction in food
education,5518.69,0.6,19,1,0,Normal transaction in education
food,3425.55,1.28,17,1,0,Normal transaction in food
rent,37960.25,0.87,23,1,0,Normal transaction in rent
shopping,2816.27,0.67,11,1,0,Normal transaction in shopping
other,5101.18,1.59,27,0,0,Normal transaction in other
health,5569.22,1.23,9,0,0,Normal transaction in health
education,17478.13,0.55,27,1,0,Normal transaction in education
other,1071.13,0.48,6,1,0,Normal transaction in other
entertainment,306.13,1.12,23,0,0,Normal transaction in entertainment
health,4145.41,1.23,28,0,0,Normal transaction in health
other,972.68,0.96,2,0,0,Normal transaction in other
entertainment,299.79,0.29,11,0,0,Normal transaction in entertainment
other,685.63,0.25,23,0,0,Normal transaction in other
education,16794.3,1.48,27,0,0,Normal transaction in education
food,134.33,0.82,19,0,0,Normal transaction in food
other,2346.19,0.45,20,1,0,Normal transaction in other
rent,20453.62,1.1,21,0,0,Normal transaction in rent
shopping,3636.85,0.21,13,1,0,Normal transaction in shopping
health,3733.19,0.52,13,1,0,Normal transaction in health
rent,43566.49,1.06,18,1,0,Normal transaction in rent
education,3311.5,1.64,8,0,0,Normal transaction in education
education,15145.64,1.34,17,0,0,Normal transaction in education
other,4392.92,1.34,6,1,0,Normal transaction in other
health,7910.64,1.34,24,1,0,Normal transaction in health
health,1609.99,0.77,9,0,0,Normal transaction in health
education,140623.02,6.39,25,0,1,Unusual high spike in education
other,1486.76,0.77,3,1,0,Normal transaction in other
health,733.76,1.05,17,0,0,Normal transaction in health
shopping,12253.38,0.89,21,0,0,Normal transaction in shopping
shopping,15553.4,0.87,7,1,0,Normal transaction in shopping
transport,1327.72,1.16,6,1,0,Normal transaction in transport
other,3863.37,1.46,6,0,0,Normal transaction in other
shopping,4337.62,0.57,1,0,0,Normal transaction in shopping
shopping,13127.15,0.57,13,0,0,Normal transaction in shopping
rent,38652.96,1.29,4,1,0,Normal transaction in rent
rent,37007.04,0.5,18,0,0,Normal transaction in rent
transport,288.12,0.32,25,1,0,Normal transaction in transport
transport,3611.47,1.75,22,0,0,Normal transaction in transport
transport,3678.91,1.45,16,1,0,Normal transaction in transport
education,85313.31,6.56,24,1,1,Unusual high spike in education
shopping,17652.18,0.64,1,1,0,Normal transaction in shopping
food,1696.42,1.47,8,0,0,Normal transaction in food
shopping,752.11,1.71,14,0,0,Normal transaction in shopping
food,2293.64,1.21,3,0,0,Normal transaction in food
health,683.3,0.93,5,0,0,Normal transaction in health
entertainment,425.68,0.82,19,0,0,Normal transaction in entertainment
education,8688.01,1.43,8,0,0,Normal transaction in education
education,5218.7,0.36,6,1,0,Normal transaction in education
shopping,9156.85,0.38,27,0,0,Normal transaction in shopping
transport,3152.99,0.42,21,0,0,Normal transaction in transport
shopping,14453.71,1.07,21,1,0,Normal transaction in shopping
food,14676.25,6.41,1,0,1,Unusual high spike in food
education,13072.32,0.62,21,0,0,Normal transaction in education
other,1657.12,1.23,22,0,0,Normal transaction in other
entertainment,1291.73,0.28,4,1,0,Normal transaction in entertainment
health,3287.78,0.42,24,1,0,Normal transaction in health
education,15246.73,1.13,1,1,0,Normal transaction in education
education,8638.98,0.61,15,0,0,Normal transaction in education
education,13895.02,1.11,9,1,0,Normal transaction in education
transport,118.55,0.9,13,1,0,Normal transaction in transport
rent,39107.47,0.51,3,1,0,Normal transaction in rent
rent,44382.03,0.27,28,1,0,Normal transaction in rent
rent,15458.29,1.53,9,1,0,Normal transaction in rent
entertainment,812.78,1.18,21,0,0,Normal transaction in entertainment
education,146827.44,5.59,7,0,1,Unusual high spike in education
food,1375.95,0.4,23,1,0,Normal transaction in food
shopping,3859.84,0.99,16,0,0,Normal transaction in shopping
transport,2767.43,0.41,23,1,0,Normal transaction in transport
entertainment,1057.69,1.19,1,1,0,Normal transaction in entertainment
rent,6771.75,1.27,16,1,0,Normal transaction in rent
health,4393.53,0.94,1,0,0,Normal transaction in health
other,1017.06,1.12,18,0,0,Normal transaction in other
food,1610.17,1.01,28,0,0,Normal transaction in food
shopping,10226.83,0.57,4,0,0,Normal transaction in shopping
transport,225.1,0.53,22,0,0,Normal transaction in transport
transport,1560.77,1.73,21,0,0,Normal transaction in transport
health,7639.77,0.26,18,0,0,Normal transaction in health
health,6223.59,1.02,23,0,0,Normal transaction in health
shopping,12209.57,1.08,27,0,0,Normal transaction in shopping
education,18743.56,1.31,15,1,0,Normal transaction in education
transport,1287.67,0.49,10,0,0,Normal transaction in transport
transport,156.11,0.47,27,0,0,Normal transaction in transport
entertainment,2424.99,1.75,21,0,0,Normal transaction in entertainment
education,15503.88,0.47,15,1,0,Normal transaction in education
other,778.04,1.59,21,1,0,Normal transaction in other
entertainment,1768.52,1.56,23,0,0,Normal transaction in entertainment
other,5309.59,0.84,9,1,0,Normal transaction in other
entertainment,1643.5,0.3,22,0,0,Normal transaction in entertainment
rent,11270.38,1.08,20,0,0,Normal transaction in rent
rent,7813.94,0.92,2,1,0,Normal transaction in rent
entertainment,1042.74,1.54,4,0,0,Normal transaction in entertainment
rent,15844.91,0.88,6,0,0,Normal transaction in rent
shopping,14012.98,0.42,9,1,0,Normal transaction in shopping
transport,2013.47,1.39,2,1,0,Normal transaction in transport
shopping,17195.98,0.56,16,0,0,Normal transaction in shopping
transport,3683.91,1.18,22,1,0,Normal transaction in transport
education,11478.54,1.8,10,1,0,Normal transaction in education
rent,37925.16,0.46,18,0,0,Normal transaction in rent
shopping,2280.52,0.65,18,1,0,Normal transaction in shopping
transport,3821.06,1.4,9,0,0,Normal transaction in transport
education,10720.63,0.81,23,1,0,Normal transaction in education
other,2611.9,1.65,9,1,0,Normal transaction in other
transport,24715.97,4.44,1,1,1,Unusual high spike in transport
shopping,15280.65,0.89,9,1,0,Normal transaction in shopping
education,19116.08,0.83,26,0,0,Normal transaction in education
health,2214.63,1.1,14,0,0,Normal transaction in health
shopping,13628.49,0.24,18,0,0,Normal transaction in shopping
health,6922.98,0.64,12,0,0,Normal transaction in health
education,6104.17,0.86,6,1,0,Normal transaction in education
transport,19090.83,4.79,9,0,1,Unusual high spike in transport
food,21752.63,4.71,11,1,1,Unusual high spike in food
education,12797.47,0.7,26,1,0,Normal transaction in education
other,1271.74,1.58,27,0,0,Normal transaction in other
shopping,2498.08,0.66,16,0,0,Normal transaction in shopping
education,22994.57,0.97,3,0,0,Normal transaction in education
transport,3020.51,1.46,24,1,0,Normal transaction in transport
health,1244.01,1.06,22,1,0,Normal transaction in health
shopping,78934.2,5.18,16,1,1,Unusual high spike in shopping
rent,7269.2,0.67,18,0,0,Normal transaction in rent
food,1273.03,0.21,17,1,0,Normal transaction in food
education,19960.47,1.05,12,0,0,Normal transaction in education
education,17127.68,1.45,22,0,0,Normal transaction in education
entertainment,745.96,1.29,10,0,0,Normal transaction in entertainment
other,5301.81,1.68,6,1,0,Normal transaction in other
shopping,1830.23,1.49,24,1,0,Normal transaction in shopping
transport,16337.08,5.61,7,0,1,Unusual high spike in transport
food,954.03,1.32,22,1,0,Normal transaction in food
shopping,10087.96,0.42,5,0,0,Normal transaction in shopping
other,3433.6,0.44,6,0,0,Normal transaction in other
food,960.73,1.3,4,0,0,Normal transaction in food
food,651.6,1.78,12,1,0,Normal transaction in food
transport,18107.8,6.32,25,1,1,Unusual high spike in transport
rent,31244.15,0.97,26,1,0,Normal transaction in rent
shopping,10226.31,1.5,9,0,0,Normal transaction in shopping
education,23373.52,0.29,17,1,0,Normal transaction in education
rent,12417.33,0.21,12,0,0,Normal transaction in rent
entertainment,2329.54,1.65,7,0,0,Normal transaction in entertainment
shopping,732.65,0.5,3,0,0,Normal transaction in shopping
food,2173.57,1.52,26,1,0,Normal transaction in food
education,22839.22,0.21,8,1,0,Normal transaction in education
other,799.56,1.37,8,1,0,Normal transaction in other
shopping,3156.86,1.27,16,1,0,Normal transaction in shopping
health,3595.29,1.44,7,0,0,Normal transaction in health
other,20392.23,5.41,27,1,1,Unusual high spike in other
entertainment,870.73,1.37,8,1,0,Normal transaction in entertainment
other,2343.73,0.39,12,0,0,Normal transaction in other
health,2225.31,0.81,10,1,0,Normal transaction in health
shopping,1069.91,0.87,18,0,0,Normal transaction in shopping
entertainment,1227.86,0.45,20,0,0,Normal transaction in entertainment
education,1574.13,0.74,21,1,0,Normal transaction in education
transport,2380.94,0.9,27,0,0,Normal transaction in transport
entertainment,1251.21,0.76,17,0,0,Normal transaction in entertainment
health,6197.15,1.28,13,1,0,Normal transaction in health
education,4743.73,0.57,18,0,0,Normal transaction in education
entertainment,2063.3,0.26,7,1,0,Normal transaction in entertainment
education,16134.0,0.24,16,0,0,Normal transaction in education
health,2181.04,0.52,24,0,0,Normal transaction in health
health,5758.69,0.55,8,1,0,Normal transaction in health
rent,36521.85,1.09,24,1,0,Normal transaction in rent
entertainment,2551.73,1.36,3,0,0,Normal transaction in entertainment
other,1743.45,0.5,26,0,0,Normal transaction in other
transport,3461.84,1.45,5,0,0,Normal transaction in transport
food,1983.8,1.22,26,1,0,Normal transaction in food
shopping,9875.57,0.48,22,0,0,Normal transaction in shopping
shopping,16635.07,1.24,19,0,0,Normal transaction in shopping
food,2698.45,0.78,23,1,0,Normal transaction in food
education,13459.96,0.65,16,0,0,Normal transaction in education
entertainment,1853.61,0.84,12,1,0,Normal transaction in entertainment
transport,2206.52,1.79,6,1,0,Normal transaction in transport
food,453.42,1.21,20,0,0,Normal transaction in food
transport,2568.83,1.54,24,0,0,Normal transaction in transport
shopping,549.82,1.57,10,1,0,Normal transaction in shopping
education,16011.15,0.81,4,1,0,Normal transaction in education
rent,11515.63,1.74,16,0,0,Normal transaction in rent
transport,4437.23,1.33,16,1,0,Normal transaction in transport
rent,31082.64,0.9,27,0,0,Normal transaction in rent
other,143.86,0.91,14,0,0,Normal transaction in other
health,484.1,1.28,11,1,0,Normal transaction in health
entertainment,517.04,0.45,27,1,0,Normal transaction in entertainment
health,2899.64,0.24,14,0,0,Normal transaction in health
rent,32782.41,0.65,18,0,0,Normal transaction in rent
food,1426.47,0.98,13,0,0,Normal transaction in food
health,2968.73,0.77,4,1,0,Normal transaction in health
shopping,13448.82,1.27,12,1,0,Normal transaction in shopping
shopping,90223.3,6.04,26,1,1,Unusual high spike in shopping
other,3352.42,0.63,12,0,0,Normal transaction in other
transport,1019.71,0.91,18,0,0,Normal transaction in transport
entertainment,2387.84,0.8,7,1,0,Normal transaction in entertainment
shopping,8044.54,1.7,11,0,0,Normal transaction in shopping
rent,13428.58,1.49,19,0,0,Normal transaction in rent
rent,44227.87,0.32,27,1,0,Normal transaction in rent
education,21878.99,0.28,8,1,0,Normal transaction in education
rent,15972.14,0.44,14,0,0,Normal transaction in rent
transport,1810.68,1.29,11,0,0,Normal transaction in transport
rent,14850.3,1.26,9,0,0,Normal transaction in rent
health,3240.04,1.19,28,0,0,Normal transaction in health
rent,12741.28,1.56,6,1,0,Normal transaction in rent
rent,37535.47,1.06,19,0,0,Normal transaction in rent
health,4227.82,1.68,27,1,0,Normal transaction in health
entertainment,1060.16,1.12,18,1,0,Normal transaction in entertainment
other,1519.99,1.47,2,0,0,Normal transaction in other
entertainment,958.25,1.07,20,0,0,Normal transaction in entertainment
other,2689.54,1.35,27,1,0,Normal transaction in other
entertainment,2730.18,0.81,16,1,0,Normal transaction in entertainment
health,7136.27,1.11,1,0,0,Normal transaction in health
entertainment,2004.52,0.6,27,0,0,Normal transaction in entertainment
entertainment,1220.91,0.76,3,1,0,Normal transaction in entertainment
rent,8751.08,1.63,5,0,0,Normal transaction in rent
rent,5806.52,0.99,28,0,0,Normal transaction in rent
entertainment,1564.13,1.25,27,1,0,Normal transaction in entertainment
food,1401.25,1.36,24,1,0,Normal transaction in food
health,24125.39,4.89,5,0,1,Unusual high spike in health
health,4972.86,0.3,5,1,0,Normal transaction in health
transport,375.98,1.16,18,0,0,Normal transaction in transport
health,5285.72,0.99,14,1,0,Normal transaction in health
shopping,7269.69,0.58,14,1,0,Normal transaction in shopping
entertainment,2464.38,0.7,28,1,0,Normal transaction in entertainment
education,23833.43,0.23,20,0,0,Normal transaction in education
education,12096.72,1.4,28,1,0,Normal transaction in education
transport,3200.04,1.41,25,0,0,Normal transaction in transport
entertainment,2535.79,1.11,6,0,0,Normal transaction in entertainment
food,2716.57,0.77,1,1,0,Normal transaction in food
rent,26875.32,0.44,2,1,0,Normal transaction in rent
food,2202.52,1.18,21,1,0,Normal transaction in food
entertainment,2581.43,0.75,18,1,0,Normal transaction in entertainment
health,1469.04,1.44,10,0,0,Normal transaction in health
rent,37928.92,0.54,8,1,0,Normal transaction in rent
health,2510.12,1.04,14,0,0,Normal transaction in health
transport,793.79,1.05,26,1,0,Normal transaction in transport
education,7298.3,0.45,26,0,0,Normal transaction in education
health,7552.95,0.29,24,1,0,Normal transaction in health
food,3159.35,0.85,20,0,0,Normal transaction in food
other,576.37,0.4,4,1,0,Normal transaction in other
shopping,101538.36,6.61,24,0,1,Unusual high spike in shopping
food,1427.08,1.03,23,0,0,Normal transaction in food
shopping,2293.17,0.91,12,1,0,Normal transaction in shopping
shopping,90109.92,5.09,26,1,1,Unusual high spike in shopping
rent,36532.26,1.41,8,1,0,Normal transaction in rent
other,3984.34,0.78,10,1,0,Normal transaction in other
health,4060.07,0.59,23,0,0,Normal transaction in health
education,7435.67,1.2,10,0,0,Normal transaction in education
other,2279.78,0.73,3,1,0,Normal transaction in other
education,4270.73,1.38,28,1,0,Normal transaction in education
health,2969.58,0.21,26,1,0,Normal transaction in health
transport,2834.43,0.38,28,1,0,Normal transaction in transport
transport,1764.21,0.69,12,0,0,Normal transaction in transport
entertainment,2052.66,0.66,7,1,0,Normal transaction in entertainment
health,5988.94,0.25,23,1,0,Normal transaction in health
other,4187.88,0.85,3,1,0,Normal transaction in other
shopping,6368.66,1.77,3,1,0,Normal transaction in shopping
transport,2428.95,0.91,5,0,0,Normal transaction in transport
health,6765.77,1.65,13,0,0,Normal transaction in health
other,4911.91,0.82,24,0,0,Normal transaction in other
shopping,3249.51,0.69,25,0,0,Normal transaction in shopping
education,24703.22,1.46,5,0,0,Normal transaction in education
health,1048.9,1.1,22,0,0,Normal transaction in health
transport,4349.97,1.22,11,1,0,Normal transaction in transport
transport,190.33,1.09,14,1,0,Normal transaction in transport
other,1840.96,0.75,26,1,0,Normal transaction in other
shopping,76367.72,6.55,17,1,1,Unusual high spike in shopping
other,5151.54,0.54,4,0,0,Normal transaction in other
rent,16145.26,1.16,21,0,0,Normal transaction in rent
shopping,6138.7,0.71,24,0,0,Normal transaction in shopping
rent,19812.39,0.6,4,0,0,Normal transaction in rent
food,1451.66,0.47,2,1,0,Normal transaction in food
shopping,3861.61,1.33,26,0,0,Normal transaction in shopping
education,2834.73,1.72,12,1,0,Normal transaction in education
transport,3803.91,1.05,2,1,0,Normal transaction in transport
food,1587.61,0.45,6,1,0,Normal transaction in food
health,1377.52,1.6,22,1,0,Normal transaction in health
entertainment,515.65,1.03,11,0,0,Normal transaction in entertainment
entertainment,952.29,1.75,12,1,0,Normal transaction in entertainment
shopping,16406.26,1.33,6,0,0,Normal transaction in shopping
shopping,17029.58,0.61,28,0,0,Normal transaction in shopping
entertainment,1976.41,1.25,6,1,0,Normal transaction in entertainment
health,527.14,0.95,9,0,0,Normal transaction in health
shopping,16043.88,1.37,26,0,0,Normal transaction in shopping
education,9872.35,1.74,4,0,0,Normal transaction in education
transport,345.71,1.37,2,1,0,Normal transaction in transport
rent,8637.84,0.24,28,1,0,Normal transaction in rent
transport,3224.16,1.24,22,0,0,Normal transaction in transport
health,3105.86,1.52,19,1,0,Normal transaction in health
transport,1860.74,1.44,22,0,0,Normal transaction in transport
education,10637.25,0.22,21,0,0,Normal transaction in education
transport,1442.86,1.79,28,0,0,Normal transaction in transport
health,4291.7,0.97,4,1,0,Normal transaction in health
education,1848.03,0.99,22,0,0,Normal transaction in education
other,3663.54,1.36,10,1,0,Normal transaction in other
food,713.63,1.75,14,0,0,Normal transaction in food
food,180.44,0.89,11,1,0,Normal transaction in food
food,1416.45,1.54,26,1,0,Normal transaction in food
transport,380.61,1.62,8,1,0,Normal transaction in transport
rent,17960.91,1.16,1,0,0,Normal transaction in rent
transport,4126.69,1.44,6,1,0,Normal transaction in transport
entertainment,1458.86,1.4,14,0,0,Normal transaction in entertainment
food,1230.52,0.25,22,1,0,Normal transaction in food
transport,3959.0,0.2,17,0,0,Normal transaction in transport
shopping,12844.55,1.26,10,1,0,Normal transaction in shopping
transport,3134.47,1.19,7,0,0,Normal transaction in transport
entertainment,2685.01,0.58,27,1,0,Normal transaction in entertainment
rent,33241.17,0.46,27,0,0,Normal transaction in rent
entertainment,1027.05,1.67,7,1,0,Normal transaction in entertainment
health,7476.11,1.3,10,0,0,Normal transaction in health
education,3587.64,0.61,12,0,0,Normal transaction in education
food,3344.43,0.95,16,1,0,Normal transaction in food
other,4873.61,0.76,11,1,0,Normal transaction in other
entertainment,380.4,0.44,6,0,0,Normal transaction in entertainment
food,766.33,1.0,24,0,0,Normal transaction in food
shopping,2799.44,1.4,6,1,0,Normal transaction in shopping
education,12133.16,1.41,4,0,0,Normal transaction in education
food,22352.77,5.56,16,0,1,Unusual high spike in food
other,2808.77,1.76,20,1,0,Normal transaction in other
shopping,10262.31,1.42,1,0,0,Normal transaction in shopping
other,3664.77,1.75,13,1,0,Normal transaction in other
entertainment,2193.88,0.88,16,1,0,Normal transaction in entertainment
shopping,6921.24,0.41,10,1,0,Normal transaction in shopping
food,841.87,0.75,6,1,0,Normal transaction in food
shopping,6036.21,0.39,27,1,0,Normal transaction in shopping
shopping,16779.29,1.61,27,0,0,Normal transaction in shopping
entertainment,2576.3,0.52,6,1,0,Normal transaction in entertainment
transport,1943.2,1.12,1,0,0,Normal transaction in transport
rent,191876.92,5.37,19,1,1,Unusual high spike in rent
rent,20306.76,0.44,14,0,0,Normal transaction in rent
transport,52.01,0.69,24,0,0,Normal transaction in transport
education,24156.57,0.58,3,1,0,Normal transaction in education
other,2902.94,0.23,7,0,0,Normal transaction in other
health,6116.94,0.32,21,0,0,Normal transaction in health
education,12265.26,1.29,13,1,0,Normal transaction in education
rent,14149.11,1.6,12,1,0,Normal transaction in rent
transport,697.61,1.04,26,0,0,Normal transaction in transport
shopping,1533.95,1.63,13,0,0,Normal transaction in shopping
shopping,15288.98,1.74,10,0,0,Normal transaction in shopping
entertainment,2413.49,1.51,4,0,0,Normal transaction in entertainment
other,888.52,1.7,20,0,0,Normal transaction in other
other,1575.31,1.05,22,1,0,Normal transaction in other
education,10948.33,1.49,6,1,0,Normal transaction in education
food,1819.14,0.8,20,1,0,Normal transaction in food
other,1315.85,0.21,12,1,0,Normal transaction in other
education,18817.94,0.8,22,1,0,Normal transaction in education
entertainment,2013.18,1.63,6,0,0,Normal transaction in entertainment
health,6007.2,0.93,12,0,0,Normal transaction in health
transport,65.34,1.37,4,0,0,Normal transaction in transport
other,5574.44,0.33,8,1,0,Normal transaction in other
transport,3817.74,0.74,22,0,0,Normal transaction in transport
health,522.58,0.67,21,0,0,Normal transaction in health
other,3039.0,1.15,23,1,0,Normal transaction in other
rent,40566.63,0.86,15,0,0,Normal transaction in rent
health,4967.32,0.36,7,0,0,Normal transaction in health
health,5788.83,0.88,26,1,0,Normal transaction in health
entertainment,2420.8,0.95,19,1,0,Normal transaction in entertainment
entertainment,1960.69,1.64,26,1,0,Normal transaction in entertainment
transport,1043.39,1.57,10,0,0,Normal transaction in transport
rent,36669.73,0.92,18,1,0,Normal transaction in rent
health,4297.78,1.73,5,0,0,Normal transaction in health
other,674.57,0.31,25,0,0,Normal transaction in other
rent,25585.32,0.64,13,0,0,Normal transaction in rent
entertainment,288.59,1.01,18,1,0,Normal transaction in entertainment
other,4784.62,1.02,20,1,0,Normal transaction in other
shopping,6059.98,1.57,1,1,0,Normal transaction in shopping
shopping,3848.79,1.14,14,1,0,Normal transaction in shopping
education,116524.53,6.01,14,0,1,Unusual high spike in education
health,26138.83,5.74,26,0,1,Unusual high spike in health
health,6991.91,0.36,5,1,0,Normal transaction in health
shopping,10129.22,1.29,6,0,0,Normal transaction in shopping
education,12425.76,1.67,12,0,0,Normal transaction in education
other,870.91,0.87,26,0,0,Normal transaction in other
health,42051.93,3.98,7,1,1,Unusual high spike in health
shopping,6119.81,0.44,2,1,0,Normal transaction in shopping
transport,3966.91,1.36,22,0,0,Normal transaction in transport
education,8933.86,1.69,8,0,0,Normal transaction in education
transport,1832.2,0.79,3,1,0,Normal transaction in transport
education,3443.93,1.16,13,0,0,Normal transaction in education
rent,35432.93,1.11,17,1,0,Normal transaction in rent
entertainment,836.49,1.42,27,0,0,Normal transaction in entertainment
shopping,9405.99,0.86,11,0,0,Normal transaction in shopping
health,6507.99,0.74,16,0,0,Normal transaction in health
entertainment,2214.54,0.97,11,0,0,Normal transaction in entertainment
other,26149.86,4.35,11,0,1,Unusual high spike in other
other,35039.8,5.04,21,0,1,Unusual high spike in other
food,1754.24,0.79,9,1,0,Normal transaction in food
other,4185.86,1.45,15,1,0,Normal transaction in other
food,499.14,1.1,14,1,0,Normal transaction in food
transport,3774.42,0.73,12,0,0,Normal transaction in transport
entertainment,1863.42,0.6,2,0,0,Normal transaction in entertainment
other,4560.72,0.37,26,1,0,Normal transaction in other
other,2828.79,1.22,17,1,0,Normal transaction in other
entertainment,2469.19,1.22,16,1,0,Normal transaction in entertainment
transport,416.34,0.63,26,0,0,Normal transaction in transport
other,2997.28,1.27,3,1,0,Normal transaction in other
transport,2108.13,0.37,27,0,0,Normal transaction in transport
shopping,11275.77,1.15,21,0,0,Normal transaction in shopping
health,5582.35,1.17,9,1,0,Normal transaction in health
rent,44542.01,0.21,10,0,0,Normal transaction in rent
other,4490.89,0.37,3,1,0,Normal transaction in other
food,184.46,1.19,13,0,0,Normal transaction in food
education,8981.42,1.02,10,1,0,Normal transaction in education
rent,9496.06,1.37,14,1,0,Normal transaction in rent
transport,3635.19,1.45,5,0,0,Normal transaction in transport
education,7594.25,0.95,13,1,0,Normal transaction in education
education,20109.41,0.33,25,1,0,Normal transaction in education
education,14257.23,1.18,15,0,0,Normal transaction in education
entertainment,641.64,1.78,15,0,0,Normal transaction in entertainment
other,4204.06,0.78,23,0,0,Normal transaction in other
entertainment,2541.27,0.95,19,0,0,Normal transaction in entertainment
education,20311.72,0.73,19,1,0,Normal transaction in education
transport,433.83,1.48,9,0,0,Normal transaction in transport
food,1597.38,1.11,10,0,0,Normal transaction in food
other,4549.99,0.43,19,1,0,Normal transaction in other
transport,509.44,1.08,28,1,0,Normal transaction in transport
transport,2114.59,0.87,6,0,0,Normal transaction in transport
entertainment,2582.46,1.63,25,0,0,Normal transaction in entertainment
health,2561.47,1.5,8,1,0,Normal transaction in health
health,6772.29,0.76,7,0,0,Normal transaction in health
food,2890.81,1.65,28,0,0,Normal transaction in food
food,19822.84,4.67,3,0,1,Unusual high spike in food
rent,18929.33,1.42,14,1,0,Normal transaction in rent
other,469.25,1.35,8,0,0,Normal transaction in other
transport,1203.6,1.1,1,0,0,Normal transaction in transport
education,20874.44,1.75,8,0,0,Normal transaction in education
education,942.66,0.43,13,0,0,Normal transaction in education
transport,2621.53,1.56,11,0,0,Normal transaction in transport
entertainment,2605.21,1.18,5,0,0,Normal transaction in entertainment
education,9126.27,1.4,4,1,0,Normal transaction in education
education,17322.06,1.58,18,1,0,Normal transaction in education
entertainment,2237.15,0.46,10,0,0,Normal transaction in entertainment
education,15935.32,1.17,27,0,0,Normal transaction in education
health,460.13,1.78,5,1,0,Normal transaction in health
rent,24501.45,0.85,25,1,0,Normal transaction in rent
other,2036.03,0.93,19,1,0,Normal transaction in other
transport,3806.25,1.24,11,1,0,Normal transaction in transport
food,1113.67,1.3,1,1,0,Normal transaction in food
rent,42008.36,0.53,7,1,0,Normal transaction in rent
education,16580.42,0.3,3,1,0,Normal transaction in education
health,4474.41,1.62,6,1,0,Normal transaction in health
entertainment,2335.01,0.53,1,0,0,Normal transaction in entertainment
shopping,15861.01,0.9,13,0,0,Normal transaction in shopping
food,2138.01,0.79,12,0,0,Normal transaction in food
education,69360.18,4.85,23,1,1,Unusual high spike in education
shopping,3480.96,0.45,18,1,0,Normal transaction in shopping
rent,34395.73,0.76,9,1,0,Normal transaction in rent
rent,26442.74,1.25,2,0,0,Normal transaction in rent
other,3339.87,0.35,19,0,0,Normal transaction in other
food,1154.78,0.6,2,1,0,Normal transaction in food
rent,39950.64,1.68,18,1,0,Normal transaction in rent
transport,820.7,0.36,10,1,0,Normal transaction in transport
other,4929.57,1.76,8,1,0,Normal transaction in other
other,619.58,1.29,19,1,0,Normal transaction in other
rent,34023.19,0.89,16,0,0,Normal transaction in rent
entertainment,2414.84,0.37,26,1,0,Normal transaction in entertainment
rent,10677.18,0.39,18,0,0,Normal transaction in rent
other,2990.29,0.68,19,1,0,Normal transaction in other
rent,27564.47,0.45,16,0,0,Normal transaction in rent
health,3882.79,1.66,17,1,0,Normal transaction in health
rent,19030.32,0.5,13,0,0,Normal transaction in rent
education,4453.45,0.54,20,1,0,Normal transaction in education
shopping,2102.76,0.97,7,1,0,Normal transaction in shopping
entertainment,1379.89,0.81,7,1,0,Normal transaction in entertainment
other,3472.25,1.68,9,0,0,Normal transaction in other
shopping,7752.28,0.93,6,1,0,Normal transaction in shopping
rent,42548.9,1.0,3,0,0,Normal transaction in rent
shopping,3717.33,1.64,3,0,0,Normal transaction in shopping
other,5156.96,0.95,4,0,0,Normal transaction in other
shopping,4556.07,1.58,17,1,0,Normal transaction in shopping
food,783.22,0.31,3,0,0,Normal transaction in food
rent,21983.87,0.45,1,0,0,Normal transaction in rent
entertainment,2692.61,1.71,18,1,0,Normal transaction in entertainment
rent,22494.49,0.92,13,1,0,Normal transaction in rent
other,3469.24,0.73,7,1,0,Normal transaction in other
entertainment,1696.84,0.42,26,0,0,Normal transaction in entertainment
transport,2032.25,1.29,18,0,0,Normal transaction in transport
transport,2440.85,1.41,6,0,0,Normal transaction in transport
health,5990.99,0.23,24,1,0,Normal transaction in health
food,2503.34,1.62,12,1,0,Normal transaction in food
transport,2766.55,0.94,16,1,0,Normal transaction in transport
entertainment,2086.16,1.79,27,1,0,Normal transaction in entertainment
food,3134.32,1.24,12,1,0,Normal transaction in food
shopping,4834.77,0.55,25,1,0,Normal transaction in shopping
transport,1940.49,1.33,15,0,0,Normal transaction in transport
other,2278.86,1.62,8,1,0,Normal transaction in other
other,3004.23,0.93,14,1,0,Normal transaction in other
rent,16273.03,0.81,6,0,0,Normal transaction in rent
entertainment,2559.93,1.42,12,0,0,Normal transaction in entertainment
shopping,14056.25,1.68,24,0,0,Normal transaction in shopping
shopping,11301.17,1.75,25,0,0,Normal transaction in shopping
rent,181438.92,5.8,7,0,1,Unusual high spike in rent
other,2272.98,1.3,26,0,0,Normal transaction in other
entertainment,2605.69,0.49,25,0,0,Normal transaction in entertainment
rent,31701.04,1.06,9,0,0,Normal transaction in rent
food,2879.75,0.44,16,1,0,Normal transaction in food
shopping,8049.3,1.8,18,0,0,Normal transaction in shopping
education,23283.27,0.41,12,1,0,Normal transaction in education
shopping,10639.29,1.14,25,0,0,Normal transaction in shopping
food,1320.33,1.08,11,0,0,Normal transaction in food
education,13717.11,0.71,18,0,0,Normal transaction in education
transport,3136.23,0.91,6,0,0,Normal transaction in transport
transport,2354.56,1.53,15,1,0,Normal transaction in transport
shopping,11341.75,0.29,17,0,0,Normal transaction in shopping
rent,44557.84,1.7,3,1,0,Normal transaction in rent
food,3331.99,0.78,22,0,0,Normal transaction in food
rent,40550.05,1.17,7,1,0,Normal transaction in rent
food,202.06,1.16,2,0,0,Normal transaction in food
health,2744.31,0.49,5,0,0,Normal transaction in health
education,5262.01,1.09,4,0,0,Normal transaction in education
transport,776.38,0.34,11,0,0,Normal transaction in transport
shopping,2163.09,1.5,18,1,0,Normal transaction in shopping
education,7155.47,1.43,16,0,0,Normal transaction in education
rent,30604.31,1.77,27,0,0,Normal transaction in rent
entertainment,2780.27,0.73,8,0,0,Normal transaction in entertainment
food,2716.92,1.76,18,0,0,Normal transaction in food
entertainment,1886.11,1.21,7,1,0,Normal transaction in entertainment
food,2982.91,1.36,28,1,0,Normal transaction in food
other,2534.25,0.53,14,1,0,Normal transaction in other
transport,3229.88,1.62,8,0,0,Normal transaction in transport
entertainment,15471.08,5.02,10,1,1,Unusual high spike in entertainment
food,3070.14,1.07,19,0,0,Normal transaction in food
food,3427.44,0.91,11,1,0,Normal transaction in food
rent,35968.56,1.61,13,0,0,Normal transaction in rent
food,1341.63,0.46,1,0,0,Normal transaction in food
rent,24817.13,1.71,3,1,0,Normal transaction in rent
education,18152.04,1.65,22,0,0,Normal transaction in education
shopping,84181.18,5.01,2,0,1,Unusual high spike in shopping
transport,602.87,1.38,26,0,0,Normal transaction in transport
other,3317.37,0.26,10,1,0,Normal transaction in other
health,2803.9,1.66,18,0,0,Normal transaction in health
rent,211109.17,6.8,12,1,1,Unusual high spike in rent
health,1624.13,0.48,24,1,0,Normal transaction in health
health,6862.58,0.34,26,0,0,Normal transaction in health
shopping,14178.74,0.79,10,0,0,Normal transaction in shopping
transport,1832.41,1.08,8,0,0,Normal transaction in transport
health,4616.17,1.55,12,1,0,Normal transaction in health
rent,128805.88,4.88,4,1,1,Unusual high spike in rent
education,21542.92,1.72,24,1,0,Normal transaction in education
shopping,17117.91,1.38,18,1,0,Normal transaction in shopping
other,2169.27,0.78,1,1,0,Normal transaction in other
shopping,7074.33,0.89,20,1,0,Normal transaction in shopping
food,1740.28,1.77,19,1,0,Normal transaction in food
education,4255.87,0.63,14,0,0,Normal transaction in education
other,2053.86,1.34,9,0,0,Normal transaction in other
food,372.55,1.62,24,1,0,Normal transaction in food
education,593.76,1.18,20,0,0,Normal transaction in education
education,13753.65,1.61,14,0,0,Normal transaction in education
food,966.44,0.77,9,0,0,Normal transaction in food
education,20393.5,0.52,17,0,0,Normal transaction in education
transport,3082.43,1.45,9,0,0,Normal transaction in transport
rent,7249.06,1.04,4,1,0,Normal transaction in rent
health,6630.79,1.04,27,0,0,Normal transaction in health
education,17515.73,1.78,8,0,0,Normal transaction in education
other,3797.69,1.03,2,1,0,Normal transaction in other
shopping,445.61,1.58,23,0,0,Normal transaction in shopping
other,2149.61,0.62,7,1,0,Normal transaction in other
other,2524.33,0.79,2,0,0,Normal transaction in other
entertainment,11884.42,6.89,20,1,1,Unusual high spike in entertainment
shopping,9547.25,1.71,25,1,0,Normal transaction in shopping
rent,17056.3,1.77,14,0,0,Normal transaction in rent
other,436.87,0.65,12,0,0,Normal transaction in other
entertainment,1936.37,0.84,11,1,0,Normal transaction in entertainment
shopping,8562.01,1.14,18,1,0,Normal transaction in shopping
rent,21947.17,0.36,6,1,0,Normal transaction in rent
education,8843.33,0.32,4,1,0,Normal transaction in education
education,147710.74,5.4,7,0,1,Unusual high spike in education
education,882.96,0.28,17,0,0,Normal transaction in education
rent,10546.12,0.81,17,0,0,Normal transaction in rent
transport,3703.07,1.6,12,1,0,Normal transaction in transport
food,3111.98,0.21,7,0,0,Normal transaction in food
food,422.55,0.74,6,0,0,Normal transaction in food
entertainment,1152.03,0.62,2,0,0,Normal transaction in entertainment
shopping,6599.36,0.51,18,0,0,Normal transaction in shopping
transport,1185.78,1.34,26,0,0,Normal transaction in transport
health,4514.55,1.11,24,1,0,Normal transaction in health
education,8719.56,1.29,17,1,0,Normal transaction in education
rent,30852.43,0.56,13,0,0,Normal transaction in rent
education,5143.88,0.25,7,0,0,Normal transaction in education
other,1330.73,0.24,7,1,0,Normal transaction in other
food,3066.91,0.56,1,0,0,Normal transaction in food
food,2713.11,1.37,20,1,0,Normal transaction in food
education,20806.66,1.2,9,1,0,Normal transaction in education
health,6640.29,0.72,3,0,0,Normal transaction in health
entertainment,2116.97,1.19,3,1,0,Normal transaction in entertainment
shopping,5837.96,1.51,10,1,0,Normal transaction in shopping
food,1691.12,0.96,21,1,0,Normal transaction in food
entertainment,405.74,1.13,1,1,0,Normal transaction in entertainment
rent,248099.84,4.19,21,0,1,Unusual high spike in rent
other,2057.23,1.6,12,1,0,Normal transaction in other
transport,386.56,1.77,26,0,0,Normal transaction in transport
food,20394.61,3.84,23,1,1,Unusual high spike in food
entertainment,2159.75,1.16,25,1,0,Normal transaction in entertainment
entertainment,1459.71,0.57,25,1,0,Normal transaction in entertainment
transport,2883.07,1.35,3,0,0,Normal transaction in transport
other,799.99,1.16,19,0,0,Normal transaction in other
education,12873.16,0.66,4,1,0,Normal transaction in education
shopping,7661.81,1.53,12,1,0,Normal transaction in shopping
rent,6739.45,0.22,2,0,0,Normal transaction in rent
transport,1195.51,1.58,15,0,0,Normal transaction in transport
food,1053.1,1.06,16,1,0,Normal transaction in food
education,3280.85,0.58,28,1,0,Normal transaction in education
other,637.13,0.55,11,1,0,Normal transaction in other
entertainment,2528.27,0.25,17,0,0,Normal transaction in entertainment
transport,3962.23,0.85,2,0,0,Normal transaction in transport
entertainment,1426.55,1.46,8,1,0,Normal transaction in entertainment
other,3219.43,1.69,3,1,0,Normal transaction in other
rent,29083.65,0.46,21,1,0,Normal transaction in rent
rent,36584.99,0.7,17,0,0,Normal transaction in rent
other,4999.15,0.4,9,1,0,Normal transaction in other
food,713.29,1.6,28,1,0,Normal transaction in food
education,6666.97,1.21,22,0,0,Normal transaction in education
transport,929.94,1.16,5,0,0,Normal transaction in transport
food,1394.55,0.69,25,0,0,Normal transaction in food
rent,40707.92,0.61,11,0,0,Normal transaction in rent
other,1291.52,1.18,14,1,0,Normal transaction in other
food,12963.59,3.14,3,1,1,Unusual high spike in food
health,7601.76,1.48,21,1,0,Normal transaction in health
transport,1266.01,0.4,1,1,0,Normal transaction in transport
rent,33715.79,0.53,3,1,0,Normal transaction in rent
transport,446.94,1.34,1,0,0,Normal transaction in transport
other,4716.0,0.46,12,0,0,Normal transaction in other
food,2468.45,0.67,14,0,0,Normal transaction in food
rent,11108.53,0.75,11,0,0,Normal transaction in rent
rent,23590.44,0.86,4,1,0,Normal transaction in rent
transport,4253.87,0.22,28,1,0,Normal transaction in transport
entertainment,2757.59,1.2,10,1,0,Normal transaction in entertainment
shopping,3832.76,0.43,2,0,0,Normal transaction in shopping
education,20540.0,1.59,16,0,0,Normal transaction in education
entertainment,1728.68,0.5,24,1,0,Normal transaction in entertainment
food,1087.33,0.29,7,1,0,Normal transaction in food
health,623.18,1.44,16,1,0,Normal transaction in health
shopping,5703.73,1.52,23,1,0,Normal transaction in shopping
shopping,1580.48,0.9,14,1,0,Normal transaction in shopping
food,2008.88,0.48,1,1,0,Normal transaction in food
transport,3738.14,0.21,22,0,0,Normal transaction in transport
education,17550.93,0.58,14,1,0,Normal transaction in education
transport,4055.64,0.76,28,0,0,Normal transaction in transport
rent,209074.15,5.62,24,0,1,Unusual high spike in rent
rent,171831.79,5.29,8,0,1,Unusual high spike in rent
other,1464.4,0.24,13,0,0,Normal transaction in other
entertainment,1543.29,0.69,24,0,0,Normal transaction in entertainment
food,1683.5,1.3,12,1,0,Normal transaction in food
entertainment,723.89,0.55,8,1,0,Normal transaction in entertainment
food,2268.56,0.49,4,1,0,Normal transaction in food
other,29415.44,4.77,15,0,1,Unusual high spike in other
transport,1499.01,1.11,10,0,0,Normal transaction in transport
transport,1861.21,1.67,3,0,0,Normal transaction in transport
transport,1431.64,0.55,3,1,0,Normal transaction in transport
other,4595.21,0.5,25,0,0,Normal transaction in other
food,14377.45,4.03,14,1,1,Unusual high spike in food
other,2433.69,0.22,22,0,0,Normal transaction in other
shopping,17374.56,1.34,15,1,0,Normal transaction in shopping
education,11521.57,0.75,20,1,0,Normal transaction in education
shopping,11716.58,0.87,18,1,0,Normal transaction in shopping
other,3230.07,0.67,1,1,0,Normal transaction in other
other,2829.07,0.93,22,1,0,Normal transaction in other
rent,31336.04,1.47,3,0,0,Normal transaction in rent
rent,7870.74,1.64,23,1,0,Normal transaction in rent
entertainment,1439.83,1.37,19,0,0,Normal transaction in entertainment
transport,83.73,1.23,9,1,0,Normal transaction in transport
rent,32805.85,0.88,12,1,0,Normal transaction in rent
health,3172.08,0.87,6,0,0,Normal transaction in health
entertainment,1626.87,0.41,17,0,0,Normal transaction in entertainment
health,3964.45,1.36,12,1,0,Normal transaction in health
other,3409.47,1.79,16,1,0,Normal transaction in other
food,574.47,0.63,6,0,0,Normal transaction in food
education,12050.1,0.28,18,0,0,Normal transaction in education
rent,287655.45,3.92,16,0,1,Unusual high spike in rent
transport,362.05,0.95,11,0,0,Normal transaction in transport
shopping,3412.44,0.84,25,1,0,Normal transaction in shopping
education,14612.47,1.14,10,0,0,Normal transaction in education
other,2931.81,0.28,14,0,0,Normal transaction in other
other,151.59,1.0,22,0,0,Normal transaction in other
education,11844.44,0.3,21,1,0,Normal transaction in education
food,1365.53,1.63,5,1,0,Normal transaction in food
health,796.56,1.49,18,1,0,Normal transaction in health
transport,2424.56,1.15,23,1,0,Normal transaction in transport
education,157461.78,6.44,26,0,1,Unusual high spike in education
education,18219.88,0.47,26,0,0,Normal transaction in education
rent,27031.61,1.24,4,1,0,Normal transaction in rent
education,24142.35,1.18,21,1,0,Normal transaction in education
education,136747.67,3.97,20,0,1,Unusual high spike in education
transport,1394.83,1.45,23,0,0,Normal transaction in transport
other,3470.03,1.02,23,0,0,Normal transaction in other
health,3996.48,1.72,1,1,0,Normal transaction in health
transport,1752.38,0.27,2,0,0,Normal transaction in transport
health,2148.76,0.49,24,0,0,Normal transaction in health
food,1417.42,1.37,4,0,0,Normal transaction in food
food,736.03,0.31,26,0,0,Normal transaction in food
food,2311.4,0.82,3,0,0,Normal transaction in food
education,3475.13,1.72,7,1,0,Normal transaction in education
health,42029.23,3.65,17,0,1,Unusual high spike in health
entertainment,2699.65,0.34,2,0,0,Normal transaction in entertainment
education,6253.53,1.56,3,0,0,Normal transaction in education
education,17621.38,0.72,8,1,0,Normal transaction in education
transport,3096.28,1.0,9,1,0,Normal transaction in transport
education,4398.82,0.91,10,0,0,Normal transaction in education
other,5312.64,0.9,7,1,0,Normal transaction in other
entertainment,269.65,0.36,16,0,0,Normal transaction in entertainment
transport,1894.74,0.4,19,0,0,Normal transaction in transport
shopping,16569.79,0.55,10,0,0,Normal transaction in shopping
shopping,4143.73,0.89,1,1,0,Normal transaction in shopping
shopping,15050.62,0.59,28,0,0,Normal transaction in shopping
transport,16678.46,5.11,25,0,1,Unusual high spike in transport
entertainment,2514.96,0.43,20,1,0,Normal transaction in entertainment
health,1140.81,0.7,16,0,0,Normal transaction in health
health,2999.48,0.44,6,1,0,Normal transaction in health
rent,15952.73,1.1,11,1,0,Normal transaction in rent
shopping,53677.91,5.52,12,0,1,Unusual high spike in shopping
education,15493.56,1.27,28,1,0,Normal transaction in education
education,11060.0,0.64,21,0,0,Normal transaction in education
education,20916.86,0.8,25,0,0,Normal transaction in education
health,1892.86,1.5,1,0,0,Normal transaction in health
health,5486.41,1.06,6,1,0,Normal transaction in health
transport,24545.86,4.97,2,0,1,Unusual high spike in transport
shopping,13218.84,0.71,7,0,0,Normal transaction in shopping
education,23318.8,0.62,26,1,0,Normal transaction in education
food,575.44,0.53,10,0,0,Normal transaction in food
education,15851.58,1.29,22,1,0,Normal transaction in education
transport,179.9,0.3,5,1,0,Normal transaction in transport
other,1887.1,0.65,27,0,0,Normal transaction in other
transport,506.24,0.3,17,0,0,Normal transaction in transport
rent,10360.7,0.38,5,0,0,Normal transaction in rent
food,21506.3,5.95,14,1,1,Unusual high spike in food
education,8351.93,1.51,24,0,0,Normal transaction in education
health,3884.17,1.73,24,1,0,Normal transaction in health
rent,40395.07,1.58,21,1,0,Normal transaction in rent
other,483.9,0.25,14,1,0,Normal transaction in other
entertainment,1358.29,0.5,13,0,0,Normal transaction in entertainment
education,8120.1,0.85,5,0,0,Normal transaction in education
food,1501.58,0.53,16,1,0,Normal transaction in food
health,2506.94,0.43,1,1,0,Normal transaction in health
transport,1899.55,1.65,17,1,0,Normal transaction in transport
health,4361.95,1.35,4,0,0,Normal transaction in health
health,40198.51,3.63,10,0,1,Unusual high spike in health
food,179.89,0.33,8,1,0,Normal transaction in food
food,18599.18,4.81,17,0,1,Unusual high spike in food
entertainment,12794.74,5.64,1,1,1,Unusual high spike in entertainment
food,643.05,0.7,25,1,0,Normal transaction in food
entertainment,1805.83,1.09,24,0,0,Normal transaction in entertainment
entertainment,12373.2,6.08,20,1,1,Unusual high spike in entertainment
health,6813.42,1.07,23,0,0,Normal transaction in health
education,5497.1,1.58,25,1,0,Normal transaction in education
rent,22771.65,1.42,27,1,0,Normal transaction in rent
entertainment,770.2,0.6,17,0,0,Normal transaction in entertainment
health,6515.1,0.64,28,1,0,Normal transaction in health
other,731.49,0.43,9,1,0,Normal transaction in other
other,3213.0,0.9,7,0,0,Normal transaction in other
health,1347.01,1.37,9,1,0,Normal transaction in health
health,4993.61,1.34,18,0,0,Normal transaction in health
other,2627.94,0.31,1,0,0,Normal transaction in other
transport,995.85,0.79,10,0,0,Normal transaction in transport
health,5074.91,0.75,5,1,0,Normal transaction in health
health,2252.19,1.07,8,1,0,Normal transaction in health
rent,9101.05,0.87,4,0,0,Normal transaction in rent
entertainment,439.31,0.89,12,0,0,Normal transaction in entertainment
health,490.23,1.71,3,0,0,Normal transaction in health
entertainment,2549.61,0.3,26,1,0,Normal transaction in entertainment
health,6198.25,0.67,14,1,0,Normal transaction in health
rent,29714.04,0.83,25,1,0,Normal transaction in rent
rent,20969.84,1.55,23,1,0,Normal transaction in rent
transport,2266.21,1.7,19,0,0,Normal transaction in transport
rent,20859.93,1.71,3,0,0,Normal transaction in rent
rent,30544.79,0.37,22,1,0,Normal transaction in rent
shopping,10505.08,0.85,17,1,0,Normal transaction in shopping
transport,2972.49,1.07,27,1,0,Normal transaction in transport
food,529.93,1.31,18,0,0,Normal transaction in food
education,6554.17,1.45,2,0,0,Normal transaction in education
entertainment,1040.77,1.28,7,0,0,Normal transaction in entertainment
entertainment,1935.44,0.53,6,0,0,Normal transaction in entertainment
entertainment,2259.5,0.47,11,0,0,Normal transaction in entertainment
food,3220.97,1.68,6,0,0,Normal transaction in food
entertainment,2454.67,1.73,5,1,0,Normal transaction in entertainment
food,1713.18,1.42,4,1,0,Normal transaction in food
entertainment,2784.88,1.05,5,0,0,Normal transaction in entertainment
shopping,1127.39,1.67,19,0,0,Normal transaction in shopping
entertainment,17795.12,3.01,26,1,1,Unusual high spike in entertainment
rent,5462.91,1.52,12,1,0,Normal transaction in rent
entertainment,1824.99,1.43,11,1,0,Normal transaction in entertainment
food,845.25,0.46,21,1,0,Normal transaction in food
food,590.89,1.18,22,1,0,Normal transaction in food
education,138334.07,4.13,4,0,1,Unusual high spike in education
shopping,17074.21,1.39,11,0,0,Normal transaction in shopping
rent,7256.3,1.24,6,1,0,Normal transaction in rent
other,2404.49,1.18,22,1,0,Normal transaction in other
rent,37629.39,0.63,11,0,0,Normal transaction in rent
shopping,17634.01,0.56,14,0,0,Normal transaction in shopping
shopping,15243.4,1.07,7,0,0,Normal transaction in shopping
education,19273.51,1.43,9,1,0,Normal transaction in education
education,99718.8,5.51,7,1,1,Unusual high spike in education
food,1807.54,0.45,8,0,0,Normal transaction in food
entertainment,2386.68,0.93,4,1,0,Normal transaction in entertainment
other,1826.03,0.33,28,0,0,Normal transaction in other
other,2096.12,1.46,7,1,0,Normal transaction in other
food,2178.37,0.82,4,0,0,Normal transaction in food
shopping,50542.91,6.8,14,1,1,Unusual high spike in shopping
food,2814.6,1.05,2,1,0,Normal transaction in food
other,1020.57,0.43,5,1,0,Normal transaction in other
education,8898.61,0.48,5,1,0,Normal transaction in education
other,3453.94,1.29,26,0,0,Normal transaction in other
shopping,2470.51,0.42,9,1,0,Normal transaction in shopping
rent,33854.92,1.37,24,1,0,Normal transaction in rent
other,5027.41,0.22,23,1,0,Normal transaction in other
education,10430.62,1.65,11,1,0,Normal transaction in education
education,13150.65,0.74,26,0,0,Normal transaction in education
health,6652.26,1.72,6,0,0,Normal transaction in health
other,2245.51,0.79,4,0,0,Normal transaction in other
entertainment,1481.19,1.15,3,0,0,Normal transaction in entertainment
shopping,11637.21,0.84,17,1,0,Normal transaction in shopping
health,6264.7,0.5,25,1,0,Normal transaction in health
rent,19461.12,0.91,16,1,0,Normal transaction in rent
rent,17109.42,0.94,28,1,0,Normal transaction in rent
shopping,49688.8,4.9,5,1,1,Unusual high spike in shopping
education,6870.16,0.76,22,0,0,Normal transaction in education
education,24565.05,0.25,3,0,0,Normal transaction in education
rent,284310.03,5.88,4,1,1,Unusual high spike in rent
shopping,11489.44,0.75,4,0,0,Normal transaction in shopping
shopping,3314.41,0.49,19,1,0,Normal transaction in shopping
health,4863.42,0.39,11,0,0,Normal transaction in health
education,96736.51,4.8,9,0,1,Unusual high spike in education
entertainment,18768.26,3.9,21,1,1,Unusual high spike in entertainment
health,3644.85,1.4,5,0,0,Normal transaction in health
food,2854.95,1.31,23,0,0,Normal transaction in food
food,3197.77,0.33,8,0,0,Normal transaction in food
health,7378.07,0.81,8,0,0,Normal transaction in health
shopping,6110.59,1.16,20,1,0,Normal transaction in shopping
food,2700.51,0.65,12,1,0,Normal transaction in food
food,2509.92,0.7,22,0,0,Normal transaction in food
entertainment,13044.14,3.08,10,1,1,Unusual high spike in entertainment
education,9795.87,1.61,9,1,0,Normal transaction in education
shopping,13442.94,0.42,26,1,0,Normal transaction in shopping
transport,1150.98,1.07,28,0,0,Normal transaction in transport
entertainment,7730.84,3.04,1,1,1,Unusual high spike in entertainment
education,17374.85,0.33,9,1,0,Normal transaction in education
other,3511.89,0.56,27,0,0,Normal transaction in other
education,2880.61,0.23,25,0,0,Normal transaction in education
education,10204.73,0.4,6,0,0,Normal transaction in education
entertainment,725.98,1.18,8,0,0,Normal transaction in entertainment
entertainment,7999.69,6.04,16,1,1,Unusual high spike in entertainment
shopping,862.69,0.49,6,1,0,Normal transaction in shopping
other,1975.02,1.73,17,1,0,Normal transaction in other
education,10376.39,0.77,23,0,0,Normal transaction in education
rent,41127.23,0.43,1,1,0,Normal transaction in rent
rent,11387.18,0.66,8,0,0,Normal transaction in rent
other,3610.47,1.17,5,0,0,Normal transaction in other
food,2925.41,1.43,9,1,0,Normal transaction in food
education,22489.63,0.44,24,1,0,Normal transaction in education
food,532.73,1.12,12,0,0,Normal transaction in food
other,5736.71,0.82,12,1,0,Normal transaction in other
food,402.04,0.45,8,0,0,Normal transaction in food
shopping,12693.61,1.56,11,1,0,Normal transaction in shopping
transport,266.06,1.07,3,0,0,Normal transaction in transport
other,4852.32,0.24,25,1,0,Normal transaction in other
food,2163.27,1.15,27,0,0,Normal transaction in food
entertainment,1764.49,1.54,22,0,0,Normal transaction in entertainment
health,5229.16,0.9,24,0,0,Normal transaction in health
rent,34994.66,1.19,2,1,0,Normal transaction in rent
shopping,17410.12,0.49,11,1,0,Normal transaction in shopping
health,1758.8,0.91,26,0,0,Normal transaction in health
entertainment,670.54,1.24,28,1,0,Normal transaction in entertainment
rent,36475.22,1.76,25,1,0,Normal transaction in rent
entertainment,1371.31,1.77,4,0,0,Normal transaction in entertainment
food,3268.25,0.79,18,0,0,Normal transaction in food
health,2664.49,0.69,5,0,0,Normal transaction in health
education,7256.41,0.58,23,1,0,Normal transaction in education
food,3474.28,1.72,12,1,0,Normal transaction in food
entertainment,1079.11,0.88,22,0,0,Normal transaction in entertainment
other,4755.31,0.99,3,1,0,Normal transaction in other
shopping,8499.81,1.01,27,1,0,Normal transaction in shopping
transport,3742.79,0.7,20,0,0,Normal transaction in transport
food,1981.08,0.38,15,1,0,Normal transaction in food
health,5013.12,1.6,23,1,0,Normal transaction in health
rent,24679.22,1.21,18,0,0,Normal transaction in rent
health,6221.78,1.12,1,0,0,Normal transaction in health
shopping,16723.25,0.75,3,1,0,Normal transaction in shopping
entertainment,779.58,1.35,5,0,0,Normal transaction in entertainment
other,2947.96,0.92,10,0,0,Normal transaction in other
rent,19978.3,1.39,27,0,0,Normal transaction in rent
education,14186.7,1.25,4,1,0,Normal transaction in education
health,3394.29,1.03,15,1,0,Normal transaction in health
shopping,9910.2,0.27,15,0,0,Normal transaction in shopping
health,1106.9,0.87,18,1,0,Normal transaction in health
transport,700.42,1.1,3,0,0,Normal transaction in transport
transport,1513.04,0.54,2,1,0,Normal transaction in transport
entertainment,1209.83,1.51,19,0,0,Normal transaction in entertainment
education,12961.24,0.27,13,0,0,Normal transaction in education
other,5123.3,1.12,4,0,0,Normal transaction in other
shopping,3518.31,1.36,28,0,0,Normal transaction in shopping
shopping,10127.23,1.46,7,0,0,Normal transaction in shopping
transport,845.61,1.36,19,0,0,Normal transaction in transport
transport,15959.51,6.86,17,0,1,Unusual high spike in transport
health,2445.03,1.05,18,1,0,Normal transaction in health
shopping,14620.97,1.68,6,0,0,Normal transaction in shopping
education,12557.67,1.33,27,1,0,Normal transaction in education
rent,17383.32,1.55,23,1,0,Normal transaction in rent
health,6528.09,0.62,6,0,0,Normal transaction in health
shopping,3953.55,1.6,2,0,0,Normal transaction in shopping
shopping,767.29,1.72,6,1,0,Normal transaction in shopping
food,1360.4,0.47,3,1,0,Normal transaction in food
health,3738.78,0.6,9,1,0,Normal transaction in health
transport,2271.03,1.29,14,1,0,Normal transaction in transport
education,1260.42,0.55,10,1,0,Normal transaction in education
transport,3107.82,1.21,4,1,0,Normal transaction in transport
other,394.06,0.33,17,0,0,Normal transaction in other
transport,4420.66,0.47,6,1,0,Normal transaction in transport
rent,17177.73,0.45,8,0,0,Normal transaction in rent
shopping,15003.42,1.2,15,0,0,Normal transaction in shopping
education,97025.82,3.85,2,0,1,Unusual high spike in education
entertainment,2040.7,0.57,2,0,0,Normal transaction in entertainment
shopping,14865.16,1.32,11,0,0,Normal transaction in shopping
transport,3812.94,0.31,23,1,0,Normal transaction in transport
education,19166.96,1.8,15,0,0,Normal transaction in education
education,8189.21,0.48,3,1,0,Normal transaction in education
other,1036.37,0.43,2,0,0,Normal transaction in other
other,316.58,0.43,12,0,0,Normal transaction in other
other,4309.05,1.27,15,1,0,Normal transaction in other
entertainment,1597.18,0.2,17,0,0,Normal transaction in entertainment
transport,2862.86,0.51,23,0,0,Normal transaction in transport
other,3721.46,0.48,28,1,0,Normal transaction in other
education,16052.5,1.15,16,0,0,Normal transaction in education
education,21377.0,0.38,2,1,0,Normal transaction in education
rent,44156.09,0.7,9,1,0,Normal transaction in rent
health,2272.38,0.76,5,0,0,Normal transaction in health
other,2634.75,0.69,13,0,0,Normal transaction in other
rent,24827.51,0.43,26,0,0,Normal transaction in rent
education,9686.06,1.77,14,1,0,Normal transaction in education
shopping,13589.56,0.62,2,0,0,Normal transaction in shopping
shopping,53447.76,3.91,6,1,1,Unusual high spike in shopping
food,2081.92,1.22,2,0,0,Normal transaction in food
other,975.33,0.69,22,1,0,Normal transaction in other
education,21919.13,0.23,9,1,0,Normal transaction in education
education,16071.71,0.48,21,1,0,Normal transaction in education
education,102748.39,5.35,25,0,1,Unusual high spike in education
food,3260.71,0.34,7,0,0,Normal transaction in food
health,4439.11,1.63,9,0,0,Normal transaction in health
health,7514.76,1.09,9,1,0,Normal transaction in health
health,2274.61,1.12,14,1,0,Normal transaction in health
rent,14708.06,1.2,17,1,0,Normal transaction in rent
rent,39039.29,0.96,24,0,0,Normal transaction in rent
health,895.85,0.27,25,1,0,Normal transaction in health
transport,3789.19,1.46,5,1,0,Normal transaction in transport
food,3130.04,1.63,26,1,0,Normal transaction in food
education,10487.5,1.72,22,0,0,Normal transaction in education
shopping,1682.78,1.37,14,1,0,Normal transaction in shopping
food,3493.62,1.01,9,1,0,Normal transaction in food
food,2919.29,0.46,12,0,0,Normal transaction in food
health,5731.35,0.42,20,0,0,Normal transaction in health
entertainment,909.44,0.38,15,0,0,Normal transaction in entertainment
rent,9432.2,1.24,17,0,0,Normal transaction in rent
other,692.1,1.17,25,1,0,Normal transaction in other
transport,27010.15,3.63,7,0,1,Unusual high spike in transport
education,19464.71,0.59,25,0,0,Normal transaction in education
food,2625.39,0.67,4,0,0,Normal transaction in food
rent,27971.54,1.56,9,0,0,Normal transaction in rent
other,355.24,0.74,11,1,0,Normal transaction in other
shopping,1525.68,1.28,10,0,0,Normal transaction in shopping
health,3384.0,1.08,18,0,0,Normal transaction in health
shopping,2208.43,0.27,17,0,0,Normal transaction in shopping
food,3393.27,1.07,22,0,0,Normal transaction in food
shopping,11609.56,0.94,7,1,0,Normal transaction in shopping
rent,10664.52,1.8,19,0,0,Normal transaction in rent
education,10126.27,1.12,19,1,0,Normal transaction in education
health,5164.87,1.05,5,0,0,Normal transaction in health
entertainment,691.56,0.67,28,1,0,Normal transaction in entertainment
health,7894.12,1.59,24,1,0,Normal transaction in health
transport,3216.6,1.33,6,1,0,Normal transaction in transport
transport,3523.48,1.04,23,1,0,Normal transaction in transport
entertainment,2374.83,1.65,11,1,0,Normal transaction in entertainment
other,1903.46,0.33,5,1,0,Normal transaction in other
other,4265.63,1.26,4,0,0,Normal transaction in other
food,1610.52,0.23,26,1,0,Normal transaction in food
transport,1041.15,0.7,22,0,0,Normal transaction in transport
education,3677.27,0.65,13,1,0,Normal transaction in education
other,129.71,0.79,5,1,0,Normal transaction in other
transport,4057.42,1.54,5,0,0,Normal transaction in transport
transport,4356.49,0.34,14,0,0,Normal transaction in transport
entertainment,1914.97,1.18,6,1,0,Normal transaction in entertainment
food,1793.94,0.41,11,0,0,Normal transaction in food
health,1885.67,1.7,6,0,0,Normal transaction in health
food,3236.98,0.55,9,1,0,Normal transaction in food
entertainment,2476.35,0.45,4,1,0,Normal transaction in entertainment
other,3014.75,0.47,5,1,0,Normal transaction in other
health,3165.72,0.33,16,1,0,Normal transaction in health
entertainment,653.48,0.4,15,0,0,Normal transaction in entertainment
health,2248.87,1.59,18,0,0,Normal transaction in health
entertainment,13872.34,6.7,20,0,1,Unusual high spike in entertainment
health,955.81,1.02,20,1,0,Normal transaction in health
rent,18976.82,0.79,3,0,0,Normal transaction in rent
education,23456.62,1.26,1,1,0,Normal transaction in education
education,14397.45,0.52,14,0,0,Normal transaction in education
other,1286.33,1.39,16,0,0,Normal transaction in other
health,6339.06,0.54,27,0,0,Normal transaction in health
other,4856.01,0.31,11,1,0,Normal transaction in other
education,11018.66,0.28,15,1,0,Normal transaction in education
health,7533.53,1.23,1,0,0,Normal transaction in health
other,523.03,1.17,10,1,0,Normal transaction in other
food,1165.72,0.74,23,1,0,Normal transaction in food
transport,1501.68,1.27,22,1,0,Normal transaction in transport
entertainment,1826.09,0.51,7,1,0,Normal transaction in entertainment
education,4766.47,1.22,23,1,0,Normal transaction in education
entertainment,1896.54,0.49,3,1,0,Normal transaction in entertainment
education,22974.88,1.33,27,1,0,Normal transaction in education
rent,21933.45,0.72,28,0,0,Normal transaction in rent
rent,7295.2,1.57,8,0,0,Normal transaction in rent
shopping,4410.72,0.73,3,1,0,Normal transaction in shopping
education,21258.99,0.29,10,1,0,Normal transaction in education
health,1846.68,1.46,25,0,0,Normal transaction in health
food,1564.35,1.47,2,1,0,Normal transaction in food
education,13621.97,1.19,22,1,0,Normal transaction in education
other,5067.88,0.97,11,0,0,Normal transaction in other
other,555.53,0.22,12,1,0,Normal transaction in other
food,2680.28,0.56,7,1,0,Normal transaction in food
health,3829.44,0.45,27,1,0,Normal transaction in health
entertainment,1467.85,1.28,2,1,0,Normal transaction in entertainment
food,2526.35,0.87,16,0,0,Normal transaction in food
health,7810.46,0.9,20,1,0,Normal transaction in health
entertainment,1220.85,0.23,21,1,0,Normal transaction in entertainment
shopping,16413.91,0.52,20,1,0,Normal transaction in shopping
food,1257.17,1.78,23,0,0,Normal transaction in food
rent,35969.36,0.45,4,0,0,Normal transaction in rent
transport,1930.93,0.22,8,1,0,Normal transaction in transport
food,3252.83,1.17,24,0,0,Normal transaction in food
entertainment,1789.03,0.43,9,0,0,Normal transaction in entertainment
shopping,12824.5,0.87,5,1,0,Normal transaction in shopping
other,5878.48,0.49,1,1,0,Normal transaction in other
shopping,5515.9,1.06,12,1,0,Normal transaction in shopping
rent,20535.54,1.31,4,1,0,Normal transaction in rent
shopping,9426.33,1.7,3,0,0,Normal transaction in shopping
shopping,8599.34,0.59,6,1,0,Normal transaction in shopping
other,2515.42,0.54,15,0,0,Normal transaction in other
food,2610.41,0.83,23,0,0,Normal transaction in food
other,882.68,0.87,28,1,0,Normal transaction in other
other,5911.44,1.66,16,1,0,Normal transaction in other
transport,3291.69,0.45,1,1,0,Normal transaction in transport
food,1693.67,0.69,19,0,0,Normal transaction in food
entertainment,1788.18,1.2,2,1,0,Normal transaction in entertainment
rent,28993.36,0.34,21,1,0,Normal transaction in rent
shopping,4870.0,0.49,27,1,0,Normal transaction in shopping
health,5572.77,0.74,5,0,0,Normal transaction in health
food,2802.12,1.14,10,0,0,Normal transaction in food
food,3358.61,1.18,14,1,0,Normal transaction in food
rent,8846.89,1.37,25,0,0,Normal transaction in rent
education,121531.07,6.14,13,1,1,Unusual high spike in education
entertainment,2251.29,1.28,7,0,0,Normal transaction in entertainment
transport,161.66,1.08,27,1,0,Normal transaction in transport
transport,3269.81,1.34,14,1,0,Normal transaction in transport
education,9424.39,0.4,10,0,0,Normal transaction in education
education,16132.97,1.76,4,0,0,Normal transaction in education
entertainment,1577.82,1.76,3,1,0,Normal transaction in entertainment
education,23289.29,1.19,25,0,0,Normal transaction in education
other,369.56,0.23,1,1,0,Normal transaction in other
transport,2671.37,1.0,20,0,0,Normal transaction in transport
shopping,4803.29,0.75,24,1,0,Normal transaction in shopping
shopping,1991.29,1.54,18,1,0,Normal transaction in shopping
food,3393.87,1.38,2,1,0,Normal transaction in food
rent,16826.98,1.16,17,1,0,Normal transaction in rent
shopping,2321.81,0.49,13,1,0,Normal transaction in shopping
other,3384.51,1.28,14,0,0,Normal transaction in other
rent,34866.35,0.34,27,0,0,Normal transaction in rent
other,5173.7,0.91,10,1,0,Normal transaction in other
rent,6256.25,0.92,11,0,0,Normal transaction in rent
education,9892.01,1.25,8,1,0,Normal transaction in education
transport,1740.04,1.18,27,0,0,Normal transaction in transport
shopping,1887.08,0.28,9,0,0,Normal transaction in shopping
entertainment,2608.35,1.02,5,0,0,Normal transaction in entertainment
education,21190.56,1.68,5,0,0,Normal transaction in education
shopping,99609.82,4.14,2,1,1,Unusual high spike in shopping
other,2413.3,0.89,25,0,0,Normal transaction in other
entertainment,384.83,0.59,16,1,0,Normal transaction in entertainment
other,3041.11,0.25,15,1,0,Normal transaction in other
entertainment,2136.64,0.45,11,1,0,Normal transaction in entertainment
shopping,14104.28,0.69,20,0,0,Normal transaction in shopping
education,12679.74,0.86,2,1,0,Normal transaction in education
food,2451.62,0.62,23,0,0,Normal transaction in food
shopping,7260.55,1.7,3,1,0,Normal transaction in shopping
transport,3869.35,0.84,10,1,0,Normal transaction in transport
rent,12405.95,0.51,13,1,0,Normal transaction in rent
shopping,9608.16,1.66,28,1,0,Normal transaction in shopping
health,5832.28,1.23,13,0,0,Normal transaction in health
health,3064.8,1.55,8,1,0,Normal transaction in health
health,2265.83,0.4,10,1,0,Normal transaction in health
rent,36262.77,0.93,19,0,0,Normal transaction in rent
other,141.11,1.11,19,0,0,Normal transaction in other
shopping,10065.06,0.37,12,1,0,Normal transaction in shopping
rent,234141.63,3.9,19,0,1,Unusual high spike in rent
food,697.18,1.22,10,0,0,Normal transaction in food
education,7840.98,1.29,9,1,0,Normal transaction in education
health,6270.47,1.26,22,1,0,Normal transaction in health
rent,16865.18,0.73,11,1,0,Normal transaction in rent
shopping,1329.61,0.91,3,0,0,Normal transaction in shopping
health,46921.03,6.17,20,1,1,Unusual high spike in health
transport,1528.53,1.14,2,0,0,Normal transaction in transport
food,2977.68,0.76,26,0,0,Normal transaction in food
entertainment,2246.17,0.43,10,1,0,Normal transaction in entertainment
rent,24803.93,1.48,8,1,0,Normal transaction in rent
education,13359.3,0.97,19,0,0,Normal transaction in education
health,4415.82,1.5,20,1,0,Normal transaction in health
other,418.47,0.87,12,0,0,Normal transaction in other
education,15571.47,0.5,17,1,0,Normal transaction in education
shopping,15208.61,1.78,16,0,0,Normal transaction in shopping
shopping,8608.42,1.23,17,0,0,Normal transaction in shopping
shopping,3436.31,1.08,12,0,0,Normal transaction in shopping
other,3620.7,1.69,12,1,0,Normal transaction in other
food,13702.27,5.31,17,1,1,Unusual high spike in food
other,38504.03,4.89,2,0,1,Unusual high spike in other
health,24303.17,6.89,26,1,1,Unusual high spike in health
rent,37247.34,1.74,11,0,0,Normal transaction in rent
other,27931.72,6.13,21,0,1,Unusual high spike in other
education,14269.35,1.03,26,1,0,Normal transaction in education
shopping,7916.73,1.34,4,0,0,Normal transaction in shopping
rent,23253.79,1.4,20,1,0,Normal transaction in rent
transport,18410.15,3.1,12,1,1,Unusual high spike in transport
other,4026.37,0.85,2,0,0,Normal transaction in other
rent,29769.17,1.22,28,1,0,Normal transaction in rent
health,850.43,1.14,10,1,0,Normal transaction in health
entertainment,2726.07,1.34,8,1,0,Normal transaction in entertainment
shopping,3616.98,0.75,20,0,0,Normal transaction in shopping
food,245.42,0.44,14,1,0,Normal transaction in food
entertainment,718.5,0.47,4,0,0,Normal transaction in entertainment
transport,1798.5,1.19,7,1,0,Normal transaction in transport
education,1768.51,0.86,17,1,0,Normal transaction in education
transport,4403.83,0.91,11,1,0,Normal transaction in transport
entertainment,2802.17,0.49,23,1,0,Normal transaction in entertainment
shopping,986.67,1.58,5,1,0,Normal transaction in shopping
other,3823.71,1.01,6,0,0,Normal transaction in other
rent,26411.62,0.7,5,0,0,Normal transaction in rent
rent,20031.89,1.61,27,1,0,Normal transaction in rent
food,2903.98,0.98,13,0,0,Normal transaction in food
other,4709.05,1.37,9,1,0,Normal transaction in other
health,6864.08,0.34,11,1,0,Normal transaction in health
other,3311.21,0.41,16,1,0,Normal transaction in other
shopping,8387.05,0.75,8,1,0,Normal transaction in shopping
transport,20470.47,4.36,28,0,1,Unusual high spike in transport
health,3162.94,0.37,3,0,0,Normal transaction in health
education,2621.63,0.41,20,0,0,Normal transaction in education
health,3367.83,1.44,6,0,0,Normal transaction in health
transport,27620.92,4.77,27,0,1,Unusual high spike in transport
entertainment,1207.75,1.16,25,1,0,Normal transaction in entertainment
food,2022.24,1.08,23,1,0,Normal transaction in food
entertainment,530.55,0.22,13,0,0,Normal transaction in entertainment
rent,27489.65,1.79,27,1,0,Normal transaction in rent
health,5272.75,1.57,10,0,0,Normal transaction in health
other,5339.39,1.74,14,0,0,Normal transaction in other
transport,3247.31,1.04,6,1,0,Normal transaction in transport
entertainment,2181.81,1.57,23,0,0,Normal transaction in entertainment
education,22563.93,0.5,26,1,0,Normal transaction in education
education,18447.33,0.91,10,1,0,Normal transaction in education
education,16722.63,0.92,28,0,0,Normal transaction in education
health,4263.74,0.83,7,0,0,Normal transaction in health
health,504.64,1.32,7,0,0,Normal transaction in health
rent,31747.82,0.58,26,1,0,Normal transaction in rent
shopping,14365.45,0.79,5,0,0,Normal transaction in shopping
food,1016.32,0.6,27,0,0,Normal transaction in food
shopping,11533.35,0.62,26,1,0,Normal transaction in shopping
other,3379.64,0.54,16,0,0,Normal transaction in other
other,24539.28,5.05,5,1,1,Unusual high spike in other
transport,1302.02,1.12,13,1,0,Normal transaction in transport
transport,469.81,1.72,1,0,0,Normal transaction in transport
entertainment,1321.91,1.41,1,0,0,Normal transaction in entertainment
rent,32609.13,1.02,28,1,0,Normal transaction in rent
other,4531.56,0.89,3,1,0,Normal transaction in other
rent,32989.28,1.35,15,1,0,Normal transaction in rent
health,2343.85,1.77,23,1,0,Normal transaction in health
food,2420.35,1.64,9,0,0,Normal transaction in food
transport,1675.56,1.58,25,0,0,Normal transaction in transport
education,14997.98,1.54,13,0,0,Normal transaction in education
other,4533.05,0.81,1,0,0,Normal transaction in other
transport,2384.2,0.6,18,0,0,Normal transaction in transport
transport,1589.06,0.21,15,0,0,Normal transaction in transport
education,91075.11,3.66,15,1,1,Unusual high spike in education
food,978.46,0.36,3,1,0,Normal transaction in food
shopping,4007.33,1.36,11,1,0,Normal transaction in shopping
shopping,6630.59,1.56,20,0,0,Normal transaction in shopping
food,2756.4,0.81,25,0,0,Normal transaction in food
other,5712.75,1.44,13,1,0,Normal transaction in other
transport,2778.36,1.58,11,0,0,Normal transaction in transport
health,6589.57,1.09,8,1,0,Normal transaction in health
rent,138807.25,3.13,28,1,1,Unusual high spike in rent
shopping,11683.47,1.59,3,1,0,Normal transaction in shopping
shopping,2926.47,1.38,16,1,0,Normal transaction in shopping
entertainment,807.85,1.6,21,0,0,Normal transaction in entertainment
health,7667.24,1.2,8,1,0,Normal transaction in health
entertainment,1341.09,1.8,14,1,0,Normal transaction in entertainment
entertainment,2413.67,0.71,1,0,0,Normal transaction in entertainment
other,358.66,0.69,1,0,0,Normal transaction in other
food,194.13,1.78,12,1,0,Normal transaction in food
transport,1436.13,0.22,16,1,0,Normal transaction in transport
shopping,1414.16,0.56,21,0,0,Normal transaction in shopping
food,1447.0,0.72,27,0,0,Normal transaction in food
transport,15374.52,3.99,1,1,1,Unusual high spike in transport
transport,3250.81,0.65,4,1,0,Normal transaction in transport
rent,12435.29,0.52,21,0,0,Normal transaction in rent
transport,1699.52,0.79,25,0,0,Normal transaction in transport
education,20463.44,1.43,27,0,0,Normal transaction in education
shopping,10215.87,0.64,24,0,0,Normal transaction in shopping
other,3179.56,0.33,22,0,0,Normal transaction in other
education,19209.87,0.85,27,0,0,Normal transaction in education
other,1399.13,1.59,23,0,0,Normal transaction in other
shopping,7899.37,1.07,12,0,0,Normal transaction in shopping
rent,10894.0,0.36,10,0,0,Normal transaction in rent
other,1948.05,0.83,2,0,0,Normal transaction in other
entertainment,13669.49,5.82,13,1,1,Unusual high spike in entertainment
health,1261.3,0.9,7,0,0,Normal transaction in health
food,1068.48,1.73,22,1,0,Normal transaction in food
health,34111.5,6.26,10,1,1,Unusual high spike in health
rent,38230.33,1.01,28,0,0,Normal transaction in rent
food,356.8,1.73,24,0,0,Normal transaction in food
rent,283971.76,3.41,27,0,1,Unusual high spike in rent
transport,4136.43,0.86,2,1,0,Normal transaction in transport
transport,4028.49,1.67,19,0,0,Normal transaction in transport
food,2743.83,1.17,24,1,0,Normal transaction in food
other,4813.3,1.15,2,1,0,Normal transaction in other
rent,25870.45,0.38,17,1,0,Normal transaction in rent
health,2638.96,0.93,21,0,0,Normal transaction in health
shopping,17681.02,1.4,7,0,0,Normal transaction in shopping
rent,185249.38,4.6,20,1,1,Unusual high spike in rent
other,1541.13,1.41,15,1,0,Normal transaction in other
other,1224.03,0.78,13,0,0,Normal transaction in other
rent,35151.31,0.22,9,1,0,Normal transaction in rent
other,5874.02,1.55,16,0,0,Normal transaction in other
education,6425.95,1.64,25,1,0,Normal transaction in education
transport,582.66,0.73,13,0,0,Normal transaction in transport
food,1455.27,0.26,12,1,0,Normal transaction in food
entertainment,447.6,1.32,11,0,0,Normal transaction in entertainment
entertainment,2694.42,1.19,10,1,0,Normal transaction in entertainment
health,4038.12,0.81,20,1,0,Normal transaction in health
shopping,5241.2,0.4,6,0,0,Normal transaction in shopping
rent,26351.07,1.32,6,0,0,Normal transaction in rent
food,2895.63,1.0,6,1,0,Normal transaction in food
health,6048.66,0.39,15,1,0,Normal transaction in health
shopping,3476.25,0.92,3,0,0,Normal transaction in shopping
rent,23913.25,0.68,20,0,0,Normal transaction in rent
shopping,8470.6,1.0,19,1,0,Normal transaction in shopping
rent,39060.49,1.24,3,0,0,Normal transaction in rent
rent,31654.46,1.69,25,0,0,Normal transaction in rent
food,1251.8,1.29,20,1,0,Normal transaction in food
education,22877.61,1.76,20,1,0,Normal transaction in education
other,4563.64,1.12,3,1,0,Normal transaction in other
food,1148.6,1.61,17,0,0,Normal transaction in food
entertainment,1034.43,0.57,13,1,0,Normal transaction in entertainment
rent,25688.71,0.53,5,1,0,Normal transaction in rent
health,3567.24,1.18,6,1,0,Normal transaction in health
education,1295.58,0.31,4,1,0,Normal transaction in education
education,11114.48,1.77,5,0,0,Normal transaction in education
rent,7726.46,0.27,21,1,0,Normal transaction in rent
entertainment,1261.54,0.82,19,0,0,Normal transaction in entertainment
education,3115.21,1.78,20,1,0,Normal transaction in education
shopping,8051.03,1.75,11,1,0,Normal transaction in shopping
health,2240.45,0.4,23,1,0,Normal transaction in health
rent,13787.54,1.6,22,0,0,Normal transaction in rent
other,4370.53,0.77,12,1,0,Normal transaction in other
shopping,602.68,1.01,27,0,0,Normal transaction in shopping
food,2671.92,1.4,12,0,0,Normal transaction in food
rent,29760.51,1.21,2,1,0,Normal transaction in rent
entertainment,2827.2,1.45,11,1,0,Normal transaction in entertainment
shopping,6704.93,0.77,7,1,0,Normal transaction in shopping
transport,2072.51,1.64,1,0,0,Normal transaction in transport
transport,3269.08,1.72,19,0,0,Normal transaction in transport
food,11615.27,6.29,26,1,1,Unusual high spike in food
health,3560.65,0.47,5,0,0,Normal transaction in health
other,3577.24,0.94,27,1,0,Normal transaction in other
shopping,79889.91,3.17,22,0,1,Unusual high spike in shopping
health,3877.09,1.8,14,1,0,Normal transaction in health
transport,3522.71,0.45,18,0,0,Normal transaction in transport
transport,1983.19,0.56,7,0,0,Normal transaction in transport
education,12306.46,0.32,9,0,0,Normal transaction in education
entertainment,489.0,0.75,4,0,0,Normal transaction in entertainment
transport,397.11,0.88,14,1,0,Normal transaction in transport
health,6923.63,0.61,19,0,0,Normal transaction in health
entertainment,1957.9,0.3,25,1,0,Normal transaction in entertainment
food,1602.88,1.24,8,1,0,Normal transaction in food
health,1684.21,0.45,28,1,0,Normal transaction in health
health,1970.57,1.24,1,1,0,Normal transaction in health
health,3365.42,1.27,10,0,0,Normal transaction in health
entertainment,1470.55,1.41,17,1,0,Normal transaction in entertainment
education,23146.31,1.64,21,1,0,Normal transaction in education
entertainment,1884.85,0.74,16,0,0,Normal transaction in entertainment
entertainment,290.93,0.51,14,0,0,Normal transaction in entertainment
rent,10773.44,1.01,21,1,0,Normal transaction in rent
education,13469.46,0.48,14,1,0,Normal transaction in education
shopping,15240.39,0.28,6,0,0,Normal transaction in shopping
other,651.45,1.6,22,0,0,Normal transaction in other
transport,941.14,0.61,28,0,0,Normal transaction in transport
transport,930.76,0.56,24,0,0,Normal transaction in transport
transport,2423.63,0.66,11,0,0,Normal transaction in transport
other,430.08,0.58,28,0,0,Normal transaction in other
health,576.89,1.43,9,0,0,Normal transaction in health
shopping,11314.59,0.71,17,1,0,Normal transaction in shopping
education,15545.89,0.71,12,0,0,Normal transaction in education
shopping,14721.29,0.56,25,1,0,Normal transaction in shopping
entertainment,1313.41,0.97,2,0,0,Normal transaction in entertainment
transport,1145.43,0.94,18,1,0,Normal transaction in transport
rent,34942.52,1.46,13,0,0,Normal transaction in rent
health,2878.62,1.11,4,0,0,Normal transaction in health
rent,13513.14,1.63,28,1,0,Normal transaction in rent
entertainment,1847.68,0.86,15,0,0,Normal transaction in entertainment
food,3358.87,1.48,8,1,0,Normal transaction in food
health,7668.5,0.26,26,1,0,Normal transaction in health
other,1502.9,1.76,14,1,0,Normal transaction in other
health,5213.89,0.92,21,1,0,Normal transaction in health
education,119767.5,6.47,15,0,1,Unusual high spike in education
education,7085.6,1.63,22,1,0,Normal transaction in education
health,3299.1,0.22,19,1,0,Normal transaction in health
health,6961.03,1.51,9,1,0,Normal transaction in health
rent,21569.04,1.61,26,0,0,Normal transaction in rent
food,3415.9,1.51,16,1,0,Normal transaction in food
shopping,4740.18,1.14,12,0,0,Normal transaction in shopping
entertainment,1744.68,1.25,18,0,0,Normal transaction in entertainment
food,2754.84,1.27,14,0,0,Normal transaction in food
education,2178.99,0.26,28,1,0,Normal transaction in education
education,13861.98,1.56,24,1,0,Normal transaction in education
rent,16038.73,1.4,8,0,0,Normal transaction in rent
other,2603.56,1.1,23,0,0,Normal transaction in other
education,11414.15,1.57,9,0,0,Normal transaction in education
other,4877.98,0.58,16,0,0,Normal transaction in other
rent,7946.59,0.38,1,0,0,Normal transaction in rent
shopping,1813.64,0.7,23,1,0,Normal transaction in shopping
other,1512.14,0.6,2,1,0,Normal transaction in other
health,23042.71,3.48,22,1,1,Unusual high spike in health
food,2021.98,1.21,19,0,0,Normal transaction in food
health,383.89,1.23,26,0,0,Normal transaction in health
health,3979.5,1.34,25,0,0,Normal transaction in health
health,7839.75,1.66,7,1,0,Normal transaction in health
food,763.22,0.78,11,0,0,Normal transaction in food
entertainment,1148.07,1.11,11,0,0,Normal transaction in entertainment
entertainment,1282.97,1.35,19,0,0,Normal transaction in entertainment
health,4531.93,1.29,5,0,0,Normal transaction in health
shopping,17049.86,0.62,13,1,0,Normal transaction in shopping
health,7743.19,0.91,26,0,0,Normal transaction in health
shopping,6852.74,0.7,27,1,0,Normal transaction in shopping
food,1707.17,1.18,19,1,0,Normal transaction in food
entertainment,2673.48,0.37,4,0,0,Normal transaction in entertainment
food,3264.07,1.53,24,0,0,Normal transaction in food
rent,26217.05,1.43,13,0,0,Normal transaction in rent
shopping,7721.31,1.68,12,1,0,Normal transaction in shopping
health,1149.03,1.51,9,1,0,Normal transaction in health
entertainment,375.13,0.32,17,0,0,Normal transaction in entertainment
transport,3329.6,0.42,19,0,0,Normal transaction in transport
entertainment,367.65,0.46,15,0,0,Normal transaction in entertainment
other,4710.58,1.23,1,0,0,Normal transaction in other
shopping,4758.29,0.48,14,1,0,Normal transaction in shopping
other,5752.93,0.48,19,1,0,Normal transaction in other
rent,25165.67,0.23,25,1,0,Normal transaction in rent
entertainment,630.87,0.41,24,1,0,Normal transaction in entertainment
transport,2146.77,0.49,18,1,0,Normal transaction in transport
health,1984.27,1.74,4,1,0,Normal transaction in health
rent,16549.76,1.71,24,1,0,Normal transaction in rent
health,7587.13,0.71,17,0,0,Normal transaction in health
entertainment,342.48,0.89,24,0,0,Normal transaction in entertainment
other,635.71,1.01,9,0,0,Normal transaction in other
health,3057.72,1.41,7,0,0,Normal transaction in health
education,1695.66,0.26,9,0,0,Normal transaction in education
transport,1105.56,1.75,15,1,0,Normal transaction in transport
health,4175.7,0.37,20,0,0,Normal transaction in health
health,943.1,1.74,3,1,0,Normal transaction in health
entertainment,8495.76,6.24,23,0,1,Unusual high spike in entertainment
entertainment,9710.81,5.83,4,1,1,Unusual high spike in entertainment
food,1520.95,0.37,10,1,0,Normal transaction in food
transport,733.28,0.95,12,1,0,Normal transaction in transport
health,6576.25,1.13,8,1,0,Normal transaction in health
entertainment,1461.91,1.59,4,1,0,Normal transaction in entertainment
health,737.63,1.1,28,0,0,Normal transaction in health
rent,25606.84,1.21,17,1,0,Normal transaction in rent
other,646.77,1.68,28,0,0,Normal transaction in other
food,439.3,1.5,7,0,0,Normal transaction in food
other,36881.2,6.04,12,1,1,Unusual high spike in other
other,2101.59,1.3,13,1,0,Normal transaction in other
transport,3298.22,1.29,20,0,0,Normal transaction in transport
rent,44213.31,0.82,19,1,0,Normal transaction in rent
rent,42388.52,0.26,18,1,0,Normal transaction in rent
food,1537.27,1.19,20,0,0,Normal transaction in food
other,2684.09,0.83,26,1,0,Normal transaction in other
shopping,13536.16,1.26,28,0,0,Normal transaction in shopping
shopping,17906.89,0.94,5,0,0,Normal transaction in shopping
food,15298.45,3.43,9,1,1,Unusual high spike in food
food,140.48,0.74,22,0,0,Normal transaction in food
other,1024.98,0.22,14,1,0,Normal transaction in other
other,1763.36,1.58,21,0,0,Normal transaction in other
food,1916.43,1.37,28,1,0,Normal transaction in food
education,4930.94,0.26,11,1,0,Normal transaction in education
transport,4352.76,0.36,10,0,0,Normal transaction in transport
education,13466.61,0.75,21,0,0,Normal transaction in education
shopping,4447.16,0.39,8,0,0,Normal transaction in shopping
health,51784.16,4.11,14,0,1,Unusual high spike in health
transport,1502.24,1.22,2,0,0,Normal transaction in transport
food,833.36,1.28,17,0,0,Normal transaction in food
other,2538.86,0.39,18,1,0,Normal transaction in other
other,3010.53,0.98,11,0,0,Normal transaction in other
transport,1364.25,0.34,22,1,0,Normal transaction in transport
shopping,11981.3,1.15,6,0,0,Normal transaction in shopping
food,2937.56,0.38,6,0,0,Normal transaction in food
health,295.57,1.29,25,1,0,Normal transaction in health
health,2069.9,1.22,4,1,0,Normal transaction in health
other,1097.62,0.36,13,1,0,Normal transaction in other
entertainment,2088.53,1.38,28,0,0,Normal transaction in entertainment
transport,21968.2,5.93,6,1,1,Unusual high spike in transport
education,145594.35,3.73,14,0,1,Unusual high spike in education
transport,2573.74,0.42,12,1,0,Normal transaction in transport
rent,17909.35,1.14,8,0,0,Normal transaction in rent
rent,11929.67,0.26,5,0,0,Normal transaction in rent
entertainment,278.37,1.79,15,1,0,Normal transaction in entertainment
shopping,12382.07,0.81,21,0,0,Normal transaction in shopping
rent,36428.11,1.75,20,1,0,Normal transaction in rent
rent,26117.91,0.95,5,1,0,Normal transaction in rent
other,4254.06,0.96,11,0,0,Normal transaction in other
food,1873.47,0.34,25,1,0,Normal transaction in food
entertainment,331.39,1.73,7,0,0,Normal transaction in entertainment
food,1603.73,0.91,4,1,0,Normal transaction in food
health,4749.6,1.0,12,1,0,Normal transaction in health
shopping,779.28,1.77,1,0,0,Normal transaction in shopping
health,39096.67,5.04,17,1,1,Unusual high spike in health
health,4817.16,1.41,21,1,0,Normal transaction in health
shopping,8668.77,1.02,15,1,0,Normal transaction in shopping
shopping,6460.72,1.48,6,0,0,Normal transaction in shopping
other,31009.09,5.83,12,1,1,Unusual high spike in other
education,14959.4,0.54,5,0,0,Normal transaction in education
rent,30578.89,0.35,2,0,0,Normal transaction in rent
other,2605.11,0.83,20,1,0,Normal transaction in other
entertainment,1636.14,0.8,9,0,0,Normal transaction in entertainment
health,5909.23,1.37,27,0,0,Normal transaction in health
transport,3404.37,1.39,1,0,0,Normal transaction in transport
entertainment,612.1,0.51,11,0,0,Normal transaction in entertainment
shopping,12265.25,1.24,11,0,0,Normal transaction in shopping
education,19978.4,1.17,23,1,0,Normal transaction in education
other,5884.67,1.61,8,0,0,Normal transaction in other
transport,3402.5,1.45,12,1,0,Normal transaction in transport
entertainment,13744.94,5.2,26,0,1,Unusual high spike in entertainment
health,5883.42,0.41,5,0,0,Normal transaction in health
education,524.8,1.2,2,0,0,Normal transaction in education
food,19054.07,4.86,8,0,1,Unusual high spike in food
other,21536.57,3.27,6,1,1,Unusual high spike in other
shopping,13625.59,0.54,22,1,0,Normal transaction in shopping
health,4704.74,1.16,5,0,0,Normal transaction in health
other,5899.75,1.05,27,0,0,Normal transaction in other
transport,14648.72,3.96,9,0,1,Unusual high spike in transport
food,1113.18,1.17,19,0,0,Normal transaction in food
food,2310.26,0.43,23,1,0,Normal transaction in food
shopping,11227.98,0.36,19,0,0,Normal transaction in shopping
transport,3284.07,1.45,18,1,0,Normal transaction in transport
shopping,938.22,1.5,26,1,0,Normal transaction in shopping
health,5398.54,1.64,1,1,0,Normal transaction in health
health,450.5,0.52,15,0,0,Normal transaction in health
food,2478.63,0.56,16,1,0,Normal transaction in food
other,3992.79,0.47,5,0,0,Normal transaction in other
other,4578.81,0.5,9,1,0,Normal transaction in other
rent,181790.46,6.01,11,1,1,Unusual high spike in rent
transport,2415.46,0.25,10,0,0,Normal transaction in transport
entertainment,1135.2,0.41,8,1,0,Normal transaction in entertainment
education,4546.83,0.98,2,1,0,Normal transaction in education
food,2049.13,0.69,16,1,0,Normal transaction in food
other,35418.3,5.59,21,1,1,Unusual high spike in other
other,34256.65,5.55,2,1,1,Unusual high spike in other
shopping,8496.78,1.38,6,1,0,Normal transaction in shopping
shopping,90114.27,3.75,5,0,1,Unusual high spike in shopping
entertainment,673.0,1.05,7,1,0,Normal transaction in entertainment
shopping,5924.47,1.0,12,0,0,Normal transaction in shopping
entertainment,773.77,1.48,22,0,0,Normal transaction in entertainment
health,4573.17,0.54,17,0,0,Normal transaction in health
other,1449.77,1.44,25,0,0,Normal transaction in other
other,1595.4,0.27,22,0,0,Normal transaction in other
transport,2799.21,0.97,8,1,0,Normal transaction in transport
transport,1606.26,1.24,15,1,0,Normal transaction in transport
transport,2112.66,0.3,8,1,0,Normal transaction in transport
entertainment,735.61,0.99,7,0,0,Normal transaction in entertainment
entertainment,2973.98,0.5,17,1,0,Normal transaction in entertainment
rent,5220.24,0.36,5,1,0,Normal transaction in rent
rent,14970.55,0.98,19,0,0,Normal transaction in rent
food,186.01,0.61,1,1,0,Normal transaction in food
shopping,63315.51,6.38,15,1,1,Unusual high spike in shopping
transport,3150.83,0.53,6,1,0,Normal transaction in transport
food,1617.31,1.8,26,0,0,Normal transaction in food
food,3496.19,0.3,12,1,0,Normal transaction in food
transport,3987.12,1.57,26,1,0,Normal transaction in transport
health,896.99,0.71,21,0,0,Normal transaction in health
other,804.27,0.57,4,0,0,Normal transaction in other
shopping,10695.82,1.38,5,0,0,Normal transaction in shopping
other,2293.9,0.75,23,1,0,Normal transaction in other
education,19162.22,0.73,22,0,0,Normal transaction in education
shopping,5613.34,1.06,14,0,0,Normal transaction in shopping
shopping,101992.84,6.98,3,1,1,Unusual high spike in shopping
shopping,1066.13,0.42,5,1,0,Normal transaction in shopping
entertainment,16083.64,6.45,26,0,1,Unusual high spike in entertainment
transport,2167.64,1.72,17,1,0,Normal transaction in transport
health,2318.32,1.41,8,0,0,Normal transaction in health
entertainment,443.69,1.35,20,1,0,Normal transaction in entertainment
rent,30018.2,0.69,10,0,0,Normal transaction in rent
shopping,9463.17,0.73,12,0,0,Normal transaction in shopping
education,2324.37,1.07,5,1,0,Normal transaction in education
rent,8604.82,0.76,6,0,0,Normal transaction in rent
other,448.76,1.47,8,0,0,Normal transaction in other
entertainment,902.33,0.76,19,1,0,Normal transaction in entertainment
food,3233.05,0.4,11,0,0,Normal transaction in food
health,2221.8,0.48,8,1,0,Normal transaction in health
food,2575.59,0.2,3,0,0,Normal transaction in food
health,4002.47,0.45,5,1,0,Normal transaction in health
entertainment,1269.77,1.4,17,0,0,Normal transaction in entertainment
food,3375.96,1.77,10,1,0,Normal transaction in food
health,4759.28,1.0,28,0,0,Normal transaction in health
entertainment,2033.11,0.56,16,0,0,Normal transaction in entertainment
shopping,629.01,1.27,15,1,0,Normal transaction in shopping
transport,2655.73,0.22,18,0,0,Normal transaction in transport
food,510.32,0.9,13,0,0,Normal transaction in food
education,18182.04,1.66,20,0,0,Normal transaction in education
food,18208.91,6.36,3,1,1,Unusual high spike in food
food,766.83,1.61,24,1,0,Normal transaction in food
entertainment,986.12,1.06,16,0,0,Normal transaction in entertainment
health,5110.28,1.28,9,1,0,Normal transaction in health
health,5873.34,1.15,10,1,0,Normal transaction in health
food,1968.0,0.31,1,0,0,Normal transaction in food
entertainment,1163.16,0.8,14,1,0,Normal transaction in entertainment
rent,29746.98,0.85,21,1,0,Normal transaction in rent
entertainment,971.59,0.56,21,1,0,Normal transaction in entertainment
rent,201809.11,3.03,16,1,1,Unusual high spike in rent
food,10131.62,3.73,9,1,1,Unusual high spike in food
education,14256.31,0.31,7,1,0,Normal transaction in education
rent,12486.24,0.84,20,1,0,Normal transaction in rent
education,13246.39,0.65,4,0,0,Normal transaction in education
shopping,17117.32,0.8,3,0,0,Normal transaction in shopping
shopping,9806.82,0.84,25,1,0,Normal transaction in shopping
food,257.95,1.3,23,1,0,Normal transaction in food
health,6102.03,1.36,26,0,0,Normal transaction in health
rent,43305.77,0.81,10,0,0,Normal transaction in rent
transport,2662.97,0.36,8,0,0,Normal transaction in transport
rent,29385.28,0.28,16,1,0,Normal transaction in rent
health,5768.97,1.61,7,0,0,Normal transaction in health
other,2165.5,1.65,4,0,0,Normal transaction in other
shopping,16301.19,1.2,2,1,0,Normal transaction in shopping
food,1528.99,0.98,10,0,0,Normal transaction in food
other,5007.17,0.71,14,0,0,Normal transaction in other
entertainment,1107.75,0.91,13,1,0,Normal transaction in entertainment
transport,1726.88,1.29,7,0,0,Normal transaction in transport
health,3572.88,1.3,13,0,0,Normal transaction in health
food,627.1,0.25,12,0,0,Normal transaction in food
food,1156.64,0.25,11,1,0,Normal transaction in food
health,6066.32,1.01,1,0,0,Normal transaction in health
food,2275.75,1.69,23,1,0,Normal transaction in food
education,9970.19,0.34,6,0,0,Normal transaction in education
shopping,16959.94,1.61,14,1,0,Normal transaction in shopping
food,15386.38,6.78,24,0,1,Unusual high spike in food
rent,24168.45,1.33,27,0,0,Normal transaction in rent
transport,3250.91,1.06,17,0,0,Normal transaction in transport
health,7605.03,0.25,7,0,0,Normal transaction in health
education,21048.9,1.47,7,0,0,Normal transaction in education
rent,24649.34,0.84,8,0,0,Normal transaction in rent
rent,132138.59,5.53,1,0,1,Unusual high spike in rent
education,14410.96,0.7,15,0,0,Normal transaction in education
rent,22902.68,1.76,7,0,0,Normal transaction in rent
other,525.56,1.04,26,0,0,Normal transaction in other
education,112410.83,6.26,10,0,1,Unusual high spike in education
food,2935.37,0.41,18,0,0,Normal transaction in food
health,923.75,0.71,13,0,0,Normal transaction in health
entertainment,1043.15,1.13,18,1,0,Normal transaction in entertainment
food,15783.02,4.05,18,0,1,Unusual high spike in food
rent,25262.05,1.15,25,0,0,Normal transaction in rent
transport,1518.55,0.56,11,1,0,Normal transaction in transport
entertainment,14072.04,5.67,2,0,1,Unusual high spike in entertainment
entertainment,1076.08,1.22,9,0,0,Normal transaction in entertainment
shopping,16361.99,1.1,27,1,0,Normal transaction in shopping
other,1738.13,0.85,16,1,0,Normal transaction in other
transport,4010.57,0.71,25,0,0,Normal transaction in transport
other,1518.23,0.26,10,0,0,Normal transaction in other
rent,18468.23,0.38,9,0,0,Normal transaction in rent
transport,4050.69,0.38,22,0,0,Normal transaction in transport
shopping,5577.46,1.79,5,1,0,Normal transaction in shopping
entertainment,1086.51,1.25,2,1,0,Normal transaction in entertainment
shopping,13103.85,0.99,28,0,0,Normal transaction in shopping
food,2051.42,1.28,24,0,0,Normal transaction in food
rent,13935.65,1.29,27,1,0,Normal transaction in rent
food,2015.99,1.64,14,1,0,Normal transaction in food
transport,340.37,0.92,27,0,0,Normal transaction in transport
other,5690.6,1.68,15,1,0,Normal transaction in other
other,2380.02,1.24,13,0,0,Normal transaction in other
food,132.38,0.29,20,1,0,Normal transaction in food
entertainment,8548.92,3.44,28,0,1,Unusual high spike in entertainment
transport,2183.4,1.24,21,0,0,Normal transaction in transport
shopping,5150.24,1.8,17,0,0,Normal transaction in shopping
food,711.15,1.34,28,1,0,Normal transaction in food
other,30164.87,4.97,6,0,1,Unusual high spike in other
other,5569.18,0.28,27,0,0,Normal transaction in other
rent,16233.61,0.81,18,0,0,Normal transaction in rent
other,2775.38,1.07,6,1,0,Normal transaction in other
entertainment,1818.33,0.84,3,1,0,Normal transaction in entertainment
health,3637.21,1.33,2,1,0,Normal transaction in health
food,732.83,0.66,25,1,0,Normal transaction in food
other,4995.65,0.35,13,1,0,Normal transaction in other
entertainment,1089.56,0.52,27,1,0,Normal transaction in entertainment
transport,1737.19,0.26,20,1,0,Normal transaction in transport
shopping,493.51,1.29,19,0,0,Normal transaction in shopping
shopping,2573.1,0.76,23,0,0,Normal transaction in shopping
other,4390.51,1.65,15,0,0,Normal transaction in other
health,5666.92,0.54,24,1,0,Normal transaction in health
entertainment,2491.1,1.75,19,1,0,Normal transaction in entertainment
transport,658.07,0.81,21,1,0,Normal transaction in transport
education,16113.11,0.6,19,1,0,Normal transaction in education
health,7369.34,0.66,11,0,0,Normal transaction in health
other,26652.49,3.67,4,1,1,Unusual high spike in other
food,2674.27,0.23,13,1,0,Normal transaction in food
education,16204.32,1.0,26,1,0,Normal transaction in education
education,6876.73,1.17,17,0,0,Normal transaction in education
transport,2199.01,1.76,19,0,0,Normal transaction in transport
shopping,11141.36,1.79,23,1,0,Normal transaction in shopping
education,4867.96,0.27,14,0,0,Normal transaction in education
rent,22842.43,1.25,13,0,0,Normal transaction in rent
food,339.6,1.35,21,0,0,Normal transaction in food
entertainment,2310.13,0.64,20,0,0,Normal transaction in entertainment
transport,2569.17,1.28,3,1,0,Normal transaction in transport
rent,25297.21,1.7,4,1,0,Normal transaction in rent
shopping,8451.72,1.7,1,1,0,Normal transaction in shopping
food,1293.19,0.86,10,0,0,Normal transaction in food
other,238.16,1.47,12,1,0,Normal transaction in other
other,1902.08,0.41,1,0,0,Normal transaction in other
rent,41601.11,1.25,19,0,0,Normal transaction in rent
other,4630.01,0.36,6,1,0,Normal transaction in other
entertainment,1548.18,0.45,28,0,0,Normal transaction in entertainment
food,2601.57,1.66,1,0,0,Normal transaction in food
transport,2367.15,0.76,11,0,0,Normal transaction in transport
shopping,9362.19,1.69,13,0,0,Normal transaction in shopping
rent,5182.9,1.61,5,1,0,Normal transaction in rent
rent,22806.84,1.55,26,1,0,Normal transaction in rent
education,2620.32,0.89,10,0,0,Normal transaction in education
shopping,88276.21,5.09,4,1,1,Unusual high spike in shopping
entertainment,959.29,1.07,18,1,0,Normal transaction in entertainment
shopping,1566.07,1.71,14,0,0,Normal transaction in shopping
transport,3599.37,1.12,7,0,0,Normal transaction in transport
entertainment,17429.04,5.41,13,1,1,Unusual high spike in entertainment
other,1346.83,1.4,20,1,0,Normal transaction in other
other,878.83,0.44,2,1,0,Normal transaction in other
education,74255.24,5.46,8,1,1,Unusual high spike in education
rent,7647.75,1.13,21,1,0,Normal transaction in rent
transport,3214.39,0.47,22,1,0,Normal transaction in transport
transport,2368.15,0.97,8,1,0,Normal transaction in transport
rent,44438.08,0.38,8,0,0,Normal transaction in rent
transport,104.75,1.17,17,1,0,Normal transaction in transport
rent,44773.51,0.24,5,1,0,Normal transaction in rent
entertainment,1820.31,1.13,16,0,0,Normal transaction in entertainment
shopping,86546.76,6.52,23,1,1,Unusual high spike in shopping
education,4680.52,1.38,18,1,0,Normal transaction in education
other,3718.29,1.58,25,0,0,Normal transaction in other
transport,3491.1,0.67,22,0,0,Normal transaction in transport
education,17892.61,0.53,26,1,0,Normal transaction in education
shopping,15564.99,0.35,21,1,0,Normal transaction in shopping
entertainment,1042.39,1.4,24,1,0,Normal transaction in entertainment
health,3156.64,1.53,12,0,0,Normal transaction in health
rent,12126.95,0.87,22,1,0,Normal transaction in rent
rent,33262.69,0.6,17,0,0,Normal transaction in rent
transport,3914.53,0.31,12,0,0,Normal transaction in transport
health,839.2,1.78,1,1,0,Normal transaction in health
other,5950.6,1.75,11,0,0,Normal transaction in other
food,1395.9,1.46,20,0,0,Normal transaction in food
food,3253.42,0.7,9,0,0,Normal transaction in food
entertainment,2866.43,1.57,22,0,0,Normal transaction in entertainment
entertainment,1910.84,0.25,4,1,0,Normal transaction in entertainment
entertainment,1624.93,1.25,6,1,0,Normal transaction in entertainment
food,3364.81,1.09,28,1,0,Normal transaction in food
health,1985.43,0.51,23,1,0,Normal transaction in health
entertainment,1227.41,0.67,21,1,0,Normal transaction in entertainment
other,2268.12,1.47,4,0,0,Normal transaction in other
transport,3693.24,1.52,27,1,0,Normal transaction in transport
shopping,13926.6,0.45,5,0,0,Normal transaction in shopping
food,1489.16,1.31,23,0,0,Normal transaction in food
entertainment,602.15,1.68,15,0,0,Normal transaction in entertainment
transport,694.24,1.55,28,1,0,Normal transaction in transport
food,2890.12,0.86,12,1,0,Normal transaction in food
food,3409.73,1.04,23,1,0,Normal transaction in food
transport,4059.99,0.22,6,0,0,Normal transaction in transport
health,1803.07,0.52,7,1,0,Normal transaction in health
entertainment,1214.68,0.37,10,0,0,Normal transaction in entertainment
food,935.72,1.63,8,1,0,Normal transaction in food
food,2761.87,0.81,19,0,0,Normal transaction in food
education,11321.95,1.63,24,1,0,Normal transaction in education
entertainment,2144.07,1.58,14,1,0,Normal transaction in entertainment
rent,17541.34,0.86,15,1,0,Normal transaction in rent
entertainment,1954.17,1.21,3,0,0,Normal transaction in entertainment
rent,28975.35,1.72,3,1,0,Normal transaction in rent
health,2877.26,1.52,9,0,0,Normal transaction in health
transport,1308.76,0.42,6,0,0,Normal transaction in transport
other,2130.12,0.84,23,0,0,Normal transaction in other
education,5852.99,0.67,6,0,0,Normal transaction in education
entertainment,1684.28,0.44,9,1,0,Normal transaction in entertainment
rent,35885.12,1.16,24,0,0,Normal transaction in rent
entertainment,302.4,0.82,7,0,0,Normal transaction in entertainment
other,438.07,1.69,16,0,0,Normal transaction in other
rent,13466.12,0.39,28,1,0,Normal transaction in rent
food,590.88,0.23,12,1,0,Normal transaction in food
rent,30211.91,0.66,28,0,0,Normal transaction in rent
entertainment,1937.14,0.77,16,1,0,Normal transaction in entertainment
education,12434.08,1.5,25,0,0,Normal transaction in education
other,2160.08,1.63,20,1,0,Normal transaction in other
rent,137264.41,5.65,7,0,1,Unusual high spike in rent
transport,2132.22,0.65,21,1,0,Normal transaction in transport
transport,15380.48,4.23,24,0,1,Unusual high spike in transport
rent,41722.08,1.06,6,1,0,Normal transaction in rent
education,11845.98,1.73,6,1,0,Normal transaction in education
education,21015.66,1.46,22,0,0,Normal transaction in education
food,1008.28,0.94,23,0,0,Normal transaction in food
health,6219.63,1.52,8,1,0,Normal transaction in health
rent,33427.38,0.99,27,1,0,Normal transaction in rent
transport,3273.91,1.08,7,0,0,Normal transaction in transport
rent,16822.13,0.55,15,0,0,Normal transaction in rent
entertainment,819.6,0.73,22,0,0,Normal transaction in entertainment
transport,1781.33,1.71,5,0,0,Normal transaction in transport
rent,25531.29,0.74,26,0,0,Normal transaction in rent
shopping,13203.93,1.77,19,0,0,Normal transaction in shopping
health,1754.92,0.97,27,1,0,Normal transaction in health
entertainment,1034.8,1.76,7,1,0,Normal transaction in entertainment
health,2459.37,0.75,23,1,0,Normal transaction in health
rent,33934.64,0.2,17,1,0,Normal transaction in rent
shopping,78240.91,6.64,4,0,1,Unusual high spike in shopping
transport,3640.35,1.05,9,1,0,Normal transaction in transport
food,1729.76,1.62,26,1,0,Normal transaction in food
food,1656.45,1.07,11,0,0,Normal transaction in food
health,7680.18,0.82,9,0,0,Normal transaction in health
transport,730.21,1.49,28,1,0,Normal transaction in transport
transport,1789.95,0.68,13,1,0,Normal transaction in transport
transport,3394.95,1.06,14,1,0,Normal transaction in transport
other,3539.39,1.12,1,0,0,Normal transaction in other
shopping,5760.96,0.64,9,1,0,Normal transaction in shopping
rent,30228.64,1.53,5,1,0,Normal transaction in rent
education,15855.81,0.26,23,0,0,Normal transaction in education
entertainment,1335.35,1.04,13,1,0,Normal transaction in entertainment
other,31121.07,5.51,15,1,1,Unusual high spike in other
food,2780.42,0.46,8,0,0,Normal transaction in food
education,16017.55,0.62,2,0,0,Normal transaction in education
food,682.06,0.53,17,1,0,Normal transaction in food
food,3062.85,1.17,8,0,0,Normal transaction in food
food,2571.22,1.79,2,1,0,Normal transaction in food
education,23609.98,0.97,8,1,0,Normal transaction in education
other,4822.93,0.66,13,0,0,Normal transaction in other
food,1007.91,1.08,19,0,0,Normal transaction in food
rent,20712.53,0.88,5,1,0,Normal transaction in rent
food,2302.83,0.54,15,0,0,Normal transaction in food
education,19101.2,0.54,15,1,0,Normal transaction in education
health,5852.78,1.21,17,1,0,Normal transaction in health
transport,795.36,0.62,19,1,0,Normal transaction in transport
entertainment,2693.73,0.49,21,0,0,Normal transaction in entertainment
transport,4463.26,0.74,16,1,0,Normal transaction in transport
health,6921.08,0.7,7,1,0,Normal transaction in health
entertainment,917.76,1.61,6,1,0,Normal transaction in entertainment
other,3062.09,0.27,16,1,0,Normal transaction in other
other,1357.05,0.65,5,0,0,Normal transaction in other
shopping,17196.59,1.65,27,0,0,Normal transaction in shopping
health,554.22,0.92,6,0,0,Normal transaction in health
health,794.1,0.89,17,1,0,Normal transaction in health
entertainment,2581.57,0.65,20,0,0,Normal transaction in entertainment
transport,2800.27,1.04,6,0,0,Normal transaction in transport
shopping,4427.58,1.28,27,1,0,Normal transaction in shopping
transport,56.55,0.6,28,1,0,Normal transaction in transport
health,391.72,1.76,6,1,0,Normal transaction in health
shopping,12641.54,1.53,24,0,0,Normal transaction in shopping
rent,41023.55,0.38,15,1,0,Normal transaction in rent
entertainment,1317.87,0.45,10,0,0,Normal transaction in entertainment
transport,3176.16,0.65,23,1,0,Normal transaction in transport
education,12243.86,1.37,14,0,0,Normal transaction in education
education,2767.3,0.79,7,0,0,Normal transaction in education
entertainment,2231.3,1.59,16,0,0,Normal transaction in entertainment
health,3115.71,0.82,21,0,0,Normal transaction in health
food,2014.18,1.79,2,0,0,Normal transaction in food
rent,36433.27,0.23,2,0,0,Normal transaction in rent
education,131719.44,4.11,10,1,1,Unusual high spike in education
health,6348.54,0.23,5,0,0,Normal transaction in health
rent,190039.06,3.68,13,1,1,Unusual high spike in rent
transport,165.02,1.47,19,0,0,Normal transaction in transport
food,150.49,1.04,10,0,0,Normal transaction in food
rent,14556.13,0.41,10,1,0,Normal transaction in rent
rent,42173.01,0.48,8,0,0,Normal transaction in rent
education,7901.45,0.9,19,0,0,Normal transaction in education
other,33012.18,3.2,9,0,1,Unusual high spike in other
entertainment,384.66,0.24,16,0,0,Normal transaction in entertainment
other,3574.86,1.49,1,0,0,Normal transaction in other
shopping,11147.25,1.69,11,1,0,Normal transaction in shopping
food,829.12,0.45,7,1,0,Normal transaction in food
transport,3129.58,0.4,22,0,0,Normal transaction in transport
rent,15306.18,1.09,26,1,0,Normal transaction in rent
transport,1055.49,0.38,12,0,0,Normal transaction in transport
transport,2345.97,1.08,27,0,0,Normal transaction in transport
health,3863.85,0.83,17,0,0,Normal transaction in health
rent,35968.18,1.03,24,1,0,Normal transaction in rent
entertainment,2188.67,1.46,23,1,0,Normal transaction in entertainment
rent,224589.91,6.87,15,1,1,Unusual high spike in rent
health,7638.03,1.38,3,0,0,Normal transaction in health
food,1886.62,1.28,8,1,0,Normal transaction in food
rent,27896.08,1.37,24,0,0,Normal transaction in rent
entertainment,1065.68,0.81,1,1,0,Normal transaction in entertainment
shopping,1578.99,1.05,19,1,0,Normal transaction in shopping
other,3055.37,0.49,9,0,0,Normal transaction in other
transport,2728.74,0.77,26,1,0,Normal transaction in transport
rent,36286.66,0.57,1,1,0,Normal transaction in rent
food,1026.12,1.62,12,1,0,Normal transaction in food
education,12467.58,1.48,8,1,0,Normal transaction in education
rent,34855.4,0.97,1,0,0,Normal transaction in rent
rent,10662.09,0.35,27,1,0,Normal transaction in rent
other,2136.85,1.41,18,1,0,Normal transaction in other
rent,10892.78,0.77,1,0,0,Normal transaction in rent
food,16732.65,6.45,12,1,1,Unusual high spike in food
education,9789.09,0.64,26,1,0,Normal transaction in education
shopping,2233.24,1.13,22,1,0,Normal transaction in shopping
education,11453.81,0.36,4,0,0,Normal transaction in education
education,17213.42,0.9,1,1,0,Normal transaction in education
rent,31770.02,1.77,17,1,0,Normal transaction in rent
education,8686.11,0.51,12,0,0,Normal transaction in education
education,7714.67,0.86,23,0,0,Normal transaction in education
other,762.68,1.63,8,0,0,Normal transaction in other
education,24667.58,0.69,8,0,0,Normal transaction in education
transport,122.58,1.4,23,1,0,Normal transaction in transport
entertainment,1388.31,0.62,28,0,0,Normal transaction in entertainment
transport,1475.41,0.53,23,1,0,Normal transaction in transport
health,2384.82,1.29,4,0,0,Normal transaction in health
health,2954.73,0.25,5,0,0,Normal transaction in health
transport,1401.78,1.16,13,0,0,Normal transaction in transport
rent,17147.89,1.64,25,1,0,Normal transaction in rent
other,5795.79,0.24,1,1,0,Normal transaction in other
entertainment,1151.13,1.67,9,1,0,Normal transaction in entertainment
shopping,14200.0,1.57,28,0,0,Normal transaction in shopping
education,1928.58,1.38,2,1,0,Normal transaction in education
food,3125.57,1.53,24,1,0,Normal transaction in food
other,18711.27,4.09,26,1,1,Unusual high spike in other
food,1839.07,0.82,9,0,0,Normal transaction in food
food,2781.77,0.36,24,1,0,Normal transaction in food
health,3453.32,1.34,12,1,0,Normal transaction in health
transport,3919.33,0.61,6,1,0,Normal transaction in transport
entertainment,2220.08,1.48,14,0,0,Normal transaction in entertainment
food,435.42,0.85,15,0,0,Normal transaction in food
health,2594.88,0.55,12,0,0,Normal transaction in health
entertainment,2233.64,0.36,26,0,0,Normal transaction in entertainment
education,24023.74,0.85,22,0,0,Normal transaction in education
other,4007.74,1.54,14,1,0,Normal transaction in other
food,3441.68,1.01,21,0,0,Normal transaction in food
shopping,17271.76,1.39,20,1,0,Normal transaction in shopping
entertainment,2256.88,1.48,19,0,0,Normal transaction in entertainment
food,1768.45,0.59,10,1,0,Normal transaction in food
other,5512.02,0.33,20,1,0,Normal transaction in other
shopping,960.67,1.05,3,0,0,Normal transaction in shopping
shopping,1963.35,0.39,19,1,0,Normal transaction in shopping
other,5197.35,0.42,17,0,0,Normal transaction in other
food,254.67,1.57,8,0,0,Normal transaction in food
transport,14318.07,5.6,16,1,1,Unusual high spike in transport
food,1005.61,1.41,22,0,0,Normal transaction in food
entertainment,2305.69,0.64,24,0,0,Normal transaction in entertainment
rent,15886.79,0.53,28,0,0,Normal transaction in rent
education,109586.28,5.56,7,0,1,Unusual high spike in education
shopping,109761.57,4.89,7,0,1,Unusual high spike in shopping
entertainment,2273.26,1.4,27,1,0,Normal transaction in entertainment
transport,3699.53,1.37,20,0,0,Normal transaction in transport
education,9167.35,0.21,3,1,0,Normal transaction in education
rent,118142.79,3.01,24,1,1,Unusual high spike in rent
education,1653.5,0.27,28,1,0,Normal transaction in education
shopping,3454.5,1.36,5,0,0,Normal transaction in shopping
shopping,89563.53,5.55,5,1,1,Unusual high spike in shopping
other,614.67,0.49,11,1,0,Normal transaction in other
shopping,11417.48,0.48,13,1,0,Normal transaction in shopping
entertainment,14237.71,6.32,15,0,1,Unusual high spike in entertainment
other,3357.74,1.78,12,1,0,Normal transaction in other
food,730.36,1.0,28,0,0,Normal transaction in food
rent,162075.79,3.67,5,0,1,Unusual high spike in rent
entertainment,2353.64,0.86,27,1,0,Normal transaction in entertainment
health,7929.74,1.12,28,1,0,Normal transaction in health
entertainment,1426.87,0.87,10,0,0,Normal transaction in entertainment
transport,3907.63,0.36,26,1,0,Normal transaction in transport
health,4612.61,0.39,25,1,0,Normal transaction in health
rent,34848.82,0.68,7,0,0,Normal transaction in rent
rent,36398.75,1.56,10,0,0,Normal transaction in rent
shopping,10046.85,0.51,10,0,0,Normal transaction in shopping
education,2765.11,0.91,15,1,0,Normal transaction in education
food,2054.47,0.22,21,1,0,Normal transaction in food
food,3400.91,0.94,7,0,0,Normal transaction in food
other,3070.16,1.07,4,0,0,Normal transaction in other
shopping,11903.5,0.38,7,1,0,Normal transaction in shopping
other,3409.74,1.6,27,1,0,Normal transaction in other
rent,36213.37,0.35,12,1,0,Normal transaction in rent
transport,1407.82,1.07,28,1,0,Normal transaction in transport
education,18976.02,1.58,17,1,0,Normal transaction in education
health,6561.3,0.52,15,0,0,Normal transaction in health
entertainment,1660.83,0.76,13,1,0,Normal transaction in entertainment
health,7813.67,0.92,24,0,0,Normal transaction in health
shopping,6932.98,0.29,2,1,0,Normal transaction in shopping
rent,247103.96,3.31,24,0,1,Unusual high spike in rent
entertainment,1194.95,0.36,20,1,0,Normal transaction in entertainment
shopping,4380.16,0.95,16,1,0,Normal transaction in shopping
shopping,1438.29,0.94,4,1,0,Normal transaction in shopping
education,18583.89,1.31,3,0,0,Normal transaction in education
transport,1335.48,1.55,24,0,0,Normal transaction in transport
food,2525.43,1.65,15,0,0,Normal transaction in food
transport,1092.38,0.89,12,0,0,Normal transaction in transport
other,3427.37,0.67,25,0,0,Normal transaction in other
rent,38821.28,1.66,24,0,0,Normal transaction in rent
health,5173.62,1.65,16,1,0,Normal transaction in health
other,4202.15,0.62,11,0,0,Normal transaction in other
entertainment,2373.27,1.27,4,0,0,Normal transaction in entertainment
health,6548.66,0.6,27,0,0,Normal transaction in health
