user_id,month_idx,income,total_expense,savings,savings_rate,food_expense,rent_expense,transport_expense,shopping_expense,health_expense,entertainment_expense,education_expense,other_expense,habit_completion_rate,task_completion_rate,mood_index,life_score,risk_class,target_next_month_expense
1,0,25000.0,17490.76,7509.24,0.3004,4081.37,5379.87,2208.48,2232.2,1691.15,1372.0,560.35,874.54,0.475,0.6863,0.5284,44,Moderate,17816.99
1,1,25000.0,15352.73,9647.27,0.3859,4902.3,4525.47,1649.33,2337.45,985.18,667.9,964.18,767.64,0.4473,0.824,0.5395,51,Moderate,15290.83
1,2,25000.0,15587.99,9412.01,0.3765,5059.16,3938.6,1877.23,2576.39,1454.07,1085.13,1099.39,779.4,0.3433,0.5983,0.449,42,Moderate,15687.96
1,3,25000.0,18681.86,6318.14,0.2527,4542.23,5122.57,1622.29,1229.88,1404.73,1640.72,531.06,2588.36,0.4736,0.7775,0.5836,45,Moderate,17971.83
1,4,25000.0,17765.12,7234.88,0.2894,6034.77,4459.84,2346.58,3134.85,672.35,1402.17,727.37,888.26,0.2994,0.8551,0.4983,43,Moderate,17753.34
1,5,25000.0,19189.4,5810.6,0.2324,4960.12,7398.3,2170.73,1979.35,603.75,1383.54,1403.2,959.47,0.374,0.8376,0.6544,42,Moderate,19653.31
1,6,25250.0,17937.47,7312.53,0.2896,4351.02,5012.48,2193.51,2057.29,1071.73,1979.95,1295.51,896.87,0.4695,0.764,0.6982,46,Moderate,18162.64
1,7,25250.0,15370.95,9879.05,0.3912,5122.21,4435.5,2273.19,2049.82,984.23,1708.96,1071.42,768.55,0.4985,0.7116,0.6964,50,Moderate,15214.92
1,8,25250.0,18432.71,6817.29,0.27,3930.92,5414.07,1658.68,3586.52,1663.26,1428.93,1127.6,921.64,0.473,0.6301,0.5491,42,Moderate,18721.47
1,9,25250.0,19061.97,6188.03,0.2451,4851.26,5818.29,1545.41,2554.11,639.81,983.82,1087.16,1582.12,0.4023,0.6505,0.47,39,Moderate,17964.01
1,10,25250.0,16372.51,8877.49,0.3516,4048.44,6331.1,1601.22,2811.45,1279.59,1432.27,526.99,818.63,0.3989,0.7367,0.5288,46,Moderate,16729.34
1,11,25250.0,17979.43,7270.57,0.2879,4026.01,5367.05,2250.1,1212.97,1432.67,1675.7,836.35,1178.59,0.2823,0.7969,0.4446,41,Moderate,17253.3
1,12,25500.0,17917.79,7582.21,0.2973,5691.64,4513.73,1650.99,1352.25,942.66,2029.38,1068.7,668.45,0.3304,0.5637,0.4061,37,Moderate,17029.67
1,13,25500.0,19922.61,5577.39,0.2187,5616.15,7692.56,2076.93,3763.7,1283.52,1220.7,436.2,996.13,0.3473,0.5899,0.4528,35,Moderate,19733.1
1,14,25500.0,18461.43,7038.57,0.276,4434.88,5071.51,1623.73,1443.49,817.69,1853.74,1046.0,2170.39,0.5642,0.6966,0.5376,46,Moderate,18328.39
1,15,25500.0,19494.69,6005.31,0.2355,6499.41,6462.04,2653.12,2212.51,1486.8,1331.8,1503.69,974.73,0.4601,0.5929,0.5787,39,Moderate,18671.24
1,16,25500.0,17592.23,7907.77,0.3101,5420.66,6606.02,2638.8,1871.88,1098.59,1852.95,755.5,879.61,0.2892,0.8141,0.5282,42,Moderate,17293.44
1,17,25500.0,19063.82,6436.18,0.2524,4035.12,7245.01,2707.04,1827.37,1631.87,2025.61,1037.37,953.19,0.2852,0.6403,0.4334,35,Moderate,19319.69
1,18,25750.0,18329.65,7420.35,0.2882,4135.07,5769.98,1477.0,2348.85,1356.49,1854.54,484.34,903.37,0.3778,0.8267,0.6784,44,Moderate,17797.98
1,19,25750.0,16277.9,9472.1,0.3678,3856.52,6361.81,2068.6,2584.12,1355.73,1090.42,876.81,813.9,0.4738,0.6078,0.5775,45,Moderate,16437.0
1,20,25750.0,18994.5,6755.5,0.2623,3899.54,5742.67,2224.37,1534.26,1373.89,2278.81,428.56,1512.4,0.5603,0.8202,0.7028,49,Moderate,19980.56
1,21,25750.0,19734.05,6015.95,0.2336,6119.39,6535.72,2700.21,1658.64,1837.0,1246.42,518.54,986.7,0.3294,0.8531,0.589,41,Moderate,19655.11
1,22,25750.0,18720.51,7029.49,0.273,6189.9,6313.52,2345.09,2998.43,991.94,2013.73,1364.15,936.03,0.4133,0.7994,0.6249,44,Moderate,19005.49
1,23,25750.0,20195.29,5554.71,0.2157,6339.85,6104.08,2614.61,1083.98,1222.92,2332.47,1608.8,1009.76,0.2814,0.6681,0.4718,34,Moderate,21319.19
2,0,45000.0,28378.8,16621.2,0.3694,8373.46,10266.5,3010.6,3527.51,2059.73,2496.12,1353.97,1418.94,0.7948,0.6005,0.6209,55,Low,27279.26
2,1,45000.0,28789.3,16210.7,0.3602,6701.17,11357.19,4213.14,3551.28,950.11,2709.39,1672.14,1439.46,0.7422,0.73,0.6814,56,Low,27357.03
2,2,45000.0,28749.59,16250.41,0.3611,8696.34,11394.79,4159.33,2582.69,2241.49,1858.81,611.31,1437.48,0.8291,0.521,0.6569,54,Low,28700.23
2,3,45000.0,27600.02,17399.98,0.3867,7619.05,8492.46,3551.07,1735.42,2051.08,2056.65,2096.4,1380.0,0.7846,0.7657,0.7052,60,Low,28851.56
2,4,45000.0,23349.97,21650.03,0.4811,7054.17,6489.26,2256.59,3792.1,1422.03,2295.56,768.24,1167.5,0.8173,0.6839,0.7447,63,Low,22705.97
2,5,45000.0,31248.31,13751.69,0.3056,7153.26,8163.95,3253.33,4721.46,2503.06,3261.81,2030.41,161.04,0.6427,0.5743,0.5235,47,Low,29953.87
2,6,45450.0,27569.48,17880.52,0.3934,9340.0,7597.77,3064.8,2434.41,1866.66,3056.52,1792.2,1378.47,0.6664,0.5415,0.7037,51,Low,28542.36
2,7,45450.0,30734.84,14715.16,0.3238,9805.19,9608.75,3115.66,5698.45,3051.58,1387.27,794.89,1536.74,0.7227,0.5931,0.7507,51,Low,30474.69
2,8,45450.0,25339.56,20110.44,0.4425,7489.44,6406.48,2994.64,3726.65,2335.31,1557.95,1341.2,1266.98,0.7892,0.6867,0.7189,60,Low,23968.57
2,9,45450.0,29328.81,16121.19,0.3547,9781.49,9112.17,4198.07,1509.44,1966.97,1283.99,1779.36,1466.44,0.7186,0.7093,0.7087,55,Low,31168.31
2,10,45450.0,28623.21,16826.79,0.3702,8605.54,8363.57,4189.3,4893.55,1228.53,2351.36,865.23,1431.16,0.8982,0.6614,0.804,60,Low,27149.93
2,11,45450.0,30935.78,14514.22,0.3193,8716.66,8743.36,4225.37,5419.17,1097.4,2633.19,1898.62,1546.79,0.6907,0.7167,0.6105,53,Low,31155.93
2,12,45900.0,28693.59,17206.41,0.3749,6605.65,10377.44,2309.37,2895.31,2166.23,1155.28,2120.05,1064.25,0.6861,0.7822,0.7868,57,Low,28929.04
2,13,45900.0,24203.48,21696.52,0.4727,5879.85,7548.17,2920.01,3843.59,1060.87,2305.02,1075.3,1210.17,0.8506,0.5921,0.6438,61,Low,25299.55
2,14,45900.0,29112.02,16787.98,0.3658,9700.35,7982.66,3322.17,4493.11,2011.28,2464.66,1217.66,1455.6,0.6901,0.5791,0.6802,51,Low,30764.12
2,15,45900.0,27646.97,18253.03,0.3977,5671.13,7637.09,2599.0,3400.64,1619.18,2547.2,958.27,3214.45,0.8268,0.5646,0.7334,56,Low,27105.59
2,16,45900.0,26332.23,19567.77,0.4263,5876.86,8530.79,3208.57,1373.38,1084.64,2977.34,1610.02,1670.65,0.9032,0.651,0.7814,62,Low,26569.17
2,17,45900.0,28844.19,17055.81,0.3716,7574.98,9534.56,2658.12,3651.94,1356.67,2560.4,960.04,547.48,0.6504,0.6105,0.5365,51,Low,29543.82
2,18,46350.0,30022.84,16327.16,0.3523,6265.15,10010.32,2728.13,5824.78,1287.04,2277.02,2320.76,1501.14,0.7278,0.6992,0.6582,55,Low,28597.74
2,19,46350.0,26093.18,20256.82,0.437,8248.02,8832.78,3419.21,2255.65,2548.12,1407.64,1208.64,1304.66,0.7568,0.6135,0.7038,57,Low,26672.55
2,20,46350.0,24369.43,21980.57,0.4742,6452.35,9343.44,3367.9,4073.86,1002.81,2911.46,1682.85,1218.47,0.8734,0.6333,0.8253,63,Low,24139.0
2,21,46350.0,26959.71,19390.29,0.4183,5543.21,7082.26,3484.89,1661.23,1092.65,2992.26,540.61,4562.6,0.7949,0.5283,0.6768,55,Low,26375.52
2,22,46350.0,24996.77,21353.23,0.4607,7105.99,9088.63,2223.99,3306.44,1288.08,1659.24,778.63,1249.84,0.6606,0.8043,0.8053,60,Low,26149.53
2,23,46350.0,24631.15,21718.85,0.4686,8349.97,9124.55,2194.52,2901.93,2409.43,1035.17,1107.44,1231.56,0.7925,0.8015,0.7821,64,Low,25580.68
3,0,120000.0,93596.52,26403.48,0.22,24709.16,34246.1,9399.38,14479.91,6697.43,5623.34,3103.5,4679.83,0.7737,0.7246,0.763,51,Moderate,98782.0
3,1,120000.0,92636.11,27363.89,0.228,30120.19,28321.59,12475.67,17223.74,6068.04,6325.53,3757.25,4631.81,0.6834,0.8149,0.7842,51,Moderate,92531.92
3,2,120000.0,85040.2,34959.8,0.2913,24781.36,33563.73,9809.99,9532.99,5740.27,8035.56,5806.54,4252.01,0.7763,0.8691,0.7951,58,Moderate,90020.04
3,3,120000.0,95129.16,24870.84,0.2073,21397.35,34606.8,13514.83,10140.72,4732.04,5849.86,3754.14,1133.42,0.6195,0.6898,0.6629,45,Moderate,91677.3
3,4,120000.0,84947.28,35052.72,0.2921,29554.36,31583.55,7824.84,8488.78,8254.52,7172.21,6352.28,4247.36,0.8117,0.7193,0.7936,55,Moderate,89934.37
3,5,120000.0,90641.02,29358.98,0.2447,23716.7,33048.49,10989.05,4566.78,8011.08,7308.77,6269.3,4532.05,0.7897,0.8193,0.897,55,Moderate,96478.2
3,6,121200.0,87745.02,33454.98,0.276,25590.12,32755.04,12779.8,11132.75,4937.64,5749.21,2387.31,4387.25,0.6532,0.7496,0.6194,50,Moderate,88457.62
3,7,121200.0,91955.54,29244.46,0.2413,31917.49,34942.54,12814.68,14891.63,4090.96,9494.98,5582.16,4597.78,0.795,0.6328,0.779,50,Moderate,89246.39
3,8,121200.0,98951.0,22249.0,0.1836,28518.46,27433.33,14162.32,5926.56,9482.77,6914.54,4142.73,2370.28,0.7487,0.612,0.7156,46,Moderate,97121.85
3,9,121200.0,95482.31,25717.69,0.2122,33025.57,33688.35,12092.02,14364.91,7907.21,9809.6,4168.53,4774.12,0.6523,0.7158,0.711,47,Moderate,100570.4
3,10,121200.0,98489.25,22710.75,0.1874,30971.65,37004.01,8677.48,13378.45,3000.38,4165.56,4520.2,4924.46,0.6632,0.6967,0.622,45,Moderate,97439.23
3,11,121200.0,102093.16,19106.84,0.1576,30525.72,28489.28,8734.08,10900.48,3211.78,9743.06,3838.39,6650.37,0.5969,0.8659,0.7922,46,Moderate,105173.37
3,12,122400.0,95270.23,27129.77,0.2216,23246.2,27106.43,12226.33,17322.39,5439.42,8534.7,4486.56,4763.51,0.6749,0.7412,0.7261,48,Moderate,95228.52
3,13,122400.0,83877.16,38522.84,0.3147,23778.26,24345.2,12578.76,9451.96,4704.71,4935.11,4319.12,4193.86,0.816,0.7109,0.7421,56,Low,80560.84
3,14,122400.0,92871.65,29528.35,0.2412,24150.2,33330.73,10984.06,15528.99,8879.68,9754.15,2500.0,4643.58,0.7508,0.7847,0.7856,52,Moderate,92928.57
3,15,122400.0,91146.47,31253.53,0.2553,18497.96,28515.67,8714.88,8738.3,5573.05,6078.7,2578.24,12449.67,0.658,0.7691,0.6713,50,Moderate,94483.1
3,16,122400.0,95032.41,27367.59,0.2236,19812.21,26106.1,11959.53,17493.27,4236.56,3968.71,5587.32,5868.71,0.5982,0.7715,0.6331,47,Moderate,92928.26
3,17,122400.0,87529.02,34870.98,0.2849,20096.19,34928.02,11370.76,8713.85,5318.86,7778.39,1911.05,4376.45,0.6266,0.8842,0.7927,53,Moderate,82742.9
3,18,123600.0,103682.72,19917.28,0.1611,29399.48,27959.91,10105.74,11118.78,4632.73,7623.56,4852.84,7989.68,0.6176,0.7227,0.7265,43,Moderate,104563.46
3,19,123600.0,94098.04,29501.96,0.2387,32439.08,24267.03,8180.23,10335.76,5822.81,10948.45,7509.61,4704.9,0.6214,0.8117,0.746,49,Moderate,95867.72
3,20,123600.0,99227.57,24372.43,0.1972,30554.85,26780.53,13983.09,10662.46,4491.89,4600.71,4495.07,3658.99,0.8033,0.7993,0.83,52,Moderate,97319.33
3,21,123600.0,87233.45,36366.55,0.2942,28405.2,25808.96,8590.58,4674.56,3613.78,8408.35,6368.4,1363.61,0.7958,0.7771,0.7101,56,Moderate,85150.13
3,22,123600.0,89138.17,34461.83,0.2788,29065.13,28259.54,10696.55,17238.8,4143.88,6337.03,4386.87,4456.91,0.6514,0.7703,0.7582,51,Moderate,92672.43
3,23,123600.0,97110.02,26489.98,0.2143,28198.67,24396.31,12975.91,12404.11,4489.99,10976.63,7692.48,4855.5,0.7182,0.8547,0.8073,52,Moderate,95033.07
4,0,120000.0,88257.28,31742.72,0.2645,28109.33,25511.81,8783.24,10476.69,5444.7,6088.35,3209.18,633.98,0.5616,0.458,0.5318,40,Moderate,91295.49
4,1,120000.0,82360.46,37639.54,0.3137,22155.79,28610.74,9757.45,7543.38,2786.82,5387.07,2093.77,4025.43,0.4883,0.3946,0.3536,38,Moderate,83989.03
4,2,120000.0,75616.87,44383.13,0.3699,20214.29,20813.62,9007.45,13786.58,3477.4,5528.53,5820.87,3780.84,0.5274,0.5505,0.5153,46,Moderate,77069.51
4,3,120000.0,89678.96,30321.04,0.2527,25131.73,28880.78,7176.98,14163.62,4939.16,4349.87,4891.37,145.45,0.3787,0.5422,0.4724,36,Moderate,92136.62
4,4,120000.0,95815.0,24185.0,0.2015,24821.21,37586.99,13282.51,18161.67,9580.27,7497.67,6351.96,4790.75,0.4088,0.5118,0.4859,34,Moderate,99697.01
4,5,120000.0,93623.16,26376.84,0.2198,29646.34,24347.39,10132.63,10387.46,7600.17,9248.63,6652.0,4681.16,0.5871,0.5153,0.4696,40,Moderate,93010.03
4,6,121200.0,87877.67,33322.33,0.2749,20312.44,29010.27,8517.57,16764.25,3512.38,9134.87,2442.08,4393.88,0.4653,0.3407,0.3483,34,Moderate,90428.69
4,7,121200.0,81120.58,40079.42,0.3307,21048.85,30126.08,8061.47,9975.94,2605.76,5274.8,3540.82,486.87,0.5286,0.3974,0.3685,40,Moderate,79090.39
4,8,121200.0,85899.54,35300.46,0.2913,21515.49,22804.42,7527.0,10287.47,3601.52,9655.48,5079.15,5429.01,0.6308,0.3455,0.4395,40,Moderate,90213.39
4,9,121200.0,93295.03,27904.97,0.2302,31504.16,25612.1,7523.37,4994.56,7201.23,4947.62,1971.02,9540.97,0.5543,0.5302,0.5654,40,Moderate,90682.06
4,10,121200.0,84796.95,36403.05,0.3004,22381.94,26525.75,7017.8,16035.78,6111.97,9338.21,2653.18,4239.85,0.4597,0.2788,0.3958,34,Moderate,88369.65
4,11,121200.0,82585.66,38614.34,0.3186,28321.56,32140.51,10290.88,8180.78,6463.63,7896.45,2372.15,4129.28,0.439,0.5128,0.3788,40,Moderate,82173.57
4,12,122400.0,81116.18,41283.82,0.3373,21687.2,31438.82,11911.06,10998.77,7260.02,8464.17,2723.23,4055.81,0.4693,0.5247,0.5273,42,Moderate,84990.74
4,13,122400.0,80658.66,41741.34,0.341,17265.14,23404.13,10949.95,9450.14,7857.84,3768.21,5817.78,2145.47,0.4749,0.5234,0.4613,42,Moderate,83340.35
4,14,122400.0,93659.57,28740.43,0.2348,29568.28,24160.18,10209.76,5600.78,4211.53,7752.28,2227.2,9929.56,0.6275,0.5363,0.6501,42,Moderate,95961.58
4,15,122400.0,79542.04,42857.96,0.3501,20775.68,29745.35,7543.49,11547.97,4769.49,7643.29,5874.14,3977.1,0.6076,0.417,0.4615,44,Low,77679.77
4,16,122400.0,77689.52,44710.48,0.3653,24404.34,25734.38,10225.49,8678.23,6003.79,5814.86,2964.86,3884.48,0.5685,0.3092,0.4707,41,Moderate,73551.31
4,17,122400.0,88121.42,34278.58,0.2801,26947.89,28773.43,10760.78,16204.81,6836.05,9357.47,6954.97,4406.07,0.6059,0.554,0.6307,44,Moderate,86725.1
4,18,123600.0,89434.22,34165.78,0.2764,30819.04,28124.06,12347.11,11621.3,8088.87,9344.83,5257.94,4471.71,0.5887,0.3496,0.4052,38,Moderate,89840.77
4,19,123600.0,91804.85,31795.15,0.2572,32119.59,26858.32,11917.4,15539.2,8196.05,5470.57,6048.28,4590.24,0.6411,0.2964,0.5204,38,Moderate,95541.34
4,20,123600.0,95483.16,28116.84,0.2275,23641.04,29231.75,13499.95,17445.21,3790.58,5808.71,6253.45,4774.16,0.4831,0.353,0.3357,33,Moderate,98090.87
4,21,123600.0,80381.69,43218.31,0.3497,16793.22,27532.6,10154.7,11792.18,3022.79,7229.44,5380.39,4019.08,0.4387,0.3518,0.4378,37,Moderate,79203.39
4,22,123600.0,84302.35,39297.65,0.3179,26858.82,24009.75,8606.56,7665.67,4354.75,9886.44,4700.36,4215.12,0.5217,0.3366,0.417,38,Moderate,81986.89
4,23,123600.0,90303.92,33296.08,0.2694,21503.74,22804.43,10918.83,6748.99,8467.89,9060.66,2388.36,8411.04,0.6117,0.4985,0.5645,42,Moderate,89052.28
5,0,25000.0,18235.37,6764.63,0.2706,3750.87,6634.96,2268.14,3000.37,814.06,1001.03,1046.08,911.77,0.7503,0.4863,0.5561,46,Moderate,19227.22
5,1,25000.0,21757.12,3242.88,0.1297,5551.41,6569.1,3154.62,4327.58,1899.98,2416.11,828.77,1087.86,0.5288,0.6517,0.6265,37,Moderate,21859.76
5,2,25000.0,20684.91,4315.09,0.1726,4818.47,8224.96,1987.0,1788.05,1461.01,1306.1,502.61,596.71,0.6015,0.4871,0.6291,37,Moderate,20999.03
5,3,25000.0,19938.5,5061.5,0.2025,5318.36,6300.24,2880.7,3345.32,1336.96,2161.93,1210.89,996.93,0.5915,0.6749,0.6341,43,Moderate,20208.92
5,4,25000.0,19395.15,5604.85,0.2242,5175.69,5426.5,2477.7,1176.86,1399.86,1446.36,808.43,1483.76,0.6308,0.6014,0.6822,44,Moderate,19853.78
5,5,25000.0,21168.46,3831.54,0.1533,6250.11,7614.0,2927.18,3451.57,1141.04,1557.24,1273.47,1058.42,0.7433,0.5877,0.624,43,Moderate,21766.65
5,6,25250.0,22375.32,2874.68,0.1138,5977.04,8746.38,3054.37,2822.34,1229.92,1704.1,888.13,1118.77,0.5993,0.5239,0.6408,36,Moderate,23344.33
5,7,25250.0,20519.46,4730.54,0.1873,6831.14,7170.56,1823.79,1801.86,1754.83,1781.78,468.25,1025.97,0.6518,0.3932,0.4489,37,Moderate,20522.59
5,8,25250.0,22094.51,3155.49,0.125,7466.6,6356.8,3307.39,1734.89,922.28,1147.23,1275.9,1104.73,0.5724,0.5579,0.5917,36,Moderate,21502.43
5,9,25250.0,19248.48,6001.52,0.2377,4142.01,6208.94,2764.56,2847.01,1586.65,770.58,463.0,465.72,0.755,0.4643,0.646,44,Moderate,18238.51
5,10,25250.0,21293.5,3956.5,0.1567,7358.17,5553.39,2291.93,3637.36,1015.43,1065.23,979.79,1064.68,0.5449,0.5029,0.6058,35,Moderate,22725.36
5,11,25250.0,19496.79,5753.21,0.2279,4093.2,4959.57,2507.41,1617.87,834.59,1312.76,818.87,3352.52,0.7191,0.5013,0.6427,44,Moderate,20832.79
5,12,25500.0,21416.13,4083.87,0.1602,7158.48,7766.92,1730.43,1087.4,1746.61,993.8,1540.84,1070.81,0.6983,0.5467,0.5438,41,Moderate,20747.02
5,13,25500.0,19285.08,6214.92,0.2437,6284.4,6245.35,1636.58,3100.11,1761.49,1868.87,695.57,964.25,0.5133,0.4311,0.486,37,Moderate,20508.18
5,14,25500.0,21012.38,4487.62,0.176,6293.55,5557.0,2402.8,1719.63,1882.52,1345.96,1475.21,335.7,0.6511,0.3909,0.4803,37,Moderate,20440.37
5,15,25500.0,22175.01,3324.99,0.1304,4638.92,7054.61,2773.49,2743.42,1368.62,1830.12,1266.49,499.34,0.5704,0.4183,0.4705,33,Moderate,21053.22
5,16,25500.0,19726.75,5773.25,0.2264,5744.66,6422.39,1933.32,2822.86,1895.38,1630.32,449.56,986.34,0.5228,0.419,0.3829,36,Moderate,18811.73
5,17,25500.0,20685.01,4814.99,0.1888,5579.63,7870.32,2275.34,2061.39,1532.46,1579.58,866.28,1034.25,0.5146,0.4019,0.4272,33,Moderate,21037.35
5,18,25750.0,21255.9,4494.1,0.1745,7027.26,6334.9,2576.96,3383.67,1053.56,1682.11,1194.42,1062.8,0.752,0.6253,0.6336,46,Moderate,20210.23
5,19,25750.0,21550.46,4199.54,0.1631,6197.83,7410.6,2843.8,4121.22,1444.91,1792.88,1534.1,1077.52,0.778,0.6291,0.7557,46,Moderate,21138.49
5,20,25750.0,20484.88,5265.12,0.2045,4754.56,5934.15,1942.83,1834.64,1787.26,1104.7,1377.64,1749.08,0.5513,0.3965,0.3748,35,Moderate,21515.79
5,21,25750.0,21280.53,4469.47,0.1736,5333.6,6745.94,2003.83,3326.9,1556.13,2221.59,1434.18,1064.03,0.4868,0.4298,0.5489,33,Moderate,20250.91
5,22,25750.0,19452.55,6297.45,0.2446,6381.72,5274.75,2899.1,1562.98,845.64,2037.38,980.75,972.63,0.6134,0.5423,0.5462,42,Moderate,18512.31
5,23,25750.0,19659.86,6090.14,0.2365,4663.9,5001.03,2627.87,1139.09,1891.66,2230.25,1045.97,1060.08,0.7266,0.4362,0.559,43,Moderate,20967.99
6,0,250000.0,148854.03,101145.97,0.4046,33483.21,45415.41,12123.99,14242.68,13632.34,6669.58,11743.74,11543.07,0.7401,0.7584,0.8254,59,Low,153108.93
6,1,250000.0,149031.99,100968.01,0.4039,39759.25,52959.29,17311.15,7469.28,10008.41,7090.97,11780.49,2653.16,0.7663,0.8212,0.7191,61,Low,152867.47
6,2,250000.0,156791.45,93208.55,0.3728,40000.3,41202.78,14214.22,17675.58,6920.52,14468.13,4213.42,18096.51,0.6688,0.6691,0.6547,53,Low,147638.65
6,3,250000.0,166179.32,83820.68,0.3353,44032.8,51993.8,21881.22,15964.93,8368.41,18430.91,6812.53,8308.97,0.7621,0.8252,0.8005,58,Low,169319.11
6,4,250000.0,173976.76,76023.24,0.3041,42410.84,48341.15,16017.62,20686.69,16488.97,14452.16,12191.58,3387.76,0.6259,0.7092,0.6347,50,Low,178014.81
6,5,250000.0,174412.11,75587.89,0.3024,49861.14,45916.71,21601.67,18812.43,7973.9,9224.11,10479.43,10542.71,0.68,0.6891,0.7353,51,Low,169596.6
6,6,252500.0,176070.61,76429.39,0.3027,35662.27,60261.08,22866.96,34322.71,13649.34,18255.31,12086.03,8803.53,0.6768,0.793,0.6549,53,Low,173543.84
6,7,252500.0,160194.67,92305.33,0.3656,48076.72,57768.39,14394.83,9402.33,8247.94,18081.32,4654.75,8009.73,0.8313,0.5737,0.7245,55,Low,165529.98
6,8,252500.0,188180.35,64319.65,0.2547,54816.22,66949.31,24100.04,27162.22,8674.3,19636.27,9466.88,9409.02,0.6582,0.755,0.6789,50,Moderate,184013.56
6,9,252500.0,182383.3,70116.7,0.2777,55175.12,70454.62,24476.23,21003.5,12461.87,18441.77,4600.69,9119.16,0.6507,0.8216,0.8338,52,Moderate,188502.83
6,10,252500.0,178840.99,73659.01,0.2917,40946.0,70741.82,21514.24,10497.57,17153.58,16294.62,5888.86,8942.05,0.7514,0.6637,0.7399,52,Moderate,189757.0
6,11,252500.0,163306.69,89193.31,0.3532,45581.72,57787.3,23728.08,20383.31,11935.74,18540.39,12730.95,8165.33,0.6149,0.7146,0.6462,52,Low,158790.86
6,12,255000.0,154005.6,100994.4,0.3961,40605.22,47456.22,13337.45,20100.37,12653.6,9134.54,8783.56,1934.64,0.6788,0.6328,0.6961,54,Low,150492.19
6,13,255000.0,167534.26,87465.74,0.343,39444.02,49468.72,19067.29,23556.2,16165.54,9009.97,11880.21,8376.71,0.6231,0.7252,0.6143,52,Low,159752.67
6,14,255000.0,171457.66,83542.34,0.3276,43253.18,56397.92,15569.31,12169.78,10866.02,9680.26,4479.28,19041.92,0.7342,0.7124,0.7412,54,Low,181780.44
6,15,255000.0,190111.65,64888.35,0.2545,54003.12,60787.19,28287.9,15863.13,5796.77,19732.98,10907.2,9505.58,0.6339,0.5732,0.6377,44,Moderate,202794.92
6,16,255000.0,165568.69,89431.31,0.3507,50871.63,62496.74,14741.24,18235.79,12046.77,13458.01,6600.29,8278.43,0.7553,0.6228,0.7865,54,Low,172047.45
6,17,255000.0,153684.11,101315.89,0.3973,33141.49,46986.61,19363.2,22183.91,7806.39,9350.76,7262.6,7589.14,0.6563,0.5978,0.6224,52,Low,158681.92
6,18,257500.0,182149.68,75350.32,0.2926,48441.46,64197.3,23614.95,35200.35,11644.6,13399.03,9486.52,9107.48,0.7828,0.5465,0.5693,50,Moderate,183478.54
6,19,257500.0,161880.61,95619.39,0.3713,42956.02,52499.54,21710.09,12865.65,11730.73,13476.99,9426.69,8094.03,0.5672,0.7081,0.5876,51,Moderate,170554.13
6,20,257500.0,188453.04,69046.96,0.2681,60403.17,62408.55,16642.06,34090.73,14404.44,20804.58,12893.12,9422.65,0.5709,0.6212,0.5214,44,Moderate,184721.32
6,21,257500.0,168423.23,89076.77,0.3459,54082.67,44599.48,21074.98,23041.15,6340.28,15550.49,6328.35,8421.16,0.6788,0.7544,0.6872,54,Low,175305.65
6,22,257500.0,185260.7,72239.3,0.2805,54541.37,69333.29,21388.56,27389.17,17756.46,12055.02,6488.58,9263.04,0.792,0.7148,0.7855,54,Moderate,187633.33
6,23,257500.0,167385.37,90114.63,0.35,35322.15,64108.0,24869.32,25877.13,15737.06,11853.24,8388.37,8369.27,0.8012,0.5469,0.5938,53,Low,164699.32
7,0,250000.0,213778.74,36221.26,0.1449,50849.66,82694.27,17132.1,16855.36,18285.19,25154.31,13981.37,10688.94,0.357,0.6594,0.5057,33,Moderate,217490.62
7,1,250000.0,197379.65,52620.35,0.2105,63993.95,67257.76,26344.08,19514.71,16267.93,8415.27,12172.82,9868.98,0.2007,0.7447,0.3816,34,Moderate,191826.11
7,2,250000.0,204927.56,45072.44,0.1803,58048.73,80931.19,23920.69,38796.82,9561.96,22600.56,8036.19,10246.38,0.2789,0.6714,0.5395,33,Moderate,197385.11
7,3,250000.0,193982.03,56017.97,0.2241,54618.06,67965.31,17149.7,24994.99,13311.01,7968.91,12015.29,9699.1,0.2769,0.8711,0.5849,40,Moderate,182344.39
7,4,250000.0,201840.05,48159.95,0.1926,52396.46,66321.36,22915.78,14943.81,16292.36,21750.5,5908.88,1310.9,0.2524,0.6334,0.4505,32,Moderate,213564.04
7,5,250000.0,214397.82,35602.18,0.1424,60322.76,82531.38,23516.68,34451.8,20532.38,12093.21,13390.48,10719.89,0.4523,0.5779,0.4292,34,Moderate,214560.55
7,6,252500.0,188025.7,64474.3,0.2553,47431.28,74586.29,15933.92,25715.42,13028.57,14219.87,13218.85,9401.29,0.4361,0.6923,0.4868,41,Moderate,193340.33
7,7,252500.0,190082.08,62417.92,0.2472,61437.77,64466.88,26501.6,36082.3,14513.58,13821.24,7589.59,9504.1,0.1908,0.795,0.5168,36,Moderate,197677.45
7,8,252500.0,198283.29,54216.71,0.2147,56295.97,72512.95,24701.27,25993.21,14899.12,12203.63,7817.97,9914.16,0.224,0.75,0.5277,35,Moderate,202084.56
7,9,252500.0,193188.38,59311.62,0.2349,45585.48,58823.23,22547.62,19756.54,17225.89,10022.75,9838.61,9388.25,0.1686,0.6171,0.4476,31,Moderate,187149.03
7,10,252500.0,205882.81,46617.19,0.1846,68584.27,53992.09,25115.83,21107.46,20012.17,17377.95,8634.87,10294.14,0.2727,0.6395,0.4592,32,Moderate,194026.35
7,11,252500.0,208561.33,43938.67,0.174,60528.19,75853.67,31002.54,37809.46,18787.14,23942.69,7896.0,10428.07,0.3436,0.751,0.4645,36,Moderate,207668.17
7,12,255000.0,183522.35,71477.65,0.2803,49483.17,67373.32,21208.14,27956.76,14366.25,11376.01,13039.0,9176.12,0.3226,0.763,0.4742,41,Moderate,194511.28
7,13,255000.0,224618.94,30381.06,0.1191,60867.44,61604.11,22365.17,37619.25,11468.96,22258.42,8137.27,298.33,0.177,0.5962,0.477,25,Moderate,218659.85
7,14,255000.0,187197.2,67802.8,0.2659,63028.81,61309.71,20188.89,29998.89,16626.93,22164.91,9284.04,9359.86,0.4052,0.7477,0.5113,42,Moderate,180477.17
7,15,255000.0,186889.32,68110.68,0.2671,50184.4,47301.59,22406.0,23297.75,16910.58,21894.79,11111.65,9344.47,0.1591,0.5916,0.4029,31,Moderate,199833.87
7,16,255000.0,207890.07,47109.93,0.1847,51874.06,82983.21,29795.81,34074.81,18944.41,15328.45,4463.29,10394.5,0.2866,0.7805,0.5651,36,Moderate,213998.76
7,17,255000.0,184139.21,70860.79,0.2779,46204.04,64079.85,16164.73,30762.22,10424.6,9609.79,11457.72,9206.96,0.2333,0.8202,0.5725,40,Moderate,180114.23
7,18,257500.0,210922.53,46577.47,0.1809,42332.22,83517.73,21966.9,28648.11,6915.1,23560.46,9894.03,10546.13,0.3464,0.7799,0.6201,38,Moderate,202078.01
7,19,257500.0,221272.04,36227.96,0.1407,71099.75,71018.52,25207.61,16352.08,11087.6,17333.64,8260.24,912.58,0.361,0.8092,0.4952,37,Moderate,219108.89
7,20,257500.0,202495.32,55004.68,0.2136,50622.83,54634.18,23805.72,11024.31,14834.42,22009.69,12242.72,13321.44,0.4385,0.862,0.739,44,Moderate,191318.38
7,21,257500.0,201583.78,55916.22,0.2172,59292.46,70801.63,23251.14,34873.15,18597.39,10234.24,12231.58,10079.19,0.3599,0.7001,0.4834,38,Moderate,193600.16
7,22,257500.0,223916.78,33583.22,0.1304,60122.36,63193.75,30094.62,25729.88,15420.84,20644.76,6993.83,1716.74,0.1573,0.8091,0.496,30,Moderate,225072.76
7,23,257500.0,214230.34,43269.66,0.168,53998.22,64221.86,23341.14,21115.83,12188.03,17834.36,4599.14,16931.76,0.2967,0.6781,0.4773,33,Moderate,228014.69
8,0,250000.0,152211.43,97788.57,0.3912,41241.11,43170.91,12723.21,11623.3,8320.57,11022.66,5464.57,18645.12,0.899,0.7229,0.7729,62,Low,159868.62
8,1,250000.0,120880.79,129119.21,0.5165,28990.33,41583.18,13975.11,11262.97,3677.64,12748.18,7417.97,1225.4,0.8131,0.6589,0.7379,64,Low,118520.94
8,2,250000.0,147563.38,102436.62,0.4097,40189.97,46351.12,21199.83,21738.15,13235.33,12071.57,8179.78,7378.17,0.752,0.7254,0.7159,59,Low,151146.69
8,3,250000.0,130296.74,119703.26,0.4788,38115.19,38939.68,12972.16,9996.97,8692.66,6287.52,4098.76,11193.78,0.8008,0.719,0.831,63,Low,137461.16
8,4,250000.0,136945.67,113054.33,0.4522,44791.07,52527.15,17846.22,8510.77,4164.05,6660.43,8437.58,6847.28,0.9358,0.6122,0.7972,63,Low,136588.69
8,5,250000.0,126503.98,123496.02,0.494,41047.16,41977.26,18728.46,22759.36,8397.81,11168.93,5858.32,6325.2,0.9766,0.6139,0.8588,66,Low,135273.26
8,6,252500.0,135703.15,116796.85,0.4626,47472.01,38108.72,16896.48,22571.84,7779.93,15725.22,7055.59,6785.16,0.8085,0.6502,0.7833,61,Low,131305.08
8,7,252500.0,118227.03,134272.97,0.5318,40005.37,41355.27,16121.69,12705.26,11554.41,7721.55,7144.89,5911.35,0.8931,0.55,0.7479,64,Low,119427.83
8,8,252500.0,129811.6,122688.4,0.4859,40091.68,50078.48,14446.96,17480.14,4224.02,13377.09,9290.93,6490.58,0.7982,0.7624,0.7631,64,Low,125291.96
8,9,252500.0,130772.63,121727.37,0.4821,42747.52,38562.07,11742.85,18861.68,11244.6,13103.42,4985.0,6538.63,0.7609,0.8234,0.6961,65,Low,128638.6
8,10,252500.0,132718.81,119781.19,0.4744,32934.11,44433.18,18421.14,19384.58,7844.11,6269.29,2931.04,501.36,0.8517,0.7543,0.8915,65,Low,133700.37
8,11,252500.0,143052.19,109447.81,0.4335,33798.28,48241.23,14518.86,10822.96,6654.21,14231.62,5106.92,9678.11,0.8768,0.5884,0.7889,60,Low,145311.0
8,12,255000.0,139313.24,115686.76,0.4537,48020.32,38613.27,14534.14,24450.07,4935.76,6705.14,5989.44,6965.66,0.7932,0.5785,0.6598,58,Low,134198.79
8,13,255000.0,118404.67,136595.33,0.5357,37592.98,40203.05,13735.26,13231.51,4661.1,11374.75,3461.15,5920.23,0.9513,0.6065,0.7204,67,Low,112834.02
8,14,255000.0,139010.51,115989.49,0.4549,29350.69,54817.91,11148.85,20114.59,8885.79,8145.08,5255.3,1292.3,0.8184,0.7964,0.714,64,Low,134425.81
8,15,255000.0,158215.48,96784.52,0.3795,52683.56,48462.07,23290.66,13740.34,8807.04,9843.94,9907.61,7910.77,0.8254,0.6501,0.674,58,Low,161851.47
8,16,255000.0,116573.33,138426.67,0.5428,26305.74,31779.31,12263.41,18454.56,4216.45,10985.96,9022.13,3545.78,0.9192,0.6897,0.893,69,Low,113030.58
8,17,255000.0,143385.32,111614.68,0.4377,43056.09,55697.78,15142.91,12830.94,11773.5,13295.92,7478.84,7169.27,0.8468,0.7873,0.812,64,Low,137941.18
8,18,257500.0,150105.77,107394.23,0.4171,35555.9,43995.36,16953.06,27257.25,7198.01,16710.76,11356.41,7505.29,0.7568,0.7906,0.7021,61,Low,159301.92
8,19,257500.0,131247.8,126252.2,0.4903,27762.7,35094.17,12573.28,6897.16,6384.41,12138.04,9812.67,20585.37,0.9823,0.7945,0.7975,71,Low,125679.82
8,20,257500.0,120049.86,137450.14,0.5338,32866.31,43554.26,13123.62,20313.19,11838.67,11185.08,3977.98,6002.49,0.8506,0.7159,0.7225,67,Low,118558.57
8,21,257500.0,140833.24,116666.76,0.4531,39274.5,38458.19,13836.09,11475.7,9783.42,10576.69,7294.11,10134.55,0.8488,0.5975,0.6973,60,Low,139515.23
8,22,257500.0,131222.36,126277.64,0.4904,40247.98,36909.58,18429.65,10545.79,8755.65,10086.79,10289.88,6561.12,0.9096,0.5387,0.6932,62,Low,139886.82
8,23,257500.0,129505.75,127994.25,0.4971,31806.26,41233.68,18601.12,6984.76,8009.76,8440.0,5178.79,9251.38,0.8633,0.642,0.7682,64,Low,133173.74
9,0,85000.0,45648.19,39351.81,0.463,12792.27,14129.74,5539.52,8207.63,3761.91,4428.14,1361.61,2282.41,0.5275,0.8673,0.6052,58,Moderate,43913.61
9,1,85000.0,46766.74,38233.26,0.4498,14195.11,15719.38,6580.93,8137.06,4194.06,3626.6,3308.66,2338.34,0.3984,0.653,0.4294,48,Moderate,48453.55
9,2,85000.0,42239.73,42760.27,0.5031,12703.53,15647.16,5878.05,8334.18,1701.79,1856.56,2964.4,2111.99,0.4178,0.805,0.5794,55,Moderate,42712.23
9,3,85000.0,49053.44,35946.56,0.4229,14809.18,19004.63,6534.79,4436.17,3929.38,2478.58,1827.43,2452.67,0.3766,0.8221,0.5426,50,Moderate,48213.9
9,4,85000.0,43774.88,41225.12,0.485,10329.94,11919.88,5620.44,7270.99,1484.0,1846.35,1376.32,3926.95,0.3849,0.6558,0.5392,49,Moderate,43695.5
9,5,85000.0,41598.25,43401.75,0.5106,12452.18,12476.84,5193.48,7297.43,2899.49,4040.51,1414.35,2079.91,0.6254,0.6288,0.659,57,Low,40347.51
9,6,85850.0,50539.97,35310.03,0.4113,13782.46,15749.6,6124.78,9306.47,3979.68,3132.66,3240.38,2527.0,0.3925,0.6742,0.5095,47,Moderate,52762.72
9,7,85850.0,54757.33,31092.67,0.3622,18018.65,20820.39,6137.53,10408.88,2468.85,2493.06,1998.88,2737.87,0.4297,0.8473,0.646,50,Moderate,55400.05
9,8,85850.0,47602.95,38247.05,0.4455,15919.3,13596.46,3990.67,5844.36,2053.51,2368.65,3721.44,108.54,0.344,0.7169,0.5499,48,Moderate,47364.9
9,9,85850.0,50300.93,35549.07,0.4141,16957.57,14067.71,4682.58,3613.47,2640.17,4419.31,2651.5,1268.61,0.5958,0.6265,0.5249,52,Moderate,50360.8
9,10,85850.0,51239.14,34610.86,0.4032,15560.37,14302.73,5901.29,3054.07,3087.28,4484.48,1534.37,3314.55,0.4791,0.7139,0.6052,50,Moderate,54770.0
9,11,85850.0,49680.62,36169.38,0.4213,10552.52,16146.97,7201.01,3800.08,2058.45,3330.0,3957.73,2633.85,0.6278,0.8336,0.6701,58,Low,49184.89
9,12,86700.0,51158.27,35541.73,0.4099,17286.67,19068.21,4244.38,8076.05,1878.16,3183.68,1251.57,2557.91,0.4895,0.5856,0.5538,47,Moderate,50160.42
9,13,86700.0,43721.87,42978.13,0.4957,11168.85,13834.31,3578.19,6549.59,3285.77,2520.18,2727.1,57.87,0.6213,0.633,0.7246,56,Low,46242.75
9,14,86700.0,53429.76,33270.24,0.3837,16249.1,18275.18,4981.9,7822.57,3319.89,2619.93,4028.0,2671.49,0.5531,0.6819,0.5734,50,Moderate,56190.95
9,15,86700.0,53180.84,33519.16,0.3866,12289.21,17461.57,6147.31,10183.66,2954.98,4782.61,3397.29,2659.04,0.5098,0.8211,0.7424,53,Moderate,55566.63
9,16,86700.0,49086.65,37613.35,0.4338,15299.68,14777.13,5583.87,6654.06,1676.0,4709.62,1527.08,2454.33,0.5268,0.6795,0.6556,52,Moderate,51301.48
9,17,86700.0,50840.46,35859.54,0.4136,10274.92,16386.29,6058.61,9207.03,1774.47,3805.84,3497.99,2542.02,0.487,0.6449,0.6142,49,Moderate,51114.19
9,18,87550.0,52344.04,35205.96,0.4021,16382.87,14406.55,6458.42,4728.32,2484.92,3629.46,3076.75,1176.74,0.4333,0.7818,0.5646,50,Moderate,55119.69
9,19,87550.0,44855.4,42694.6,0.4877,14611.96,14295.92,6535.88,8534.89,1347.78,2413.98,3100.66,2242.77,0.3563,0.7688,0.5388,51,Moderate,46114.64
9,20,87550.0,45785.11,41764.89,0.477,13455.56,16912.9,6053.69,2715.74,3778.66,3179.16,2945.44,2289.26,0.4546,0.8179,0.6699,55,Moderate,44097.11
9,21,87550.0,47974.48,39575.52,0.452,12623.63,16634.09,3925.84,7057.26,3352.09,2937.22,1101.55,342.79,0.4349,0.5989,0.5015,48,Moderate,47048.57
9,22,87550.0,47940.49,39609.51,0.4524,11505.5,18035.46,6662.16,4733.47,2104.7,4660.38,1026.3,2397.02,0.4646,0.7226,0.5433,52,Moderate,47059.43
9,23,87550.0,46535.08,41014.92,0.4685,9775.76,18534.07,4694.74,2736.2,3564.71,5192.26,3070.68,2326.75,0.599,0.7971,0.6261,58,Moderate,48778.42
10,0,85000.0,32340.4,52659.6,0.6195,9746.53,12625.11,3794.98,4772.86,1038.5,3657.53,2077.2,1617.02,0.3196,0.9515,0.5441,61,Moderate,31412.23
10,1,85000.0,31891.99,53108.01,0.6248,8117.08,11501.66,4273.31,2913.18,1948.44,2393.25,1524.84,1594.6,0.53,0.7364,0.7307,62,Moderate,31781.41
10,2,85000.0,32698.9,52301.1,0.6153,8568.31,12767.95,3148.67,3923.94,2489.47,1386.2,1682.43,1634.95,0.4348,0.9134,0.6322,63,Moderate,33859.4
10,3,85000.0,34273.41,50726.59,0.5968,11169.58,10059.21,4592.5,3625.71,2482.08,2186.13,950.42,1713.67,0.4591,0.933,0.6179,63,Moderate,32718.13
10,4,85000.0,31106.45,53893.55,0.634,7525.27,10502.34,4288.45,4625.03,2630.02,1397.87,938.57,1555.32,0.3924,0.8053,0.6161,60,Moderate,30017.86
10,5,85000.0,39706.69,45293.31,0.5329,13892.53,11613.59,4846.86,2082.28,3852.87,2506.8,2910.13,1985.33,0.261,0.965,0.5717,55,Moderate,37766.14
10,6,85850.0,36039.37,49810.63,0.5802,12439.52,9415.5,4903.16,3804.69,1104.73,1695.77,2294.86,381.16,0.2616,0.8506,0.5903,55,Moderate,36283.12
10,7,85850.0,41629.55,44220.45,0.5151,11103.88,15464.49,5217.17,3750.45,2020.76,2424.32,3173.59,2081.48,0.4045,0.7247,0.5477,53,Moderate,40929.22
10,8,85850.0,34211.27,51638.73,0.6015,9191.68,8818.38,3110.68,3469.51,1577.94,2431.14,899.18,4712.75,0.2459,0.8184,0.4853,54,Moderate,33648.29
10,9,85850.0,44037.22,41812.78,0.487,11917.9,11644.86,4163.56,4644.51,1915.47,2155.58,1918.84,5676.51,0.2749,0.9852,0.6169,54,Moderate,45099.86
10,10,85850.0,44472.46,41377.54,0.482,14719.93,12364.07,4546.5,3660.87,3978.29,1907.1,1423.3,1872.41,0.3662,0.8107,0.6148,52,Moderate,46988.25
10,11,85850.0,42054.13,43795.87,0.5101,11853.42,16748.81,4308.94,6673.62,1782.08,4798.9,2225.82,2102.71,0.2957,0.7151,0.4344,49,Moderate,41919.73
10,12,86700.0,38947.25,47752.75,0.5508,9644.9,15259.08,5331.09,4328.07,1438.69,1604.42,2953.79,1947.36,0.477,0.9349,0.6917,62,Moderate,40333.76
10,13,86700.0,43273.29,43426.71,0.5009,15035.96,16945.29,5597.95,3909.03,1476.68,4539.67,2452.27,2163.66,0.4235,0.7843,0.5188,54,Moderate,43518.17
10,14,86700.0,45411.14,41288.86,0.4762,9835.58,16743.1,4064.31,7044.21,3881.37,2487.56,2327.2,2270.56,0.289,0.9287,0.6337,53,Moderate,47749.39
10,15,86700.0,43962.92,42737.08,0.4929,10486.66,11980.05,4612.41,6391.7,2235.5,2921.87,995.19,4339.54,0.3314,0.7361,0.5757,50,Moderate,43640.8
10,16,86700.0,45097.35,41602.65,0.4798,11951.88,15300.75,4850.67,5213.34,2231.97,2029.57,1126.56,2392.62,0.3178,0.7651,0.49,50,Moderate,44351.24
10,17,86700.0,32184.61,54515.39,0.6288,10675.48,8762.65,3185.51,1702.07,1925.43,2499.45,1836.19,1597.83,0.5253,0.7644,0.6729,63,Moderate,31230.83
10,18,87550.0,38996.64,48553.36,0.5546,10786.55,14959.7,3806.11,2264.58,2834.18,2255.84,1618.78,470.9,0.3552,0.8507,0.5163,56,Moderate,40285.93
10,19,87550.0,32198.57,55351.43,0.6322,8156.53,10833.21,2699.31,2480.69,1527.06,2401.43,806.05,3294.28,0.498,0.7787,0.6868,62,Moderate,33240.58
10,20,87550.0,45064.08,42485.92,0.4853,10033.72,16751.74,4631.57,3044.99,1794.89,4125.75,3264.09,1417.34,0.4325,0.7179,0.5644,52,Moderate,42699.7
10,21,87550.0,39524.09,48025.91,0.5486,12504.74,15676.55,5515.98,2094.19,1935.13,3710.23,2272.12,1976.2,0.4442,0.9879,0.6998,62,Moderate,40966.59
10,22,87550.0,39315.79,48234.21,0.5509,13160.09,11104.86,4279.1,6533.45,2328.26,4365.58,1274.11,1965.79,0.2938,0.9096,0.6909,56,Moderate,41128.61
10,23,87550.0,37014.2,50535.8,0.5772,9648.14,14791.09,4070.62,6248.25,1992.32,1539.2,2174.05,1850.71,0.4183,1.0,0.6179,63,Moderate,37914.33
11,0,65000.0,48079.47,16920.53,0.2603,9961.75,17138.18,6409.68,8385.91,2625.33,5677.6,2031.17,2403.97,0.3437,0.5975,0.4958,36,Moderate,47889.1
11,1,65000.0,54418.31,10581.69,0.1628,17208.45,20495.76,5348.64,6131.15,3127.46,3795.36,3371.21,2720.92,0.2677,0.8246,0.5632,35,Moderate,55371.14
11,2,65000.0,50318.6,14681.4,0.2259,10759.72,13467.65,6245.76,3342.86,4673.49,3262.64,3655.24,4911.24,0.4047,0.7599,0.676,41,Moderate,48676.42
11,3,65000.0,47636.87,17363.13,0.2671,16283.36,15124.12,4741.57,8337.81,3748.43,5617.66,3144.48,2381.84,0.3272,0.6637,0.3983,38,Moderate,47475.33
11,4,65000.0,53502.87,11497.13,0.1769,11026.76,14886.71,6129.26,7824.95,2350.67,5883.14,2137.13,3264.25,0.2791,0.5916,0.474,31,Moderate,53393.23
11,5,65000.0,47793.5,17206.5,0.2647,11868.86,17082.74,4652.47,6396.79,1553.5,2668.14,2628.37,942.62,0.3726,0.7841,0.5048,42,Moderate,46248.72
11,6,65650.0,50483.87,15166.13,0.231,13092.75,19826.4,7054.6,8370.39,2662.99,2322.3,1965.27,2524.19,0.3279,0.7512,0.528,39,Moderate,49152.73
11,7,65650.0,52588.05,13061.95,0.199,11595.37,13155.21,4592.29,3076.83,3586.42,5311.62,3308.44,7961.87,0.3888,0.8782,0.5904,42,Moderate,50851.25
11,8,65650.0,49231.23,16418.77,0.2501,10904.52,18698.79,5671.16,8716.95,2362.89,2350.64,3254.49,2461.56,0.3411,0.8415,0.5145,42,Moderate,46338.98
11,9,65650.0,51465.32,14184.68,0.2161,14309.33,19093.43,5390.9,9417.83,2979.89,4374.58,2569.2,2573.27,0.3848,0.592,0.4812,36,Moderate,51028.46
11,10,65650.0,49409.1,16240.9,0.2474,14254.38,17872.68,6394.84,9043.91,3963.92,3692.52,2905.82,2470.46,0.2729,0.8534,0.4727,40,Moderate,47248.34
11,11,65650.0,52008.18,13641.82,0.2078,13768.08,13147.57,5138.39,7657.02,4680.96,2236.78,3299.93,2079.45,0.2299,0.7245,0.5452,34,Moderate,49018.36
11,12,66300.0,54896.26,11403.74,0.172,13908.25,16450.42,4937.81,3494.31,3685.08,3588.3,2879.63,5952.47,0.434,0.7416,0.5483,39,Moderate,57370.94
11,13,66300.0,55875.93,10424.07,0.1572,18297.78,19573.41,6229.34,5093.89,2420.18,4946.09,1330.04,2793.8,0.4502,0.8467,0.6734,41,Moderate,52833.18
11,14,66300.0,48579.88,17720.12,0.2673,14372.35,14357.74,4647.64,7647.21,2221.15,4569.82,2257.51,2428.99,0.2492,0.6728,0.4492,36,Moderate,47129.29
11,15,66300.0,55587.42,10712.58,0.1616,15387.35,17551.92,5313.64,8934.23,4013.38,4192.57,3625.7,2779.37,0.4105,0.7784,0.6186,39,Moderate,53008.69
11,16,66300.0,52799.57,13500.43,0.2036,10663.1,15461.12,6418.04,7726.8,3569.53,5474.98,1553.58,1932.41,0.3938,0.7808,0.5232,40,Moderate,51022.66
11,17,66300.0,48091.57,18208.43,0.2746,16662.53,18947.09,4222.22,8278.4,3098.82,4752.02,3329.69,2404.58,0.299,0.8698,0.5001,43,Moderate,51028.97
11,18,66950.0,57357.66,9592.34,0.1433,18988.58,18690.06,7084.69,7187.24,2363.4,3718.77,3676.79,2867.88,0.3019,0.6112,0.4322,30,Moderate,60235.82
11,19,66950.0,53862.34,13087.66,0.1955,13435.78,19140.89,7764.72,7766.57,2749.03,3423.83,2165.53,2693.12,0.2874,0.6239,0.4709,33,Moderate,55457.98
11,20,66950.0,56316.99,10633.01,0.1588,12940.14,16222.91,8369.06,11179.91,4065.36,2354.79,1531.16,2815.85,0.4436,0.7498,0.5354,39,Moderate,54823.11
11,21,66950.0,53883.62,13066.38,0.1952,14045.52,16144.13,5159.84,8249.57,4293.3,3116.34,1325.74,1549.18,0.3613,0.702,0.4404,37,Moderate,55293.4
11,22,66950.0,54654.69,12295.31,0.1836,19051.49,18729.91,7417.46,8516.28,4302.51,4444.02,4188.12,2732.73,0.2396,0.7284,0.4773,33,Moderate,51913.29
11,23,66950.0,50917.12,16032.88,0.2395,17526.16,19831.48,5061.19,4980.17,2166.75,4186.66,2860.21,2545.86,0.1978,0.7979,0.5253,36,Moderate,52135.43
12,0,65000.0,33063.93,31936.07,0.4913,9050.19,12760.25,3356.97,6035.23,1046.62,3445.98,1273.32,1653.2,0.6619,0.6782,0.6743,58,Low,33342.56
12,1,65000.0,38619.67,26380.33,0.4059,8069.02,13773.64,3239.62,4875.9,2367.64,4223.95,1546.44,523.45,0.642,0.7756,0.7278,56,Low,36476.03
12,2,65000.0,37934.43,27065.57,0.4164,12425.2,13081.44,5208.0,5953.69,2870.18,2708.4,1788.25,1896.72,0.6984,0.8209,0.7234,60,Low,36729.86
12,3,65000.0,34435.33,30564.67,0.4702,7323.71,10449.17,4751.25,6014.0,2803.76,1790.17,1341.58,1721.77,0.7189,0.6101,0.7589,57,Low,34230.32
12,4,65000.0,38426.65,26573.35,0.4088,11665.4,15144.36,3785.4,3316.66,1964.42,2588.49,1791.33,1921.33,0.6215,0.6119,0.6929,52,Low,36930.13
12,5,65000.0,31521.77,33478.23,0.515,9909.53,8203.45,4442.31,3424.91,1122.23,2949.68,2078.97,1576.09,0.737,0.6379,0.6865,61,Low,32070.58
12,6,65650.0,38654.7,26995.3,0.4112,11141.28,11562.03,4923.15,6513.73,3608.21,3639.29,2923.57,1932.73,0.6941,0.7988,0.6585,59,Low,39625.73
12,7,65650.0,36324.43,29325.57,0.4467,12518.62,11663.06,4122.75,3606.02,1090.11,2105.11,2772.79,1816.22,0.7301,0.5673,0.6528,56,Low,36369.57
12,8,65650.0,35096.11,30553.89,0.4654,10486.85,8808.29,3121.45,5163.47,1454.26,3701.8,2381.56,1754.81,0.6386,0.6327,0.7128,55,Low,35932.55
12,9,65650.0,39331.66,26318.34,0.4009,10087.15,11968.3,3638.66,4148.52,1873.27,3694.69,1396.57,2524.5,0.7316,0.6319,0.6958,55,Low,38170.1
12,10,65650.0,40360.36,25289.64,0.3852,11537.51,13753.14,4249.44,4185.56,1880.0,3734.79,2328.91,2018.02,0.6936,0.7195,0.7086,56,Low,38828.14
12,11,65650.0,29592.97,36057.03,0.5492,7059.58,8552.22,4160.54,3069.02,2703.09,2836.9,1675.56,1479.65,0.8079,0.7862,0.7494,68,Low,31581.52
12,12,66300.0,35449.11,30850.89,0.4653,10573.01,10909.94,4551.18,4998.4,3135.03,1595.03,2533.11,1772.46,0.8145,0.8194,0.7306,65,Low,35679.09
12,13,66300.0,35745.22,30554.78,0.4609,7485.64,13633.3,4784.56,4563.09,1751.49,4210.51,2384.01,1787.26,0.7015,0.7462,0.7971,60,Low,34644.71
12,14,66300.0,35576.84,30723.16,0.4634,10940.62,11824.58,3619.99,6436.83,1507.45,2220.85,1044.19,1778.84,0.6416,0.7043,0.7108,57,Low,37590.84
12,15,66300.0,29441.66,36858.34,0.5559,8974.76,9637.26,3149.27,4669.5,2177.17,2852.89,1574.49,1472.08,0.833,0.7754,0.8113,69,Low,30055.1
12,16,66300.0,39337.8,26962.2,0.4067,9371.89,13712.19,4489.81,3780.41,3397.41,1899.54,1615.1,1071.44,0.7639,0.6648,0.6542,57,Low,39789.52
12,17,66300.0,34129.8,32170.2,0.4852,8907.72,12827.15,3694.76,2039.14,2191.65,2397.51,1652.66,419.2,0.6602,0.764,0.7195,60,Low,32462.71
12,18,66950.0,32831.23,34118.77,0.5096,10007.12,13040.69,4708.2,4444.52,2923.41,2358.07,1474.89,1641.56,0.8248,0.7461,0.7249,66,Low,34168.17
12,19,66950.0,38035.32,28914.68,0.4319,11129.11,12621.3,4967.74,5570.55,2290.13,4198.77,1658.23,1901.77,0.6382,0.5803,0.6586,53,Low,40379.92
12,20,66950.0,37144.09,29805.91,0.4452,10934.31,10296.42,3641.4,4112.7,3649.77,4244.51,1686.95,1857.2,0.6249,0.571,0.5604,53,Low,35120.26
12,21,66950.0,30802.07,36147.93,0.5399,7397.13,10775.75,3238.88,4357.04,1644.18,2554.79,1894.68,1540.1,0.8082,0.5601,0.7526,62,Low,29723.89
12,22,66950.0,41072.09,25877.91,0.3865,8373.94,14089.14,4126.18,2485.98,3466.98,2428.76,1662.07,4439.04,0.6968,0.5748,0.6363,52,Low,39294.28
12,23,66950.0,31649.06,35300.94,0.5273,6640.7,12070.04,3679.28,2463.99,1349.87,1433.61,848.08,3163.48,0.6879,0.7791,0.7972,63,Low,32077.99
13,0,25000.0,14978.07,10021.93,0.4009,5186.48,5105.4,2065.02,1011.7,551.24,1614.99,1109.94,748.9,0.7546,0.7902,0.7636,60,Low,14659.12
13,1,25000.0,13704.75,11295.25,0.4518,3457.94,5456.66,1916.85,2660.77,646.01,1309.48,880.72,685.24,0.6924,0.8413,0.7469,62,Low,14173.14
13,2,25000.0,13214.5,11785.5,0.4714,4521.89,4687.4,1474.48,2185.55,947.53,837.52,731.1,660.73,0.6718,1.0,0.7425,66,Low,13461.47
13,3,25000.0,13951.74,11048.26,0.4419,3276.86,4958.9,1585.0,1451.77,938.95,1367.89,588.5,697.59,0.874,1.0,0.9883,71,Low,13470.45
13,4,25000.0,13538.42,11461.58,0.4585,3330.35,4173.26,1949.68,1068.81,781.49,1051.48,685.28,498.09,0.6316,1.0,0.8761,64,Low,13934.28
13,5,25000.0,12907.28,12092.72,0.4837,3806.43,4838.42,1920.71,1249.23,666.79,1114.72,936.83,645.36,0.9143,0.8515,0.883,70,Low,12183.78
13,6,25250.0,15692.1,9557.9,0.3785,5161.37,5715.12,1875.48,2276.36,884.89,1518.62,335.51,784.6,0.7405,1.0,0.9205,64,Low,15037.4
13,7,25250.0,15568.72,9681.28,0.3834,4880.05,4101.38,2149.5,1400.46,753.29,887.39,1022.44,374.21,0.917,0.8707,0.9171,66,Low,15911.09
13,8,25250.0,16427.34,8822.66,0.3494,3432.71,5533.62,1552.27,2004.46,1498.83,781.15,1246.23,378.08,0.6344,0.963,0.7953,58,Low,15901.98
13,9,25250.0,15089.87,10160.13,0.4024,4875.49,5121.08,2088.25,847.16,842.55,606.71,905.22,754.49,0.6646,0.96,0.8134,62,Low,15715.2
13,10,25250.0,14070.88,11179.12,0.4427,3712.91,4434.95,2098.43,832.1,1040.75,999.87,310.49,641.37,0.9123,0.9689,1.0,71,Low,13661.03
13,11,25250.0,16087.89,9162.11,0.3629,4006.04,6394.02,1591.19,1818.0,501.72,1678.1,1063.85,804.39,0.7124,1.0,0.7624,62,Low,15370.46
13,12,25500.0,13991.25,11508.75,0.4513,4720.05,4533.72,1311.29,914.38,1283.91,693.65,1107.34,699.56,0.8801,0.8646,0.9559,68,Low,13635.71
13,13,25500.0,15246.58,10253.42,0.4021,4371.02,5546.5,1725.58,2444.19,572.41,1072.05,1211.67,762.33,0.719,0.9718,0.8765,63,Low,16086.25
13,14,25500.0,13304.8,12195.2,0.4782,3245.29,4304.31,1452.1,2569.68,929.06,551.42,937.4,665.24,0.8591,0.7965,0.9007,67,Low,13144.08
13,15,25500.0,14142.16,11357.84,0.4454,4739.83,5635.81,2012.28,2800.96,840.58,1153.82,373.99,707.11,0.7915,0.945,0.809,67,Low,13444.63
13,16,25500.0,15300.85,10199.15,0.4,3101.59,4708.84,1449.22,1452.17,1135.58,1815.35,907.54,730.57,0.8875,1.0,0.8871,69,Low,16162.78
13,17,25500.0,14960.88,10539.12,0.4133,3067.07,4001.75,1402.6,1200.15,1109.34,1764.87,325.23,2089.87,0.7672,0.8202,0.6943,62,Low,14491.96
13,18,25750.0,13182.98,12567.02,0.488,3246.17,5250.76,1571.96,2126.6,913.76,1546.34,912.39,659.15,0.8576,0.8855,0.858,69,Low,13316.59
13,19,25750.0,12595.23,13154.77,0.5109,3297.06,4190.5,1625.65,1239.44,1243.28,601.82,557.61,629.76,0.8786,0.8725,0.8947,71,Low,13038.44
13,20,25750.0,16634.96,9115.04,0.354,4920.52,5282.77,2254.01,3210.74,835.81,772.6,971.68,831.75,0.6682,0.8672,0.8364,57,Low,16079.86
13,21,25750.0,15044.95,10705.05,0.4157,4760.46,3927.32,1621.12,2488.06,975.41,1428.94,864.61,752.25,0.679,0.8118,0.6457,59,Low,15468.52
13,22,25750.0,16236.14,9513.86,0.3695,4894.67,6130.35,1729.33,2943.58,535.78,1552.23,508.97,811.81,0.7274,0.8041,0.7672,58,Low,15811.66
13,23,25750.0,15417.86,10332.14,0.4012,4311.81,6137.29,1585.87,2879.23,1045.15,1399.23,756.16,770.89,0.7963,0.7922,0.8528,61,Low,16077.74
14,0,120000.0,87004.43,32995.57,0.275,19402.92,26556.65,10320.85,11592.93,6062.56,8267.35,4451.3,349.89,0.8698,0.3391,0.5988,46,Moderate,84105.69
14,1,120000.0,84658.7,35341.3,0.2945,27138.8,24419.95,6905.57,11757.31,6636.84,4182.76,3083.95,533.51,0.7448,0.3504,0.5394,44,Moderate,83094.59
14,2,120000.0,87834.24,32165.76,0.268,22656.26,28470.59,7232.6,4881.88,4332.91,9273.55,3361.0,7625.47,0.9494,0.4409,0.6437,51,Moderate,90068.05
14,3,120000.0,84786.23,35213.77,0.2934,25420.28,27636.11,7397.36,15363.52,6001.72,7992.86,2537.21,4239.31,0.9435,0.5061,0.773,54,Moderate,83301.43
14,4,120000.0,89564.36,30435.64,0.2536,23708.09,26039.49,7799.17,6565.51,8711.56,9050.69,5980.61,1709.23,0.801,0.4465,0.553,46,Moderate,95571.93
14,5,120000.0,73469.73,46530.27,0.3878,16796.17,19791.31,7591.84,10162.48,2758.86,7677.94,1952.49,6738.66,0.889,0.2932,0.6733,51,Low,69980.72
14,6,121200.0,76803.24,44396.76,0.3663,23464.28,26100.56,10173.51,14532.08,3032.71,7230.35,5284.23,3840.16,0.9816,0.4293,0.6523,56,Low,73510.14
14,7,121200.0,84557.97,36642.03,0.3023,23459.74,32768.77,11768.12,4993.33,2992.6,4496.43,2741.53,1337.44,0.8427,0.5112,0.7762,51,Low,90225.58
14,8,121200.0,82355.41,38844.59,0.3205,28598.83,28317.65,8837.87,9858.37,3887.31,4752.88,5239.35,4117.77,0.7332,0.4007,0.5829,46,Low,85966.38
14,9,121200.0,77413.29,43786.71,0.3613,19050.81,23917.78,7113.56,13182.94,2445.01,6110.49,4625.26,967.44,1.0,0.3913,0.6571,56,Low,79240.98
14,10,121200.0,90568.87,30631.13,0.2527,25876.45,31346.25,9418.41,12866.2,2764.03,9153.24,6811.2,4528.44,0.8205,0.3347,0.6124,44,Moderate,96556.9
14,11,121200.0,78939.49,42260.51,0.3487,17592.51,31014.83,9032.93,4962.74,6237.02,6254.92,3790.03,54.5,0.7749,0.4671,0.6082,50,Low,83988.03
14,12,122400.0,86751.33,35648.67,0.2912,29274.56,33571.57,11440.85,16116.31,6079.52,8659.27,5636.64,4337.57,0.763,0.2899,0.6141,43,Moderate,82494.44
14,13,122400.0,81533.08,40866.92,0.3339,28226.76,24884.52,10076.62,7207.35,6024.02,4178.15,2100.43,4076.65,0.8282,0.3021,0.5276,47,Low,78742.39
14,14,122400.0,83148.46,39251.54,0.3207,24650.73,22926.99,9764.28,12428.47,2625.38,4356.42,2042.48,4353.72,0.8918,0.3173,0.6599,49,Low,88203.32
14,15,122400.0,85236.66,37163.34,0.3036,20166.62,24667.86,7014.35,12254.3,7575.03,6925.95,2273.5,4359.04,1.0,0.39,0.75,53,Low,91075.95
14,16,122400.0,82828.06,39571.94,0.3233,25531.75,23528.99,7894.14,15120.81,4111.91,3746.1,1734.4,1159.96,0.7583,0.3837,0.6234,46,Low,79102.77
14,17,122400.0,81029.02,41370.98,0.338,17222.51,23275.6,10124.86,10155.04,7393.48,3421.28,5745.48,3690.77,0.7896,0.3593,0.5349,47,Low,79704.7
14,18,123600.0,82618.96,40981.04,0.3316,22401.18,32334.08,7343.34,4788.69,4246.97,6387.3,4740.43,376.97,0.9988,0.3162,0.5842,52,Low,84648.52
14,19,123600.0,83151.21,40448.79,0.3273,18923.11,25812.36,10095.85,12239.43,4274.01,3749.38,3397.53,4659.54,0.9101,0.4956,0.7065,54,Low,87394.1
14,20,123600.0,81484.67,42115.33,0.3407,18349.03,25837.49,8816.76,6735.93,4788.16,3430.76,1825.55,11700.99,0.9336,0.5107,0.7458,56,Low,77794.53
14,21,123600.0,77076.7,46523.3,0.3764,26385.0,23387.16,7158.96,4379.65,2668.66,8536.15,5186.93,3853.84,0.7581,0.5339,0.6458,53,Low,77297.61
14,22,123600.0,76062.49,47537.51,0.3846,23195.54,29648.42,9945.04,6489.69,6103.37,3884.08,5007.76,3803.12,0.9696,0.2773,0.5798,53,Low,72346.28
14,23,123600.0,94715.83,28884.17,0.2337,19999.92,37670.94,12474.58,13565.03,7246.99,6117.9,3641.23,4735.79,0.8177,0.3385,0.5593,43,Moderate,99839.42
15,0,120000.0,79009.43,40990.57,0.3416,25185.92,21147.32,9053.39,14647.76,3080.33,6844.73,5910.72,3950.47,0.7414,0.5537,0.6636,51,Low,79350.24
15,1,120000.0,71896.12,48103.88,0.4009,16339.49,21224.72,6809.74,12978.06,5800.09,4614.8,4875.96,3594.81,0.5392,0.4223,0.5652,44,Moderate,72608.2
15,2,120000.0,78167.17,41832.83,0.3486,20862.58,29067.76,8779.58,10373.83,4240.39,3288.07,4705.93,3908.36,0.7367,0.525,0.679,50,Low,77104.64
15,3,120000.0,81583.54,38416.46,0.3201,26657.54,26864.86,10136.69,7494.59,2792.71,8049.34,5671.52,4079.18,0.6508,0.4997,0.4887,46,Low,84896.04
15,4,120000.0,67630.48,52369.52,0.4364,19688.23,18986.14,7255.47,13088.71,3385.68,5620.0,2964.54,3381.52,0.6234,0.3626,0.4543,47,Low,72349.47
15,5,120000.0,71528.65,48471.35,0.4039,19950.22,25819.98,9311.55,10492.71,3627.17,5409.86,2667.55,3576.43,0.5802,0.3475,0.4686,44,Moderate,71120.27
15,6,121200.0,64913.05,56286.95,0.4644,21706.71,22962.46,6294.28,9418.98,2412.44,5278.66,4426.5,3245.65,0.7344,0.5339,0.6091,56,Low,65406.13
15,7,121200.0,67206.03,53993.97,0.4455,15594.72,20179.85,8330.25,12175.86,3671.66,6246.81,3752.14,3360.3,0.5379,0.4603,0.5701,47,Moderate,68737.03
15,8,121200.0,67091.1,54108.9,0.4464,22409.46,23233.0,9276.67,9703.85,3765.8,7882.99,1449.71,3354.55,0.4516,0.4497,0.5074,44,Moderate,63237.52
15,9,121200.0,66276.29,54923.71,0.4532,17935.25,26128.15,8028.88,4391.9,2839.32,5972.06,2746.66,3313.81,0.5881,0.3428,0.5511,46,Moderate,66157.9
15,10,121200.0,80837.12,40362.88,0.333,27263.58,22180.69,11283.96,5310.26,5079.82,7337.78,3339.63,4041.86,0.4808,0.3273,0.3772,37,Moderate,79357.26
15,11,121200.0,77384.29,43815.71,0.3615,24169.3,21853.63,7858.09,9734.39,3054.14,4048.31,2405.89,4260.53,0.7196,0.4327,0.6586,48,Low,73257.19
15,12,122400.0,74350.02,48049.98,0.3926,19973.49,22780.75,6761.91,4405.62,6543.09,7057.71,4717.57,2109.88,0.4645,0.4371,0.5317,42,Moderate,74852.72
15,13,122400.0,69671.03,52728.97,0.4308,15713.33,17768.37,8371.0,13843.45,6841.48,6882.17,2825.04,3483.55,0.5685,0.4985,0.5237,48,Moderate,72018.07
15,14,122400.0,70368.64,52031.36,0.4251,14085.02,25279.46,5834.78,12950.5,4023.59,6352.13,4248.97,3518.43,0.7396,0.3701,0.4908,50,Low,73172.63
15,15,122400.0,78547.25,43852.75,0.3583,17201.13,24313.36,9474.85,7042.39,2925.4,7808.85,5343.01,4438.25,0.5434,0.4739,0.4593,44,Moderate,81949.84
15,16,122400.0,73811.49,48588.51,0.397,23029.98,21746.44,10801.21,8251.27,3479.97,4053.73,5180.86,3690.57,0.6459,0.3216,0.4977,45,Low,70532.53
15,17,122400.0,70502.56,51897.44,0.424,20342.53,19516.87,8485.73,3815.56,4696.23,4814.74,1751.07,7079.85,0.7316,0.4515,0.5165,52,Low,68752.65
15,18,123600.0,65018.67,58581.33,0.474,21067.43,25052.5,6189.07,10955.92,2156.51,4969.66,1957.21,3250.93,0.6816,0.3927,0.4728,51,Low,62329.69
15,19,123600.0,82805.31,40794.69,0.3301,27895.47,27736.61,10878.22,10184.7,4182.83,6894.28,3631.04,4140.27,0.5827,0.497,0.6297,44,Moderate,78720.14
15,20,123600.0,73772.41,49827.59,0.4031,24342.59,23425.15,7003.93,9251.02,6733.28,3289.39,1935.04,3688.62,0.6748,0.6069,0.679,53,Low,77081.19
15,21,123600.0,78681.58,44918.42,0.3634,26889.19,25921.22,8299.94,15323.85,3175.29,6077.1,3157.14,3934.08,0.4526,0.4166,0.472,40,Moderate,76719.94
15,22,123600.0,69162.15,54437.85,0.4404,15773.63,20181.41,8831.21,7598.73,3286.88,2958.17,4886.6,5645.52,0.6813,0.5522,0.5963,54,Low,73340.56
15,23,123600.0,79385.06,44214.94,0.3577,19745.63,23549.5,8946.36,6917.99,6041.85,6800.48,1852.97,5530.28,0.6565,0.437,0.526,46,Low,75868.28
16,0,65000.0,47725.16,17274.84,0.2658,10066.62,12996.63,5858.27,5444.97,3963.53,4387.64,2004.68,3002.83,0.4452,0.6894,0.5297,42,Moderate,46684.18
16,1,65000.0,43299.35,21700.65,0.3339,11679.47,11039.95,5336.91,4856.69,4101.49,1845.88,893.55,3545.4,0.3725,0.4754,0.4832,38,Moderate,42510.44
16,2,65000.0,45553.91,19446.09,0.2992,10387.51,16533.86,4910.23,4112.53,2404.56,5432.88,1996.78,2277.7,0.43,0.7116,0.5184,44,Moderate,44562.38
16,3,65000.0,41782.77,23217.23,0.3572,12074.15,16157.89,4279.22,4551.72,1941.74,4550.89,2523.57,2089.14,0.4244,0.7291,0.6512,47,Moderate,41911.39
16,4,65000.0,47531.82,17468.18,0.2687,10319.54,14361.55,6169.61,7236.03,2020.02,5580.38,1170.74,673.94,0.2178,0.4966,0.4201,31,Moderate,48367.95
16,5,65000.0,49359.58,15640.42,0.2406,10923.51,14917.58,5836.26,2991.36,3011.7,5096.45,2404.03,4178.69,0.4797,0.6909,0.5114,42,Moderate,52358.42
16,6,65650.0,44333.22,21316.78,0.3247,13321.39,16821.11,6429.94,7806.99,4117.21,3619.23,3181.21,2216.66,0.2224,0.5836,0.4389,35,Moderate,43030.8
16,7,65650.0,44419.16,21230.84,0.3234,13300.6,11422.28,4178.58,7642.15,1937.36,3593.49,1934.1,410.59,0.3263,0.6119,0.481,39,Moderate,45423.76
16,8,65650.0,46198.41,19451.59,0.2963,12860.12,14200.54,5369.95,6066.5,1457.52,4024.22,2080.07,139.48,0.3019,0.6524,0.4137,38,Moderate,44859.38
16,9,65650.0,53245.69,12404.31,0.1889,10757.12,14922.48,5784.7,9165.28,2644.39,5851.59,3041.79,1078.33,0.204,0.518,0.2896,27,Moderate,53929.41
16,10,65650.0,45123.92,20526.08,0.3127,13642.42,12742.45,5101.67,5299.18,1911.36,4793.36,1518.88,114.6,0.2669,0.5287,0.4581,35,Moderate,43445.55
16,11,65650.0,47807.68,17842.32,0.2718,11557.42,16043.62,4694.81,5966.97,2828.36,5262.65,2708.05,2390.38,0.2396,0.5843,0.4567,34,Moderate,49469.54
16,12,66300.0,50966.62,15333.38,0.2313,14098.08,13821.96,5181.08,7739.64,2149.28,5775.76,1280.71,920.12,0.4247,0.744,0.6305,41,Moderate,54482.17
16,13,66300.0,51232.3,15067.7,0.2273,13446.8,13386.79,5895.95,7092.02,3352.22,5127.99,2868.39,62.14,0.4451,0.6456,0.4663,39,Moderate,51896.78
16,14,66300.0,47283.98,19016.02,0.2868,10712.15,12860.71,4672.04,4507.1,4162.62,2593.73,1965.29,5810.34,0.2152,0.4679,0.2831,31,Moderate,46038.94
16,15,66300.0,49918.27,16381.73,0.2471,15270.46,13823.24,7123.12,3258.98,2599.55,3387.68,1435.67,3019.58,0.3134,0.5318,0.3494,33,Moderate,47248.84
16,16,66300.0,51282.31,15017.69,0.2265,11686.51,19992.49,5691.38,5344.83,1844.84,4779.93,2066.43,2564.12,0.2253,0.6476,0.4522,33,Moderate,52887.46
16,17,66300.0,45907.73,20392.27,0.3076,14517.73,13516.43,5577.89,4533.32,1718.64,2568.24,2089.44,1386.04,0.4306,0.4826,0.3575,38,Moderate,48007.33
16,18,66950.0,48616.08,18333.92,0.2738,15876.8,16831.43,5271.31,7855.42,4544.3,3807.23,3819.77,2430.8,0.1978,0.6827,0.4085,35,Moderate,46290.06
16,19,66950.0,43520.7,23429.3,0.35,9716.28,15690.2,3843.21,6809.83,2942.59,5129.79,1731.12,2176.04,0.2222,0.7358,0.4059,40,Moderate,42974.21
16,20,66950.0,49759.22,17190.78,0.2568,14910.95,16235.83,7453.07,8367.77,4871.22,3814.05,3196.77,2487.96,0.2127,0.5853,0.3425,32,Moderate,49493.88
16,21,66950.0,49954.46,16995.54,0.2539,10554.59,19666.24,5321.97,8677.65,3545.32,3620.59,3218.99,2497.72,0.4586,0.5686,0.5374,39,Moderate,47852.8
16,22,66950.0,49034.01,17915.99,0.2676,15681.36,17306.18,6831.82,4176.45,3759.15,4856.14,1560.56,2451.7,0.3099,0.7571,0.5479,40,Moderate,50425.74
16,23,66950.0,46174.6,20775.4,0.3103,12211.97,12372.31,5206.38,7599.99,3674.31,2856.97,1425.24,827.43,0.4886,0.5511,0.4405,42,Moderate,43996.99
17,0,45000.0,29672.6,15327.4,0.3406,8218.78,10392.03,4188.92,4521.25,948.87,1738.99,1383.5,1483.63,0.4717,0.8433,0.7258,50,Moderate,28293.25
17,1,45000.0,35626.69,9373.31,0.2083,10013.5,12801.07,3665.45,4486.02,1582.01,1904.72,928.69,245.22,0.3267,0.6145,0.4059,34,Moderate,34871.21
17,2,45000.0,30672.08,14327.92,0.3184,9125.81,11035.19,4567.97,4795.43,3059.11,1387.45,1422.26,1533.6,0.2909,0.8919,0.5089,45,Moderate,29142.17
17,3,45000.0,35675.72,9324.28,0.2072,8367.2,13234.3,4751.26,3181.52,2639.12,3429.36,2579.28,1783.79,0.4308,0.795,0.5258,42,Moderate,37548.54
17,4,45000.0,35904.27,9095.73,0.2021,8076.89,10606.27,4090.7,4004.23,2513.34,1840.43,2170.15,2602.28,0.2921,0.8862,0.6159,40,Moderate,33902.2
17,5,45000.0,32400.6,12599.4,0.28,10007.73,9757.4,3841.87,1821.99,3079.59,3709.71,1321.76,1620.03,0.5056,0.645,0.6646,43,Moderate,30955.68
17,6,45450.0,29647.16,15802.84,0.3477,8438.42,10277.51,4388.67,3382.24,1254.66,3418.75,1654.77,1482.36,0.3957,0.777,0.6237,46,Moderate,28621.72
17,7,45450.0,30887.43,14562.57,0.3204,7105.54,11987.31,4560.36,2058.55,1408.85,2386.85,1156.65,223.32,0.5048,0.7018,0.6492,47,Moderate,30584.23
17,8,45450.0,31074.45,14375.55,0.3163,7270.72,10947.31,3538.98,4668.27,2442.56,1831.97,1497.08,1553.72,0.358,0.7339,0.4482,43,Moderate,29723.24
17,9,45450.0,34198.6,11251.4,0.2476,11222.74,13490.98,4661.99,2602.92,2111.42,2814.27,2255.52,1709.93,0.439,0.7503,0.5781,43,Moderate,33491.89
17,10,45450.0,32958.6,12491.4,0.2748,11472.61,10346.62,4911.39,5870.16,1618.26,2780.68,994.76,1647.93,0.2288,0.8114,0.5445,39,Moderate,31818.2
17,11,45450.0,35303.24,10146.76,0.2233,9983.51,13514.07,3941.91,5701.77,3372.18,2499.83,1252.23,1765.16,0.4135,0.8985,0.6849,44,Moderate,37611.87
17,12,45900.0,35980.29,9919.71,0.2161,10640.38,10854.46,5087.31,4244.15,1922.83,3739.81,1281.97,1799.01,0.233,0.8389,0.4593,37,Moderate,37740.83
17,13,45900.0,35585.37,10314.63,0.2247,11934.85,10347.44,3411.52,6439.42,1380.68,2501.33,1429.75,1779.27,0.3591,0.6936,0.4731,38,Moderate,35049.47
17,14,45900.0,31558.29,14341.71,0.3125,7532.96,9573.76,3982.83,1870.5,1725.75,1758.73,1913.49,3200.27,0.3542,0.7818,0.4795,44,Moderate,29895.45
17,15,45900.0,34821.57,11078.43,0.2414,7936.06,9310.69,3297.9,4967.69,3461.96,2747.26,1148.11,1951.89,0.3815,0.799,0.5224,42,Moderate,36457.72
17,16,45900.0,34564.81,11335.19,0.247,8804.16,11642.89,4873.69,4130.02,2912.62,2514.36,1753.64,1728.24,0.3213,0.8852,0.6104,42,Moderate,34790.72
17,17,45900.0,30474.53,15425.47,0.3361,9352.44,10807.7,3013.43,3753.27,1782.42,2245.2,932.46,1523.73,0.3463,0.8454,0.6109,46,Moderate,30616.3
17,18,46350.0,33402.42,12947.58,0.2793,10995.48,13186.62,3473.0,5464.89,1813.64,1857.9,1207.85,1670.12,0.2518,0.8489,0.6433,41,Moderate,33001.9
17,19,46350.0,32698.9,13651.1,0.2945,10357.9,8804.83,3219.43,3660.67,2770.44,1467.89,1779.61,638.13,0.243,0.8048,0.5282,40,Moderate,32699.66
17,20,46350.0,32109.71,14240.29,0.3072,8573.33,9011.79,4440.61,4573.6,3014.01,1503.12,2370.52,1605.49,0.2739,0.7052,0.5284,39,Moderate,33125.2
17,21,46350.0,32199.81,14150.19,0.3053,10657.45,12272.3,3882.83,3844.39,1843.64,2089.85,919.51,1609.99,0.3077,0.8783,0.5643,44,Moderate,34261.12
17,22,46350.0,36799.13,9550.87,0.2061,9402.49,13309.85,4725.9,5354.01,2302.41,4205.49,779.55,1839.96,0.3369,0.6837,0.4721,36,Moderate,36352.52
17,23,46350.0,34918.21,11431.79,0.2466,8195.99,13782.53,4722.85,5197.06,2126.85,3664.82,1721.82,1745.91,0.505,0.7344,0.7065,44,Moderate,33172.28
18,0,180000.0,79621.75,100378.25,0.5577,19303.64,25729.76,10976.61,15521.61,3951.97,8310.89,2082.32,3981.09,0.273,0.8823,0.6597,55,Moderate,82363.18
18,1,180000.0,63601.17,116398.83,0.6467,14179.31,17346.06,5322.49,4549.43,3322.5,6396.05,2075.72,10409.6,0.2485,0.8508,0.4622,57,Moderate,60019.75
18,2,180000.0,85216.71,94783.29,0.5266,18240.65,26943.89,12203.15,14857.13,5215.58,7614.29,1984.6,4260.84,0.2207,0.8437,0.4411,51,Moderate,83952.66
18,3,180000.0,67042.91,112957.09,0.6275,19623.8,19299.52,9869.53,8325.41,4264.35,6811.5,2601.16,3352.15,0.2779,0.6752,0.4729,53,Moderate,71110.69
18,4,180000.0,67736.8,112263.2,0.6237,21912.95,19429.94,9680.48,9834.19,4611.7,4376.01,4322.84,3386.84,0.2519,0.6781,0.4414,52,Moderate,67321.52
18,5,180000.0,71655.36,108344.64,0.6019,16478.91,18484.23,6424.01,4541.47,2356.03,5286.67,1643.93,16440.13,0.1868,0.9129,0.4912,55,Moderate,73521.08
18,6,181800.0,83364.33,98435.67,0.5415,17185.81,25419.54,11012.34,7207.92,8309.34,9518.62,2261.3,2449.45,0.4039,0.8356,0.6676,57,Moderate,83622.11
18,7,181800.0,67560.55,114239.45,0.6284,20791.35,23491.56,9828.05,10559.78,2227.68,6799.89,4732.96,3378.03,0.3121,0.9024,0.7034,60,Moderate,71552.24
18,8,181800.0,92055.58,89744.42,0.4936,27048.97,30350.51,7957.43,9890.07,2870.39,6877.17,2881.43,4179.62,0.2002,0.8531,0.457,49,Moderate,88506.39
18,9,181800.0,91909.12,89890.88,0.4944,27560.85,24541.91,7899.31,15701.51,2932.74,9576.36,6961.41,4595.46,0.2328,0.7956,0.4895,49,Moderate,88237.6
18,10,181800.0,85334.57,96465.43,0.5306,29831.58,30036.8,12261.59,14127.41,3398.91,9148.87,5767.3,4266.73,0.4279,0.9127,0.6817,59,Moderate,85203.59
18,11,181800.0,68461.07,113338.93,0.6234,20463.25,26393.64,8379.68,10422.53,3724.8,7721.91,3223.25,3423.05,0.4317,0.7091,0.542,58,Moderate,65998.27
18,12,183600.0,74273.83,109326.17,0.5955,18265.77,18754.07,6757.19,9308.73,3592.62,6672.8,1742.08,9180.57,0.2841,0.8147,0.5625,55,Moderate,70496.37
18,13,183600.0,61710.09,121889.91,0.6639,12752.93,21376.7,7765.77,8843.98,3428.93,4834.41,3163.97,3085.5,0.357,0.8241,0.5428,61,Moderate,61026.34
18,14,183600.0,82351.76,101248.24,0.5515,28085.68,30863.1,6729.71,14619.32,5242.36,4744.64,6191.26,4117.59,0.2394,0.7392,0.5045,50,Moderate,79383.84
18,15,183600.0,90640.47,92959.53,0.5063,22145.56,31767.38,12702.1,13943.95,6376.9,6462.38,5161.44,4532.02,0.2821,0.9331,0.6716,54,Moderate,93501.2
18,16,183600.0,84893.56,98706.44,0.5376,26390.16,21569.99,6801.08,15996.02,8382.37,8145.51,6299.8,4244.68,0.2375,0.8044,0.5305,51,Moderate,90005.0
18,17,183600.0,70214.64,113385.36,0.6176,22987.06,22728.0,6311.19,8214.24,2386.31,3397.54,4470.49,3510.73,0.3708,0.8408,0.5663,59,Moderate,72312.45
18,18,185400.0,80911.88,104488.12,0.5636,18246.37,28997.7,9033.37,8028.95,5895.3,4103.51,5392.16,1214.52,0.4235,0.7771,0.695,57,Moderate,83927.28
18,19,185400.0,79086.54,106313.46,0.5734,16126.38,31455.66,7300.97,12153.27,2958.46,3493.96,4618.2,979.64,0.355,0.9187,0.6428,59,Moderate,75690.66
18,20,185400.0,83623.19,101776.81,0.549,24218.69,23067.32,8689.26,14624.98,4421.26,5734.53,6534.61,4181.16,0.3955,0.6536,0.4546,52,Moderate,80299.08
18,21,185400.0,86971.47,98428.53,0.5309,22956.31,33835.72,10946.78,7108.46,6882.6,9022.46,2565.8,4348.57,0.2313,0.6539,0.3538,47,Moderate,82923.1
18,22,185400.0,81518.54,103881.46,0.5603,17747.56,22387.83,8151.61,6037.01,7314.63,4656.89,3412.8,11810.22,0.283,0.7683,0.5322,52,Moderate,86065.01
18,23,185400.0,74511.2,110888.8,0.5981,19349.04,22544.75,6793.43,10208.63,3127.74,8553.94,2948.42,985.25,0.2712,0.6903,0.5053,52,Moderate,75835.58
19,0,120000.0,90636.66,29363.34,0.2447,24095.65,34160.57,12042.9,14875.88,8474.31,10724.71,2766.45,4531.83,0.5126,0.8207,0.6396,46,Moderate,96525.46
19,1,120000.0,91771.39,28228.61,0.2352,22645.51,29794.18,10024.97,9518.1,7018.89,8641.07,4512.04,4588.57,0.7706,0.962,0.8371,57,Moderate,86318.5
19,2,120000.0,102456.75,17543.25,0.1462,26582.07,34821.1,13748.36,11478.61,5082.22,6861.4,2660.4,1222.58,0.5254,0.8532,0.6624,43,Moderate,104113.13
19,3,120000.0,103085.05,16914.95,0.141,27000.5,32827.97,10486.68,7716.3,4985.59,12019.12,5151.28,2897.61,0.4917,0.916,0.7785,43,Moderate,101685.6
19,4,120000.0,89608.06,30391.94,0.2533,23263.53,33682.71,11513.17,12922.44,4070.54,8631.93,6194.98,4480.4,0.7445,0.8948,0.8767,56,Moderate,86369.65
19,5,120000.0,88306.59,31693.41,0.2641,23816.54,22077.42,12001.2,12882.4,2819.82,7873.73,2722.57,4112.9,0.6015,0.946,0.6942,53,Moderate,85014.66
19,6,121200.0,87353.61,33846.39,0.2793,25081.63,30643.42,8710.86,13539.02,4958.0,10393.04,6159.65,4367.68,0.5454,0.9638,0.6994,53,Moderate,92310.38
19,7,121200.0,103605.22,17594.78,0.1452,25284.51,33112.78,12568.12,12504.5,3772.55,9700.53,2889.88,3772.35,0.6035,0.8284,0.7597,45,Moderate,105434.73
19,8,121200.0,98188.28,23011.72,0.1899,30391.15,32591.44,9391.93,14218.62,8895.7,6531.46,7052.06,4909.41,0.5887,0.8421,0.7765,47,Moderate,96040.72
19,9,121200.0,101920.92,19279.08,0.1591,21401.47,34506.19,9743.52,10419.03,8492.7,9358.31,6394.36,1605.34,0.6728,0.9819,0.8639,51,Moderate,97702.39
19,10,121200.0,87316.68,33883.32,0.2796,30448.58,29312.32,7255.26,11545.98,5654.43,5601.74,4759.63,4365.83,0.6551,0.8732,0.8001,54,Moderate,84908.98
19,11,121200.0,95759.76,25440.24,0.2099,22167.67,36158.08,11444.94,13552.31,3518.3,10498.12,3722.23,4787.99,0.5091,0.755,0.7108,43,Moderate,90050.56
19,12,122400.0,93809.34,28590.66,0.2336,30716.93,32154.81,10474.74,13820.55,4581.96,3962.5,5843.48,4690.47,0.6919,0.9566,0.8452,55,Moderate,95705.32
19,13,122400.0,100471.18,21928.82,0.1792,24477.64,34166.69,9954.55,6365.03,8050.35,5328.26,6083.97,6044.67,0.6002,0.8871,0.696,48,Moderate,106261.27
19,14,122400.0,97945.88,24454.12,0.1998,33535.14,29195.78,11745.59,17137.97,6690.03,5281.78,3892.08,4897.29,0.7342,0.9941,0.8015,55,Moderate,101059.78
19,15,122400.0,99381.61,23018.39,0.1881,28429.59,31673.03,13758.79,16285.62,9808.65,11785.11,7085.07,4969.08,0.5833,0.8315,0.7848,46,Moderate,104121.31
19,16,122400.0,105852.2,16547.8,0.1352,31995.36,27934.55,13435.77,14612.28,4010.97,10673.62,7301.31,5292.61,0.6639,0.8449,0.8349,47,Moderate,101865.66
19,17,122400.0,94100.22,28299.78,0.2312,27302.43,37333.3,12697.69,13004.19,5223.91,11061.68,4616.81,4705.01,0.6527,0.9676,0.8215,54,Moderate,97470.7
19,18,123600.0,104475.09,19124.91,0.1547,27412.04,39263.9,9165.53,11094.03,7254.2,9790.47,3668.08,5223.75,0.698,0.9061,0.8714,50,Moderate,98595.34
19,19,123600.0,96068.34,27531.66,0.2227,21006.57,24172.27,12471.1,9906.35,3399.57,4899.53,7241.02,12971.93,0.756,0.9864,0.9002,57,Moderate,99830.8
19,20,123600.0,96149.1,27450.9,0.2221,20811.64,37759.88,10850.77,14959.37,6928.8,10621.1,5167.84,4807.45,0.5677,1.0,0.8256,52,Moderate,101970.73
19,21,123600.0,98285.77,25314.23,0.2048,27204.25,35203.24,11937.59,6167.76,7987.39,9714.34,7217.71,4914.29,0.6882,0.7913,0.7351,49,Moderate,99144.47
19,22,123600.0,98747.91,24852.09,0.2011,29559.91,37352.42,12605.54,6714.65,4555.59,10241.12,5589.75,4937.4,0.7513,0.765,0.7613,50,Moderate,104086.58
19,23,123600.0,90698.32,32901.68,0.2662,21887.57,31238.75,10063.16,13638.73,8297.13,9157.25,2600.6,4534.92,0.771,0.7937,0.7011,54,Moderate,91189.82
20,0,250000.0,182867.93,67132.07,0.2685,56451.01,50983.08,26758.27,13879.96,6132.63,14739.01,5212.26,8711.7,0.4396,0.904,0.701,47,Moderate,192796.69
20,1,250000.0,179203.65,70796.35,0.2832,58999.0,47817.33,20493.12,29827.76,15139.34,8574.45,13053.63,8960.18,0.3856,0.8158,0.6325,44,Moderate,182106.17
20,2,250000.0,160908.46,89091.54,0.3564,35590.49,61234.6,24041.98,22314.88,4994.63,16499.43,9319.79,8045.42,0.4367,0.9011,0.5758,51,Moderate,161947.51
20,3,250000.0,153358.63,96641.37,0.3866,33533.46,56759.2,19283.85,29436.93,6996.29,13824.58,3947.56,7667.93,0.3432,0.7426,0.4624,46,Moderate,154014.26
20,4,250000.0,187249.35,62750.65,0.251,62938.65,70395.29,24664.51,22647.61,7853.17,18083.94,10925.46,9362.47,0.4968,0.723,0.5169,44,Moderate,188137.28
20,5,250000.0,160474.05,89525.95,0.3581,44150.43,58413.97,13364.5,23144.47,8573.66,8421.13,12414.07,8023.7,0.3609,0.9366,0.6529,50,Moderate,165216.79
20,6,252500.0,166024.17,86475.83,0.3425,35230.32,51103.28,18531.26,24086.95,9827.69,7219.48,4684.24,15340.94,0.4789,0.826,0.7523,50,Moderate,158345.56
20,7,252500.0,179883.14,72616.86,0.2876,47652.15,64372.11,22400.76,27013.55,8079.62,9387.97,9804.06,8994.16,0.3338,0.6631,0.5664,39,Moderate,171809.14
20,8,252500.0,174668.59,77831.41,0.3082,37564.51,49950.54,17107.05,24604.04,11864.15,16610.14,13805.57,3162.58,0.5028,0.9267,0.6813,52,Moderate,182819.0
20,9,252500.0,155235.7,97264.3,0.3852,50263.55,45452.27,22638.78,29426.43,7445.16,9582.09,11594.06,7761.78,0.3919,0.8371,0.6784,50,Moderate,157706.03
20,10,252500.0,167633.48,84866.52,0.3361,37216.16,64520.8,14056.82,20690.06,14262.57,10817.52,4615.45,1454.11,0.5146,0.7919,0.6236,50,Moderate,159923.82
20,11,252500.0,171738.24,80761.76,0.3198,58596.74,63886.0,17652.87,31075.91,8771.35,11062.16,10583.53,8586.91,0.545,0.7837,0.6781,50,Moderate,169540.62
20,12,255000.0,166512.63,88487.37,0.347,41222.05,59194.7,19284.37,21084.01,12762.18,11907.7,7115.82,8325.63,0.3868,0.6806,0.4922,44,Moderate,175237.34
20,13,255000.0,159328.94,95671.06,0.3752,55315.86,51200.18,18970.88,11676.95,7429.78,13969.35,5326.14,7966.45,0.5594,0.8432,0.7803,54,Moderate,158817.91
20,14,255000.0,172734.69,82265.31,0.3226,50488.1,55819.46,19667.55,34531.61,14231.31,20679.63,11101.44,8636.73,0.4768,0.9447,0.6788,52,Moderate,184795.51
20,15,255000.0,160672.57,94327.43,0.3699,39782.62,58546.35,21803.89,25303.8,14400.55,15134.07,5865.07,8033.63,0.3694,0.7056,0.489,45,Moderate,153077.95
20,16,255000.0,188984.44,66015.56,0.2589,50703.89,51391.62,20999.63,35359.0,13596.28,12783.47,13112.87,9449.22,0.3804,0.7014,0.4868,40,Moderate,178856.5
20,17,255000.0,160312.69,94687.31,0.3713,54114.37,54605.66,20276.82,21374.48,10303.14,12261.33,5381.19,8015.63,0.4964,0.9169,0.6539,54,Moderate,158463.84
20,18,257500.0,178489.79,79010.21,0.3068,61605.64,56939.3,18731.87,33793.01,16506.4,18357.0,13950.86,8924.49,0.3231,0.6603,0.46,40,Moderate,189689.01
20,19,257500.0,189160.67,68339.33,0.2654,59706.61,57776.06,16458.23,11187.09,12604.21,19146.4,10183.52,2098.56,0.3417,0.6864,0.5348,39,Moderate,194755.93
20,20,257500.0,158486.15,99013.85,0.3845,34067.65,62306.94,19561.13,12235.38,6087.03,16709.55,9928.65,7924.31,0.4488,0.8731,0.5796,52,Moderate,153821.78
20,21,257500.0,164199.32,93300.68,0.3623,49046.9,55537.91,20674.91,32396.78,8827.05,17218.03,5209.71,8209.97,0.3345,0.8529,0.576,47,Moderate,160405.16
20,22,257500.0,170520.76,86979.24,0.3378,50101.87,49546.22,23532.8,30822.22,13172.49,9763.48,6388.12,8526.04,0.4972,0.8738,0.7392,51,Moderate,166430.64
20,23,257500.0,190896.04,66603.96,0.2587,62973.93,65274.29,16354.7,30747.58,15921.19,11071.54,8126.6,9544.8,0.3528,0.8481,0.6549,43,Moderate,184940.37
21,0,65000.0,43639.74,21360.26,0.3286,11870.8,12475.19,5241.07,2367.91,2793.63,4872.28,1091.59,2927.26,0.3912,0.6831,0.6293,43,Moderate,46155.07
21,1,65000.0,47414.91,17585.09,0.2705,16129.65,18856.93,3958.65,4527.8,1792.48,5649.06,3326.79,2370.75,0.262,0.7195,0.4987,38,Moderate,48632.33
21,2,65000.0,47869.61,17130.39,0.2635,12158.54,19144.79,5306.14,6490.21,3542.14,2210.02,1369.11,2393.48,0.2935,0.5825,0.3942,35,Moderate,50635.59
21,3,65000.0,46422.54,18577.46,0.2858,12813.08,14090.44,5098.87,4815.95,4363.23,5315.28,3377.41,2321.13,0.2154,0.5607,0.4429,33,Moderate,43928.78
21,4,65000.0,42783.09,22216.91,0.3418,11364.75,11075.02,5415.31,2950.68,1574.9,2182.33,3021.2,5198.9,0.264,0.6227,0.3475,38,Moderate,42262.25
21,5,65000.0,50911.54,14088.46,0.2167,15912.92,15391.67,7141.15,4371.94,4302.58,6051.68,4053.76,2545.58,0.1596,0.5438,0.2948,28,Moderate,49423.94
21,6,65650.0,50482.81,15167.19,0.231,10786.24,17869.66,4990.92,9413.36,3291.7,5515.87,1696.84,2524.14,0.2333,0.7731,0.5975,36,Moderate,47765.3
21,7,65650.0,47714.95,17935.05,0.2732,10917.18,13315.06,6667.17,9343.5,2534.34,2340.75,1353.23,1243.72,0.2052,0.5859,0.4565,33,Moderate,48969.36
21,8,65650.0,48519.13,17130.87,0.2609,10332.87,13252.26,4400.78,5633.03,2688.2,3429.69,2293.09,6489.21,0.4325,0.7569,0.5358,43,Moderate,47467.56
21,9,65650.0,50082.3,15567.7,0.2371,11161.39,13720.5,4992.93,9189.3,2881.34,5824.46,3271.7,2504.12,0.3691,0.586,0.4476,36,Moderate,51455.18
21,10,65650.0,47781.54,17868.46,0.2722,11684.22,14481.87,5813.19,8426.57,2123.47,3204.52,1973.38,74.32,0.3006,0.6004,0.3659,36,Moderate,49560.14
21,11,65650.0,42895.27,22754.73,0.3466,9603.44,17013.38,4743.75,5052.39,2439.81,4615.58,1288.65,2144.76,0.4082,0.6183,0.5799,43,Moderate,45404.5
21,12,66300.0,46564.18,19735.82,0.2977,9395.73,17261.9,6968.46,4670.4,1938.41,2394.58,2954.2,980.51,0.2968,0.5558,0.3872,36,Moderate,44803.63
21,13,66300.0,53057.46,13242.54,0.1997,11783.96,15564.2,5915.52,3071.49,2601.25,4169.41,3026.56,6925.08,0.1653,0.7129,0.4244,31,Moderate,56376.11
21,14,66300.0,43555.34,22744.66,0.3431,14267.47,16139.01,5381.94,8139.61,1983.86,2120.37,992.33,2177.77,0.3488,0.6531,0.5399,42,Moderate,42912.33
21,15,66300.0,47566.74,18733.26,0.2826,10834.25,12547.57,6376.64,6938.91,4584.69,3112.57,3268.14,2378.34,0.406,0.604,0.5819,39,Moderate,46290.0
21,16,66300.0,44933.68,21366.32,0.3223,13295.82,15352.03,6076.22,6989.98,2656.14,3767.45,2330.86,2246.68,0.1803,0.5405,0.4087,33,Moderate,45226.84
21,17,66300.0,45916.78,20383.22,0.3074,12645.4,18004.28,4394.62,4092.52,2222.54,3900.49,1946.11,2295.84,0.2538,0.7492,0.4753,40,Moderate,46820.46
21,18,66950.0,44903.56,22046.44,0.3293,11334.38,13195.69,4101.57,6157.9,4438.52,4422.88,3183.15,2245.18,0.3246,0.7653,0.5872,43,Moderate,43452.7
21,19,66950.0,47726.06,19223.94,0.2871,13734.55,15473.36,6062.76,4733.01,4127.16,5306.49,2252.07,2386.3,0.3113,0.7729,0.5074,41,Moderate,50209.74
21,20,66950.0,43459.65,23490.35,0.3509,10761.28,11234.71,5033.1,4347.38,1321.14,4723.31,3381.37,2657.35,0.4145,0.8059,0.6064,48,Moderate,43803.72
21,21,66950.0,42871.0,24079.0,0.3597,14015.27,16474.64,6139.53,6512.06,3855.98,4470.45,1919.06,2143.55,0.3856,0.7995,0.5449,47,Moderate,40694.59
21,22,66950.0,46811.11,20138.89,0.3008,10563.48,14786.02,4090.59,8498.61,3776.25,4599.42,2685.15,2340.56,0.3664,0.7025,0.5531,42,Moderate,48822.04
21,23,66950.0,42318.46,24631.54,0.3679,13328.45,15957.82,4424.84,2468.78,1873.59,2305.96,2275.16,2115.92,0.4128,0.7259,0.5074,47,Moderate,41130.96
22,0,25000.0,10616.93,14383.07,0.5753,3648.71,2905.4,1268.8,2075.46,533.27,983.36,346.96,530.85,0.6223,0.408,0.5732,54,Low,10660.45
22,1,25000.0,12899.49,12100.51,0.484,2877.28,4637.38,1730.1,1659.47,921.01,557.05,1001.22,644.97,0.6879,0.2901,0.5026,49,Low,12890.3
22,2,25000.0,13591.43,11408.57,0.4563,3706.12,4660.04,1183.73,1218.77,1200.74,1186.32,721.89,679.57,0.7785,0.5512,0.7149,57,Low,13617.14
22,3,25000.0,10316.14,14683.86,0.5874,2707.19,3462.79,928.69,1049.72,431.81,668.1,779.78,288.06,0.7381,0.4285,0.6776,59,Low,9810.27
22,4,25000.0,13012.45,11987.55,0.4795,3466.23,3823.17,1042.47,1995.54,440.51,1055.19,363.51,825.82,0.5336,0.4057,0.4915,47,Moderate,13296.95
22,5,25000.0,10185.95,14814.05,0.5926,2050.46,2689.73,1190.38,1026.84,479.32,777.2,207.68,1764.33,0.7354,0.4053,0.6191,58,Low,9657.37
22,6,25250.0,11073.35,14176.65,0.5615,3418.73,3049.5,1192.64,1930.25,1009.65,1279.12,249.26,553.67,0.5349,0.2877,0.3412,48,Moderate,10546.86
22,7,25250.0,10266.73,14983.27,0.5934,3461.62,3407.61,870.32,1096.7,448.81,631.29,567.56,513.34,0.7523,0.3224,0.6306,57,Low,9657.65
22,8,25250.0,13872.17,11377.83,0.4506,4528.75,3550.58,2062.12,1279.59,712.25,645.4,946.04,147.43,0.6433,0.4248,0.5572,50,Low,14440.99
22,9,25250.0,13203.66,12046.34,0.4771,3359.28,4424.72,1294.1,927.79,1292.58,1151.44,525.0,228.76,0.6564,0.5366,0.6082,54,Low,13494.75
22,10,25250.0,14058.36,11191.64,0.4432,3833.75,5344.21,1278.12,1391.98,1261.96,1447.1,783.11,702.92,0.5652,0.4196,0.4141,47,Moderate,13792.64
22,11,25250.0,13479.07,11770.93,0.4662,4517.61,3538.85,1567.32,2623.86,538.28,890.27,916.17,673.95,0.5395,0.3329,0.3913,45,Moderate,13785.68
22,12,25500.0,13107.31,12392.69,0.486,4530.35,3280.71,1856.12,1234.18,1281.73,1206.76,370.93,655.37,0.5438,0.4944,0.6086,50,Moderate,12687.68
22,13,25500.0,11776.41,13723.59,0.5382,2921.16,3832.96,1352.42,809.54,919.04,654.1,237.21,1049.98,0.8182,0.3396,0.502,57,Low,11095.29
22,14,25500.0,11088.23,14411.77,0.5652,2608.68,4066.3,1209.42,1261.8,900.84,1167.93,408.1,554.41,0.5558,0.3477,0.5121,50,Moderate,11169.71
22,15,25500.0,10542.16,14957.84,0.5866,3550.63,3607.96,875.77,1846.05,537.12,786.36,230.63,527.11,0.5789,0.4389,0.5067,54,Moderate,10702.61
22,16,25500.0,13743.73,11756.27,0.461,3108.76,4215.91,1708.26,2640.15,1094.47,1483.22,1054.53,687.19,0.6447,0.4032,0.5138,50,Low,13476.35
22,17,25500.0,10328.67,15171.33,0.595,3292.8,3345.6,1537.72,977.82,1031.19,683.88,365.86,516.43,0.7117,0.3068,0.6054,55,Low,10824.03
22,18,25750.0,11737.41,14012.59,0.5442,3064.11,3757.92,1528.07,794.69,917.29,1314.78,551.8,586.87,0.6249,0.4364,0.4836,54,Low,11558.94
22,19,25750.0,11406.17,14343.83,0.557,3722.38,3743.15,1590.29,1887.3,458.77,1170.72,346.88,570.31,0.6051,0.4255,0.5646,53,Low,11416.4
22,20,25750.0,13460.74,12289.26,0.4773,3967.37,3623.81,1888.37,2224.68,1129.77,850.33,615.17,673.04,0.642,0.5741,0.5594,55,Low,13187.43
22,21,25750.0,13250.44,12499.56,0.4854,4081.29,3621.33,1152.9,1259.29,754.38,875.97,941.7,563.58,0.7171,0.4801,0.5364,55,Low,14117.64
22,22,25750.0,14581.92,11168.08,0.4337,3293.04,5785.75,1305.83,1273.38,1243.29,971.62,505.73,203.28,0.6169,0.5555,0.5265,51,Low,14368.79
22,23,25750.0,13597.24,12152.76,0.472,3787.9,5363.97,1816.08,2344.1,1141.16,1273.62,519.36,679.86,0.6539,0.5285,0.6884,54,Low,14375.16
23,0,45000.0,27121.78,17878.22,0.3973,8717.52,8679.21,2922.92,4579.53,961.72,1877.75,1286.0,1356.09,0.9863,0.9722,0.8794,71,Low,28917.4
23,1,45000.0,33332.83,11667.17,0.2593,8447.22,12193.32,2918.52,3568.86,1358.76,1517.67,1153.35,2175.15,0.7637,0.881,0.7402,56,Moderate,32517.26
23,2,45000.0,32365.58,12634.42,0.2808,10936.92,9731.74,3896.17,1929.99,1428.6,2848.54,2357.16,1618.28,0.8986,0.8217,0.8692,60,Moderate,31956.41
23,3,45000.0,31729.05,13270.95,0.2949,9961.57,8507.04,4320.66,1892.74,2407.84,2801.29,2213.66,1586.45,0.8447,0.9195,0.9306,61,Moderate,30081.54
23,4,45000.0,26043.2,18956.8,0.4213,5752.19,8417.64,2335.63,1357.39,1465.06,1868.82,972.61,3873.86,0.9273,1.0,0.9226,71,Low,25992.19
23,5,45000.0,30803.55,14196.45,0.3155,6960.68,11690.75,4478.74,5566.21,2670.35,2260.2,1034.37,1540.18,0.8578,0.8444,0.7528,61,Low,31523.57
23,6,45450.0,30289.07,15160.93,0.3336,7096.8,10283.41,4256.26,5512.21,1917.35,1401.52,803.47,1514.45,0.7602,0.8617,0.8603,59,Low,31820.76
23,7,45450.0,26837.64,18612.36,0.4095,6256.15,9906.24,3406.19,4565.62,2177.54,2981.36,989.7,1341.88,1.0,0.9173,1.0,71,Low,25920.8
23,8,45450.0,32413.7,13036.3,0.2868,6790.23,10520.95,4201.06,2273.97,2198.14,2839.61,1256.96,2332.79,0.954,1.0,1.0,66,Moderate,31777.84
23,9,45450.0,28890.2,16559.8,0.3644,8194.62,9753.15,3299.26,2900.79,2477.4,3348.13,1417.33,1444.51,0.7493,0.9475,0.8797,62,Low,30249.98
23,10,45450.0,32819.41,12630.59,0.2779,9300.29,11107.41,3035.65,6198.44,1645.61,2218.13,1237.48,1640.97,0.9294,0.8879,0.9301,62,Moderate,33956.63
23,11,45450.0,26683.01,18766.99,0.4129,7882.87,9116.6,2355.89,4380.29,2363.53,2018.35,1048.73,1334.15,1.0,0.8332,0.8209,69,Low,26052.48
23,12,45900.0,32350.16,13549.84,0.2952,8606.04,11095.84,3449.15,6147.4,3181.73,2409.74,990.03,1617.51,0.7965,1.0,0.9281,62,Moderate,33710.31
23,13,45900.0,33840.09,12059.91,0.2627,11006.69,8625.14,4298.27,6233.91,2565.24,3352.15,2590.11,1692.0,0.805,0.8893,0.7954,58,Moderate,34426.54
23,14,45900.0,29095.14,16804.86,0.3661,6718.7,10951.43,3320.46,4712.01,1087.74,3065.79,857.93,1454.76,0.9921,0.8428,0.9454,67,Low,28719.22
23,15,45900.0,27971.94,17928.06,0.3906,5992.87,10408.92,2360.15,2871.55,1799.64,2611.54,1171.75,755.51,0.9497,0.9346,0.8486,69,Low,27006.76
23,16,45900.0,28439.92,17460.08,0.3804,7125.21,8559.53,3428.15,2750.7,1954.49,3153.2,1380.35,88.27,0.7765,0.876,0.8389,62,Low,28425.4
23,17,45900.0,31715.47,14184.53,0.309,8001.21,11241.45,3677.25,4366.33,2978.37,3587.61,2125.18,1585.77,0.7544,0.8849,0.8565,58,Low,30961.23
23,18,46350.0,29587.87,16762.13,0.3616,9120.1,9544.65,3632.32,4968.03,1300.02,3026.83,2110.74,1479.39,1.0,1.0,0.9348,71,Low,29468.34
23,19,46350.0,27588.7,18761.3,0.4048,7791.29,9632.34,3484.04,4291.45,1905.96,1441.61,1701.63,1379.44,0.9641,0.7878,0.8959,66,Low,27659.98
23,20,46350.0,33325.34,13024.66,0.281,6900.71,11280.24,4675.3,5408.52,1824.9,3537.52,1417.33,1666.27,0.7648,0.8544,0.8411,56,Moderate,33893.94
23,21,46350.0,30710.24,15639.76,0.3374,10591.08,11078.25,3570.34,4139.92,1513.1,1421.81,1140.52,1535.51,0.9391,0.9803,1.0,67,Low,31150.67
23,22,46350.0,29694.67,16655.33,0.3593,9309.8,10575.07,3035.98,5779.97,1244.51,2965.95,816.93,1484.73,0.7956,1.0,0.8145,65,Low,29912.23
23,23,46350.0,32369.82,13980.18,0.3016,10116.52,10077.48,2974.29,4943.23,2647.18,2718.71,2331.21,1618.49,0.8519,0.9957,0.9808,64,Low,31036.18
24,0,180000.0,82342.11,97657.89,0.5425,19438.32,28244.82,12090.53,5087.11,6333.03,6660.94,5014.38,4117.11,0.7013,0.7379,0.7869,63,Low,87605.45
24,1,180000.0,73965.84,106034.16,0.5891,18035.66,22229.6,9414.55,13655.11,4552.67,5850.12,5563.47,3698.29,0.7339,0.7304,0.638,66,Low,70692.39
24,2,180000.0,79011.09,100988.91,0.561,25182.08,30037.85,9094.16,5101.25,3722.53,7950.21,5778.8,3950.55,0.9081,0.739,0.8879,70,Low,76547.52
24,3,180000.0,63688.43,116311.57,0.6462,15914.32,22939.9,7160.7,8015.0,3603.63,7004.51,3005.64,3184.42,0.8771,0.7361,0.8477,73,Low,60350.29
24,4,180000.0,78501.3,101498.7,0.5639,20195.93,24650.47,11425.39,10702.62,6057.53,3261.14,5981.0,3925.06,0.8897,0.7293,0.7142,70,Low,81055.63
24,5,180000.0,77705.1,102294.9,0.5683,19882.24,29444.57,10215.69,5469.8,6482.71,4691.15,2818.25,3885.25,0.7695,0.754,0.7459,67,Low,74126.65
24,6,181800.0,59421.67,122378.33,0.6731,18592.08,17172.82,7119.69,7609.42,3923.96,3376.82,3267.24,2971.08,0.8542,0.4887,0.7059,68,Low,61819.65
24,7,181800.0,81809.54,99990.46,0.55,18268.66,31517.23,9340.92,8845.38,3695.43,9080.12,2233.82,4090.48,0.6565,0.471,0.4772,56,Low,79193.12
24,8,181800.0,61552.34,120247.66,0.6614,13188.42,20857.75,8400.36,8239.07,5534.79,7157.75,3204.24,3077.62,0.8446,0.6589,0.6807,71,Low,64862.77
24,9,181800.0,86837.64,94962.36,0.5223,29808.3,27770.98,9147.72,9825.46,2653.54,7026.32,6765.77,4341.88,0.6801,0.5934,0.5373,58,Low,86493.35
24,10,181800.0,64154.03,117645.97,0.6471,14093.04,21784.48,5520.81,4446.16,4252.33,3720.14,3247.6,7089.46,0.7734,0.7221,0.7976,70,Low,67869.01
24,11,181800.0,80583.87,101216.13,0.5567,17088.92,31606.46,7580.05,6521.98,7188.28,8172.84,3840.1,4029.19,0.9376,0.5905,0.7514,67,Low,78783.12
24,12,183600.0,90685.96,92914.04,0.5061,28255.46,31872.04,9963.74,7015.0,7808.58,6113.59,3157.89,4534.3,0.7153,0.5412,0.5558,57,Low,91043.35
24,13,183600.0,85670.03,97929.97,0.5334,21252.44,31099.78,9395.44,14229.54,3231.26,4896.89,2277.34,4283.5,0.8393,0.4882,0.736,61,Low,82417.64
24,14,183600.0,68685.43,114914.57,0.6259,15510.77,18129.54,9043.44,13171.04,3442.02,4034.71,2749.13,2604.8,0.6702,0.5684,0.6262,62,Low,66241.46
24,15,183600.0,91077.49,92522.51,0.5039,23896.25,31440.45,10505.86,9004.33,4654.66,9070.6,4159.84,4553.87,0.7265,0.4731,0.5945,56,Low,89346.05
24,16,183600.0,84491.87,99108.13,0.5398,27734.61,27313.18,10395.48,11293.08,3580.98,8504.24,6223.44,4224.59,0.8541,0.6311,0.6656,65,Low,89368.28
24,17,183600.0,68905.48,114694.52,0.6247,14194.38,25277.9,5792.6,11398.97,3709.24,3902.79,4537.35,92.24,0.7945,0.7513,0.8646,70,Low,68168.32
24,18,185400.0,84393.88,101006.12,0.5448,24723.09,32741.73,10826.16,6993.84,5428.82,5174.96,4114.97,4219.69,0.6577,0.6808,0.6524,61,Low,84727.62
24,19,185400.0,69927.05,115472.95,0.6228,22393.93,26248.91,10107.95,11644.29,3316.17,7629.99,1764.7,3496.35,0.71,0.4955,0.5706,61,Low,69585.2
24,20,185400.0,81472.8,103927.2,0.5606,28240.15,27954.62,9058.76,14325.45,4535.42,8241.36,6269.71,4073.64,0.8745,0.7175,0.7231,69,Low,84775.1
24,21,185400.0,84970.05,100429.95,0.5417,28362.58,24213.45,12620.37,9864.17,6594.27,6485.91,3286.95,4248.5,0.9045,0.7148,0.836,69,Low,80920.78
24,22,185400.0,66804.12,118595.88,0.6397,19226.99,25739.73,8848.49,10975.07,4434.73,7943.01,1556.41,3340.21,0.9002,0.7382,0.856,74,Low,62902.19
24,23,185400.0,82218.62,103181.38,0.5565,20579.3,29869.58,7631.73,13187.94,3118.94,9095.16,2621.61,4110.93,0.8429,0.7438,0.7004,68,Low,85086.89
25,0,45000.0,35609.87,9390.13,0.2087,10873.42,9417.62,5207.32,6759.26,2252.05,3676.88,1777.03,1780.49,0.8984,0.4973,0.6768,48,Moderate,37667.24
25,1,45000.0,31371.38,13628.62,0.3029,10290.85,10787.33,4102.52,4482.43,2872.26,2422.48,1720.99,1568.57,0.8858,0.5239,0.7073,53,Low,29836.99
25,2,45000.0,36549.86,8450.14,0.1878,11929.6,11422.21,4580.12,5183.51,3478.5,3183.95,2722.0,1827.49,0.7868,0.5458,0.6579,45,Moderate,35197.5
25,3,45000.0,30408.67,14591.33,0.3243,8539.86,10563.8,4254.22,5083.82,2853.19,3523.16,1998.32,1520.43,0.7667,0.5815,0.7347,52,Low,31235.16
25,4,45000.0,32621.98,12378.02,0.2751,9755.35,11123.0,3808.97,2346.01,1026.33,1793.65,1406.53,1362.15,0.9878,0.4839,0.8072,54,Moderate,34100.82
25,5,45000.0,32218.21,12781.79,0.284,7119.31,8507.78,3192.2,2424.74,2622.67,3860.24,1367.18,3124.09,0.7173,0.4346,0.4859,45,Moderate,30683.8
25,6,45450.0,33312.03,12137.97,0.2671,9661.43,10708.42,2788.65,5223.31,2469.45,2850.75,2390.9,1665.6,0.9411,0.4309,0.6216,51,Moderate,31619.28
25,7,45450.0,34877.77,10572.23,0.2326,9943.12,12670.23,4232.11,2025.02,2933.01,1969.92,2700.05,1743.89,0.7082,0.4473,0.6727,42,Moderate,35245.98
25,8,45450.0,33037.97,12412.03,0.2731,9040.41,9014.44,4839.68,6310.43,1444.79,2114.49,1296.8,1651.9,0.8187,0.4092,0.6641,47,Moderate,34279.55
25,9,45450.0,29840.95,15609.05,0.3434,9285.18,11643.21,4300.95,4298.28,2323.92,1919.78,2070.56,1492.05,0.997,0.5825,0.8872,59,Low,30536.22
25,10,45450.0,36261.01,9188.99,0.2022,7613.29,13798.09,5216.42,1986.48,3032.05,3124.18,817.78,672.7,0.9595,0.5801,0.7423,52,Moderate,34310.36
25,11,45450.0,36362.1,9087.9,0.2,9733.21,10262.79,4732.43,2818.01,1711.03,2882.56,1268.86,2953.2,0.9327,0.6264,0.7355,52,Moderate,34547.31
25,12,45900.0,32354.29,13545.71,0.2951,9510.27,8689.96,3749.23,5978.77,2943.54,2312.76,2287.53,1617.71,0.7888,0.5562,0.6348,50,Moderate,33608.14
25,13,45900.0,34381.81,11518.19,0.2509,10660.22,13483.03,4501.62,6679.46,2576.07,1863.92,759.97,1719.09,0.9342,0.5069,0.7913,51,Moderate,32782.03
25,14,45900.0,31411.45,14488.55,0.3157,9620.71,12062.22,4498.26,5182.71,3107.2,3096.01,1552.36,1570.57,0.7399,0.6338,0.6953,52,Low,31843.86
25,15,45900.0,30737.32,15162.68,0.3303,10141.86,11989.64,3721.51,5301.28,2261.1,2261.64,1802.2,1536.87,0.7699,0.4336,0.5565,48,Low,31423.02
25,16,45900.0,31167.06,14732.94,0.321,7873.89,8032.6,3418.65,5887.54,2094.12,2965.17,2079.84,1558.35,0.7267,0.4851,0.5402,48,Low,31063.08
25,17,45900.0,33224.45,12675.55,0.2762,10115.0,10541.57,2882.46,6068.07,2073.79,1801.92,1811.18,1661.22,0.9499,0.6431,0.7393,57,Moderate,33696.09
25,18,46350.0,36489.77,9860.23,0.2127,9994.48,13070.52,4140.83,5469.04,3015.79,2888.41,754.55,1824.49,0.7576,0.5744,0.7403,46,Moderate,34902.63
25,19,46350.0,31212.53,15137.47,0.3266,7537.74,9380.15,3463.71,6197.66,1570.47,1737.8,1934.04,1560.63,0.8931,0.5394,0.701,54,Low,29382.91
25,20,46350.0,30372.36,15977.64,0.3447,10573.86,11998.83,3330.46,5853.38,2683.23,1962.1,1695.03,1518.62,0.8811,0.5152,0.7256,54,Low,31150.79
25,21,46350.0,35838.31,10511.69,0.2268,8802.04,12459.87,4087.7,3252.73,2857.11,3436.97,733.34,208.54,0.9557,0.4905,0.7522,51,Moderate,37050.39
25,22,46350.0,33708.82,12641.18,0.2727,9122.32,11704.57,3185.19,3541.36,3300.35,3338.22,1667.48,1685.44,0.7415,0.4796,0.6823,46,Moderate,33299.09
25,23,46350.0,36377.42,9972.58,0.2152,12114.55,10264.06,4387.09,3241.2,3518.87,2292.85,766.98,1818.87,0.9567,0.4644,0.7516,49,Moderate,36584.23
26,0,45000.0,20653.52,24346.48,0.541,5078.42,5902.36,2805.63,3297.09,623.98,1290.84,1535.75,119.47,0.3652,0.8658,0.5431,56,Moderate,20407.39
26,1,45000.0,19183.42,25816.58,0.5737,5477.18,6693.57,2103.97,1469.4,1660.45,1155.97,888.26,959.17,0.4757,0.9814,0.6751,64,Moderate,18038.5
26,2,45000.0,20412.24,24587.76,0.5464,5556.06,5318.21,1702.93,1801.59,1363.4,2197.1,1055.12,1417.82,0.548,0.8338,0.727,61,Moderate,21198.64
26,3,45000.0,19473.19,25526.81,0.5673,5656.0,6004.97,2209.89,1688.17,1774.71,1996.28,1136.83,973.66,0.3358,0.9768,0.6874,60,Moderate,20218.25
26,4,45000.0,22507.36,22492.64,0.4998,6280.62,8391.66,2673.29,1835.2,1809.15,1617.93,1234.56,1125.37,0.4378,0.8491,0.6445,56,Moderate,22705.69
26,5,45000.0,21664.69,23335.31,0.5186,6672.46,8557.87,1888.61,4326.0,1178.59,2153.95,757.58,1083.23,0.3576,0.825,0.5808,54,Moderate,20469.42
26,6,45450.0,21792.26,23657.74,0.5205,5128.68,7224.42,2491.6,3484.87,1202.79,1070.45,1225.12,1089.61,0.4965,0.9786,0.8043,62,Moderate,20555.74
26,7,45450.0,19952.4,25497.6,0.561,5986.4,7770.14,2893.93,1525.89,1867.73,2043.1,1266.62,997.62,0.5366,0.8649,0.7837,62,Moderate,18904.43
26,8,45450.0,20731.12,24718.88,0.5439,6108.98,5758.38,1786.45,1212.49,1208.44,1587.02,1634.77,1434.59,0.3724,0.8343,0.6473,56,Moderate,21660.91
26,9,45450.0,22743.55,22706.45,0.4996,6940.97,7330.76,2667.69,1367.83,1651.55,1562.72,1241.2,1137.18,0.4155,0.9121,0.6524,57,Moderate,22161.77
26,10,45450.0,21847.58,23602.42,0.5193,5081.34,6646.75,2806.33,2012.04,1677.99,1149.76,772.91,1700.46,0.383,1.0,0.7064,59,Moderate,21638.47
26,11,45450.0,25379.45,20070.55,0.4416,7713.79,8241.08,2722.38,1682.7,1714.59,2598.71,676.66,29.54,0.2706,0.8588,0.495,49,Moderate,25626.85
26,12,45900.0,22179.89,23720.11,0.5168,4507.3,6337.52,2340.05,2681.17,1075.92,1602.2,714.94,2920.8,0.3766,0.9062,0.5837,57,Moderate,22437.07
26,13,45900.0,22963.91,22936.09,0.4997,5704.7,5779.71,2061.95,4347.35,1825.26,2468.14,1159.39,1148.2,0.3967,0.8324,0.5939,55,Moderate,23711.77
26,14,45900.0,18190.71,27709.29,0.6037,5335.11,6154.29,2105.89,2092.9,1420.21,1746.32,539.59,909.54,0.3605,1.0,0.7386,62,Moderate,18748.17
26,15,45900.0,23180.32,22719.68,0.495,7868.94,6020.38,2288.13,1258.82,1511.95,1793.54,774.44,1664.13,0.3343,1.0,0.7649,57,Moderate,23961.69
26,16,45900.0,24795.77,21104.23,0.4598,6155.28,9886.32,3443.17,3540.67,1423.84,2411.77,1220.93,1239.79,0.4003,0.8701,0.7025,54,Moderate,25634.06
26,17,45900.0,18788.71,27111.29,0.5907,4156.21,5907.02,2647.66,2007.19,1451.38,1888.19,740.75,939.44,0.4261,0.979,0.6939,63,Moderate,18252.38
26,18,46350.0,18348.67,28001.33,0.6041,5803.22,6629.79,2567.43,2228.23,1089.24,2015.59,1456.55,917.43,0.5389,0.7913,0.6645,63,Moderate,18369.74
26,19,46350.0,23771.63,22578.37,0.4871,7221.39,9141.81,2081.9,2466.35,2162.24,1668.46,1323.13,1188.58,0.5218,0.9192,0.7331,60,Moderate,22375.53
26,20,46350.0,18517.2,27832.8,0.6005,6360.4,4733.41,1924.73,943.63,588.31,1647.09,1226.16,1093.47,0.5332,0.9429,0.8126,66,Moderate,18893.31
26,21,46350.0,25426.83,20923.17,0.4514,8624.56,7192.15,3076.13,3795.06,2302.31,2779.93,899.3,1271.34,0.2782,0.8925,0.5913,50,Moderate,25077.72
26,22,46350.0,18767.08,27582.92,0.5951,5845.19,6200.88,2309.33,1725.56,673.26,1684.38,1246.45,938.35,0.3848,0.843,0.5502,59,Moderate,19042.9
26,23,46350.0,22197.44,24152.56,0.5211,5134.08,5721.82,2632.93,2164.8,1573.04,1930.75,499.34,2540.68,0.4508,1.0,0.7058,61,Moderate,20903.86
27,0,180000.0,128764.6,51235.4,0.2846,33695.17,34353.87,17379.24,22041.2,8540.02,10143.38,2892.33,6438.23,0.8208,0.5827,0.688,52,Moderate,134546.1
27,1,180000.0,133820.61,46179.39,0.2566,40551.04,45055.53,16336.69,23408.3,5375.38,8301.11,3738.97,6691.03,0.8028,0.5979,0.7658,50,Moderate,133459.93
27,2,180000.0,120372.87,59627.13,0.3313,34277.94,32529.98,14485.67,22976.32,3673.92,10994.89,6397.78,6018.64,0.9081,0.7346,0.8418,60,Low,114033.19
27,3,180000.0,119312.65,60687.35,0.3372,24796.52,46573.99,15759.21,16183.98,4830.24,8670.63,4266.67,5965.63,0.6517,0.7295,0.6001,52,Low,123469.79
27,4,180000.0,116529.59,63470.41,0.3526,34025.36,38774.44,13791.86,10577.77,11337.53,10200.87,4021.29,5826.48,0.7145,0.8784,0.8099,59,Low,123834.74
27,5,180000.0,106569.66,73430.34,0.4079,33635.03,41100.81,13310.83,20388.54,8324.51,7440.77,5394.65,5328.48,0.8573,0.6847,0.7326,61,Low,104415.56
27,6,181800.0,114115.82,67684.18,0.3723,37508.17,44389.91,9507.08,12065.27,11384.33,9899.89,9124.28,5705.79,0.7499,0.6796,0.6909,56,Low,111307.2
27,7,181800.0,110842.27,70957.73,0.3903,36135.47,42804.82,14087.51,17608.87,10440.01,4900.43,4842.03,5542.11,0.7257,0.6112,0.5706,54,Low,109594.93
27,8,181800.0,132234.5,49565.5,0.2726,27023.98,39979.26,10771.48,16753.94,7306.53,9231.16,6276.65,14891.51,0.7212,0.8297,0.8447,54,Moderate,129970.36
27,9,181800.0,121064.99,60735.01,0.3341,36916.56,34781.67,10500.62,16982.53,7763.41,7029.05,3525.16,3566.0,0.7697,0.7511,0.8256,56,Low,122724.01
27,10,181800.0,111339.61,70460.39,0.3876,33856.81,40644.17,13322.51,21064.55,6361.09,11996.26,6184.85,5566.98,0.7864,0.7902,0.7534,60,Low,105048.68
27,11,181800.0,109731.51,72068.49,0.3964,34525.07,41747.13,10217.15,16606.38,5042.32,5097.33,2683.61,5486.58,0.745,0.8507,0.7523,61,Low,112168.1
27,12,183600.0,130755.19,52844.81,0.2878,30751.41,41515.13,19540.34,24813.51,4920.93,7523.21,9332.78,6537.76,0.6231,0.7098,0.6498,49,Moderate,127148.01
27,13,183600.0,137142.09,46457.91,0.253,35039.7,37627.96,15682.72,25810.9,11749.26,7759.89,5918.04,6857.1,0.7919,0.8736,0.7814,56,Moderate,143179.98
27,14,183600.0,125767.65,57832.35,0.315,40304.54,39305.77,13612.94,23245.91,8636.76,9195.44,6525.9,6288.38,0.8297,0.633,0.7199,54,Low,130449.9
27,15,183600.0,107412.89,76187.11,0.415,27287.82,35814.11,13537.42,20205.63,8482.25,6145.91,2894.82,5370.64,0.8959,0.8548,0.7835,66,Low,107518.75
27,16,183600.0,134247.54,49352.46,0.2688,32277.65,47347.72,20019.44,21741.43,13162.16,10246.38,3543.08,6712.38,0.7201,0.8465,0.8659,54,Moderate,137287.14
27,17,183600.0,126867.2,56732.8,0.309,30582.73,49346.23,18317.36,21550.4,11620.26,15019.77,9169.89,6343.36,0.8967,0.715,0.8992,58,Low,121142.91
27,18,185400.0,133519.22,51880.78,0.2798,45833.85,38809.36,14479.36,24472.84,10153.76,8984.51,3555.79,6675.96,0.8092,0.8316,0.917,57,Moderate,127125.84
27,19,185400.0,124615.43,60784.57,0.3279,27568.09,38547.41,13704.42,16572.94,6272.47,12798.21,7479.77,1672.12,0.6094,0.8294,0.8032,53,Low,120944.6
27,20,185400.0,135086.86,50313.14,0.2714,37073.54,42556.95,16523.06,24777.3,9899.15,5895.73,8073.11,6754.34,0.8705,0.7842,0.7713,57,Moderate,131820.35
27,21,185400.0,130986.25,54413.75,0.2935,28206.89,41153.51,12171.04,14979.08,6399.52,14107.43,7444.5,6524.29,0.8852,0.818,0.7982,60,Moderate,124961.31
27,22,185400.0,113471.26,71928.74,0.388,31489.29,35242.41,14735.73,14822.12,3879.17,7934.36,3676.26,1691.93,0.8028,0.6078,0.6822,56,Low,107941.96
27,23,185400.0,139343.0,46057.0,0.2484,35090.22,37211.88,12213.31,16253.16,4227.3,10981.86,5207.49,18157.77,0.7166,0.7677,0.6576,51,Moderate,134381.8
28,0,65000.0,38766.55,26233.45,0.4036,12442.09,10332.7,5173.62,2381.1,3059.66,4241.74,2072.22,1938.33,0.7819,0.9082,0.7904,64,Low,40881.13
28,1,65000.0,37941.89,27058.11,0.4163,12982.03,14117.78,4792.32,2580.73,2823.68,3798.06,2343.79,1897.09,0.7521,0.8477,0.8332,62,Low,39023.41
28,2,65000.0,35435.96,29564.04,0.4548,11686.37,9897.12,4017.27,4826.59,2104.58,3531.85,1446.95,1771.8,0.7396,0.8421,0.7523,63,Low,34883.21
28,3,65000.0,36237.97,28762.03,0.4425,10002.33,10379.91,3632.56,2623.62,1402.5,2916.54,2023.5,3257.0,0.7938,0.8553,0.8943,65,Low,35291.84
28,4,65000.0,33881.34,31118.66,0.4787,7307.21,13155.56,3929.25,3889.53,1754.69,2035.87,813.16,996.06,0.7422,0.8593,0.8906,65,Low,33724.47
28,5,65000.0,40326.13,24673.87,0.3796,12102.88,11605.37,5795.21,3856.91,2128.4,4836.98,1997.57,2016.31,0.8803,0.885,0.7922,65,Low,42941.16
28,6,65650.0,35856.36,29793.64,0.4538,7685.6,11305.76,4558.17,3834.48,3447.84,4284.78,1471.62,1792.82,0.9012,0.6898,0.8593,64,Low,35914.61
28,7,65650.0,35980.72,29669.28,0.4519,11102.75,9473.53,3551.26,5195.38,2355.94,1484.14,732.06,2085.65,0.7046,0.8114,0.8524,61,Low,34342.37
28,8,65650.0,35917.54,29732.46,0.4529,9041.26,10658.33,3774.59,3303.2,3232.6,3308.74,1422.82,1176.01,0.7606,0.8765,0.8499,65,Low,37380.26
28,9,65650.0,32825.53,32824.47,0.5,10858.96,9067.26,3531.47,5218.31,2926.17,2671.89,1710.4,1641.28,0.8111,0.941,0.8528,70,Low,31885.46
28,10,65650.0,38169.48,27480.52,0.4186,10665.3,14452.47,4959.98,7513.87,2887.51,1597.61,2124.93,1908.47,0.8044,0.9493,0.8534,66,Low,36035.41
28,11,65650.0,35731.14,29918.86,0.4557,8490.12,8949.97,2913.26,1823.3,2751.64,2177.36,2243.64,6381.85,0.9267,0.9201,0.9681,71,Low,34165.01
28,12,66300.0,38075.75,28224.25,0.4257,8933.17,9820.27,3518.75,5548.49,2148.73,3699.43,1078.4,3328.51,0.8313,0.6981,0.6814,61,Low,40735.16
28,13,66300.0,42313.84,23986.16,0.3618,12354.21,12634.76,4160.31,3432.97,3984.95,2998.66,960.13,1787.84,0.7033,0.7458,0.7238,56,Low,42993.73
28,14,66300.0,42273.37,24026.63,0.3624,9496.53,15372.42,5325.73,4434.81,3013.22,1868.22,2858.88,2113.67,0.7264,0.7539,0.6823,56,Low,43921.59
28,15,66300.0,41558.54,24741.46,0.3732,13104.66,15647.64,3605.56,6298.49,2255.4,3705.61,1914.21,2077.93,0.9066,0.9722,0.9521,68,Low,39848.76
28,16,66300.0,33997.65,32302.35,0.4872,9663.82,12102.76,3091.86,3001.61,1046.28,2214.62,1206.98,1669.7,0.666,0.7977,0.6443,61,Low,35048.12
28,17,66300.0,42009.56,24290.44,0.3664,12233.25,15887.73,5422.77,4836.62,2495.04,4090.67,3293.87,2100.48,0.6826,0.9395,0.7693,60,Low,44830.28
28,18,66950.0,42715.27,24234.73,0.362,11285.49,10948.88,3797.46,6957.09,3001.27,2334.48,1339.57,3051.05,0.6952,0.792,0.7013,56,Low,41594.75
28,19,66950.0,35463.56,31486.44,0.4703,10530.6,10563.85,4259.84,3726.95,3309.76,3022.15,1040.38,1773.18,0.7563,0.8225,0.872,64,Low,33629.86
28,20,66950.0,39597.05,27352.95,0.4086,11617.8,12622.08,4271.35,3848.94,1638.03,4263.81,2717.03,1979.85,0.793,0.944,0.8329,65,Low,40686.57
28,21,66950.0,38678.04,28271.96,0.4223,10219.65,12035.69,4033.89,4568.25,1729.38,3821.99,955.22,1313.98,0.8336,0.7837,0.7958,63,Low,36999.05
28,22,66950.0,41529.95,25420.05,0.3797,11519.38,12602.91,3933.52,6917.0,3528.45,2254.43,1581.39,2076.5,0.6697,0.7511,0.7624,55,Low,43017.64
28,23,66950.0,42053.26,24896.74,0.3719,10502.04,15459.79,4213.64,5297.54,3358.02,2459.5,1913.29,2102.66,0.7126,0.9216,0.7748,61,Low,42374.73
29,0,45000.0,27223.87,17776.13,0.395,6839.72,7822.35,3617.72,2067.16,938.8,1226.54,864.13,3847.45,0.4866,0.3974,0.4667,42,Moderate,29076.43
29,1,45000.0,32714.79,12285.21,0.273,8665.59,10792.15,3931.68,4408.68,2613.98,3879.85,2562.47,1635.74,0.4632,0.4589,0.531,37,Moderate,31839.62
29,2,45000.0,29862.48,15137.52,0.3364,6444.62,9909.31,3777.97,1837.3,2569.89,3151.69,888.11,1283.59,0.2569,0.4403,0.4045,33,Moderate,31526.42
29,3,45000.0,28660.76,16339.24,0.3631,6501.12,10863.14,3130.51,3634.29,1133.47,1497.91,1183.84,716.48,0.441,0.3958,0.3861,39,Moderate,27907.47
29,4,45000.0,32552.88,12447.12,0.2766,9576.61,10152.24,4880.97,2250.78,1648.74,2133.98,2425.51,1627.64,0.3048,0.3708,0.2707,30,Moderate,31049.99
29,5,45000.0,30587.16,14412.84,0.3203,8358.71,11601.13,3504.13,3823.59,986.65,3253.51,755.72,1529.36,0.4201,0.4129,0.3414,37,Moderate,29247.62
29,6,45450.0,29873.47,15576.53,0.3427,7312.34,8345.27,2755.6,4568.27,1293.88,2044.14,1079.12,2474.85,0.3322,0.5145,0.365,38,Moderate,30453.24
29,7,45450.0,32578.23,12871.77,0.2832,9964.21,8567.53,4604.84,5796.1,1990.86,2782.37,1135.04,1628.91,0.2385,0.3906,0.2919,29,Moderate,31471.64
29,8,45450.0,27534.22,17915.78,0.3942,9500.77,10762.91,3608.93,3181.74,2325.92,2489.1,561.58,1376.71,0.3908,0.4391,0.3831,40,Moderate,26534.16
29,9,45450.0,31902.39,13547.61,0.2981,7494.14,10954.65,4249.06,4150.86,2093.37,3772.7,1785.97,1595.12,0.2909,0.4617,0.2807,33,Moderate,31535.51
29,10,45450.0,30761.55,14688.45,0.3232,7961.0,10327.11,3680.15,4619.84,2970.0,3687.89,2457.58,1538.08,0.3708,0.5011,0.435,38,Moderate,29409.06
29,11,45450.0,32009.79,13440.21,0.2957,9676.51,9312.64,2824.53,2726.35,2437.89,2813.34,1911.9,306.64,0.4947,0.5033,0.5114,40,Moderate,30239.5
29,12,45900.0,33381.12,12518.88,0.2727,8312.92,12153.36,4787.59,6168.74,3154.3,1898.03,1076.94,1669.06,0.313,0.4416,0.2999,32,Moderate,32097.84
29,13,45900.0,31254.81,14645.19,0.3191,8134.84,12327.49,3597.85,5356.86,2983.75,2172.78,1636.51,1562.74,0.3684,0.372,0.4252,34,Moderate,32410.87
29,14,45900.0,27750.42,18149.58,0.3954,8515.46,9826.64,2908.72,4918.66,996.13,2665.76,976.36,1387.52,0.2901,0.3595,0.2571,35,Moderate,27750.85
29,15,45900.0,31493.35,14406.65,0.3139,7669.48,8822.63,2559.6,3245.39,2036.64,2930.18,2391.44,1837.99,0.4624,0.6133,0.5847,43,Moderate,32389.09
29,16,45900.0,30386.28,15513.72,0.338,6266.37,11792.92,3591.83,4154.79,1614.94,2146.59,1430.64,1519.31,0.5258,0.5646,0.5374,45,Moderate,29309.9
29,17,45900.0,33715.52,12184.48,0.2655,7695.6,9752.61,3349.89,3372.0,2762.15,1803.98,2104.93,2874.36,0.3258,0.4893,0.3483,33,Moderate,35923.36
29,18,46350.0,34244.25,12105.75,0.2612,6873.99,11769.27,3967.28,4545.36,2662.46,1500.59,1864.76,1060.55,0.3908,0.3465,0.2964,32,Moderate,36057.14
29,19,46350.0,29158.07,17191.93,0.3709,9322.62,8610.31,2544.57,1467.23,2482.2,2468.77,608.11,1654.27,0.445,0.5814,0.5301,44,Moderate,27708.77
29,20,46350.0,32788.01,13561.99,0.2926,11329.62,11580.97,4709.05,5493.29,1568.12,3643.44,993.66,1639.4,0.299,0.4128,0.3817,32,Moderate,32576.57
29,21,46350.0,28817.76,17532.24,0.3783,8248.61,10935.63,2881.1,2356.78,2736.91,2069.89,2041.31,1440.89,0.362,0.429,0.3489,38,Moderate,27562.58
29,22,46350.0,33033.86,13316.14,0.2873,7976.59,10079.02,3191.41,4482.02,2613.85,3256.51,2346.68,1651.69,0.2342,0.6192,0.4174,35,Moderate,33318.94
29,23,46350.0,33381.34,12968.66,0.2798,11661.08,10864.53,3083.93,4515.11,2282.14,2801.17,999.03,1669.07,0.3275,0.5206,0.4145,35,Moderate,32709.23
30,0,250000.0,161096.95,88903.05,0.3556,32258.08,40467.81,21478.97,19364.98,12793.57,14271.84,9737.46,10724.24,0.2716,0.6229,0.3551,39,Moderate,158927.5
30,1,250000.0,148181.7,101818.3,0.4073,31298.96,44637.74,14066.26,10016.3,5014.66,13878.25,6077.99,23191.54,0.4979,0.6421,0.6073,49,Moderate,143216.75
30,2,250000.0,128441.36,121558.64,0.4862,42991.65,36650.8,17138.45,24166.82,8801.3,6987.94,5403.24,6422.07,0.3734,0.535,0.4605,46,Moderate,128535.66
30,3,250000.0,135649.64,114350.36,0.4574,31752.12,34062.86,19634.9,10574.45,13100.32,11670.03,9288.2,5566.75,0.3715,0.4035,0.3104,41,Moderate,132300.31
30,4,250000.0,161357.71,88642.29,0.3546,37980.97,62678.68,16938.49,22465.36,10523.86,14330.99,12782.02,8067.89,0.4528,0.6677,0.4737,46,Moderate,167420.4
30,5,250000.0,142227.18,107772.82,0.4311,30299.62,42013.19,13491.48,19762.61,12566.94,6023.08,4605.42,13464.83,0.4315,0.4402,0.4183,43,Moderate,151502.28
30,6,252500.0,127351.44,125148.56,0.4956,41152.86,44074.93,11935.25,22028.41,7200.63,10148.78,4129.92,6367.57,0.5069,0.6002,0.4771,52,Moderate,124778.41
30,7,252500.0,154922.46,97577.54,0.3864,37990.42,42652.42,17979.16,22593.4,6952.62,17120.2,9483.8,150.43,0.4883,0.6046,0.5122,47,Moderate,162357.78
30,8,252500.0,156506.51,95993.49,0.3802,41791.64,53501.89,14840.08,13827.17,13994.74,10708.63,7244.3,598.05,0.3772,0.4891,0.3706,40,Moderate,153530.84
30,9,252500.0,134428.63,118071.37,0.4676,39134.01,33609.64,17184.77,12653.77,13015.65,8478.94,3847.35,6504.51,0.2957,0.5852,0.4098,44,Moderate,142608.9
30,10,252500.0,135614.4,116885.6,0.4629,30287.39,39218.8,15218.01,10938.09,12455.65,10334.31,5430.15,11732.0,0.5073,0.6142,0.476,51,Moderate,129364.84
30,11,252500.0,137594.54,114905.46,0.4551,33077.92,36772.7,11991.96,7220.6,7462.8,9691.27,7748.29,23629.01,0.2828,0.542,0.3166,42,Moderate,136437.73
30,12,255000.0,145396.3,109603.7,0.4298,32411.46,37966.03,20905.8,16129.35,13996.07,13774.4,11118.25,7269.81,0.4701,0.5168,0.453,46,Moderate,140503.84
30,13,255000.0,148634.0,106366.0,0.4171,51046.46,47832.62,15072.15,18118.69,13360.05,8156.08,8286.57,7431.7,0.3697,0.5457,0.5466,43,Moderate,147606.04
30,14,255000.0,140724.8,114275.2,0.4481,32801.51,45486.19,18891.13,22585.95,13520.79,11822.55,3953.0,7036.24,0.2821,0.6605,0.3891,45,Moderate,134012.57
30,15,255000.0,156453.23,98546.77,0.3865,42647.98,53265.14,16730.56,14783.51,11296.55,14056.9,11174.9,7822.66,0.3594,0.4441,0.4918,39,Moderate,154221.97
30,16,255000.0,135396.22,119603.78,0.469,35524.07,34694.26,12811.23,12520.67,13051.98,15973.33,3928.39,6892.28,0.3162,0.5307,0.408,43,Moderate,127787.27
30,17,255000.0,169128.96,85871.04,0.3367,45455.59,50232.62,18312.95,16241.01,6075.8,6910.93,12653.56,13246.5,0.3494,0.657,0.5713,42,Moderate,167391.95
30,18,257500.0,165104.66,92395.34,0.3588,36934.51,49630.81,24179.77,21327.26,5484.46,13831.3,6620.58,7095.98,0.4255,0.5034,0.3984,41,Moderate,174193.99
30,19,257500.0,159739.61,97760.39,0.3797,50404.3,46778.22,21148.06,19551.46,14150.75,15707.53,10492.34,7986.98,0.3508,0.3973,0.285,37,Moderate,151633.61
30,20,257500.0,166862.26,90637.74,0.352,49640.9,64340.94,23549.06,23994.59,16214.72,15196.91,11671.0,8343.11,0.279,0.434,0.299,35,Moderate,172083.39
30,21,257500.0,153484.94,104015.06,0.4039,53295.0,39181.47,13916.71,12209.76,13085.8,9117.29,9847.37,2831.55,0.47,0.6011,0.4634,47,Moderate,147270.74
30,22,257500.0,135082.41,122417.59,0.4754,41174.6,53167.9,16730.4,26851.97,9561.06,13649.79,6507.69,6754.12,0.2911,0.5551,0.4582,44,Moderate,140944.06
30,23,257500.0,147936.47,109563.53,0.4255,51583.98,45638.88,16366.62,19234.28,6057.42,10550.84,8593.48,7396.82,0.3861,0.5912,0.509,45,Moderate,152797.05
31,0,45000.0,17702.06,27297.94,0.6066,5362.75,6539.8,1883.08,2105.24,776.36,1980.35,518.91,885.1,0.8396,0.9462,0.8587,76,Low,16693.38
31,1,45000.0,21899.12,23100.88,0.5134,6468.88,8133.84,2693.77,1500.18,1432.24,1645.14,504.15,1094.96,0.7706,0.7882,0.8146,65,Low,22985.0
31,2,45000.0,15872.36,29127.64,0.6473,3821.31,6163.45,1512.5,1078.46,797.91,741.77,989.28,767.66,0.7664,0.7143,0.6424,69,Low,15159.76
31,3,45000.0,19450.23,25549.77,0.5678,4617.05,5431.53,2407.85,3877.52,1943.23,1949.76,715.26,972.51,0.9092,0.9056,0.934,75,Low,20709.29
31,4,45000.0,22748.92,22251.08,0.4945,6054.69,8505.08,2760.39,3083.78,2094.69,2665.7,648.91,1137.45,0.6281,0.7801,0.6519,60,Low,22922.06
31,5,45000.0,16016.67,28983.33,0.6441,5087.09,4211.91,1704.87,1312.81,1247.22,1164.06,492.23,796.47,0.9052,0.8904,0.9502,78,Low,16785.67
31,6,45450.0,22272.92,23177.08,0.5099,7609.91,7755.82,2448.89,1557.04,1456.99,1239.82,464.1,1113.65,0.7681,0.8533,0.7768,67,Low,23543.09
31,7,45450.0,16534.95,28915.05,0.6362,4487.17,6433.42,1525.59,2942.46,883.33,1015.58,1043.74,826.75,0.7083,0.909,0.7675,72,Low,15819.34
31,8,45450.0,17972.66,27477.34,0.6046,5757.92,5124.73,2058.14,1096.16,1544.33,1310.38,1208.52,898.63,0.8916,0.9342,0.855,77,Low,17543.92
31,9,45450.0,19588.5,25861.5,0.569,6336.19,5398.42,2815.76,1151.9,1824.08,1999.67,1434.7,979.42,0.7423,0.9421,0.7972,71,Low,20532.0
31,10,45450.0,22060.26,23389.74,0.5146,7248.05,8367.65,2822.83,3879.49,1512.54,1810.09,1653.24,1103.01,0.8069,0.9774,0.8964,71,Low,23107.31
31,11,45450.0,18016.37,27433.63,0.6036,5618.07,5179.66,1867.38,3023.41,1765.9,1454.82,911.9,900.82,0.6282,0.781,0.6137,65,Low,16969.92
31,12,45900.0,22018.41,23881.59,0.5203,6693.32,6616.3,2112.59,1370.36,1423.77,1554.58,505.19,1742.3,0.8476,0.9839,0.9233,73,Low,21993.94
31,13,45900.0,22897.27,23002.73,0.5011,6484.8,6667.64,2582.75,3794.56,1953.71,2671.34,1207.07,1144.86,0.7313,0.8703,0.7935,66,Low,24064.79
31,14,45900.0,20251.29,25648.71,0.5588,6778.59,7332.5,2113.55,1282.07,1526.71,2045.96,1275.73,1012.56,0.6719,0.9817,0.7727,69,Low,20284.95
31,15,45900.0,16854.66,29045.34,0.6328,4678.41,6594.2,1602.71,2623.35,1328.27,1804.91,511.74,842.73,0.9096,0.9924,0.9619,80,Low,17221.74
31,16,45900.0,17403.51,28496.49,0.6208,4196.06,5122.45,1857.39,2082.61,1285.68,1109.19,1179.69,570.42,0.869,0.9447,0.867,77,Low,17632.2
31,17,45900.0,16673.81,29226.19,0.6367,3388.01,4397.14,1860.99,2149.14,1352.7,968.52,610.35,1946.96,0.6785,0.8693,0.8412,70,Low,15689.06
31,18,46350.0,17311.64,29038.36,0.6265,5097.3,4884.85,1922.12,1875.55,992.19,1352.67,748.31,438.64,0.6897,0.8809,0.7032,70,Low,18365.47
31,19,46350.0,18473.84,27876.16,0.6014,4841.34,6824.74,2174.24,3450.0,1583.47,2178.25,1401.57,923.69,0.7286,0.9124,0.8317,71,Low,18619.54
31,20,46350.0,23032.32,23317.68,0.5031,4851.27,6122.9,2470.13,2510.05,916.18,2359.88,812.23,2989.69,0.6502,0.7883,0.7239,61,Low,22417.18
31,21,46350.0,18866.35,27483.65,0.593,5912.82,5200.88,2553.78,3152.16,1107.36,1050.52,1469.76,943.32,0.7102,0.8274,0.8389,68,Low,18108.93
31,22,46350.0,23092.62,23257.38,0.5018,7973.49,7796.81,3336.86,4452.72,1463.95,2218.43,1659.32,1154.63,0.8244,0.8703,0.829,69,Low,21912.02
31,23,46350.0,22107.1,24242.9,0.523,5825.7,8258.65,3194.85,1910.44,1340.82,1060.91,1165.77,1105.36,0.7994,0.7142,0.668,65,Low,21823.96
32,0,120000.0,67715.91,52284.09,0.4357,21711.56,21818.98,9109.88,12813.88,5320.34,3187.27,4995.5,3385.8,0.7304,0.7484,0.7895,60,Low,65052.06
32,1,120000.0,82591.05,37408.95,0.3117,25102.95,21897.0,9083.95,9023.59,4903.56,3932.18,3923.33,4724.49,0.7803,0.649,0.6839,53,Low,86146.73
32,2,120000.0,67982.16,52017.84,0.4335,18635.43,18061.84,8716.23,3579.53,3646.01,5582.51,3671.24,6089.37,0.689,0.5574,0.547,54,Low,70665.85
32,3,120000.0,69153.2,50846.8,0.4237,23666.32,21533.77,7282.37,12496.65,2738.98,5313.33,1707.45,3457.66,0.8263,0.6796,0.7709,60,Low,65258.22
32,4,120000.0,68673.47,51326.53,0.4277,22714.64,23425.2,8513.17,10084.14,4634.49,7364.42,3094.94,3433.67,0.8691,0.7865,0.9032,64,Low,69052.38
32,5,120000.0,79433.34,40566.66,0.3381,18164.56,19977.98,7760.7,7310.96,3189.59,6943.54,5755.2,10330.81,0.8571,0.7332,0.8223,59,Low,83350.95
32,6,121200.0,68751.77,52448.23,0.4327,20865.47,17853.61,6657.3,12729.64,4681.26,7295.39,1414.64,3437.59,0.8174,0.5975,0.7727,58,Low,64749.03
32,7,121200.0,85254.75,35945.25,0.2966,21458.99,25268.79,11208.92,15688.22,5942.88,9090.28,2247.5,4262.74,0.6576,0.6067,0.7186,48,Moderate,83509.16
32,8,121200.0,68001.03,53198.97,0.4389,17190.1,22592.67,5617.52,10941.37,5852.22,2972.69,2685.66,148.79,0.9181,0.6623,0.8373,63,Low,64418.72
32,9,121200.0,65967.81,55232.19,0.4557,17061.69,20399.86,9242.88,10994.27,5500.99,7443.25,3363.05,3298.39,0.86,0.6708,0.7858,63,Low,63664.03
32,10,121200.0,76903.77,44296.23,0.3655,19768.8,23939.02,11047.78,8628.53,4530.48,4268.78,5938.11,3845.19,0.8119,0.7967,0.8104,60,Low,79005.54
32,11,121200.0,75462.2,45737.8,0.3774,17188.96,23518.34,10912.26,10231.28,3844.09,7083.19,2323.87,360.2,0.7979,0.5524,0.7586,54,Low,74708.7
32,12,122400.0,81012.82,41387.18,0.3381,21818.44,26813.65,10614.52,12212.06,3931.94,7713.44,2873.47,4050.64,0.6852,0.7889,0.7785,55,Low,84918.82
32,13,122400.0,73153.04,49246.96,0.4023,23327.66,27117.53,8271.65,13884.66,2404.24,5442.33,2628.44,3657.65,0.8939,0.7582,0.8205,63,Low,76776.85
32,14,122400.0,84045.01,38354.99,0.3134,27837.35,33362.35,9858.5,14554.37,4789.03,6835.18,4664.77,4202.25,0.8157,0.6955,0.8461,55,Low,83023.0
32,15,122400.0,86918.48,35481.52,0.2899,20003.0,27743.96,9619.85,7975.38,6959.65,5554.48,2615.76,6446.41,0.6629,0.6002,0.6463,47,Moderate,82847.23
32,16,122400.0,78510.32,43889.68,0.3586,19348.75,26129.48,11157.49,5979.84,6003.1,8974.13,5977.5,3925.52,0.7383,0.7195,0.7602,56,Low,76970.42
32,17,122400.0,76481.69,45918.31,0.3751,23644.22,28245.67,10619.33,14458.74,3284.69,5571.23,2275.6,3824.08,0.7433,0.5855,0.6594,53,Low,80997.09
32,18,123600.0,73587.79,50012.21,0.4046,18233.29,21672.15,7930.83,9198.59,6346.5,4409.36,4832.89,964.18,0.7252,0.6829,0.7181,57,Low,77161.44
32,19,123600.0,84148.07,39451.93,0.3192,20892.44,33133.06,9011.61,9490.96,5394.09,8766.04,5041.97,4207.4,0.9483,0.815,0.7901,63,Low,79725.33
32,20,123600.0,78588.46,45011.54,0.3642,23911.51,28148.15,9647.4,14864.65,5840.89,8123.61,5435.54,3929.42,0.9262,0.7024,0.7149,61,Low,82507.99
32,21,123600.0,74905.05,48694.95,0.394,20209.81,25430.57,7944.11,4786.5,2454.96,7279.28,3076.04,3723.77,0.9025,0.7998,0.8305,64,Low,77510.32
32,22,123600.0,70425.89,53174.11,0.4302,24430.38,25278.17,8567.72,5026.55,2240.17,5372.83,5276.32,3521.29,0.7043,0.6772,0.6703,57,Low,71605.06
32,23,123600.0,68143.74,55456.26,0.4487,16253.77,19838.5,7094.23,12110.3,6019.47,4809.51,2336.94,3407.19,0.8663,0.6446,0.6602,62,Low,72427.56
33,0,65000.0,41950.36,23049.64,0.3546,9420.57,13325.54,4943.74,3223.09,3963.2,2389.87,2602.25,2082.1,0.8177,0.7639,0.8718,59,Low,41180.77
33,1,65000.0,44923.81,20076.19,0.3089,11629.1,16223.85,6633.61,6727.62,1928.65,4211.24,1482.15,2246.19,0.8254,0.5585,0.6374,52,Low,47432.13
33,2,65000.0,48374.16,16625.84,0.2558,11325.07,15471.33,6996.97,9069.48,2874.93,3776.49,3649.37,2418.71,0.7714,0.8174,0.733,55,Moderate,51354.86
33,3,65000.0,42027.79,22972.21,0.3534,9141.62,15313.23,4848.94,3086.16,3171.74,3569.18,2122.3,774.64,0.804,0.6869,0.6863,57,Low,42512.83
33,4,65000.0,49808.23,15191.77,0.2337,16949.62,15718.58,5185.84,5021.38,4108.54,4180.48,2175.06,2490.41,0.6982,0.6693,0.6555,48,Moderate,48757.72
33,5,65000.0,42106.81,22893.19,0.3522,12007.73,12202.75,4954.76,2910.25,3186.47,3935.9,3248.99,2105.34,0.7139,0.7319,0.6588,55,Low,40079.63
33,6,65650.0,50819.93,14830.07,0.2259,11748.04,13527.24,6024.89,6204.17,2923.74,3088.18,2928.44,4375.22,0.7913,0.5784,0.6891,48,Moderate,49579.22
33,7,65650.0,43310.69,22339.31,0.3403,14773.9,15879.14,5235.97,6446.38,1533.82,5089.66,913.56,2165.53,0.8555,0.6668,0.7582,57,Low,41091.05
33,8,65650.0,50220.58,15429.42,0.235,11392.96,16219.62,6016.26,5661.19,1699.15,3655.3,2629.64,2946.46,0.8487,0.7791,0.9134,55,Moderate,52394.87
33,9,65650.0,42906.36,22743.64,0.3464,14498.14,16851.28,4425.18,6669.18,3283.52,4604.2,2069.8,2145.32,0.8885,0.6547,0.8145,58,Low,45730.79
33,10,65650.0,42659.25,22990.75,0.3502,13469.42,12779.38,4999.19,4722.54,2229.34,2092.98,1448.84,917.55,0.8086,0.5666,0.6015,54,Low,40835.27
33,11,65650.0,48160.66,17489.34,0.2664,10537.72,16488.44,6015.97,5906.54,1602.92,4811.19,3078.09,2408.03,0.7755,0.5448,0.7319,48,Moderate,49409.03
33,12,66300.0,43503.45,22796.55,0.3438,14169.85,16146.99,5865.72,2843.94,1347.97,4406.91,1783.48,2175.17,0.8157,0.7596,0.8718,58,Low,42233.17
33,13,66300.0,49483.16,16816.84,0.2536,12381.48,17507.18,4530.04,5351.54,1754.14,2508.69,3943.48,1506.6,0.812,0.5344,0.7723,49,Moderate,52669.11
33,14,66300.0,48723.26,17576.74,0.2651,12385.17,15735.07,5440.62,8238.48,4644.14,5533.34,1309.91,2436.16,0.7998,0.5695,0.7163,50,Moderate,49239.23
33,15,66300.0,49853.16,16446.84,0.2481,13433.87,13393.09,4736.15,3096.34,1670.75,2564.95,3230.64,7727.37,0.7295,0.8055,0.7035,53,Moderate,50755.45
33,16,66300.0,44256.59,22043.41,0.3325,15315.61,13155.57,6185.12,4602.08,3448.06,2643.36,2708.46,2212.83,0.703,0.7392,0.8162,54,Low,42847.35
33,17,66300.0,42546.58,23753.42,0.3583,14854.61,15143.15,3601.16,7181.96,3166.34,3117.45,2331.93,2127.33,0.8557,0.5919,0.7451,56,Low,44011.54
33,18,66950.0,47040.27,19909.73,0.2974,9478.14,13676.06,5740.31,8088.46,3048.56,2401.72,3708.17,898.85,0.7664,0.6785,0.6941,53,Moderate,46989.01
33,19,66950.0,42956.55,23993.45,0.3584,9280.95,14913.29,4838.49,6175.84,2068.76,2745.29,3048.16,2147.83,0.7823,0.6051,0.6607,54,Low,43312.18
33,20,66950.0,41686.32,25263.68,0.3774,8720.47,12917.96,5708.2,5671.44,2614.4,2329.22,970.43,2754.19,0.7919,0.6858,0.7618,57,Low,41443.18
33,21,66950.0,50770.1,16179.9,0.2417,13977.29,16743.35,6073.83,6752.85,2153.73,3117.66,3327.91,2538.51,0.9642,0.651,0.7887,56,Moderate,50290.29
33,22,66950.0,45823.58,21126.42,0.3156,11090.34,12416.76,6645.41,6272.46,1928.85,2953.66,1591.91,2924.2,0.9752,0.596,0.7141,58,Low,46452.54
33,23,66950.0,43518.32,23431.68,0.35,8952.11,17130.32,3706.85,6456.97,4314.43,3987.77,2196.31,2175.92,0.7009,0.678,0.7265,53,Low,41350.0
34,0,85000.0,62777.91,22222.09,0.2614,17156.15,15705.99,7383.92,11670.82,4072.47,4378.33,3570.14,3138.9,0.2017,0.5262,0.3303,30,Moderate,65139.45
34,1,85000.0,49341.98,35658.02,0.4195,11658.92,17961.48,5551.0,7995.58,2308.63,3655.87,3814.53,2467.1,0.2309,0.4574,0.3892,37,Moderate,52030.39
34,2,85000.0,49771.14,35228.86,0.4145,10416.09,18456.34,4709.36,4118.09,2301.25,5700.56,3408.44,661.01,0.2621,0.4915,0.404,38,Moderate,52032.25
34,3,85000.0,55428.95,29571.05,0.3479,11544.12,16813.19,5764.6,4218.33,4072.25,6143.52,2031.88,4841.06,0.242,0.6244,0.5249,38,Moderate,54562.37
34,4,85000.0,50748.95,34251.05,0.403,10859.06,13723.97,6423.36,3145.9,2786.11,6010.48,3883.49,3916.59,0.4572,0.5357,0.4261,45,Moderate,51014.7
34,5,85000.0,50981.23,34018.77,0.4002,13845.37,13659.05,4474.86,9608.44,4271.47,3945.41,3047.6,2549.06,0.3251,0.6305,0.4115,43,Moderate,50908.28
34,6,85850.0,59116.28,26733.72,0.3114,20447.58,20560.14,7408.86,10419.09,3015.47,6609.88,4084.17,2955.81,0.1868,0.5593,0.397,33,Moderate,57878.26
34,7,85850.0,61111.53,24738.47,0.2882,12858.48,17391.34,5360.23,10464.77,4799.43,4474.42,3152.48,2610.37,0.4169,0.5505,0.5146,39,Moderate,61309.55
34,8,85850.0,55016.88,30833.12,0.3592,13443.44,18717.18,7491.46,10062.89,3852.96,3431.99,2511.27,2750.84,0.2044,0.4223,0.273,32,Moderate,53766.5
34,9,85850.0,59670.37,26179.63,0.3049,12064.42,22587.24,7090.94,6071.11,4764.15,3032.41,1875.1,2185.0,0.3233,0.6225,0.5344,38,Moderate,57544.19
34,10,85850.0,54674.73,31175.27,0.3631,11516.78,14936.71,5543.95,3639.5,1665.87,3216.32,3656.36,10499.24,0.4101,0.5149,0.5302,41,Moderate,57180.61
34,11,85850.0,48032.31,37817.69,0.4405,11403.48,19038.99,6982.17,8820.05,3841.83,3103.13,3739.74,2401.62,0.448,0.5647,0.5747,47,Moderate,45411.73
34,12,86700.0,57415.32,29284.68,0.3378,17754.09,20238.37,5063.46,9947.23,4387.22,6050.88,1908.36,2870.77,0.3638,0.6572,0.5263,42,Moderate,58912.24
34,13,86700.0,56706.76,29993.24,0.3459,18045.85,15641.1,8068.21,10167.88,5204.94,6749.59,2738.68,2835.34,0.3826,0.5135,0.3768,39,Moderate,58364.94
34,14,86700.0,50476.63,36223.37,0.4178,17577.05,15336.9,4501.91,3786.84,3428.65,2968.17,3185.59,2523.83,0.4574,0.4219,0.514,43,Moderate,49964.42
34,15,86700.0,52544.89,34155.11,0.3939,13527.46,19830.1,4632.23,9320.26,4756.06,3304.06,3772.71,2627.24,0.3991,0.5686,0.4895,43,Moderate,50630.98
34,16,86700.0,56906.42,29793.58,0.3436,12231.66,15266.08,6492.81,7691.43,4856.29,4182.46,1337.15,4848.55,0.4119,0.6572,0.6139,44,Moderate,56472.56
34,17,86700.0,59059.99,27640.01,0.3188,18711.76,16384.5,8644.64,4696.93,3527.67,3489.85,4679.94,2953.0,0.3285,0.6282,0.4513,39,Moderate,55924.87
34,18,87550.0,54699.09,32850.91,0.3752,18876.07,15309.54,7216.96,9172.45,5283.12,6271.47,3374.92,2734.95,0.3758,0.6798,0.4959,45,Moderate,53902.19
34,19,87550.0,62367.92,25182.08,0.2876,16472.6,23203.77,8385.67,9065.58,3241.73,6971.88,2675.3,3118.4,0.4225,0.4925,0.3751,37,Moderate,61996.13
34,20,87550.0,60018.24,27531.76,0.3145,14293.42,20532.47,8741.91,5504.15,4801.45,3865.24,1262.83,1016.77,0.3093,0.6418,0.562,39,Moderate,63708.84
34,21,87550.0,59442.46,28107.54,0.321,20477.06,17206.44,6616.79,5390.43,4827.7,2459.69,2881.9,2972.12,0.4198,0.6609,0.4623,43,Moderate,59798.71
34,22,87550.0,62387.59,25162.41,0.2874,21288.55,22008.28,8003.47,5208.15,3738.57,6341.61,1863.27,3119.38,0.2227,0.6975,0.3896,37,Moderate,64567.48
34,23,87550.0,53318.16,34231.84,0.391,11588.22,15536.46,6022.29,5903.94,3323.18,6394.83,4261.26,287.99,0.4305,0.4726,0.3986,42,Moderate,53148.7
35,0,25000.0,18510.4,6489.6,0.2596,4760.54,6416.04,1828.26,2614.75,864.65,1059.16,1430.38,925.52,0.2857,0.2863,0.3835,27,Moderate,19702.81
35,1,25000.0,16787.76,8212.24,0.3285,5801.48,5813.97,1800.05,3153.35,768.38,1959.61,1312.95,839.39,0.3327,0.4338,0.3403,35,Moderate,16539.19
35,2,25000.0,18405.6,6594.4,0.2638,4704.11,6733.66,2066.3,1192.26,1440.64,897.67,1394.01,920.28,0.2856,0.4182,0.3816,30,Moderate,17835.73
35,3,25000.0,16328.77,8671.23,0.3468,5083.13,4770.14,1599.05,2129.26,1219.34,674.74,980.67,816.44,0.3977,0.3012,0.2879,35,Moderate,16688.52
35,4,25000.0,20212.94,4787.06,0.1915,4947.12,5384.16,2948.45,1547.2,925.83,2346.48,1301.54,812.16,0.2066,0.4124,0.3525,25,Moderate,21603.68
35,5,25000.0,20152.17,4847.83,0.1939,6936.52,5792.55,2798.49,2480.19,658.19,882.22,839.97,1007.61,0.3163,0.2802,0.3706,25,Moderate,19995.22
35,6,25250.0,18524.81,6725.19,0.2663,4215.81,6236.2,1584.45,1032.01,757.77,1316.1,1089.95,2292.52,0.2841,0.4974,0.456,32,Moderate,18570.46
35,7,25250.0,18999.75,6250.25,0.2475,5805.25,6886.04,2097.56,1012.79,724.04,1419.14,1315.64,949.99,0.2743,0.5152,0.4796,32,Moderate,17886.16
35,8,25250.0,16492.72,8757.28,0.3468,5326.8,6250.12,1535.16,2252.59,1491.73,1591.41,1306.56,824.64,0.4712,0.3757,0.4962,39,Moderate,16174.7
35,9,25250.0,17454.88,7795.12,0.3087,5023.06,5206.2,2604.35,2682.12,765.85,2035.61,954.7,872.74,0.3095,0.3263,0.3303,31,Moderate,18635.73
35,10,25250.0,19058.52,6191.48,0.2452,5286.86,5920.4,2404.2,1867.06,1098.31,1420.97,667.44,393.27,0.2207,0.4493,0.3166,28,Moderate,18700.8
35,11,25250.0,17743.94,7506.06,0.2973,5369.52,4895.22,1936.28,3089.23,1237.56,1788.65,1062.19,887.2,0.2627,0.4379,0.3267,32,Moderate,17459.74
35,12,25500.0,17534.4,7965.6,0.3124,5698.06,5789.95,2217.59,2738.79,1479.85,1217.92,1009.69,876.72,0.2832,0.4926,0.2988,34,Moderate,18656.91
35,13,25500.0,20289.68,5210.32,0.2043,4177.2,6648.12,2820.2,1897.88,1400.53,1698.38,1527.37,120.0,0.2565,0.3474,0.2213,25,Moderate,21429.45
35,14,25500.0,20383.81,5116.19,0.2006,6937.98,7681.63,2786.63,2372.13,1729.32,1285.9,1015.16,1019.19,0.4304,0.5314,0.469,35,Moderate,21374.29
35,15,25500.0,18557.25,6942.75,0.2723,6324.86,4886.87,2344.72,1167.32,1822.21,1413.2,475.58,122.48,0.3682,0.3168,0.4304,31,Moderate,17460.14
35,16,25500.0,18775.88,6724.12,0.2637,4371.33,4879.99,1910.69,2220.26,1870.21,909.48,1081.45,1532.46,0.2656,0.3128,0.3821,27,Moderate,17811.28
35,17,25500.0,17034.02,8465.98,0.332,5327.39,6497.99,1470.31,1461.86,1504.89,1617.89,512.91,851.7,0.2619,0.419,0.244,33,Moderate,16272.02
35,18,25750.0,16551.1,9198.9,0.3572,3542.73,6175.94,1610.53,2781.96,1240.96,876.1,683.78,827.55,0.4276,0.4371,0.3834,39,Moderate,16926.99
35,19,25750.0,18407.45,7342.55,0.2851,5040.02,5008.45,1844.45,2701.57,1467.95,2136.11,724.12,920.37,0.4396,0.5244,0.498,39,Moderate,17483.68
35,20,25750.0,18346.23,7403.77,0.2875,5247.23,4858.06,2628.44,2665.52,1506.31,1021.61,1370.95,917.31,0.3997,0.4829,0.5253,37,Moderate,19496.93
35,21,25750.0,16858.57,8891.43,0.3453,5894.83,6649.1,1471.73,2146.12,1381.55,1601.74,947.37,842.93,0.3666,0.3934,0.3775,36,Moderate,17375.36
35,22,25750.0,17608.39,8141.61,0.3162,6012.69,6747.54,2447.52,1873.2,1048.48,1502.44,917.07,880.42,0.363,0.2649,0.3161,31,Moderate,18390.67
35,23,25750.0,18259.67,7490.33,0.2909,4778.82,6254.77,1611.83,2911.47,1281.55,1557.96,538.11,912.98,0.3545,0.4235,0.3031,34,Moderate,18866.33
36,0,85000.0,63831.6,21168.4,0.249,17131.94,24624.18,6431.11,8352.63,3810.45,6842.1,2999.78,3191.58,0.7051,0.8115,0.7975,52,Moderate,65508.4
36,1,85000.0,65070.5,19929.5,0.2345,15102.29,22762.08,8875.65,8201.76,2130.84,5009.75,1434.13,1554.0,0.6504,0.8939,0.7649,52,Moderate,68060.18
36,2,85000.0,69262.98,15737.02,0.1851,16294.14,26675.4,8284.91,6362.28,5822.45,6600.55,5235.98,3463.15,0.7118,0.6789,0.7416,46,Moderate,71580.28
36,3,85000.0,63475.55,21524.45,0.2532,13192.1,18210.03,8717.42,11787.78,3539.76,6805.16,1281.02,3173.78,0.6846,0.79,0.7182,51,Moderate,65801.65
36,4,85000.0,71009.93,13990.07,0.1646,16439.98,18463.04,6763.68,10348.16,4685.01,5333.21,3808.09,5168.77,0.6623,0.6457,0.646,43,Moderate,68295.15
36,5,85000.0,60620.47,24379.53,0.2868,18618.84,21303.72,5513.42,9001.12,3289.03,6194.05,4379.12,3031.02,0.743,0.7789,0.664,54,Moderate,60922.98
36,6,85850.0,66377.51,19472.49,0.2268,18235.56,23401.5,7348.3,10606.31,5362.84,7076.03,4005.12,3318.88,0.74,0.6867,0.7157,49,Moderate,69157.48
36,7,85850.0,69479.28,16370.72,0.1907,17499.69,20309.17,9317.52,6533.85,2467.31,7373.9,2683.08,3294.75,0.5575,0.6595,0.6455,41,Moderate,72988.52
36,8,85850.0,68014.15,17835.85,0.2078,17653.08,18269.07,8789.35,11097.98,2794.35,6037.74,3936.28,3400.71,0.5553,0.7851,0.7482,45,Moderate,71260.77
36,9,85850.0,71022.32,14827.68,0.1727,24580.41,26899.75,10503.82,6220.97,4206.55,3643.59,4386.06,3551.12,0.6676,0.6981,0.6673,45,Moderate,73169.64
36,10,85850.0,66521.38,19328.62,0.2251,17090.38,22214.58,7614.95,4157.96,5317.33,3420.14,1733.72,4972.32,0.672,0.7578,0.6681,49,Moderate,70092.99
36,11,85850.0,71454.5,14395.5,0.1677,15112.16,22848.57,8041.04,3650.51,6075.24,6950.02,3882.56,4894.4,0.6739,0.7559,0.6275,46,Moderate,72727.5
36,12,86700.0,71948.38,14751.62,0.1701,23740.2,23926.3,9121.85,3838.64,3027.1,4272.55,5722.97,3597.42,0.7694,0.6348,0.7641,46,Moderate,73080.91
36,13,86700.0,64487.6,22212.4,0.2562,13951.75,25054.81,5564.75,5525.83,2340.44,7617.46,4768.71,3224.38,0.6737,0.7152,0.6326,49,Moderate,62770.89
36,14,86700.0,66011.02,20688.98,0.2386,16446.6,24489.12,6127.82,5749.47,2934.25,7839.31,2762.6,3300.55,0.5808,0.7436,0.751,46,Moderate,62693.92
36,15,86700.0,60331.39,26368.61,0.3041,18001.8,18758.6,4925.78,4793.92,2653.77,4886.99,3794.79,2515.74,0.7926,0.8478,0.8694,58,Low,60703.42
36,16,86700.0,63955.18,22744.82,0.2623,15914.37,24616.07,6535.91,9447.52,2206.52,5457.46,2864.76,3197.76,0.6543,0.6376,0.7334,47,Moderate,62038.46
36,17,86700.0,66548.71,20151.29,0.2324,17572.22,24703.89,8956.23,8117.78,4359.55,3189.46,4709.1,3327.44,0.6323,0.6272,0.6083,45,Moderate,64846.16
36,18,87550.0,72970.96,14579.04,0.1665,20587.56,22984.4,9775.3,4358.13,6380.35,4180.2,5475.93,3648.55,0.6471,0.7239,0.6403,45,Moderate,74006.87
36,19,87550.0,70633.63,16916.37,0.1932,22957.37,20596.28,10335.56,7543.15,3150.72,3692.25,4426.42,3531.68,0.755,0.6802,0.6878,48,Moderate,72244.62
36,20,87550.0,62754.31,24795.69,0.2832,16841.02,16151.38,6334.79,9307.92,2338.2,3378.56,4138.98,4263.46,0.6756,0.6508,0.7441,49,Moderate,67091.49
36,21,87550.0,66979.52,20570.48,0.235,20994.84,23891.52,8794.54,8984.45,4709.34,3527.04,1408.68,3348.98,0.7877,0.9151,0.7985,57,Moderate,63384.8
36,22,87550.0,63546.38,24003.62,0.2742,19154.22,24866.8,8014.28,10976.71,5468.18,3187.87,3492.0,3177.32,0.7361,0.9194,0.8996,57,Moderate,61551.26
36,23,87550.0,70500.45,17049.55,0.1947,15275.22,24968.17,10136.54,5310.43,3561.36,6056.79,1867.45,3324.48,0.8158,0.7498,0.7807,51,Moderate,70952.51
37,0,180000.0,136266.52,43733.48,0.243,31583.47,52945.8,17155.29,10287.34,7560.58,9968.57,7389.9,6813.33,0.4054,0.9974,0.753,48,Moderate,136833.75
37,1,180000.0,133397.34,46602.66,0.2589,39088.82,35057.77,15082.49,18934.54,12551.97,6929.59,4496.01,1256.15,0.3971,0.9407,0.6835,47,Moderate,142439.38
37,2,180000.0,143976.35,36023.65,0.2001,30573.05,44056.94,15067.95,10817.71,11922.3,15644.5,9095.26,6798.66,0.375,0.773,0.6203,39,Moderate,148783.21
37,3,180000.0,152246.86,27753.14,0.1542,46863.35,60837.73,19555.19,20732.48,5670.76,15752.97,9120.75,7612.34,0.5716,0.9455,0.7853,47,Moderate,144894.48
37,4,180000.0,148399.34,31600.66,0.1756,33535.17,49034.77,13207.69,13773.69,10138.35,15585.05,3829.5,9295.12,0.5269,0.9013,0.7205,46,Moderate,143249.42
37,5,180000.0,147050.39,32949.61,0.1831,43583.61,50964.51,18932.64,29379.39,11202.6,13430.34,10688.94,7352.52,0.3162,0.8826,0.5418,39,Moderate,140932.56
37,6,181800.0,136794.42,45005.58,0.2476,30615.63,43079.23,15281.26,24706.03,11046.53,9769.78,8859.78,6839.72,0.4921,0.8014,0.5746,45,Moderate,131406.49
37,7,181800.0,162477.14,19322.86,0.1063,51452.98,63562.63,19156.86,19744.6,11823.75,10106.41,7788.47,8123.86,0.3526,0.8242,0.6882,35,Moderate,167442.01
37,8,181800.0,136536.66,45263.34,0.249,34356.4,46140.26,17304.79,7515.59,10704.18,7454.97,5596.31,7464.16,0.41,0.8297,0.5745,44,Moderate,131478.95
37,9,181800.0,143151.87,38648.13,0.2126,40174.22,40768.31,18735.83,9706.44,13819.6,9952.43,10756.99,7157.59,0.3512,0.7746,0.5226,39,Moderate,148585.06
37,10,181800.0,159949.18,21850.82,0.1202,38319.92,43257.24,18883.92,10897.82,8406.46,12162.15,11947.71,16073.96,0.4728,0.9172,0.6915,42,Moderate,159158.6
37,11,181800.0,147268.23,34531.77,0.1899,33281.64,37397.53,13793.62,25758.93,8990.44,7362.38,8358.63,12325.06,0.381,0.9501,0.5862,43,Moderate,143893.37
37,12,183600.0,150105.9,33494.1,0.1824,32932.84,40164.24,13814.67,19187.59,12451.19,17749.29,5142.67,8663.43,0.555,0.7856,0.6739,44,Moderate,147397.06
37,13,183600.0,164525.95,19074.05,0.1039,54013.87,53686.01,13407.73,19922.4,10719.85,6637.81,8241.47,8226.3,0.4046,0.7761,0.5007,36,Moderate,173853.24
37,14,183600.0,147565.19,36034.81,0.1963,43371.96,36977.89,19071.04,20512.63,12352.89,8210.88,6010.37,1057.53,0.3285,0.7469,0.6031,37,Moderate,143684.12
37,15,183600.0,149316.9,34283.1,0.1867,47300.92,40256.66,20786.57,20460.98,6230.52,7010.88,3124.84,4145.54,0.4466,0.7996,0.669,41,Moderate,153413.2
37,16,183600.0,160553.83,23046.17,0.1255,52435.43,60308.63,19274.86,27045.25,14125.11,17985.31,5596.59,8027.69,0.3275,0.8798,0.616,37,Moderate,167384.94
37,17,183600.0,140447.7,43152.3,0.235,37173.91,35827.11,12987.85,10619.32,4696.79,5667.8,8276.29,25198.63,0.4845,0.9578,0.6713,49,Moderate,140668.05
37,18,185400.0,142300.38,43099.62,0.2325,30718.41,42985.23,20311.43,18686.04,5747.44,10031.91,7168.39,6651.53,0.2868,0.806,0.6008,39,Moderate,150241.27
37,19,185400.0,141059.63,44340.37,0.2392,42486.86,46719.4,12440.7,14630.93,11940.83,7225.52,10100.84,7052.98,0.4458,0.9118,0.7431,46,Moderate,140236.43
37,20,185400.0,154564.6,30835.4,0.1663,47573.96,61053.89,15500.17,14235.22,5822.67,15818.2,4111.23,7728.23,0.3921,0.7497,0.6637,37,Moderate,165231.55
37,21,185400.0,161718.4,23681.6,0.1277,49825.32,46448.05,14361.93,16428.51,12471.9,15046.69,3441.92,3694.08,0.5466,0.8065,0.6357,42,Moderate,154236.93
37,22,185400.0,153091.46,32308.54,0.1743,35297.4,55726.98,19734.32,30292.61,14572.43,14546.29,8030.98,7654.57,0.372,0.9088,0.6416,41,Moderate,157048.46
37,23,185400.0,163764.33,21635.67,0.1167,48895.91,45464.23,22531.77,28375.74,12821.43,18306.67,9889.65,8188.22,0.4658,0.7584,0.5745,38,Moderate,173591.15
38,0,120000.0,90985.67,29014.33,0.2418,18901.54,29129.93,7841.25,15634.9,7453.53,8769.3,6847.98,4549.28,0.5807,0.6073,0.6283,43,Moderate,88272.79
38,1,120000.0,87272.72,32727.28,0.2727,19399.15,30006.75,9854.36,7007.94,2685.41,5853.62,5051.35,7414.14,0.401,0.6372,0.4637,40,Moderate,86266.54
38,2,120000.0,98260.71,21739.29,0.1812,25849.42,36622.17,8618.98,14619.81,4819.32,5669.62,4714.23,4913.04,0.5043,0.7332,0.6274,41,Moderate,97160.17
38,3,120000.0,100181.17,19818.83,0.1652,21725.68,38568.8,11674.64,12526.02,8656.86,8910.67,5594.58,5009.06,0.3637,0.6079,0.5574,33,Moderate,105819.34
38,4,120000.0,91889.61,28110.39,0.2343,23006.43,29531.41,8848.45,13611.47,5477.84,7709.3,3373.8,330.9,0.5316,0.7343,0.6102,44,Moderate,87429.75
38,5,120000.0,93082.89,26917.11,0.2243,18625.14,24567.09,11009.59,17088.86,8173.08,3759.06,4150.71,5709.37,0.5811,0.7871,0.5887,47,Moderate,94216.63
38,6,121200.0,88853.48,32346.52,0.2669,28074.08,35079.27,10644.56,14225.98,3165.0,7206.66,5111.08,4442.67,0.3988,0.768,0.5304,43,Moderate,89310.37
38,7,121200.0,86129.75,35070.25,0.2894,21434.34,34333.68,10496.46,8781.21,7844.35,6206.21,4606.48,4306.49,0.5369,0.6628,0.6307,45,Moderate,89812.37
38,8,121200.0,90494.72,30705.28,0.2533,21581.63,35592.58,8537.68,17755.1,4511.53,5594.71,4657.83,4524.74,0.6122,0.7862,0.6531,49,Moderate,92221.17
38,9,121200.0,88123.88,33076.12,0.2729,25730.74,23265.41,10354.98,7260.69,8407.89,10517.09,2770.61,4406.19,0.3653,0.8035,0.5676,43,Moderate,87391.02
38,10,121200.0,87377.24,33822.76,0.2791,17700.99,33843.47,11271.55,13643.28,5355.08,3515.46,4704.0,4368.86,0.5211,0.7442,0.6105,46,Moderate,88661.99
38,11,121200.0,91962.89,29237.11,0.2412,19222.77,29162.57,7726.45,6040.45,6774.84,6397.13,1936.69,14701.98,0.3525,0.8006,0.5322,41,Moderate,96062.39
38,12,122400.0,92253.8,30146.2,0.2463,22991.87,33086.68,9248.56,8370.2,7227.21,8950.81,2928.32,4612.69,0.4422,0.5654,0.5716,38,Moderate,88975.78
38,13,122400.0,88485.04,33914.96,0.2771,27211.09,25520.22,10576.53,7686.24,8344.71,10302.91,2332.44,4424.25,0.502,0.777,0.6857,46,Moderate,84875.73
38,14,122400.0,81664.8,40735.2,0.3328,22077.61,31716.45,10135.8,10917.63,4598.75,9794.82,4706.4,4083.24,0.6416,0.6719,0.6595,51,Low,79294.77
38,15,122400.0,98623.39,23776.61,0.1943,20063.13,33938.62,11515.95,11798.85,5884.61,5914.09,6223.29,3284.86,0.3621,0.6962,0.4371,37,Moderate,96899.25
38,16,122400.0,94003.85,28396.15,0.232,30570.88,32670.27,8608.78,10902.69,5574.77,10398.3,6681.54,4700.19,0.6197,0.68,0.5668,46,Moderate,95030.12
38,17,122400.0,83701.31,38698.69,0.3162,21624.64,26383.52,10796.9,16379.23,2869.02,9172.45,6408.75,4185.07,0.4794,0.6676,0.5267,45,Moderate,87432.87
38,18,123600.0,92229.8,31370.2,0.2538,20986.32,26607.69,13024.31,12152.15,7915.14,6938.94,5522.25,4611.49,0.448,0.6498,0.5312,41,Moderate,96273.51
38,19,123600.0,100240.75,23359.25,0.189,29299.55,39649.84,8487.41,17490.47,7944.76,4234.58,7288.12,5012.04,0.3707,0.634,0.4532,35,Moderate,106695.19
38,20,123600.0,99369.29,24230.71,0.196,26175.54,34518.39,14374.12,7124.88,3742.93,6752.06,5276.45,1404.93,0.4448,0.796,0.5805,42,Moderate,104065.54
38,21,123600.0,86281.64,37318.36,0.3019,24789.58,33022.23,12398.57,4937.3,8028.29,6145.84,3808.39,4314.08,0.4814,0.7495,0.678,46,Moderate,85104.86
38,22,123600.0,83398.36,40201.64,0.3253,27227.93,22147.94,12374.8,8182.61,5941.77,6630.71,3691.46,4169.92,0.3899,0.5937,0.4513,41,Moderate,88176.01
38,23,123600.0,86263.42,37336.58,0.3021,27049.25,31861.87,9543.87,7338.22,3938.93,3744.66,5852.61,4313.17,0.5795,0.5364,0.6575,44,Moderate,85814.53
39,0,120000.0,51938.53,68061.47,0.5672,11995.08,20057.1,6504.24,5387.0,4843.6,2082.62,2475.74,2596.93,0.2556,0.3624,0.3643,42,Moderate,53070.83
39,1,120000.0,52578.62,67421.38,0.5618,17123.83,14753.68,7124.8,6056.56,2276.33,4861.15,1871.67,2628.93,0.346,0.5842,0.4338,50,Moderate,50357.23
39,2,120000.0,55759.13,64240.87,0.5353,19411.36,20979.4,4960.38,4479.58,4696.31,2821.94,3215.37,2787.96,0.3475,0.5801,0.3649,49,Moderate,52830.07
39,3,120000.0,44724.09,75275.91,0.6273,14513.02,17013.1,4827.25,7161.78,1395.17,3410.35,2355.73,2236.2,0.2616,0.5852,0.4602,50,Moderate,46523.51
39,4,120000.0,56503.7,63496.3,0.5291,14183.46,16626.37,6525.96,5569.11,3335.43,6558.6,4311.44,2825.18,0.4273,0.4381,0.3792,47,Moderate,57194.24
39,5,120000.0,52609.83,67390.17,0.5616,14806.46,20517.32,5080.84,5618.97,3650.59,2570.55,1526.04,2630.49,0.35,0.3845,0.2885,45,Moderate,54265.74
39,6,121200.0,51643.09,69556.91,0.5739,16151.43,15840.54,4833.15,7319.31,4147.25,2922.97,1443.65,2582.15,0.4921,0.451,0.4443,51,Moderate,49189.49
39,7,121200.0,43081.66,78118.34,0.6445,8636.52,14078.42,6068.22,2694.85,3405.81,4817.96,3003.89,376.0,0.4392,0.4921,0.5219,54,Moderate,42379.78
39,8,121200.0,61392.04,59807.96,0.4935,21007.62,22286.12,5342.96,4025.87,4188.78,7183.65,3778.32,3069.6,0.2906,0.5702,0.4651,45,Moderate,60025.91
39,9,121200.0,43234.98,77965.02,0.6433,14493.69,12534.81,5569.27,4378.81,2403.84,3366.97,1998.25,2161.75,0.4682,0.3499,0.4241,51,Moderate,42822.9
39,10,121200.0,46733.77,74466.23,0.6144,12510.5,12407.32,5326.98,7592.82,1543.35,3009.92,1963.16,2379.72,0.3863,0.5399,0.3932,52,Moderate,49832.21
39,11,121200.0,51040.73,70159.27,0.5789,13122.27,20259.27,6977.93,8072.99,2148.33,6102.2,1165.69,2552.04,0.4193,0.3631,0.4871,47,Moderate,48843.97
39,12,122400.0,63103.86,59296.14,0.4844,13487.45,25159.52,6422.58,12507.63,4817.65,3496.53,4288.9,3155.19,0.2995,0.38,0.2859,40,Moderate,67161.17
39,13,122400.0,56224.91,66175.09,0.5406,16531.94,15404.37,4755.54,3390.73,2212.11,6695.96,1669.96,5564.29,0.3184,0.3518,0.355,42,Moderate,58347.66
39,14,122400.0,58701.42,63698.58,0.5204,13609.79,15164.47,8032.06,6712.19,2815.7,2570.97,4524.23,5272.02,0.2144,0.5645,0.4126,43,Moderate,60508.97
39,15,122400.0,59829.51,62570.49,0.5112,18188.69,23921.48,5101.14,3689.62,4360.29,2942.31,4627.52,2991.48,0.2467,0.5584,0.4023,44,Moderate,62197.41
39,16,122400.0,56640.09,65759.91,0.5373,11725.79,19133.6,7814.27,10465.52,3819.75,4080.37,2310.01,2832.0,0.3295,0.3409,0.3015,42,Moderate,53395.35
39,17,122400.0,56798.82,65601.18,0.536,12906.81,18113.5,7350.99,7349.47,4988.15,6388.0,3650.42,2839.94,0.3763,0.5056,0.3831,48,Moderate,53451.15
39,18,123600.0,55024.42,68575.58,0.5548,15498.12,21421.49,6295.9,10983.03,3956.25,5392.87,2538.98,2751.22,0.3139,0.3908,0.3139,44,Moderate,55032.38
39,19,123600.0,49855.22,73744.78,0.5966,14429.02,13691.7,5966.54,4409.53,2319.38,2285.06,3610.15,3143.84,0.4501,0.4208,0.3781,50,Moderate,51862.24
39,20,123600.0,56068.45,67531.55,0.5464,16936.26,21343.72,4743.75,3444.45,1815.75,4527.12,3405.73,2803.42,0.3145,0.3974,0.3467,43,Moderate,56097.26
39,21,123600.0,46535.94,77064.06,0.6235,13794.97,13494.73,4605.74,6326.41,2339.37,3551.99,3176.54,2326.8,0.416,0.3626,0.3209,49,Moderate,48562.55
39,22,123600.0,51655.6,71944.4,0.5821,15129.5,19670.81,5254.78,10103.63,1840.3,3150.89,1399.0,2582.78,0.3725,0.4841,0.4853,49,Moderate,51027.33
39,23,123600.0,47929.18,75670.82,0.6122,14747.09,15430.67,4570.49,8071.03,1724.12,2815.58,2497.33,2396.46,0.2539,0.5494,0.3202,48,Moderate,47799.18
40,0,250000.0,124049.35,125950.65,0.5038,38575.41,48710.62,17917.35,22880.69,10011.72,12685.57,8703.04,6202.47,0.4276,0.988,0.6781,60,Moderate,123726.05
40,1,250000.0,126936.76,123063.24,0.4923,37545.63,44438.15,10690.51,18155.93,9818.19,10780.86,4375.74,6346.84,0.6396,0.7712,0.688,60,Low,129411.97
40,2,250000.0,115484.13,134515.87,0.5381,35472.48,34824.15,16895.89,9448.39,4400.26,10156.82,7581.05,5774.21,0.6054,0.8446,0.7369,63,Low,120312.68
40,3,250000.0,130797.79,119202.21,0.4768,39580.75,48849.18,15134.08,20690.2,12011.78,12800.97,2719.2,6539.89,0.5626,0.8251,0.7804,58,Moderate,126966.71
40,4,250000.0,124320.66,125679.34,0.5027,31637.99,38375.43,10980.95,7967.53,4483.65,9095.4,5922.19,15857.53,0.538,0.9277,0.8207,61,Moderate,124978.26
40,5,250000.0,114375.71,135624.29,0.5425,38911.94,40710.23,12293.94,8499.09,7130.5,11121.78,4413.27,5718.79,0.5065,1.0,0.7347,64,Moderate,119676.2
40,6,252500.0,144574.09,107925.91,0.4274,37796.04,54047.37,15117.17,22614.16,13031.43,12638.89,6815.73,7228.7,0.6364,1.0,0.7792,63,Low,139726.27
40,7,252500.0,123946.42,128553.58,0.5091,34905.05,36962.91,12379.06,21065.58,4492.82,11457.01,3518.54,6197.32,0.3984,0.8568,0.6046,56,Moderate,131132.64
40,8,252500.0,128562.85,123937.15,0.4908,36508.83,36083.87,11438.23,7463.1,7077.69,11381.81,3002.56,15606.76,0.6802,1.0,0.8695,67,Low,130441.25
40,9,252500.0,139287.27,113212.73,0.4484,41515.74,38693.99,18087.51,10410.07,13485.11,9011.98,3363.16,4719.7,0.5732,0.8383,0.8052,58,Moderate,139980.23
40,10,252500.0,145674.58,106825.42,0.4231,49150.91,51270.69,20533.63,11682.86,9953.07,12268.09,6218.7,7283.73,0.5102,1.0,0.7428,59,Moderate,144675.1
40,11,252500.0,113724.8,138775.2,0.5496,38866.31,39744.91,12980.75,11277.11,10196.98,9828.89,5068.76,5686.24,0.4748,0.9731,0.6276,63,Moderate,112302.69
40,12,255000.0,115133.59,139866.41,0.5485,24594.01,35073.9,16598.05,6651.21,4757.97,6647.79,7031.7,13778.96,0.6367,0.873,0.6585,65,Low,111197.16
40,13,255000.0,130170.65,124829.35,0.4895,34355.75,44935.2,18757.58,12335.8,4113.51,11765.71,4695.58,6508.53,0.6066,0.8847,0.7619,62,Low,125330.01
40,14,255000.0,148583.88,106416.12,0.4173,50945.27,53965.01,17022.47,7848.42,13412.47,10400.62,11714.54,7429.19,0.4238,0.9539,0.6409,55,Moderate,142812.03
40,15,255000.0,140212.37,114787.63,0.4501,44421.27,53709.6,19459.72,25502.39,7659.16,5617.45,6064.26,7010.62,0.5069,1.0,0.8007,60,Moderate,148655.21
40,16,255000.0,135925.27,119074.73,0.467,31437.2,41969.94,15275.38,9830.03,9411.17,8502.69,7434.25,12064.61,0.4735,0.8782,0.6464,57,Moderate,131291.48
40,17,255000.0,131200.85,123799.15,0.4855,45286.2,47183.44,17033.21,23809.45,8578.01,10794.38,3395.14,6560.04,0.6735,0.8129,0.789,62,Low,130149.82
40,18,257500.0,142498.37,115001.63,0.4466,39833.33,41718.46,14508.44,11307.28,7407.17,13226.61,9235.07,5262.01,0.5915,1.0,0.8736,62,Moderate,141826.08
40,19,257500.0,128396.65,129103.35,0.5014,40843.8,50776.65,16137.22,6763.83,9585.95,10236.82,4576.31,6419.83,0.6725,1.0,0.8893,67,Low,123018.02
40,20,257500.0,151440.5,106059.5,0.4119,49696.06,39062.8,19004.01,14246.06,12880.37,16798.22,7049.99,7572.03,0.3967,1.0,0.7301,55,Moderate,154437.41
40,21,257500.0,139277.98,118222.02,0.4591,45504.95,35804.53,13702.31,14682.23,5156.2,9449.42,7779.26,7199.08,0.456,1.0,0.7227,59,Moderate,144340.84
40,22,257500.0,134154.86,123345.14,0.479,35828.4,39225.2,11146.01,8815.64,6910.44,15753.35,4778.15,11697.68,0.6472,0.8192,0.7981,61,Low,137962.82
40,23,257500.0,131382.98,126117.02,0.4898,37635.65,39728.92,17738.2,12939.95,12597.52,11665.5,9171.23,6569.15,0.6458,1.0,0.8265,66,Low,125785.29
41,0,25000.0,20751.87,4248.13,0.1699,6249.32,6147.18,2354.05,2294.51,964.84,849.11,1190.85,702.0,0.4444,0.7861,0.5949,40,Moderate,22144.46
41,1,25000.0,19058.51,5941.49,0.2377,4104.66,5663.56,2850.92,2600.84,1595.23,2119.47,726.49,952.93,0.4443,0.7388,0.6198,42,Moderate,19072.71
41,2,25000.0,20213.06,4786.94,0.1915,4353.28,6072.39,2718.72,1859.37,1183.85,1415.04,1571.92,1038.49,0.5531,0.7116,0.6966,42,Moderate,20460.78
41,3,25000.0,19985.78,5014.22,0.2006,4706.31,5200.49,2974.5,1339.65,1938.94,2086.7,842.27,896.91,0.5179,0.6593,0.5773,41,Moderate,20893.37
41,4,25000.0,20328.55,4671.45,0.1869,5377.75,6588.26,2324.53,1516.32,1188.69,1216.49,1299.52,816.98,0.5669,0.639,0.5171,41,Moderate,19648.0
41,5,25000.0,18959.41,6040.59,0.2416,5663.24,7026.0,2255.55,1525.61,724.36,1164.77,1137.88,947.97,0.3671,0.6006,0.5542,36,Moderate,17988.51
41,6,25250.0,19411.17,5838.83,0.2312,4120.02,6172.83,1968.01,1722.37,1343.39,2321.96,1187.82,574.77,0.2927,0.623,0.5061,34,Moderate,19681.49
41,7,25250.0,22792.4,2457.6,0.0973,5204.03,7409.75,2120.31,1371.21,1094.69,2377.1,1192.99,2022.34,0.2987,0.7739,0.5985,32,High,22203.09
41,8,25250.0,18796.27,6453.73,0.2556,5163.48,6347.5,2110.71,2754.85,1041.55,1156.69,593.67,939.81,0.5036,0.8224,0.6648,47,Moderate,19364.11
41,9,25250.0,21904.58,3345.42,0.1325,4580.54,6042.06,2709.96,1450.32,1145.35,2265.73,822.15,2888.47,0.3188,0.6799,0.5347,32,Moderate,21745.55
41,10,25250.0,20780.61,4469.39,0.177,6334.99,6977.23,1879.37,3481.89,1749.02,1996.25,1313.55,1039.03,0.4517,0.637,0.6168,37,Moderate,20947.28
41,11,25250.0,22759.73,2490.27,0.0986,5374.13,8515.91,2302.83,3640.04,1241.05,1970.39,1747.02,1137.99,0.401,0.6052,0.579,31,High,23980.49
41,12,25500.0,19523.78,5976.22,0.2344,4493.78,6385.05,2924.89,2116.52,1756.96,1564.42,1510.8,976.19,0.2838,0.6493,0.5452,35,Moderate,19766.39
41,13,25500.0,21374.99,4125.01,0.1618,5621.3,5766.58,2276.38,4177.35,1714.96,1326.83,1577.65,1068.75,0.3533,0.8775,0.5461,39,Moderate,20394.8
41,14,25500.0,20674.65,4825.35,0.1892,4306.21,6056.68,2126.16,2107.41,1916.49,1873.92,620.33,1667.45,0.5323,0.862,0.7587,46,Moderate,21836.85
41,15,25500.0,21665.47,3834.53,0.1504,6931.21,5836.14,2769.76,1559.55,2102.86,894.84,1319.77,251.35,0.2751,0.8254,0.4544,35,Moderate,20850.8
41,16,25500.0,22096.43,3403.57,0.1335,6249.76,7598.52,2420.34,3198.0,976.16,1961.49,639.78,1104.82,0.4115,0.6001,0.5334,33,Moderate,23507.0
41,17,25500.0,21927.58,3572.42,0.1401,5059.13,8611.01,3012.23,3791.1,1845.23,2464.86,1381.74,1096.38,0.306,0.7517,0.4496,34,Moderate,21038.03
41,18,25750.0,20108.22,5641.78,0.2191,4237.02,7347.42,2160.34,1180.05,904.86,1648.94,1179.48,1450.11,0.3196,0.6406,0.4411,35,Moderate,19114.72
41,19,25750.0,21315.14,4434.86,0.1722,6403.17,8496.61,1950.03,3258.33,925.26,1153.5,1627.76,1065.76,0.497,0.7728,0.6538,41,Moderate,20870.56
41,20,25750.0,21489.6,4260.4,0.1655,5731.41,5518.73,2783.01,3543.91,1246.43,1111.8,1610.6,1074.48,0.496,0.8935,0.6186,44,Moderate,20510.11
41,21,25750.0,20480.79,5269.21,0.2046,6999.19,7748.22,1754.14,1822.68,1563.52,2171.63,725.87,1024.04,0.4627,0.7314,0.6476,41,Moderate,19601.34
41,22,25750.0,23379.13,2370.87,0.0921,7860.53,9065.45,2912.83,4644.0,2014.11,2379.57,699.46,1168.96,0.4131,0.8119,0.6872,36,High,22508.58
41,23,25750.0,19533.5,6216.5,0.2414,5347.15,6392.66,2664.53,2874.6,1303.39,2005.37,903.95,976.67,0.3727,0.8024,0.578,42,Moderate,19044.13
42,0,45000.0,23414.09,21585.91,0.4797,7428.69,6719.34,2920.54,2767.39,1100.97,1750.83,1401.37,1170.7,0.4788,0.7632,0.6527,55,Moderate,23479.37
42,1,45000.0,21466.44,23533.56,0.523,5859.88,5668.09,2819.66,3439.78,1346.94,1261.15,728.93,342.01,0.2893,0.8999,0.6109,54,Moderate,22957.42
42,2,45000.0,25058.04,19941.96,0.4432,5704.52,8272.28,3636.36,4065.07,2355.87,1585.72,1515.86,1252.9,0.3307,0.8972,0.708,52,Moderate,24618.22
42,3,45000.0,20708.94,24291.06,0.5398,4467.19,7078.07,2328.38,3329.02,1381.59,1082.48,1254.79,1035.45,0.3585,0.8344,0.6627,55,Moderate,19584.63
42,4,45000.0,18217.84,26782.16,0.5952,5213.3,6231.5,1659.26,1627.35,715.93,1391.19,830.76,548.55,0.3619,0.8678,0.5708,59,Moderate,19185.39
42,5,45000.0,18200.35,26799.65,0.5955,4939.32,6534.59,2513.87,972.11,689.13,1195.66,724.49,631.17,0.3952,1.0,0.6869,63,Moderate,18749.27
42,6,45450.0,21022.98,24427.02,0.5374,4340.62,6575.88,2734.73,3783.61,1013.93,1858.18,1184.22,1051.15,0.3166,1.0,0.6543,58,Moderate,21150.21
42,7,45450.0,18522.43,26927.57,0.5925,4811.84,6375.1,2155.19,3269.45,1478.41,818.41,390.62,926.12,0.4766,0.9832,0.7281,65,Moderate,17810.07
42,8,45450.0,20167.04,25282.96,0.5563,6079.51,5047.62,2911.9,2702.56,921.73,1001.35,1048.82,453.55,0.2661,0.9729,0.6893,57,Moderate,21068.48
42,9,45450.0,23778.57,21671.43,0.4768,8296.06,6643.64,2943.24,1384.29,2111.81,1920.46,1696.9,1188.93,0.2164,0.8436,0.4926,49,Moderate,22382.04
42,10,45450.0,24641.25,20808.75,0.4578,6558.35,6973.64,2231.77,3860.82,1375.98,2354.43,1667.84,1232.06,0.4057,0.8284,0.5381,53,Moderate,24029.49
42,11,45450.0,23065.73,22384.27,0.4925,4987.94,7899.24,2650.36,2416.07,2060.76,1967.22,777.23,306.9,0.45,0.9356,0.7877,59,Moderate,23763.38
42,12,45900.0,22124.6,23775.4,0.518,6488.93,6006.55,2578.31,4035.13,1748.7,1902.79,1158.67,1106.23,0.3729,0.7875,0.6469,54,Moderate,21403.03
42,13,45900.0,18585.38,27314.62,0.5951,6368.99,6961.58,2217.71,3467.98,1738.59,1885.87,977.04,929.27,0.3536,0.9363,0.6288,60,Moderate,19527.82
42,14,45900.0,22359.75,23540.25,0.5129,6080.77,7158.56,2383.27,3171.71,1512.54,1622.35,1618.81,1117.99,0.3539,1.0,0.7279,58,Moderate,21763.47
42,15,45900.0,20593.55,25306.45,0.5513,4249.31,6208.07,2611.74,2389.94,2018.82,1355.76,1508.93,250.98,0.4278,0.9235,0.5997,60,Moderate,19969.81
42,16,45900.0,21996.41,23903.59,0.5208,4846.6,7159.26,2029.81,1839.73,861.95,2007.22,1067.35,2184.5,0.4012,1.0,0.75,60,Moderate,23467.91
42,17,45900.0,20781.32,25118.68,0.5472,4513.62,6267.15,3048.39,2557.62,2019.5,2445.79,1526.2,1039.07,0.421,0.893,0.7382,59,Moderate,19932.09
42,18,46350.0,21373.41,24976.59,0.5389,6609.42,6573.52,3002.01,2806.78,1266.51,1605.79,896.05,1068.67,0.2009,0.7837,0.4456,49,Moderate,21710.17
42,19,46350.0,23397.01,22952.99,0.4952,7137.52,7279.02,2449.14,3635.15,1195.22,1673.49,1493.81,1169.85,0.2198,0.8798,0.4717,50,Moderate,23935.01
42,20,46350.0,23278.92,23071.08,0.4978,7422.69,6630.77,2987.77,3028.48,1409.9,2096.42,1169.49,1163.95,0.3123,1.0,0.7065,56,Moderate,22166.2
42,21,46350.0,19547.06,26802.94,0.5783,4278.35,5160.5,2244.5,3181.91,1119.48,812.29,674.1,2075.94,0.3887,0.9745,0.6617,62,Moderate,20475.68
42,22,46350.0,19814.2,26535.8,0.5725,6287.33,5022.91,2253.85,3079.85,1344.0,2334.43,535.28,990.71,0.1808,1.0,0.5992,56,Moderate,20779.54
42,23,46350.0,21717.53,24632.47,0.5314,5158.38,7341.07,2474.21,3513.17,967.39,1187.38,848.35,227.58,0.4298,0.7945,0.5938,56,Moderate,22484.31
43,0,25000.0,16597.94,8402.06,0.3361,4238.66,5792.21,1734.5,3240.13,1391.08,1875.15,1275.25,829.9,0.3368,0.9126,0.5763,48,Moderate,16559.43
43,1,25000.0,16029.65,8970.35,0.3588,5122.42,5970.52,2100.25,1906.84,1396.06,1225.44,343.42,801.48,0.5626,0.8334,0.7653,53,Moderate,16996.29
43,2,25000.0,18118.46,6881.54,0.2753,3965.23,4545.22,2428.39,1233.71,1142.68,1607.87,940.58,2254.79,0.4559,0.7555,0.6599,44,Moderate,17420.7
43,3,25000.0,16483.33,8516.67,0.3407,5078.19,6239.25,2287.47,1329.31,528.8,1308.57,1179.76,824.17,0.4243,0.6464,0.5475,44,Moderate,16552.35
43,4,25000.0,15839.22,9160.78,0.3664,5416.52,6199.25,2263.1,1308.14,1359.98,1855.05,1065.47,791.96,0.2973,0.6417,0.4696,41,Moderate,15118.76
43,5,25000.0,18842.31,6157.69,0.2463,4252.79,6715.54,2504.44,3022.62,1366.98,1043.1,850.87,942.12,0.4188,0.6432,0.4656,39,Moderate,19663.99
43,6,25250.0,17092.98,8157.02,0.3231,3888.54,5660.62,2424.38,2136.74,546.37,1907.02,1231.0,854.65,0.5204,0.8803,0.6585,52,Moderate,16855.88
43,7,25250.0,15933.92,9316.08,0.369,4531.24,4149.75,1449.43,2617.75,609.3,1009.1,1192.75,374.59,0.4977,0.6382,0.521,47,Moderate,15800.94
43,8,25250.0,17465.25,7784.75,0.3083,3561.18,6911.49,1996.52,2436.59,849.76,1557.95,575.71,873.26,0.4142,0.8942,0.6864,48,Moderate,18669.56
43,9,25250.0,19042.12,6207.88,0.2459,5336.66,7052.52,2230.43,1817.78,1441.69,1847.83,1222.06,952.11,0.3936,0.6847,0.5223,39,Moderate,19124.13
43,10,25250.0,16418.02,8831.98,0.3498,4087.28,5640.37,1316.73,2598.32,804.93,1473.11,748.54,820.9,0.4729,0.9205,0.6166,52,Moderate,15965.97
43,11,25250.0,15479.68,9770.32,0.3869,5269.58,5122.77,2055.17,1579.67,1338.29,1339.87,508.45,773.98,0.4424,0.6481,0.5592,46,Moderate,15058.38
43,12,25500.0,16632.84,8867.16,0.3477,3762.17,5287.89,2278.31,2349.48,1050.68,850.53,1296.15,831.64,0.5693,0.6505,0.677,48,Moderate,16369.35
43,13,25500.0,15789.82,9710.18,0.3808,3571.74,5408.79,2251.76,2712.13,1205.49,1750.95,490.73,789.49,0.5241,0.8183,0.6354,53,Moderate,15817.26
43,14,25500.0,17906.1,7593.9,0.2978,4563.53,5322.19,1447.39,2724.28,1104.9,1170.63,500.49,1072.7,0.4004,0.8848,0.6781,47,Moderate,17416.86
43,15,25500.0,18062.36,7437.64,0.2917,4809.28,5829.48,1686.81,932.75,1103.0,2014.22,802.45,884.37,0.4169,0.9108,0.5935,48,Moderate,18254.75
43,16,25500.0,18094.6,7405.4,0.2904,4430.29,6176.27,2180.12,3229.97,591.54,1025.78,1143.85,904.73,0.4087,0.675,0.5928,42,Moderate,17408.41
43,17,25500.0,17302.59,8197.41,0.3215,4025.03,4504.52,2152.6,2862.39,886.92,727.23,1091.27,1052.62,0.5774,0.6541,0.5938,48,Moderate,17603.0
43,18,25750.0,15395.3,10354.7,0.4021,4992.91,5574.92,1534.21,1464.29,1518.94,949.94,473.81,769.76,0.5624,0.8042,0.6597,55,Moderate,14725.32
43,19,25750.0,18769.27,6980.73,0.2711,4133.45,6362.89,2783.27,3479.76,670.82,1482.93,713.3,938.46,0.3557,0.7191,0.5177,40,Moderate,19933.16
43,20,25750.0,16625.79,9124.21,0.3543,4672.65,4271.63,1957.22,1808.05,537.49,672.98,1275.84,1429.93,0.4418,0.7426,0.5753,47,Moderate,17458.04
43,21,25750.0,17387.32,8362.68,0.3248,3976.81,5487.96,1904.72,3137.32,1592.77,741.91,1050.2,869.37,0.3572,0.8219,0.5105,45,Moderate,16938.02
43,22,25750.0,19358.2,6391.8,0.2482,5169.19,6557.58,2086.71,3193.48,1152.36,851.98,1009.06,967.91,0.4076,0.898,0.5681,45,Moderate,19728.5
43,23,25750.0,16963.67,8786.33,0.3412,5651.56,5743.34,2148.73,3378.2,1616.97,1817.33,772.72,848.18,0.4344,0.9198,0.6783,51,Moderate,16870.41
44,0,180000.0,75869.1,104130.9,0.5785,18426.69,22412.63,8590.97,12797.87,2719.51,6921.99,6042.74,3793.46,0.5651,0.5802,0.6519,57,Moderate,78859.28
44,1,180000.0,88041.9,91958.1,0.5109,23711.64,27251.07,10253.72,12824.08,4748.18,5911.4,5572.85,4402.09,0.4808,0.4313,0.5352,48,Moderate,90426.01
44,2,180000.0,69506.36,110493.64,0.6139,23744.37,19791.68,6371.25,8338.05,3861.92,3237.89,5393.0,3475.32,0.4864,0.5303,0.5807,55,Moderate,71896.2
44,3,180000.0,62763.48,117236.52,0.6513,13347.69,21739.12,8609.04,12413.28,2594.01,4523.76,4103.78,3138.17,0.4893,0.4021,0.4403,54,Moderate,63603.49
44,4,180000.0,75562.71,104437.29,0.5802,24268.14,20584.89,6283.5,7470.13,4372.3,7957.82,3426.17,1199.76,0.4172,0.31,0.3371,46,Moderate,78511.17
44,5,180000.0,73037.6,106962.4,0.5942,22125.6,25211.72,8727.18,5853.64,3012.51,5754.5,2902.27,3651.88,0.4761,0.5069,0.4733,53,Moderate,76445.35
44,6,181800.0,69047.28,112752.72,0.6202,20582.26,19990.09,6727.26,5054.27,6184.27,5585.74,5238.12,3452.36,0.456,0.4491,0.4977,52,Moderate,71060.17
44,7,181800.0,82598.99,99201.01,0.5457,28176.47,30646.16,9092.05,8117.89,3973.69,7338.39,6192.19,4129.95,0.5433,0.5737,0.5845,55,Moderate,85899.09
44,8,181800.0,79082.34,102717.66,0.565,16794.22,20236.19,7462.66,5944.67,4687.16,5753.07,2008.86,16195.51,0.4033,0.2993,0.2816,45,Moderate,80102.07
44,9,181800.0,68353.99,113446.01,0.624,20787.21,26510.28,8245.16,4130.29,6705.63,3519.65,3393.84,3417.7,0.5452,0.4464,0.477,55,Moderate,68573.68
44,10,181800.0,79108.91,102691.09,0.5649,19322.34,28848.5,8291.63,12949.96,3226.78,8309.5,4306.2,3955.45,0.517,0.294,0.4782,48,Moderate,78080.65
44,11,181800.0,79587.45,102212.55,0.5622,26563.53,31550.93,6773.86,11050.82,7202.77,7928.89,5927.9,3979.37,0.4532,0.3538,0.369,47,Moderate,78702.05
44,12,183600.0,68940.57,114659.43,0.6245,14045.4,25716.61,5749.06,11214.72,6328.03,3002.7,3192.75,3447.03,0.4794,0.4747,0.5344,54,Moderate,71566.19
44,13,183600.0,65785.14,117814.86,0.6417,22932.07,25427.64,6484.65,4444.61,5396.72,2681.56,3477.14,3289.26,0.6648,0.3855,0.4291,58,Low,69161.75
44,14,183600.0,69711.18,113888.82,0.6203,22901.45,26355.37,6681.0,9744.36,3932.55,3363.18,3443.83,3485.56,0.4535,0.5715,0.6046,55,Moderate,66176.54
44,15,183600.0,77414.3,106185.7,0.5784,16697.35,20589.64,7711.53,12380.4,4535.3,5477.85,4731.41,5290.82,0.4017,0.519,0.4879,51,Moderate,78402.29
44,16,183600.0,79022.63,104577.37,0.5696,26212.76,31055.39,7044.59,10223.61,2548.44,8295.61,2954.83,3951.13,0.6684,0.3498,0.5528,54,Low,80695.59
44,17,183600.0,70210.87,113389.13,0.6176,23746.81,24456.44,10449.61,4226.96,2432.59,6179.87,4785.24,3510.54,0.6458,0.5885,0.5602,61,Low,73382.4
44,18,185400.0,73778.45,111621.55,0.6021,18314.52,28239.38,7642.1,7731.9,7087.39,3446.83,4009.24,3688.92,0.4716,0.496,0.5267,53,Moderate,72850.59
44,19,185400.0,90318.12,95081.88,0.5128,29712.61,35729.76,9506.7,13491.77,6298.05,5489.83,2607.38,4515.91,0.5636,0.4393,0.4688,50,Moderate,95815.87
44,20,185400.0,79852.1,105547.9,0.5693,23950.32,19982.72,8914.92,6949.83,6563.94,5937.99,5658.28,1894.1,0.3942,0.3042,0.4014,45,Moderate,84844.22
44,21,185400.0,90593.22,94806.78,0.5114,18579.19,28182.41,10323.96,10937.24,3632.68,3916.83,2140.54,12880.36,0.4128,0.5798,0.4162,49,Moderate,88507.2
44,22,185400.0,90448.1,94951.9,0.5121,27689.9,35378.88,10510.53,15549.25,3870.91,8084.84,6979.33,4522.4,0.5223,0.3828,0.422,48,Moderate,92585.94
44,23,185400.0,63053.22,122346.78,0.6599,15894.37,23917.2,7241.75,8832.72,2525.26,3614.24,4542.94,3152.66,0.6348,0.3779,0.4253,58,Low,64554.0
45,0,250000.0,166210.86,83789.14,0.3352,51066.62,49890.32,19398.84,27695.32,14039.35,16338.38,12768.21,8310.54,0.4197,0.8695,0.6479,49,Moderate,169909.45
45,1,250000.0,151747.52,98252.48,0.393,50300.83,52406.25,12717.48,18163.69,4798.91,9786.73,4813.88,7587.38,0.3425,1.0,0.7483,52,Moderate,142786.42
45,2,250000.0,155588.76,94411.24,0.3776,35087.61,46898.98,18395.49,18516.16,12615.9,8912.03,5298.38,9864.19,0.4545,0.9114,0.6754,53,Moderate,160346.38
45,3,250000.0,163293.12,86706.88,0.3468,43083.93,60035.11,16539.23,13330.68,7592.21,16284.16,10517.3,8164.66,0.2882,1.0,0.7173,49,Moderate,172502.75
45,4,250000.0,188977.19,61022.81,0.2441,45069.48,60928.5,27386.75,36351.41,8962.74,8408.68,10608.05,9448.86,0.2393,0.795,0.4692,38,Moderate,185665.27
45,5,250000.0,178352.65,71647.35,0.2866,37321.12,60233.83,15580.62,10084.49,16609.46,17009.73,3776.93,17736.46,0.2583,1.0,0.6374,45,Moderate,185171.11
45,6,252500.0,176239.59,76260.41,0.302,36659.74,59417.14,25140.36,15193.86,8422.82,16405.91,12394.63,2605.13,0.2347,0.8049,0.5725,40,Moderate,181631.44
45,7,252500.0,192528.9,59971.1,0.2375,53055.91,67393.29,20689.26,19080.25,14814.4,10096.1,7911.52,9626.45,0.1862,0.9529,0.5657,40,Moderate,202239.7
45,8,252500.0,165751.81,86748.19,0.3436,43958.84,60536.65,16662.68,32377.1,11717.35,13184.04,6709.07,8287.59,0.3017,0.9509,0.6198,48,Moderate,157669.1
45,9,252500.0,169172.29,83327.71,0.33,45030.9,57766.92,15163.46,13204.57,15112.56,7987.28,7295.17,7611.44,0.2328,1.0,0.5425,46,Moderate,172505.78
45,10,252500.0,151670.45,100829.55,0.3993,36581.64,50373.73,12937.49,14129.92,12477.95,14938.55,9407.56,823.6,0.4372,0.8466,0.6437,52,Moderate,155673.2
45,11,252500.0,155686.68,96813.32,0.3834,37056.12,45691.59,15129.15,16734.43,15190.64,10898.27,10160.79,4825.69,0.3067,0.9438,0.6498,50,Moderate,166476.98
45,12,255000.0,157677.36,97322.64,0.3817,42579.81,54360.37,22690.0,31128.17,11906.61,9053.13,11415.32,7883.87,0.4457,0.8955,0.6409,52,Moderate,162915.3
45,13,255000.0,158321.26,96678.74,0.3791,52621.55,49818.31,16613.18,29854.35,11725.43,11251.96,12358.15,7916.06,0.3001,1.0,0.6213,51,Moderate,161624.27
45,14,255000.0,170872.95,84127.05,0.3299,46716.62,59003.24,21327.94,26804.49,14135.31,19504.41,13664.35,8543.65,0.4661,0.8977,0.7093,51,Moderate,181299.85
45,15,255000.0,184534.95,70465.05,0.2763,45542.22,70053.82,26962.34,23731.67,14717.18,13408.08,8866.48,9226.75,0.4457,0.995,0.7556,50,Moderate,176208.68
45,16,255000.0,158860.65,96139.35,0.377,53926.03,47987.21,21296.4,16612.37,5843.12,12629.16,6027.3,7943.03,0.1761,0.8881,0.4955,44,Moderate,161620.21
45,17,255000.0,182459.93,72540.07,0.2845,60383.85,69852.13,15700.24,24307.57,13241.52,8234.54,4436.43,9123.0,0.3333,0.9629,0.6284,46,Moderate,183438.56
45,18,257500.0,184836.67,72663.33,0.2822,57185.66,70668.89,21346.95,27034.31,10152.82,13396.34,10884.74,9241.83,0.4199,0.972,0.7767,49,Moderate,180013.54
45,19,257500.0,197144.63,60355.37,0.2344,62437.17,61226.64,26373.51,24094.81,14333.83,13300.11,6861.86,9857.23,0.1879,0.8087,0.5261,36,Moderate,204891.95
45,20,257500.0,181002.83,76497.17,0.2971,57254.92,61666.85,25698.66,28335.55,6488.83,17872.39,11140.07,9050.14,0.4261,1.0,0.7705,51,Moderate,185817.04
45,21,257500.0,189615.34,67884.66,0.2636,51400.32,54412.6,19683.28,22327.09,13963.59,9709.68,14467.62,3651.18,0.2217,1.0,0.5173,43,Moderate,184156.72
45,22,257500.0,178026.86,79473.14,0.3086,50658.15,66495.44,15007.73,19842.32,8472.12,18510.66,14177.85,8901.34,0.1805,1.0,0.6624,44,Moderate,187602.27
45,23,257500.0,156288.33,101211.67,0.3931,46590.48,58774.54,16825.55,25885.93,5418.12,7141.0,9613.9,7814.42,0.3026,1.0,0.567,51,Moderate,162391.4
46,0,180000.0,107744.51,72255.49,0.4014,32580.53,31799.34,10845.82,15397.75,4056.3,5228.65,8441.43,5387.23,0.3209,0.447,0.4541,38,Moderate,103361.61
46,1,180000.0,115621.37,64378.63,0.3577,31789.43,33343.64,10086.01,11987.82,10320.09,4822.52,4685.12,8586.74,0.2474,0.4196,0.4253,34,Moderate,119092.65
46,2,180000.0,123633.62,56366.38,0.3131,26758.68,41229.86,15790.58,19011.2,9160.71,7616.02,5506.92,6181.68,0.2946,0.5429,0.3696,36,Moderate,127304.78
46,3,180000.0,126484.5,53515.5,0.2973,29734.68,43301.59,15013.28,6482.31,7942.75,6412.8,2700.75,14896.33,0.2165,0.3753,0.2625,29,Moderate,132496.51
46,4,180000.0,106429.17,73570.83,0.4087,37121.53,31029.71,12505.25,6186.28,4177.48,8033.13,5215.88,2159.9,0.389,0.5417,0.5113,43,Moderate,105285.25
46,5,180000.0,112738.86,67261.14,0.3737,29883.32,36384.77,11668.74,13225.24,4896.96,11063.51,7783.96,5636.94,0.1614,0.3154,0.3351,29,Moderate,109703.54
46,6,181800.0,123501.18,58298.82,0.3207,25408.62,39027.36,12448.83,8837.87,10038.14,5016.79,8088.3,14635.28,0.241,0.5533,0.3217,35,Moderate,125028.61
46,7,181800.0,107310.97,74489.03,0.4097,33152.06,28483.07,13714.6,13716.99,4474.38,8107.23,6826.74,5365.55,0.1642,0.3492,0.212,32,Moderate,105697.25
46,8,181800.0,107038.79,74761.21,0.4112,24791.57,30903.59,14956.13,7367.84,5545.11,8747.85,5481.68,9245.03,0.2406,0.53,0.3773,38,Moderate,114060.9
46,9,181800.0,123220.72,58579.28,0.3222,27709.91,47399.81,17178.13,22209.04,5604.12,5187.74,9540.61,6161.04,0.4115,0.4819,0.4964,38,Moderate,118742.05
46,10,181800.0,113328.06,68471.94,0.3766,25937.31,37134.59,12970.46,7547.94,10760.1,12573.62,4575.05,1828.99,0.4399,0.3651,0.3816,39,Moderate,119518.68
46,11,181800.0,100862.56,80937.44,0.4452,22932.51,26463.92,12889.82,14523.19,4156.64,9873.48,2290.42,7732.59,0.4236,0.5003,0.5076,45,Moderate,104434.26
46,12,183600.0,110777.23,72822.77,0.3966,38199.91,44306.54,10318.01,16803.17,7549.43,10108.11,5891.26,5538.86,0.1634,0.3317,0.2799,31,Moderate,109501.25
46,13,183600.0,121671.77,61928.23,0.3373,26620.69,36146.35,15930.5,10461.65,5338.79,8542.14,6564.2,12067.46,0.3901,0.3497,0.4371,35,Moderate,124493.38
46,14,183600.0,123009.91,60590.09,0.33,41582.33,42124.73,15056.77,15000.41,9672.41,8080.16,7580.7,6150.5,0.2163,0.5481,0.3837,35,Moderate,129055.93
46,15,183600.0,107932.99,75667.01,0.4121,26779.36,38255.66,13141.18,13459.26,4672.67,11686.64,5924.71,5396.65,0.3726,0.5555,0.4228,43,Moderate,113687.98
46,16,183600.0,117692.49,65907.51,0.359,35143.13,31343.62,17244.31,12947.13,5539.81,7526.8,7953.3,5884.62,0.2065,0.3493,0.2786,31,Moderate,123031.03
46,17,183600.0,102562.67,81037.33,0.4414,28368.55,30184.08,13902.91,12148.12,8505.75,9660.27,3646.03,5128.13,0.3407,0.3159,0.2802,37,Moderate,104060.39
46,18,185400.0,129414.16,55985.84,0.302,44200.06,40674.03,16178.05,25639.35,7476.5,6166.69,3997.6,6470.71,0.1809,0.489,0.37,31,Moderate,138425.82
46,19,185400.0,109018.65,76381.35,0.412,31568.97,27541.83,11441.79,9140.86,4044.09,8839.24,3885.65,12556.23,0.3044,0.4788,0.4213,39,Moderate,107660.35
46,20,185400.0,122452.46,62947.54,0.3395,30463.83,46148.77,10727.03,18840.23,4989.56,11803.96,8952.5,6122.62,0.209,0.4562,0.2768,32,Moderate,128570.75
46,21,185400.0,101363.57,84036.43,0.4533,28902.37,32144.47,15065.94,17521.85,7794.84,7563.71,3047.63,5068.18,0.3379,0.583,0.4578,45,Moderate,102721.16
46,22,185400.0,109395.49,76004.51,0.4099,23481.01,33615.45,14868.57,19308.13,7734.42,10837.36,3531.43,5469.77,0.3241,0.3522,0.3929,36,Moderate,111180.92
46,23,185400.0,125473.69,59926.31,0.3232,37189.41,35579.18,14196.19,10286.36,6740.28,11564.69,3710.69,6206.89,0.2712,0.3361,0.3267,31,Moderate,118723.21
47,0,45000.0,16667.26,28332.74,0.6296,5398.5,6113.5,1856.08,3300.69,1472.76,1889.19,532.76,833.36,0.7967,0.7904,0.7831,71,Low,15674.26
47,1,45000.0,20054.27,24945.73,0.5543,4765.95,5358.42,2374.43,1433.12,1658.56,1601.31,1545.89,1316.59,0.6091,0.662,0.555,59,Low,19065.09
47,2,45000.0,15551.25,29448.75,0.6544,3642.76,5220.91,1977.01,1403.03,1357.41,1058.41,564.7,327.01,0.8046,0.7761,0.7017,72,Low,15786.02
47,3,45000.0,17063.79,27936.21,0.6208,5684.75,5805.72,2121.06,2533.89,656.9,849.31,833.77,853.19,0.765,0.8927,0.846,73,Low,16414.13
47,4,45000.0,17822.6,27177.4,0.6039,4357.55,4674.54,1635.18,1336.08,1382.66,1927.95,1261.82,1246.81,0.6141,0.6753,0.7235,62,Low,17915.07
47,5,45000.0,15043.23,29956.77,0.6657,3268.76,5438.03,1567.45,2294.45,686.94,706.82,812.2,268.59,0.7832,0.9087,0.8759,76,Low,14368.62
47,6,45450.0,17117.81,28332.19,0.6234,4455.81,6421.23,1513.83,3070.0,694.11,1542.92,608.94,855.89,0.599,0.8298,0.7309,66,Moderate,17547.82
47,7,45450.0,21622.15,23827.85,0.5243,5622.89,8233.36,1881.45,2167.45,1423.58,878.52,996.54,418.36,0.7626,0.8751,0.8468,68,Low,21568.24
47,8,45450.0,21143.11,24306.89,0.5348,5367.29,7465.12,2577.64,4141.62,1111.15,1980.27,1476.07,1057.16,0.606,0.9145,0.815,65,Low,20939.21
47,9,45450.0,21846.81,23603.19,0.5193,6232.31,7103.0,2983.93,2739.79,1397.46,2530.73,1305.78,1092.34,0.635,0.8319,0.6652,63,Low,22063.18
47,10,45450.0,18532.21,26917.79,0.5923,6297.74,4843.94,1710.53,1339.74,921.43,1304.04,760.01,1354.78,0.8301,0.7208,0.8285,69,Low,19576.49
47,11,45450.0,16638.09,28811.91,0.6339,3685.0,4993.29,1786.85,2608.93,1420.1,1173.39,443.46,527.09,0.6514,0.7859,0.7599,67,Low,17469.89
47,12,45900.0,15076.3,30823.7,0.6715,3739.66,4001.19,2097.26,1119.49,1107.23,940.99,964.41,1106.08,0.886,0.8746,0.8871,78,Low,15967.53
47,13,45900.0,15703.74,30196.26,0.6579,4155.13,4896.1,1549.72,2135.74,778.4,935.71,1072.47,180.49,0.7413,0.9252,0.8809,74,Low,15807.85
47,14,45900.0,15680.12,30219.88,0.6584,5032.06,5103.24,1862.37,2573.71,969.29,1612.03,809.14,784.01,0.8579,0.7417,0.8443,73,Low,15417.98
47,15,45900.0,17468.72,28431.28,0.6194,4058.09,4915.39,1675.02,1897.29,616.78,1553.82,939.62,1812.71,0.8101,0.7281,0.7592,70,Low,16706.48
47,16,45900.0,21822.11,24077.89,0.5246,6785.94,8677.57,2711.76,3452.44,1997.33,2258.7,810.12,1091.11,0.8096,0.7104,0.7683,65,Low,20888.58
47,17,45900.0,17558.14,28341.86,0.6175,4037.58,6329.28,1415.16,1453.62,624.53,804.55,807.65,2085.78,0.8816,0.9199,0.8386,77,Low,17733.02
47,18,46350.0,21216.23,25133.77,0.5423,6439.99,5429.16,2939.97,2135.99,1121.5,1387.57,920.57,841.49,0.7535,0.7728,0.8544,66,Low,21847.36
47,19,46350.0,20361.37,25988.63,0.5607,6110.38,5436.56,2935.11,1454.7,1551.07,1043.37,622.23,1207.96,0.8149,0.6989,0.6959,67,Low,21418.83
47,20,46350.0,15328.53,31021.47,0.6693,4197.15,5555.58,2264.36,2028.7,659.42,650.75,897.65,766.43,0.8617,0.9264,0.8307,79,Low,15297.52
47,21,46350.0,15203.51,31146.49,0.672,4766.14,4198.67,1430.07,2520.93,1343.17,1300.05,1153.96,760.18,0.8716,0.8571,0.864,77,Low,14721.62
47,22,46350.0,19907.64,26442.36,0.5705,4222.83,6769.64,2414.32,3026.28,778.09,1042.79,426.89,1226.8,0.7384,0.7773,0.8052,67,Low,19319.73
47,23,46350.0,19067.32,27282.68,0.5886,4577.48,4786.98,2262.59,1873.9,1805.29,2191.83,1188.93,380.34,0.7233,0.8592,0.7555,69,Low,19415.31
48,0,25000.0,20691.68,4308.32,0.1723,5449.78,6141.74,2002.29,3642.27,1740.59,1756.25,522.53,1034.58,0.2451,0.4146,0.4045,25,Moderate,20926.45
48,1,25000.0,19645.49,5354.51,0.2142,4511.7,5604.38,2168.07,2325.99,1643.97,2312.79,1505.99,982.27,0.4048,0.5885,0.4403,36,Moderate,19500.04
48,2,25000.0,21630.81,3369.19,0.1348,4574.52,6343.94,2282.83,4008.66,781.01,2023.98,847.36,768.5,0.2883,0.6569,0.4293,31,Moderate,20635.78
48,3,25000.0,22901.59,2098.41,0.0839,6649.62,7997.68,2074.4,4408.78,1958.58,1253.89,1736.97,1145.08,0.2319,0.3966,0.2939,20,High,21716.53
48,4,25000.0,22343.1,2656.9,0.1063,5618.0,7853.22,3335.76,1822.13,1686.18,968.63,1662.35,1117.16,0.3846,0.5972,0.5068,31,Moderate,21115.12
48,5,25000.0,18952.56,6047.44,0.2419,3810.92,5188.2,1712.45,3214.73,1436.09,2095.24,1144.01,350.93,0.4025,0.554,0.4818,36,Moderate,19828.54
48,6,25250.0,22362.38,2887.62,0.1144,4776.55,8576.7,2272.66,1532.79,1467.57,1853.37,859.22,1023.52,0.2885,0.5963,0.4462,28,Moderate,23754.09
48,7,25250.0,19724.46,5525.54,0.2188,5714.58,5818.97,2692.71,2469.02,1349.65,1539.37,985.53,986.22,0.2736,0.476,0.372,29,Moderate,18939.2
48,8,25250.0,19241.37,6008.63,0.238,5588.63,5890.32,2768.72,2685.62,703.47,1219.38,661.93,962.07,0.3736,0.5263,0.478,35,Moderate,19569.61
48,9,25250.0,22632.49,2617.51,0.1037,7817.41,8714.44,1855.19,3669.11,920.62,2444.54,648.66,1131.62,0.4293,0.5854,0.4423,32,Moderate,21410.08
48,10,25250.0,22598.78,2651.22,0.105,7104.77,7086.29,2694.33,2084.56,782.75,1894.98,1527.6,1129.94,0.3806,0.4912,0.3572,28,Moderate,22617.84
48,11,25250.0,20703.44,4546.56,0.1801,6282.82,8052.41,2574.72,2395.15,892.07,2413.37,569.76,1035.17,0.3281,0.5761,0.4601,32,Moderate,21799.49
48,12,25500.0,22550.81,2949.19,0.1157,6357.3,5935.75,3302.45,3456.51,2082.45,1016.34,1428.46,1127.54,0.2889,0.6047,0.4453,28,Moderate,22743.03
48,13,25500.0,19550.7,5949.3,0.2333,4048.95,5898.03,1722.54,2190.37,806.93,2094.34,1442.17,1347.36,0.4829,0.4774,0.4986,36,Moderate,19190.93
48,14,25500.0,19535.95,5964.05,0.2339,4030.43,6668.26,2132.51,1048.96,1084.81,1436.14,418.92,2715.91,0.2441,0.6125,0.4293,33,Moderate,20504.9
48,15,25500.0,20522.1,4977.9,0.1952,7182.4,6591.88,2958.36,3840.82,796.33,902.47,758.69,1026.1,0.3503,0.5672,0.4761,33,Moderate,19852.86
48,16,25500.0,21744.4,3755.6,0.1473,5788.03,8465.04,2327.9,1612.56,1979.26,1778.19,766.69,1087.22,0.2051,0.5313,0.3562,26,Moderate,20766.68
48,17,25500.0,19591.39,5908.61,0.2317,4432.58,7608.42,1649.06,2391.09,1241.36,827.69,672.42,768.78,0.2677,0.4318,0.3602,29,Moderate,18962.31
48,18,25750.0,22861.89,2888.11,0.1122,6069.74,7321.91,2899.94,3686.36,2018.11,1591.21,1688.18,1143.09,0.3613,0.4337,0.4584,26,Moderate,24146.83
48,19,25750.0,19701.46,6048.54,0.2349,6881.55,7445.86,1940.02,2109.65,1020.78,1326.61,724.59,985.07,0.4801,0.6366,0.5645,40,Moderate,20590.43
48,20,25750.0,22171.15,3578.85,0.139,6107.04,6045.73,2250.76,2259.12,1154.59,2180.19,1309.39,864.32,0.2898,0.6472,0.5116,31,Moderate,22645.74
48,21,25750.0,20299.93,5450.07,0.2117,4108.92,7816.74,1686.65,3040.12,1913.66,1362.39,1352.91,1015.0,0.4155,0.433,0.3704,32,Moderate,20403.75
48,22,25750.0,20872.76,4877.24,0.1894,6850.33,6563.9,2549.87,2172.88,1850.94,1942.96,1336.34,1043.64,0.3066,0.5283,0.3874,30,Moderate,21239.07
48,23,25750.0,21973.45,3776.55,0.1467,6920.03,8043.24,2439.62,1744.13,987.97,1188.62,1743.84,1098.67,0.3776,0.5579,0.5608,31,Moderate,22411.55
49,0,45000.0,34834.41,10165.59,0.2259,7276.69,9525.46,3120.26,5077.93,1089.02,1922.84,2173.71,4648.51,0.4845,0.8438,0.6744,45,Moderate,36165.42
49,1,45000.0,32787.93,12212.07,0.2714,8770.33,10014.62,3110.42,2545.16,2769.26,2045.93,1295.7,2236.51,0.6647,0.9252,0.8103,55,Moderate,33148.58
49,2,45000.0,29977.86,15022.14,0.3338,6505.05,8246.5,2638.16,2692.14,2429.01,2613.13,1510.49,3343.39,0.5836,0.9865,0.8039,57,Moderate,29059.22
49,3,45000.0,29582.93,15417.07,0.3426,8967.1,9264.6,2490.69,4745.05,2050.47,3087.09,982.89,1479.15,0.3841,0.8579,0.6099,48,Moderate,28230.15
49,4,45000.0,32180.47,12819.53,0.2849,9162.79,9024.59,2789.19,3343.88,2430.8,1907.83,1834.28,1687.13,0.6571,0.9645,0.7726,56,Moderate,32191.53
49,5,45000.0,30170.01,14829.99,0.3296,9732.3,11776.14,3567.36,1961.28,1295.65,2801.85,1065.68,1508.5,0.6566,0.7835,0.719,54,Low,28450.11
49,6,45450.0,30405.7,15044.3,0.331,6981.1,11428.71,3143.59,3981.84,2046.7,2052.16,1773.95,1520.29,0.6479,0.9242,0.6926,57,Low,29312.78
49,7,45450.0,35689.2,9760.8,0.2148,9977.91,11550.95,5305.62,4398.34,2827.67,3490.42,2576.25,1784.46,0.5468,1.0,0.7269,51,Moderate,37794.37
49,8,45450.0,29159.12,16290.88,0.3584,9479.73,10808.88,2967.1,1941.48,1490.33,1491.75,1514.78,1457.96,0.4825,0.9114,0.7844,53,Moderate,29344.83
49,9,45450.0,34415.05,11034.95,0.2428,11401.68,11139.5,4319.01,6521.49,2200.65,3087.88,1952.28,1720.75,0.4004,0.9395,0.758,46,Moderate,36105.42
49,10,45450.0,34299.4,11150.6,0.2453,6889.33,10471.78,2937.27,6731.69,1909.72,3155.5,697.46,1506.64,0.6017,0.7826,0.7265,48,Moderate,33360.66
49,11,45450.0,30550.91,14899.09,0.3278,7436.63,8784.06,3026.73,2039.06,2850.19,2596.46,1548.65,2269.12,0.4851,0.9378,0.7588,52,Moderate,29285.78
49,12,45900.0,30865.16,15034.84,0.3276,8453.09,12122.69,2709.89,2761.63,2924.87,1587.16,656.37,1543.26,0.4954,0.8641,0.6379,51,Moderate,32946.73
49,13,45900.0,29630.22,16269.78,0.3545,8624.87,7719.7,3703.85,1536.9,1603.1,3494.8,1424.96,1522.04,0.3938,0.7548,0.6117,46,Moderate,30905.62
49,14,45900.0,31267.1,14632.9,0.3188,7686.97,11269.69,3131.57,5967.67,1668.13,2003.97,1114.54,1563.36,0.4291,0.9785,0.785,51,Moderate,32450.73
49,15,45900.0,28556.21,17343.79,0.3779,7916.26,10974.59,3393.11,3690.5,1922.7,1364.92,1246.44,1427.81,0.6496,1.0,0.9033,61,Low,27707.77
49,16,45900.0,34040.21,11859.79,0.2584,9541.71,12457.4,3892.18,5742.16,2971.34,3838.41,930.06,1702.01,0.5158,0.7485,0.7091,45,Moderate,33683.12
49,17,45900.0,32358.44,13541.56,0.295,8994.51,10099.58,4312.21,4684.39,3028.98,3436.04,1509.01,1617.92,0.4832,0.8112,0.654,48,Moderate,30638.09
49,18,46350.0,34273.16,12076.84,0.2606,10721.15,11043.44,3490.83,3058.46,3131.33,1756.45,2674.0,1713.66,0.6658,0.773,0.7245,51,Moderate,33520.02
49,19,46350.0,34289.99,12060.01,0.2602,8207.17,11451.36,2863.96,2926.46,2772.81,1702.67,1730.4,2635.16,0.4266,0.8287,0.6376,45,Moderate,34480.93
49,20,46350.0,35099.97,11250.03,0.2427,10949.17,12918.92,3430.01,5226.71,2335.47,1897.72,1176.76,1755.0,0.5729,0.9392,0.802,51,Moderate,35894.98
49,21,46350.0,33023.77,13326.23,0.2875,9857.67,10719.61,2852.57,5948.33,3094.26,3373.82,2537.33,1651.19,0.6296,0.994,0.721,56,Moderate,31325.63
49,22,46350.0,29938.63,16411.37,0.3541,6660.39,7806.61,2992.41,3334.16,1385.12,2038.45,1385.26,4336.22,0.4392,0.9831,0.6704,53,Moderate,31241.72
49,23,46350.0,31977.39,14372.61,0.3101,8060.49,11936.61,4101.94,2514.94,2370.33,1585.22,1148.26,259.6,0.4528,0.7406,0.6692,46,Moderate,33611.95
50,0,180000.0,84482.79,95517.21,0.5307,18607.54,30644.3,10576.28,16739.21,3649.23,9066.18,3788.62,4224.14,1.0,0.6322,0.8061,69,Low,80914.31
50,1,180000.0,81608.01,98391.99,0.5466,16322.9,29673.69,11786.16,13475.77,5006.3,5334.59,3848.4,4080.4,0.9271,0.8261,0.9044,73,Low,80670.17
50,2,180000.0,97484.23,82515.77,0.4584,34057.34,24631.33,10729.12,7657.07,4473.0,10385.66,6617.06,4874.21,0.8415,0.8822,0.892,67,Low,96900.48
50,3,180000.0,84038.74,95961.26,0.5331,18222.67,22246.23,9041.71,4870.51,2874.39,9170.11,4745.29,12867.83,0.9909,0.6756,0.8844,70,Low,82586.85
50,4,180000.0,102487.22,77512.78,0.4306,28788.16,39293.62,9755.43,8809.71,3431.15,7408.55,6280.38,5124.36,0.7987,0.6215,0.6444,58,Low,108895.9
50,5,180000.0,96657.67,83342.33,0.463,25070.23,31276.02,9936.57,6916.76,5606.47,7889.59,3660.73,6301.29,0.886,0.7584,0.8588,66,Low,92956.48
50,6,181800.0,100949.81,80850.19,0.4447,29543.0,36817.27,12924.01,8129.44,9457.46,8988.97,7323.41,5047.49,0.9868,0.7929,0.9508,69,Low,100026.05
50,7,181800.0,90780.52,91019.48,0.5007,26610.87,33706.72,9397.37,9843.73,7809.1,9018.99,3400.94,4539.03,0.8795,0.852,0.9531,70,Low,93653.23
50,8,181800.0,82875.3,98924.7,0.5441,23108.74,28216.61,10358.05,6107.79,4861.88,6481.69,2104.13,1636.42,0.8619,0.8646,0.8541,71,Low,82547.7
50,9,181800.0,85030.46,96769.54,0.5323,18822.57,30210.39,10628.99,12532.23,7991.3,10121.98,4709.21,4251.52,0.9118,0.739,0.8133,69,Low,88897.14
50,10,181800.0,81863.86,99936.14,0.5497,19811.95,23235.93,7831.86,15870.32,6646.89,5811.09,5491.82,4093.19,0.8264,0.7612,0.8412,68,Low,81808.85
50,11,181800.0,86611.97,95188.03,0.5236,27889.58,24831.92,9411.04,16095.07,7165.38,4994.28,1932.91,4330.6,0.7672,0.7458,0.7486,65,Low,86658.86
50,12,183600.0,87036.47,96563.53,0.5259,27477.85,31255.33,10507.53,5347.01,5658.07,8736.92,5209.93,4351.82,0.896,0.8999,0.8395,73,Low,85944.01
50,13,183600.0,96097.53,87502.47,0.4766,25761.31,36965.8,8384.0,10340.6,5459.91,11282.26,5229.22,4804.88,0.8625,0.8019,0.747,67,Low,96294.91
50,14,183600.0,83804.98,99795.02,0.5435,27381.37,30966.59,10443.87,10001.22,4267.51,8586.79,3747.36,4190.25,0.8028,0.8372,0.7434,69,Low,82515.49
50,15,183600.0,96892.24,86707.76,0.4723,23172.4,35234.22,12926.42,13454.21,6877.31,10487.26,4255.56,4844.61,1.0,0.6263,0.772,66,Low,103604.57
50,16,183600.0,104328.05,79271.95,0.4318,35070.71,37072.33,12797.72,5851.34,6378.88,11579.51,2917.49,5216.4,0.9914,0.645,0.8892,65,Low,103407.74
50,17,183600.0,104691.08,78908.92,0.4298,32438.94,33866.43,14441.23,8856.92,5890.08,6116.46,4431.46,5234.55,1.0,0.7303,0.8946,67,Low,104875.81
50,18,185400.0,92903.88,92496.12,0.4989,18736.54,23352.08,11066.93,6237.21,4060.12,7509.34,6210.6,15731.06,0.8577,0.6208,0.7997,63,Low,94258.61
50,19,185400.0,107434.3,77965.7,0.4205,31891.93,26930.62,16006.73,15720.23,7714.54,12765.75,5264.5,5371.71,0.7661,0.7531,0.8428,60,Low,109945.71
50,20,185400.0,101386.57,84013.43,0.4531,22157.37,33201.41,10762.93,15809.42,5981.26,6172.18,7426.86,5069.33,0.911,0.766,0.8838,66,Low,102582.42
50,21,185400.0,88703.08,96696.92,0.5216,29792.71,24564.58,8964.58,15624.41,5350.45,10448.71,3973.36,4435.15,0.7379,0.8824,0.8223,67,Low,84447.39
50,22,185400.0,92681.74,92718.26,0.5001,21082.82,28778.94,13730.43,15955.5,4718.38,5326.55,6371.65,4634.09,0.9465,0.7231,0.8214,68,Low,89543.87
50,23,185400.0,100215.13,85184.87,0.4595,27890.53,25433.99,12071.3,6790.68,8438.95,11144.72,2471.41,5973.55,0.9631,0.668,0.9126,66,Low,99481.43
51,0,65000.0,40056.08,24943.92,0.3838,11333.01,11587.41,3359.49,6101.25,3696.05,3066.74,2537.92,2002.8,0.6337,0.5447,0.5311,49,Low,42487.32
51,1,65000.0,39300.96,25699.04,0.3954,9439.37,14980.5,5036.39,6719.36,2794.44,2870.07,2476.37,1965.05,0.4592,0.5407,0.5505,45,Moderate,41144.94
51,2,65000.0,46483.91,18516.09,0.2849,14189.16,14478.27,3860.33,3943.95,3720.51,4559.69,1058.03,673.97,0.6399,0.5277,0.6046,45,Moderate,49282.47
51,3,65000.0,40693.29,24306.71,0.3739,12219.49,10493.05,3711.66,2186.6,3840.11,3870.52,1863.98,2507.89,0.6445,0.6651,0.6488,52,Low,42340.82
51,4,65000.0,41398.5,23601.5,0.3631,9155.34,14090.53,3605.82,8232.09,4058.1,3823.97,1825.06,2069.92,0.4344,0.5444,0.4391,42,Moderate,42323.27
51,5,65000.0,40047.92,24952.08,0.3839,9558.39,14896.08,5503.69,5468.68,1498.34,4434.19,2168.65,2002.4,0.4018,0.7167,0.6381,47,Moderate,39741.72
51,6,65650.0,39393.94,26256.06,0.3999,12466.62,11736.43,5127.13,5281.73,2345.0,4248.54,3009.67,1969.7,0.4475,0.5422,0.5338,44,Moderate,37164.06
51,7,65650.0,43072.81,22577.19,0.3439,12594.04,13882.84,5485.32,5326.24,1471.24,4236.01,2738.46,2153.64,0.549,0.7569,0.6345,50,Moderate,44473.3
51,8,65650.0,42945.44,22704.56,0.3458,10517.77,15965.34,4969.39,8248.81,4117.65,3701.91,1606.25,2147.27,0.399,0.7022,0.6216,45,Moderate,40586.96
51,9,65650.0,43863.75,21786.25,0.3319,13570.07,14566.06,5204.0,3039.29,3735.95,3412.29,1034.85,2193.19,0.5669,0.7384,0.5569,50,Moderate,42961.43
51,10,65650.0,45695.71,19954.29,0.3039,10879.5,15128.17,5620.9,8293.24,2602.35,3774.57,2361.09,2284.79,0.3869,0.5233,0.376,38,Moderate,46011.79
51,11,65650.0,39316.08,26333.92,0.4011,12594.23,14523.42,4477.17,6611.48,2105.15,4597.26,2063.41,1965.8,0.5309,0.5021,0.5363,46,Moderate,39510.47
51,12,66300.0,45731.78,20568.22,0.3102,10602.46,16650.85,6734.35,9076.91,3220.63,4175.81,1062.35,2286.59,0.392,0.7022,0.586,43,Moderate,46366.92
51,13,66300.0,39628.28,26671.72,0.4023,13531.19,9926.15,3254.95,7359.56,1899.51,4609.65,1253.13,1981.41,0.6398,0.714,0.734,55,Low,40614.36
51,14,66300.0,44318.97,21981.03,0.3315,12921.84,13156.66,4478.7,7435.45,3881.07,4487.36,3394.22,2215.95,0.6395,0.7025,0.7167,51,Low,46350.01
51,15,66300.0,46653.17,19646.83,0.2963,13190.66,14369.69,5516.62,3550.78,4364.98,2575.16,1557.84,1527.45,0.6487,0.5045,0.6705,45,Moderate,47261.32
51,16,66300.0,40000.27,26299.73,0.3967,8559.61,15395.15,4426.32,3696.0,2512.41,4346.11,1967.22,2000.01,0.5264,0.6791,0.5624,50,Moderate,38478.9
51,17,66300.0,42174.86,24125.14,0.3639,11090.45,13430.98,3934.57,2654.03,2091.36,2191.86,2688.95,4092.64,0.4642,0.7069,0.5356,47,Moderate,42156.47
51,18,66950.0,45185.37,21764.63,0.3251,11738.08,12070.01,4481.1,3807.49,3369.28,2545.92,1005.19,6168.32,0.6559,0.5702,0.6078,48,Low,46991.18
51,19,66950.0,46993.68,19956.32,0.2981,10498.73,13230.97,3942.96,6332.13,4387.46,4924.98,1680.62,1995.83,0.6422,0.6506,0.6006,48,Moderate,45561.93
51,20,66950.0,38159.61,28790.39,0.43,12519.44,13363.47,3327.38,6426.36,1999.37,1693.71,3037.01,1907.98,0.6013,0.6096,0.6491,52,Low,40567.76
51,21,66950.0,40304.91,26645.09,0.398,11630.77,10950.36,5381.97,3265.98,2520.08,2428.09,1584.55,2543.11,0.5953,0.534,0.5873,49,Moderate,41555.01
51,22,66950.0,39390.56,27559.44,0.4116,8849.29,11612.7,3247.42,2793.88,2443.12,4006.94,1579.51,4857.71,0.4342,0.7938,0.5959,51,Moderate,37734.93
51,23,66950.0,46240.3,20709.7,0.3093,10260.0,16633.88,4777.59,4972.95,3408.44,2744.87,1977.47,1465.11,0.48,0.5295,0.493,41,Moderate,48725.18
52,0,180000.0,142779.1,37220.9,0.2068,37533.86,54512.69,18607.11,28058.53,11736.5,7233.75,10054.01,7138.95,0.7246,0.6989,0.7187,48,Moderate,152629.14
52,1,180000.0,157045.28,22954.72,0.1275,49885.35,42981.71,13937.44,8691.14,13760.53,15826.0,5138.97,6824.14,0.714,0.6657,0.7686,43,Moderate,155742.19
52,2,180000.0,155368.98,24631.02,0.1368,47035.26,53137.16,20634.21,12684.76,5451.3,18611.74,10838.22,7768.45,0.4667,0.5985,0.5107,35,Moderate,158318.71
52,3,180000.0,132144.82,47855.18,0.2659,29769.94,37246.85,16397.63,13039.45,5637.91,10053.22,5817.24,14182.58,0.6233,0.6892,0.6602,47,Moderate,136050.65
52,4,180000.0,147813.82,32186.18,0.1788,36726.52,48942.66,20988.78,20707.65,13289.38,17152.31,11326.72,7390.69,0.541,0.7733,0.5658,43,Moderate,153810.52
52,5,180000.0,137590.28,42409.72,0.2356,43703.76,44202.01,16093.46,26694.57,9699.58,8680.09,8039.32,6879.51,0.6915,0.5999,0.5558,46,Moderate,139078.11
52,6,181800.0,143316.64,38483.36,0.2117,31803.29,44173.75,19049.04,7917.04,10677.31,12567.47,3283.13,13845.62,0.7007,0.7141,0.7763,48,Moderate,147378.77
52,7,181800.0,153900.73,27899.27,0.1535,35104.59,38495.74,20622.09,18428.35,6706.94,12720.13,11350.67,10472.22,0.4735,0.7766,0.6303,40,Moderate,162251.98
52,8,181800.0,141275.94,40524.06,0.2229,32553.65,43528.13,20265.81,16574.85,7656.65,12029.49,7727.26,940.1,0.5326,0.4898,0.6052,38,Moderate,139290.24
52,9,181800.0,160958.03,20841.97,0.1146,48999.52,54434.53,14047.94,13464.68,9039.95,18300.8,4570.26,8047.9,0.5959,0.5142,0.6107,35,Moderate,158780.84
52,10,181800.0,151294.69,30505.31,0.1678,52618.21,38218.04,20130.32,17151.6,9688.24,8198.12,3908.12,1382.05,0.6608,0.6366,0.6007,43,Moderate,155428.82
52,11,181800.0,162822.86,18977.14,0.1044,39918.04,47338.07,20400.11,20701.43,8879.81,8411.01,6174.21,11000.17,0.4673,0.7072,0.6398,36,Moderate,161681.92
52,12,183600.0,162052.92,21547.08,0.1174,34686.06,40599.09,14124.57,29737.29,10358.78,14008.7,10472.87,8065.56,0.4557,0.6874,0.4857,36,Moderate,157206.2
52,13,183600.0,135636.92,47963.08,0.2612,33302.82,53235.08,14589.52,15873.37,12284.16,7291.16,5216.51,6781.85,0.7158,0.6741,0.6619,50,Moderate,131789.32
52,14,183600.0,145371.89,38228.11,0.2082,49230.16,38580.1,12396.21,19387.32,14076.14,17012.47,11568.99,7268.59,0.4871,0.6863,0.5464,41,Moderate,153361.13
52,15,183600.0,148634.04,34965.96,0.1904,35833.32,45288.42,12230.3,10918.04,4623.81,8785.14,11107.95,19847.06,0.4953,0.6806,0.55,40,Moderate,149935.48
52,16,183600.0,148506.59,35093.41,0.1911,38242.09,46023.25,18224.36,25448.78,9669.49,13905.75,6381.04,7425.33,0.5641,0.7454,0.6403,44,Moderate,143578.88
52,17,183600.0,154373.11,29226.89,0.1592,40286.28,58023.48,14409.45,28187.21,14341.76,14322.86,3103.02,7718.66,0.7333,0.4943,0.5702,41,Moderate,155649.37
52,18,185400.0,143132.04,42267.96,0.228,31053.08,46843.5,20295.2,8377.04,10588.89,7598.58,8852.28,9523.47,0.7177,0.7277,0.6361,49,Moderate,138794.48
52,19,185400.0,151876.73,33523.27,0.1808,35642.77,44913.61,19483.87,16435.72,6232.77,15450.61,7668.27,6049.11,0.6201,0.5638,0.57,40,Moderate,152976.84
52,20,185400.0,144275.98,41124.02,0.2218,37747.85,48431.93,20142.61,22849.96,14169.93,13520.58,8753.17,7213.8,0.4864,0.5262,0.4593,37,Moderate,144821.55
52,21,185400.0,159747.39,25652.61,0.1384,46120.22,57077.79,19538.97,23544.99,7553.95,8156.55,12283.1,7987.37,0.7185,0.5586,0.5699,41,Moderate,169404.52
52,22,185400.0,147529.74,37870.26,0.2043,29950.58,45649.36,20198.95,10685.4,9050.4,16793.08,3189.5,12012.48,0.4553,0.6047,0.5529,37,Moderate,145705.27
52,23,185400.0,140443.83,44956.17,0.2425,29847.12,53144.12,15457.81,19303.96,6176.57,16479.27,8106.13,7022.19,0.6444,0.6691,0.69,46,Moderate,141553.85
53,0,250000.0,88203.16,161796.84,0.6472,23494.38,28339.57,7349.69,14103.36,3006.02,4566.37,2338.56,5005.22,0.623,0.6542,0.617,64,Low,84590.4
53,1,250000.0,82954.79,167045.21,0.6682,21507.7,23928.93,8360.4,4479.21,6664.7,6229.46,3180.04,8604.35,0.8121,0.6527,0.6634,70,Low,87680.76
53,2,250000.0,115213.61,134786.39,0.5391,36442.89,32569.18,15994.74,16418.98,7332.93,9483.69,5499.42,5760.68,0.8769,0.8497,0.7654,71,Low,115456.28
53,3,250000.0,102091.03,147908.97,0.5916,31564.2,39473.41,9492.48,16924.41,4322.22,6182.05,4998.48,5104.55,0.7229,0.7747,0.8052,67,Low,100104.98
53,4,250000.0,99695.33,150304.67,0.6012,26103.57,38671.76,13453.71,6983.06,8127.68,5141.26,7827.23,4984.77,0.8165,0.6111,0.7215,66,Low,95780.31
53,5,250000.0,101110.47,148889.53,0.5956,27021.18,33880.71,14061.41,15046.07,8915.8,8129.37,5558.01,5055.52,0.8593,0.7332,0.8696,70,Low,104153.21
53,6,252500.0,120006.06,132493.94,0.5247,30247.28,47349.85,15676.99,11297.93,3909.46,8884.19,8399.88,6000.3,0.6201,0.7703,0.6195,61,Low,115732.84
53,7,252500.0,122462.32,130037.68,0.515,34056.19,31170.33,17090.34,11191.28,4310.21,14106.52,5001.96,5535.51,0.706,0.7146,0.6888,62,Low,121349.46
53,8,252500.0,116223.1,136276.9,0.5397,36130.81,44616.37,9863.79,8990.29,6222.59,5679.56,7844.12,5811.15,0.6672,0.8148,0.7807,64,Low,116839.35
53,9,252500.0,92644.49,159855.51,0.6331,29177.31,23268.88,10137.45,12709.82,9257.18,10519.76,6771.99,4632.22,0.8277,0.7086,0.8442,71,Low,88903.91
53,10,252500.0,85484.48,167015.52,0.6614,21856.35,24501.31,10188.59,6946.73,5390.28,7474.07,6557.9,2569.23,0.6807,0.6723,0.6748,66,Low,88018.39
53,11,252500.0,93736.93,158763.07,0.6288,31839.47,25721.63,13941.27,9065.53,6387.83,7993.0,4212.13,4686.85,0.8901,0.6565,0.8458,71,Low,96739.03
53,12,255000.0,96054.3,158945.7,0.6233,31586.98,28905.75,7947.25,8801.75,5006.46,4515.74,6500.02,2790.34,0.7151,0.7391,0.6999,67,Low,90564.81
53,13,255000.0,99106.72,155893.28,0.6113,27455.2,33379.09,11874.35,14489.21,4438.0,9036.13,5864.82,4955.34,0.7287,0.6726,0.6821,66,Low,94258.31
53,14,255000.0,85652.93,169347.07,0.6641,21944.12,27697.33,7862.87,5661.35,5824.64,6101.78,6702.61,3858.24,0.9073,0.746,0.7759,75,Low,89623.96
53,15,255000.0,114278.5,140721.5,0.5518,31849.34,43177.53,11200.61,14385.8,6579.0,7769.69,5264.82,5713.92,0.6571,0.7199,0.7219,62,Low,117184.07
53,16,255000.0,104381.13,150618.87,0.5907,35823.75,40734.28,15083.96,20737.83,8068.93,8787.82,3265.29,5219.06,0.8075,0.5866,0.7398,65,Low,103327.97
53,17,255000.0,109017.18,145982.82,0.5725,25442.85,33433.15,14535.1,19324.85,5602.66,9508.98,4029.76,5450.86,0.6349,0.7925,0.6769,64,Low,112409.85
53,18,257500.0,103736.0,153764.0,0.5971,35418.26,34449.44,13936.51,17826.07,8930.83,7753.18,8098.99,5186.8,0.6775,0.628,0.6814,62,Low,98382.01
53,19,257500.0,108429.81,149070.19,0.5789,36226.27,42071.15,13200.01,11648.98,8351.62,7547.25,5495.6,5421.49,0.8391,0.8382,0.8185,72,Low,113895.99
53,20,257500.0,87689.47,169810.53,0.6595,29804.8,23995.05,12847.61,9394.1,3219.52,9517.3,5694.55,4384.47,0.7342,0.7869,0.807,71,Low,87798.14
53,21,257500.0,88819.67,168680.33,0.6551,23844.42,28840.0,11536.28,6224.24,8643.77,7078.73,1843.16,809.06,0.614,0.6459,0.6382,64,Low,93002.36
53,22,257500.0,104932.19,152567.81,0.5925,27207.88,32103.31,14140.63,7646.93,6638.57,11540.46,6206.09,5246.61,0.8782,0.6864,0.8403,70,Low,102923.8
53,23,257500.0,91329.26,166170.74,0.6453,25841.36,30531.89,12592.19,16109.17,7142.15,3817.93,3973.35,4566.46,0.7835,0.766,0.7819,71,Low,92053.18
54,0,25000.0,20777.75,4222.25,0.1689,6644.04,6610.92,2466.41,1243.43,1544.37,2023.06,1136.27,1038.89,0.4804,0.8441,0.7096,43,Moderate,21139.93
54,1,25000.0,20966.18,4033.82,0.1614,4456.98,7282.34,1860.92,3531.97,961.65,1108.93,1024.48,738.91,0.515,0.7793,0.5632,42,Moderate,22335.75
54,2,25000.0,19963.77,5036.23,0.2014,5847.86,7322.5,2294.93,3908.89,1747.88,1518.58,1026.25,998.19,0.439,1.0,0.6984,47,Moderate,20530.19
54,3,25000.0,21251.51,3748.49,0.1499,5842.62,7012.63,2951.43,3211.87,1355.09,2500.24,764.47,1062.58,0.4893,0.915,0.6839,44,Moderate,21581.4
54,4,25000.0,19988.43,5011.57,0.2005,6312.99,7510.16,1757.84,3408.21,1041.89,2319.65,1385.3,999.42,0.4066,0.93,0.7493,44,Moderate,19524.88
54,5,25000.0,17528.53,7471.47,0.2989,3772.06,5388.77,2369.05,1356.53,1280.36,1571.46,791.97,998.34,0.4581,0.8637,0.5914,48,Moderate,17571.53
54,6,25250.0,20004.73,5245.27,0.2077,6500.0,5718.05,1845.58,3432.55,1131.26,1133.03,990.79,1000.24,0.6059,0.8764,0.8392,49,Moderate,18973.82
54,7,25250.0,19160.25,6089.75,0.2412,5269.43,4994.98,1702.25,1090.65,1152.24,1619.17,1090.4,2241.14,0.4982,0.8949,0.6575,48,Moderate,18404.07
54,8,25250.0,19790.12,5459.88,0.2162,5853.06,7097.81,2232.48,3859.96,694.7,1771.06,1520.2,989.51,0.5119,1.0,0.849,50,Moderate,19146.57
54,9,25250.0,20033.4,5216.6,0.2066,4886.17,7648.14,2138.17,2163.47,1284.6,973.64,451.36,487.85,0.577,0.9161,0.8003,49,Moderate,19955.24
54,10,25250.0,19464.61,5785.39,0.2291,6534.29,5012.37,1911.9,2066.63,1530.79,1571.51,856.53,973.23,0.5829,0.858,0.8031,49,Moderate,20479.59
54,11,25250.0,18029.48,7220.52,0.286,5604.76,4648.68,2413.22,3408.07,978.14,1700.44,1336.72,901.47,0.475,0.7947,0.5651,46,Moderate,18463.49
54,12,25500.0,20321.95,5178.05,0.2031,4317.32,7087.14,1629.32,3820.04,1954.42,814.95,868.03,1016.1,0.4661,0.7746,0.5747,42,Moderate,21040.42
54,13,25500.0,21301.89,4198.11,0.1646,4348.07,7992.25,2343.93,2742.39,1343.77,2200.42,1651.94,1065.09,0.5392,0.9944,0.7013,48,Moderate,22249.2
54,14,25500.0,19759.99,5740.01,0.2251,4371.87,5178.81,2180.77,1310.16,918.14,1209.67,1220.93,3369.63,0.6417,0.9074,0.8344,52,Moderate,19877.91
54,15,25500.0,19686.67,5813.33,0.228,3944.01,7115.89,2446.19,1267.97,1514.09,1351.24,1358.04,689.24,0.6683,0.8591,0.7367,51,Moderate,18765.92
54,16,25500.0,18460.52,7039.48,0.2761,6349.91,7271.78,2588.06,1029.71,1039.9,831.4,399.75,923.03,0.4417,0.9795,0.7511,50,Moderate,17594.02
54,17,25500.0,20858.38,4641.62,0.182,7070.86,7812.55,2548.05,1857.14,1429.74,2324.37,1080.05,1042.92,0.6317,0.9527,0.7649,50,Moderate,19801.62
54,18,25750.0,21024.54,4725.46,0.1835,4663.61,7451.89,2126.41,4176.16,1320.11,2002.36,802.08,1051.23,0.4541,0.7418,0.6324,40,Moderate,20330.57
54,19,25750.0,19810.32,5939.68,0.2307,5058.46,6228.1,2119.42,3460.27,1426.9,1086.92,660.7,990.52,0.4678,0.9794,0.7577,48,Moderate,21165.78
54,20,25750.0,17985.21,7764.79,0.3015,6070.86,7062.64,2178.17,3084.37,642.93,1818.71,504.97,899.26,0.4451,1.0,0.7466,51,Moderate,17145.4
54,21,25750.0,21875.44,3874.56,0.1505,5882.99,6710.8,2478.9,1204.99,1719.77,2027.91,1394.87,455.23,0.4762,0.9815,0.7701,45,Moderate,22326.06
54,22,25750.0,17728.55,8021.45,0.3115,3594.99,5340.59,2051.92,1935.93,1641.96,1897.13,993.84,272.2,0.6278,0.9005,0.8501,55,Low,16854.87
54,23,25750.0,21457.79,4292.21,0.1667,4573.3,7171.22,2596.39,3557.18,884.18,1248.44,529.85,897.24,0.6569,0.7429,0.6257,45,Moderate,21704.17
55,0,85000.0,53597.79,31402.21,0.3694,16568.94,19022.97,7892.2,6830.78,2076.39,2555.27,3248.22,2679.89,0.4524,0.7897,0.6232,49,Moderate,52848.05
55,1,85000.0,41802.38,43197.62,0.5082,9497.34,14120.79,5364.94,3791.56,3570.29,2553.82,2634.5,269.14,0.6607,1.0,0.8561,67,Low,41467.78
55,2,85000.0,46946.4,38053.6,0.4477,10634.13,12637.68,3928.83,6508.68,4125.94,4510.51,1720.43,2880.2,0.6746,1.0,0.9077,65,Low,47427.6
55,3,85000.0,43624.02,41375.98,0.4868,13983.57,13114.21,5285.49,4109.13,1847.78,2004.5,1171.83,2107.52,0.4164,0.8139,0.7028,54,Moderate,43743.72
55,4,85000.0,45473.99,39526.01,0.465,12585.47,11746.76,5670.28,6041.71,1726.67,5294.42,3473.55,2273.7,0.4805,0.8707,0.5877,57,Moderate,42757.97
55,5,85000.0,53320.81,31679.19,0.3727,16410.64,16868.1,4998.16,10525.59,2178.08,2386.66,3916.98,2666.04,0.545,0.7908,0.6359,52,Moderate,56999.4
55,6,85850.0,48538.09,37311.91,0.4346,12430.93,13494.55,5507.73,6012.63,2091.03,5377.54,3423.11,200.57,0.536,0.9815,0.7449,60,Moderate,50311.83
55,7,85850.0,47430.15,38419.85,0.4475,13584.62,17158.66,5580.87,8660.6,4434.92,5299.69,3477.36,2371.51,0.4438,0.758,0.5533,52,Moderate,45012.91
55,8,85850.0,43925.7,41924.3,0.4883,9122.45,15608.73,5740.14,4719.25,1601.73,4959.19,2130.51,43.7,0.5279,1.0,0.7939,62,Moderate,45957.34
55,9,85850.0,42304.29,43545.71,0.5072,9511.87,11604.23,3433.37,3425.45,2896.66,4516.04,893.53,6023.15,0.4127,0.801,0.5653,55,Moderate,44082.71
55,10,85850.0,48307.38,37542.62,0.4373,15728.15,13799.79,6595.7,8925.23,4300.72,4954.6,3288.3,2415.37,0.6726,0.7835,0.7699,59,Low,46965.82
55,11,85850.0,49849.71,36000.29,0.4193,11688.13,16064.78,4794.8,4215.0,3109.91,4258.52,2550.76,3167.82,0.4238,0.778,0.6772,51,Moderate,52149.63
55,12,86700.0,53646.67,33053.33,0.3812,18560.15,13740.32,4820.12,4552.53,3370.74,3858.77,3958.73,785.32,0.5554,1.0,0.6923,58,Moderate,55599.73
55,13,86700.0,51669.66,35030.34,0.404,13890.6,16226.1,4702.43,6153.12,3202.08,2209.17,3774.51,1511.65,0.3987,0.9798,0.6861,54,Moderate,52128.67
55,14,86700.0,52038.0,34662.0,0.3998,15229.46,13521.86,7497.39,5120.37,2684.36,2365.03,1423.36,4196.16,0.5072,0.8694,0.7567,54,Moderate,53752.93
55,15,86700.0,49641.37,37058.63,0.4274,15949.64,13314.66,5995.15,4364.1,4774.59,4650.79,1603.95,2482.07,0.5848,0.8358,0.7177,57,Moderate,48311.79
55,16,86700.0,55113.92,31586.08,0.3643,17577.46,21337.75,4444.99,7095.79,2240.73,5800.85,2569.6,2755.7,0.4492,0.9728,0.7415,54,Moderate,58947.77
55,17,86700.0,44526.68,42173.32,0.4864,9440.95,15151.22,5528.87,7476.97,3670.0,3324.73,2691.79,2226.33,0.6643,0.9568,0.7652,65,Low,44152.5
55,18,87550.0,54271.03,33278.97,0.3801,13611.52,17633.35,6225.6,6771.05,2525.37,4391.28,4301.28,2713.55,0.4,0.9811,0.7267,53,Moderate,51849.6
55,19,87550.0,44230.15,43319.85,0.4948,10672.96,14534.34,6039.24,6964.7,1362.69,5026.45,3368.28,2211.51,0.5317,0.8879,0.6547,60,Moderate,46136.6
55,20,87550.0,54546.48,33003.52,0.377,14839.41,20026.12,5451.77,7478.13,5402.29,2574.65,2923.03,2727.32,0.442,1.0,0.7251,55,Moderate,51903.8
55,21,87550.0,49703.42,37846.58,0.4323,10486.99,14569.13,4375.95,7067.06,3208.09,4502.41,3689.5,1804.28,0.6873,1.0,0.8828,65,Low,48925.81
55,22,87550.0,53398.34,34151.66,0.3901,12591.96,13549.64,6868.63,6080.22,4779.69,6171.16,1111.78,2245.24,0.5765,0.8705,0.7898,56,Moderate,53518.11
55,23,87550.0,56033.39,31516.61,0.36,12584.66,16698.78,5536.81,6240.24,5274.83,4321.47,3136.15,2240.45,0.4782,0.9128,0.7894,53,Moderate,53125.29
56,0,180000.0,126181.6,53818.4,0.299,35249.73,38221.02,13099.26,18686.15,8731.37,6681.43,4592.28,920.36,0.84,0.6868,0.8009,55,Moderate,122030.64
56,1,180000.0,156054.5,23945.5,0.133,52646.03,61847.24,13723.66,12268.37,5437.35,15175.45,6945.72,7802.73,0.7405,0.6914,0.7606,45,Moderate,158814.91
56,2,180000.0,133913.8,46086.2,0.256,38171.31,40523.87,11868.96,19092.06,9188.38,13841.88,7956.66,6695.69,0.8126,0.472,0.5912,47,Moderate,134527.33
56,3,180000.0,127961.97,52038.03,0.2891,30006.82,42790.12,14695.1,8715.66,8432.29,12069.75,3647.3,7604.93,0.7876,0.5576,0.6042,50,Moderate,134353.67
56,4,180000.0,138875.19,41124.81,0.2285,47131.26,42205.05,13228.88,19423.97,13840.44,11342.8,2931.61,6943.76,0.7616,0.6303,0.6811,48,Moderate,134210.8
56,5,180000.0,138064.08,41935.92,0.233,35295.42,40032.5,19194.91,6912.38,7940.62,16074.23,7662.06,4951.96,0.6203,0.5428,0.6011,42,Moderate,135161.67
56,6,181800.0,147247.98,34552.02,0.1901,29569.86,50634.76,17483.07,8984.52,11092.94,15734.61,7268.33,6479.89,0.6424,0.4615,0.4897,39,Moderate,140583.61
56,7,181800.0,131639.06,50160.94,0.2759,29574.47,46628.41,17997.84,25662.25,9727.95,8861.35,9632.12,6581.95,0.5974,0.5761,0.5246,44,Moderate,126553.74
56,8,181800.0,152411.03,29388.97,0.1617,32224.72,56882.85,12938.27,10090.36,13666.04,17587.17,10074.79,7620.55,0.6013,0.5417,0.4961,38,Moderate,161629.33
56,9,181800.0,135929.57,45870.43,0.2523,28393.21,42405.43,14039.34,17826.71,11518.5,9365.57,10152.19,2228.63,0.7671,0.7106,0.7251,52,Moderate,136822.41
56,10,181800.0,144673.45,37126.55,0.2042,36620.8,41280.15,12798.7,24271.53,7398.51,11110.69,5439.24,5753.84,0.6335,0.5019,0.5665,40,Moderate,143286.97
56,11,181800.0,143003.05,38796.95,0.2134,48404.22,40546.29,21014.95,16210.39,12553.99,15882.01,2902.05,7150.15,0.5952,0.708,0.6141,45,Moderate,149544.38
56,12,183600.0,153848.0,29752.0,0.162,32909.97,53015.4,19389.96,30763.48,5752.86,16654.11,4686.11,7692.4,0.5956,0.5137,0.6289,38,Moderate,155308.74
56,13,183600.0,135283.26,48316.74,0.2632,30202.61,35563.49,10989.73,25035.13,8991.71,8282.01,10809.15,5409.44,0.5612,0.4212,0.5313,39,Moderate,138161.22
56,14,183600.0,135304.41,48295.59,0.263,46888.45,38228.87,16419.5,16074.85,11076.14,13073.77,6362.0,6765.22,0.6663,0.4284,0.5139,42,Moderate,143881.88
56,15,183600.0,153824.46,29775.54,0.1622,39659.73,58288.16,15254.31,19366.43,11188.33,9336.43,10824.67,7691.22,0.6984,0.6309,0.6041,44,Moderate,163914.42
56,16,183600.0,129106.12,54493.88,0.2968,30134.53,32410.08,14452.33,13836.51,7533.57,14268.75,4406.92,12063.42,0.7947,0.4754,0.579,49,Moderate,138102.2
56,17,183600.0,133885.58,49714.42,0.2708,29204.58,35996.69,15643.41,19328.17,4852.16,8441.49,8718.79,11700.3,0.5934,0.4873,0.5694,42,Moderate,127742.83
56,18,185400.0,153728.31,31671.69,0.1708,42337.19,50777.58,20194.5,14420.86,7876.25,10428.26,10695.11,7686.42,0.5812,0.5162,0.459,38,Moderate,157521.32
56,19,185400.0,155046.3,30353.7,0.1637,36490.93,54102.17,14521.56,29271.14,12290.62,7207.47,5296.45,7752.32,0.6756,0.5611,0.6447,41,Moderate,165104.35
56,20,185400.0,151976.61,33423.39,0.1803,33268.16,53519.43,21568.08,14449.71,12675.89,10997.54,3363.96,2133.84,0.7984,0.5185,0.611,45,Moderate,154935.8
56,21,185400.0,133130.9,52269.1,0.2819,45592.88,51611.56,16674.72,14257.0,9645.78,9303.42,3446.66,6656.55,0.6325,0.6851,0.714,48,Moderate,126895.03
56,22,185400.0,158729.48,26670.52,0.1439,38823.66,41056.12,23294.28,31682.1,13683.24,10605.09,3248.75,7936.47,0.5694,0.6489,0.5833,39,Moderate,154364.84
56,23,185400.0,157132.8,28267.2,0.1525,52782.12,56826.76,22525.27,27290.2,15246.34,10817.74,7181.79,7856.64,0.7094,0.4943,0.5563,40,Moderate,165637.07
57,0,25000.0,12630.41,12369.59,0.4948,4197.69,3205.64,1089.57,680.07,759.49,1104.98,866.71,726.26,0.3496,0.4843,0.3436,44,Moderate,12152.8
57,1,25000.0,13276.74,11723.26,0.4689,2739.25,3917.75,1299.84,1037.11,879.54,677.04,1034.22,1692.01,0.3545,0.4986,0.4184,44,Moderate,14200.65
57,2,25000.0,11559.69,13440.31,0.5376,3199.84,3255.8,1014.1,1818.18,1123.77,600.23,258.57,289.2,0.527,0.4392,0.455,50,Moderate,11922.36
57,3,25000.0,11633.71,13366.29,0.5347,2446.62,3684.34,1137.59,1449.63,1089.99,1016.62,378.47,430.45,0.3928,0.4229,0.4353,46,Moderate,12246.88
57,4,25000.0,11864.35,13135.65,0.5254,3918.06,4405.25,1217.91,1904.6,829.77,588.4,429.67,593.22,0.5299,0.5473,0.4712,53,Moderate,12647.7
57,5,25000.0,12246.66,12753.34,0.5101,2682.92,3588.72,981.69,1605.36,619.58,1231.31,781.79,755.3,0.3995,0.5538,0.4344,48,Moderate,12190.38
57,6,25250.0,11358.47,13891.53,0.5502,2534.43,4111.42,1612.84,652.78,1029.85,801.18,358.09,257.88,0.404,0.3106,0.4458,44,Moderate,11830.48
57,7,25250.0,10501.01,14748.99,0.5841,3606.59,4132.88,1229.07,526.62,629.66,901.25,538.02,525.05,0.4246,0.4207,0.4592,49,Moderate,10324.6
57,8,25250.0,12749.48,12500.52,0.4951,2895.84,4935.71,1367.1,1094.41,423.46,1393.67,449.47,189.81,0.4292,0.4632,0.5256,46,Moderate,12665.57
57,9,25250.0,13790.84,11459.16,0.4538,3578.14,3934.69,1405.27,1424.81,1209.29,813.31,530.65,894.68,0.4757,0.2934,0.3951,42,Moderate,13017.46
57,10,25250.0,12731.28,12518.72,0.4958,2783.97,3709.76,1807.52,1762.29,400.27,1150.59,581.42,535.45,0.4624,0.3838,0.45,45,Moderate,12372.29
57,11,25250.0,10347.32,14902.68,0.5902,2114.21,3123.59,1372.72,1323.76,765.33,1104.12,690.44,517.37,0.4882,0.3647,0.3574,50,Moderate,10113.5
57,12,25500.0,13016.63,12483.37,0.4895,3019.12,4465.15,1415.65,1504.11,1233.12,843.37,357.4,178.7,0.3329,0.3828,0.4392,41,Moderate,12871.8
57,13,25500.0,14336.43,11163.57,0.4378,4694.7,4820.61,1408.79,1440.3,726.92,1050.88,446.87,716.82,0.3412,0.4977,0.418,42,Moderate,13890.06
57,14,25500.0,11248.9,14251.1,0.5589,3427.64,3969.91,1465.62,1499.45,430.02,1317.67,252.44,562.45,0.3492,0.5712,0.558,49,Moderate,11367.6
57,15,25500.0,13821.73,11678.27,0.458,2818.45,3525.12,1537.39,1726.61,1340.34,1217.85,957.93,698.04,0.4664,0.5536,0.6034,48,Moderate,13161.44
57,16,25500.0,11857.88,13642.12,0.535,2390.89,4609.92,1664.31,2267.43,778.51,955.32,899.5,592.89,0.4964,0.3959,0.5011,48,Moderate,12414.83
57,17,25500.0,11944.67,13555.33,0.5316,2792.35,3940.1,1510.62,1475.85,1017.62,1057.21,270.85,597.23,0.6065,0.405,0.4123,52,Low,12539.7
57,18,25750.0,12796.69,12953.31,0.503,3095.66,5047.77,1486.55,1640.21,812.48,762.91,928.3,639.83,0.4059,0.383,0.3343,44,Moderate,12441.69
57,19,25750.0,14341.08,11408.92,0.4431,4420.62,3612.57,1969.62,1440.39,663.31,1647.77,735.3,717.05,0.42,0.3394,0.3771,41,Moderate,14545.26
57,20,25750.0,13892.14,11857.86,0.4605,2851.97,3495.77,1999.07,1962.23,785.93,1151.3,1032.35,613.52,0.3709,0.2803,0.2665,38,Moderate,13778.55
57,21,25750.0,11228.67,14521.33,0.5639,2859.16,3403.28,1169.95,1615.72,409.15,1081.6,830.08,561.43,0.5786,0.4223,0.502,53,Moderate,11793.26
57,22,25750.0,10491.02,15258.98,0.5926,3343.49,2840.78,1063.76,1172.74,665.38,1012.5,730.53,524.55,0.6025,0.5557,0.4974,58,Low,10719.99
57,23,25750.0,10229.43,15520.57,0.6027,3407.34,3545.88,1099.79,934.25,380.71,1167.83,607.45,511.47,0.5348,0.301,0.4181,50,Moderate,10249.41
58,0,250000.0,198632.97,51367.03,0.2055,46126.46,62861.86,26376.14,37785.92,6051.91,20277.91,9237.9,9931.65,0.587,0.4894,0.4682,39,Moderate,212316.75
58,1,250000.0,204907.05,45092.95,0.1804,70341.55,57112.46,20801.63,27251.63,7211.27,9188.46,13441.48,10245.35,0.5887,0.563,0.6547,39,Moderate,214379.03
58,2,250000.0,188771.35,61228.65,0.2449,60127.52,69947.28,21038.01,20071.13,6034.16,22071.33,14996.66,9438.57,0.4749,0.4549,0.4151,36,Moderate,180705.25
58,3,250000.0,204854.41,45145.59,0.1806,50061.67,54629.97,18242.94,25697.07,13333.76,11056.37,10046.86,21785.77,0.6666,0.5587,0.6644,42,Moderate,212129.38
58,4,250000.0,220566.15,29433.85,0.1177,49028.26,87615.79,27248.49,12846.89,18067.05,13891.11,15793.18,11028.31,0.7644,0.5934,0.7328,43,Moderate,223304.1
58,5,250000.0,201193.15,48806.85,0.1952,43579.92,52413.65,21975.99,39434.03,16731.6,18805.16,10104.59,10059.66,0.6346,0.7342,0.6017,46,Moderate,208713.85
58,6,252500.0,201211.84,51288.16,0.2031,47350.81,66332.79,27530.21,23685.28,14408.91,9442.58,8254.55,4206.71,0.6356,0.6405,0.6647,44,Moderate,213081.53
58,7,252500.0,218297.22,34202.78,0.1355,50067.85,56079.37,31557.67,26520.78,9938.1,24817.63,6481.44,12834.38,0.5689,0.6247,0.5446,38,Moderate,212973.51
58,8,252500.0,195006.85,57493.15,0.2277,40741.75,66741.98,24159.24,16517.08,10028.53,12571.31,13567.75,10679.2,0.5166,0.6253,0.543,41,Moderate,205589.16
58,9,252500.0,194295.24,58204.76,0.2305,51494.02,58431.93,17192.46,12588.28,6025.57,22522.13,8226.49,17814.36,0.7074,0.5359,0.5738,44,Moderate,203790.28
58,10,252500.0,188317.55,64182.45,0.2542,62612.23,63601.04,27425.94,24458.96,7810.74,13945.2,14778.33,9415.88,0.6814,0.7411,0.7363,50,Moderate,190749.95
58,11,252500.0,226429.94,26070.06,0.1032,53172.44,64662.85,24001.71,13750.05,17199.98,15011.0,6770.89,31861.02,0.5892,0.4574,0.5547,33,Moderate,222342.7
58,12,255000.0,208198.29,46801.71,0.1835,48167.72,66716.48,24611.05,13617.85,18175.94,21986.59,16578.59,10409.91,0.545,0.6522,0.5558,40,Moderate,213397.28
58,13,255000.0,205145.24,49854.76,0.1955,42772.25,54330.26,17542.33,15811.5,9354.32,14082.74,15796.11,35455.72,0.7148,0.531,0.5337,43,Moderate,211733.75
58,14,255000.0,221894.0,33106.0,0.1298,48454.5,86713.38,29551.32,18810.05,16618.33,8965.61,9849.55,2931.25,0.6698,0.745,0.7591,44,Moderate,228711.82
58,15,255000.0,208180.17,46819.83,0.1836,44457.98,78099.27,27389.55,12705.82,11943.15,24523.51,15316.11,10409.01,0.5443,0.5998,0.5505,39,Moderate,205246.97
58,16,255000.0,192931.35,62068.65,0.2434,54726.5,55483.77,16468.2,15917.13,6503.5,9472.6,13909.43,20450.23,0.6564,0.726,0.7494,48,Moderate,188980.35
58,17,255000.0,195259.19,59740.81,0.2343,58829.63,66602.77,29082.24,29999.2,9739.87,10941.36,5062.8,9762.96,0.6108,0.6998,0.7313,46,Moderate,193835.42
58,18,257500.0,199507.17,57992.83,0.2252,64652.12,66253.45,16178.39,19952.8,17935.7,8425.58,7882.35,9975.36,0.7074,0.4719,0.5461,43,Moderate,193365.61
58,19,257500.0,213018.7,44481.3,0.1727,67184.71,53862.05,31699.0,25547.21,15573.91,20334.34,13156.79,10650.94,0.6864,0.6889,0.7206,45,Moderate,216609.34
58,20,257500.0,219808.43,37691.57,0.1464,58005.94,79299.78,28284.93,18447.18,8214.44,24346.41,4686.8,10990.42,0.7238,0.6322,0.6962,44,Moderate,230805.86
58,21,257500.0,200367.88,57132.12,0.2219,67372.29,70952.82,29081.41,13636.67,17899.11,9094.15,14601.7,10018.39,0.7426,0.5853,0.7122,46,Moderate,199639.44
58,22,257500.0,211113.33,46386.67,0.1801,67938.53,70094.76,21763.69,33719.24,14467.4,8835.01,16449.89,10555.67,0.4804,0.6201,0.6301,38,Moderate,225715.72
58,23,257500.0,206637.94,50862.06,0.1975,50592.6,53530.24,29113.64,20782.63,19505.43,23698.55,5166.62,4248.24,0.7145,0.4913,0.6061,42,Moderate,204117.17
59,0,25000.0,12440.48,12559.52,0.5024,3754.05,4544.63,1422.1,2197.08,799.86,768.16,986.5,622.02,0.6479,0.7196,0.712,60,Low,12598.9
59,1,25000.0,13560.46,11439.54,0.4576,3548.75,4151.89,1710.24,2093.38,768.13,885.73,290.97,111.36,0.7172,0.766,0.7645,61,Low,13085.33
59,2,25000.0,12593.75,12406.25,0.4963,2867.0,3875.68,1180.62,1865.3,969.36,1095.97,511.88,227.95,0.9174,0.8487,0.9352,71,Low,11993.8
59,3,25000.0,15297.23,9702.77,0.3881,4124.09,3928.56,1676.12,3011.11,831.17,1377.54,460.47,764.86,0.687,0.8258,0.7833,58,Low,14918.13
59,4,25000.0,14754.05,10245.95,0.4098,4740.22,4874.82,1879.41,1156.2,652.28,726.24,556.66,168.2,0.8101,0.5753,0.6369,57,Low,14761.47
59,5,25000.0,13059.58,11940.42,0.4776,3981.46,3625.28,1879.93,935.48,906.7,690.04,535.08,505.61,0.9053,0.5721,0.6392,62,Low,13887.57
59,6,25250.0,13434.09,11815.91,0.468,2926.17,3369.69,1606.43,2397.57,590.42,1306.57,373.0,864.24,0.8562,0.77,0.7537,65,Low,14028.57
59,7,25250.0,13192.66,12057.34,0.4775,3181.13,4449.73,1069.18,2516.06,855.46,1544.33,454.23,659.63,0.8603,0.5687,0.6939,61,Low,12956.18
59,8,25250.0,15309.41,9940.59,0.3937,4644.11,3966.88,1767.67,2380.48,677.63,1491.78,821.25,765.47,0.6936,0.7892,0.7163,58,Low,14666.99
59,9,25250.0,15693.26,9556.74,0.3785,3793.69,5286.12,1716.56,1135.32,798.78,1187.6,897.75,877.44,0.6992,0.5936,0.6348,52,Low,14923.68
59,10,25250.0,15383.15,9866.85,0.3908,3566.32,5446.67,1793.86,2936.69,499.95,1544.63,720.62,769.16,0.7964,0.5778,0.7686,55,Low,14463.23
59,11,25250.0,14652.77,10597.23,0.4197,5104.47,4934.24,1749.18,2634.11,940.34,1485.29,1120.7,732.64,0.8289,0.7159,0.7799,61,Low,14612.38
59,12,25500.0,16044.54,9455.46,0.3708,3931.31,4427.22,1583.98,1400.81,531.24,1867.57,918.36,1384.05,0.6328,0.5774,0.6386,50,Low,15534.75
59,13,25500.0,13968.37,11531.63,0.4522,4162.15,4045.28,1151.91,1931.85,1395.85,939.43,929.65,698.42,0.6639,0.5632,0.5565,54,Low,14462.33
59,14,25500.0,13195.08,12304.92,0.4825,4008.32,4316.26,1168.25,1738.75,614.92,821.86,287.13,239.6,0.6652,0.5638,0.6324,55,Low,13187.17
59,15,25500.0,13084.81,12415.19,0.4869,2699.21,3919.94,1954.24,1331.91,1115.99,1351.05,365.34,347.13,0.7116,0.719,0.7255,61,Low,13140.15
59,16,25500.0,15051.42,10448.58,0.4097,4180.78,6018.91,1306.12,2919.85,746.7,1266.29,934.26,752.57,0.7285,0.8231,0.7848,60,Low,14733.12
59,17,25500.0,12624.47,12875.53,0.5049,2848.69,4173.47,1867.58,1112.15,1100.43,513.38,561.21,447.55,0.8177,0.6341,0.802,63,Low,13442.22
59,18,25750.0,15364.54,10385.46,0.4033,4191.59,4160.78,1618.31,2653.93,1046.93,1599.24,1150.42,768.23,0.6492,0.7656,0.7761,56,Low,16375.49
59,19,25750.0,13348.56,12401.44,0.4816,2720.76,3477.67,1692.46,2290.22,547.13,1213.98,830.7,575.63,0.7433,0.7948,0.8515,63,Low,14268.05
59,20,25750.0,12124.48,13625.52,0.5291,3147.32,4377.21,989.46,2311.71,703.06,1114.79,766.54,606.22,0.8713,0.5882,0.7679,64,Low,12041.2
59,21,25750.0,13155.36,12594.64,0.4891,2667.7,3381.9,1231.92,2204.3,457.06,562.81,729.98,1919.69,0.6754,0.6697,0.6268,59,Low,12847.01
59,22,25750.0,16477.52,9272.48,0.3601,3305.95,4969.71,1820.59,2136.56,944.82,854.29,896.28,1549.32,0.6854,0.7322,0.7582,55,Low,16332.45
59,23,25750.0,13597.44,12152.56,0.4719,4757.35,4333.39,1831.49,2319.27,1050.35,618.18,974.76,679.87,0.6581,0.8341,0.6807,61,Low,13788.11
60,0,25000.0,14732.89,10267.11,0.4107,3728.55,3845.21,1822.81,2210.66,1143.02,825.0,911.96,245.69,0.2212,0.4602,0.297,36,Moderate,15482.61
60,1,25000.0,14745.6,10254.4,0.4102,3974.42,4921.27,1259.76,1248.17,893.19,1038.58,571.31,838.9,0.2008,0.4403,0.2389,35,Moderate,14113.66
60,2,25000.0,16492.27,8507.73,0.3403,5398.15,4845.38,1853.08,2928.72,748.99,1009.33,624.37,824.61,0.3564,0.5454,0.3892,39,Moderate,15624.42
60,3,25000.0,13721.62,11278.38,0.4511,4454.77,4077.85,1525.25,2361.58,505.07,1343.96,513.83,686.08,0.3788,0.4862,0.4661,43,Moderate,14314.08
60,4,25000.0,15762.82,9237.18,0.3695,5097.14,4563.98,1554.63,2294.68,1340.93,1760.9,990.6,788.14,0.2626,0.5473,0.4952,38,Moderate,15562.42
60,5,25000.0,15380.94,9619.06,0.3848,4953.82,3942.2,1327.37,2458.11,509.51,870.38,634.19,685.35,0.2709,0.6719,0.415,42,Moderate,16354.99
60,6,25250.0,16057.29,9192.71,0.3641,4650.88,4774.1,1739.54,1660.3,796.8,1490.01,799.04,146.62,0.2856,0.5704,0.4705,39,Moderate,15922.07
60,7,25250.0,13864.9,11385.1,0.4509,3402.55,4527.74,1490.62,1908.26,1372.48,1360.25,508.84,693.24,0.3109,0.4736,0.4073,41,Moderate,13054.81
60,8,25250.0,15408.34,9841.66,0.3898,4703.35,5569.12,1447.95,1084.28,1195.25,1505.65,573.41,770.42,0.2284,0.6306,0.3618,40,Moderate,15755.17
60,9,25250.0,14880.95,10369.05,0.4107,4122.82,4424.23,1837.24,2611.55,794.71,1193.11,980.11,744.05,0.2145,0.5167,0.2683,37,Moderate,15838.71
60,10,25250.0,15296.21,9953.79,0.3942,3190.74,5190.08,1315.36,2845.1,974.2,1044.33,874.43,764.81,0.2361,0.5067,0.4241,37,Moderate,15525.12
60,11,25250.0,14674.34,10575.66,0.4188,3497.34,3706.06,1224.73,1521.56,1435.12,1280.05,345.36,1664.11,0.1885,0.4932,0.439,36,Moderate,15574.24
60,12,25500.0,15318.64,10181.36,0.3993,3545.08,4817.27,1520.63,1054.96,1208.52,1703.47,467.46,1001.25,0.242,0.494,0.4486,37,Moderate,15849.39
60,13,25500.0,14791.54,10708.46,0.4199,3671.22,5790.25,2208.95,960.63,1263.88,1417.77,381.73,739.58,0.3851,0.41,0.4331,40,Moderate,14551.88
60,14,25500.0,16544.01,8955.99,0.3512,4724.59,4564.97,1633.88,2334.99,1005.21,1235.34,666.46,378.57,0.3506,0.5694,0.529,40,Moderate,17506.96
60,15,25500.0,14147.3,11352.7,0.4452,4200.1,5164.76,1334.43,1870.14,1088.5,736.96,584.4,707.36,0.2436,0.64,0.3654,43,Moderate,14286.62
60,16,25500.0,17029.68,8470.32,0.3322,5216.39,4566.81,2053.24,2954.35,1290.9,1141.58,658.93,851.48,0.2976,0.6599,0.4323,40,Moderate,17910.02
60,17,25500.0,17412.75,8087.25,0.3171,4251.11,6928.19,2067.11,3352.85,984.81,861.19,593.3,870.64,0.3422,0.6594,0.4207,41,Moderate,16400.77
60,18,25750.0,17650.03,8099.97,0.3146,4456.89,6702.15,1859.9,2542.66,1269.38,2014.84,589.85,882.5,0.2152,0.4597,0.404,32,Moderate,17047.25
60,19,25750.0,17346.29,8403.71,0.3264,3663.11,6216.28,2430.82,1674.72,830.2,1618.57,741.98,170.61,0.2107,0.4321,0.3821,31,Moderate,17180.96
60,20,25750.0,16319.48,9430.52,0.3662,4187.11,4516.42,1687.81,2266.3,1579.81,989.44,1073.56,19.03,0.427,0.4303,0.3689,40,Moderate,15345.0
60,21,25750.0,16315.11,9434.89,0.3664,3285.91,5837.5,1937.01,2274.25,810.81,1871.67,690.72,815.76,0.4304,0.4844,0.503,41,Moderate,16649.25
60,22,25750.0,15893.96,9856.04,0.3828,5375.55,6000.73,1481.63,1356.31,1545.67,946.72,726.64,794.7,0.3062,0.4155,0.3568,36,Moderate,16225.28
60,23,25750.0,14170.44,11579.56,0.4497,2840.92,4952.27,1517.04,1846.32,758.51,938.56,717.59,599.24,0.1975,0.5299,0.2859,39,Moderate,13760.05
61,0,85000.0,58106.32,26893.68,0.3164,14587.87,19069.17,7128.74,10945.86,1761.62,6098.88,1308.25,2905.32,0.9751,0.7756,0.8151,62,Low,60191.97
61,1,85000.0,59430.89,25569.11,0.3008,17884.21,17654.77,8824.29,5185.26,3555.49,4478.62,1537.44,310.81,0.7509,1.0,0.8886,61,Low,62992.51
61,2,85000.0,54043.96,30956.04,0.3642,14023.27,15166.82,6507.69,5410.02,3472.71,2671.66,1338.5,5453.29,0.9593,0.9713,1.0,69,Low,51388.03
61,3,85000.0,56949.32,28050.68,0.33,13019.82,19516.5,6828.36,4224.36,3482.2,3053.31,3963.58,2861.19,0.7914,0.9623,0.8984,62,Low,59249.52
61,4,85000.0,54766.63,30233.37,0.3557,18217.9,16714.37,6777.07,9375.03,1695.67,2426.21,2919.92,2738.33,1.0,0.9089,0.9567,68,Low,54788.84
61,5,85000.0,49628.86,35371.14,0.4161,10511.36,14191.95,5705.8,9744.37,2039.39,5346.63,3356.74,2481.44,0.8238,0.8886,0.7599,65,Low,48381.09
61,6,85850.0,49600.9,36249.1,0.4222,10250.62,16464.78,5052.3,8117.52,2348.34,5156.21,2975.3,2480.04,0.9562,1.0,0.9244,72,Low,51888.9
61,7,85850.0,46993.76,38856.24,0.4526,12375.4,15574.61,4245.09,6721.42,3382.13,4080.08,2265.82,2349.69,0.9716,0.866,0.8972,71,Low,48440.23
61,8,85850.0,56618.83,29231.17,0.3405,18157.79,17718.54,7224.06,9673.35,5106.81,5271.27,3337.23,2830.94,0.883,0.9463,0.8704,65,Low,59396.23
61,9,85850.0,50612.63,35237.37,0.4105,11511.64,17188.83,6164.55,4888.45,3347.32,5343.62,1548.49,619.73,0.8951,0.9005,0.9629,67,Low,51791.73
61,10,85850.0,57756.05,28093.95,0.3272,19288.37,18429.43,5125.59,9239.42,3138.08,2682.92,3352.36,2887.8,0.8208,1.0,0.8673,64,Low,58973.81
61,11,85850.0,51028.24,34821.76,0.4056,12580.11,16166.43,4656.59,3289.78,3468.22,6112.77,3662.33,1092.01,0.9085,0.7823,0.8902,65,Low,48254.25
61,12,86700.0,55178.7,31521.3,0.3636,15642.54,21806.01,4754.3,7654.85,3111.56,4289.73,1577.56,2758.94,0.9644,0.9884,0.9658,70,Low,55540.69
61,13,86700.0,55640.78,31059.22,0.3582,18766.01,15334.12,6173.45,3760.62,4810.88,5992.09,1996.28,2782.04,0.8961,0.954,0.9283,66,Low,54660.17
61,14,86700.0,57229.61,29470.39,0.3399,16663.97,17505.73,5224.07,8321.12,4418.18,4474.9,2194.65,2861.48,1.0,1.0,1.0,70,Low,60588.28
61,15,86700.0,58489.89,28210.11,0.3254,18282.28,21147.11,6282.26,4013.61,3817.02,6006.01,2816.75,2924.49,1.0,0.9924,1.0,69,Low,57284.89
61,16,86700.0,58006.34,28693.66,0.331,17308.32,15920.57,4732.36,9740.3,2492.22,5720.46,1637.98,454.11,0.745,0.7984,0.8444,57,Low,61522.35
61,17,86700.0,48615.16,38084.84,0.4393,11474.92,17772.82,5989.32,7232.47,4815.6,4352.6,1937.94,2430.76,0.798,1.0,0.8726,68,Low,49632.1
61,18,87550.0,54617.4,32932.6,0.3762,16675.92,16721.06,5381.15,5729.58,3574.69,4220.4,1855.78,458.82,0.9896,1.0,1.0,71,Low,56774.85
61,19,87550.0,55762.72,31787.28,0.3631,15442.05,18268.66,5688.11,10574.56,2284.0,2986.65,1636.73,2788.14,0.9109,0.9862,0.9622,68,Low,55598.44
61,20,87550.0,57033.72,30516.28,0.3486,13831.87,19051.86,5838.91,5540.93,2848.37,3001.1,1270.85,5649.83,0.9684,0.8038,0.9122,64,Low,55794.71
61,21,87550.0,48135.62,39414.38,0.4502,15291.94,17785.18,4223.64,6741.9,3657.32,5315.61,2589.39,2406.78,1.0,0.9667,0.9738,74,Low,48050.47
61,22,87550.0,50637.62,36912.38,0.4216,10344.77,17458.91,6696.63,3641.75,1700.48,4563.11,2350.91,3881.08,0.8069,0.859,0.906,64,Low,51604.5
61,23,87550.0,57992.22,29557.78,0.3376,15747.76,18240.04,5177.54,10588.33,4374.88,2873.63,4130.19,2899.61,0.9902,0.8553,1.0,66,Low,55464.57
62,0,65000.0,45441.57,19558.43,0.3009,14654.3,11707.38,5680.49,3721.16,2613.9,5292.25,2317.1,2272.08,0.6122,0.878,0.7204,53,Low,46660.18
62,1,65000.0,49305.11,15694.89,0.2415,14896.32,14793.3,5679.21,9179.62,1547.7,2865.14,3248.95,2465.26,0.5474,0.8266,0.6892,47,Moderate,49753.08
62,2,65000.0,41663.69,23336.31,0.359,11546.5,13347.45,5473.25,4871.22,2597.72,4621.79,978.14,2083.18,0.6967,0.8104,0.7187,57,Low,40495.76
62,3,65000.0,46060.61,18939.39,0.2914,14711.65,12707.53,5387.69,2496.85,2141.46,2169.44,1160.03,5285.96,0.6194,0.7108,0.6398,49,Moderate,46819.4
62,4,65000.0,43013.97,21986.03,0.3382,14054.56,17130.72,5259.22,2471.56,2095.4,3995.08,1525.87,2150.7,0.7326,0.9185,0.8146,60,Low,44916.92
62,5,65000.0,41257.07,23742.93,0.3653,10233.93,15263.98,6096.56,2721.17,2175.9,4443.87,2374.63,2062.85,0.7388,0.9088,0.7382,61,Low,39759.84
62,6,65650.0,49429.96,16220.04,0.2471,14039.15,17396.14,4592.8,3313.39,3394.47,2430.06,3730.81,533.12,0.7951,0.8996,0.9056,57,Moderate,52207.61
62,7,65650.0,41291.77,24358.23,0.371,8720.19,13008.62,5096.88,6000.99,3664.12,2059.26,2817.31,2064.59,0.8235,0.9791,0.9202,65,Low,39602.73
62,8,65650.0,48041.43,17608.57,0.2682,10003.0,17881.0,5742.51,2612.16,4123.54,3767.36,1176.9,2734.98,0.7579,0.9708,0.8169,59,Moderate,49791.5
62,9,65650.0,44806.42,20843.58,0.3175,12103.57,15619.14,5343.04,2653.9,3736.13,3326.4,3395.16,2240.32,0.5962,0.9681,0.8356,56,Moderate,46293.87
62,10,65650.0,42094.06,23555.94,0.3588,11830.92,11647.4,5518.61,2243.59,3318.78,2011.27,1584.21,3939.27,0.5492,0.8367,0.5985,53,Moderate,41103.11
62,11,65650.0,45735.93,19914.07,0.3033,13024.37,16611.59,4273.05,3831.22,2827.22,4532.16,3286.23,2286.8,0.6675,0.7169,0.6326,51,Low,45567.72
62,12,66300.0,43998.63,22301.37,0.3364,13481.43,11440.01,6388.97,2720.8,4025.61,4659.07,1154.48,128.28,0.6365,0.9117,0.7053,57,Low,43731.34
62,13,66300.0,44448.84,21851.16,0.3296,13527.78,13298.71,5534.9,5367.56,3003.65,4798.85,2825.44,2222.44,0.6959,0.7508,0.7877,54,Low,47273.94
62,14,66300.0,41086.93,25213.07,0.3803,13923.81,16245.39,6143.57,3708.36,3405.23,3322.22,2911.91,2054.35,0.6542,0.861,0.7223,58,Low,40966.95
62,15,66300.0,46277.73,20022.27,0.302,12668.39,16191.79,5091.78,6237.28,1972.82,4191.43,2575.94,2313.89,0.8194,0.9664,0.9686,62,Low,45022.5
62,16,66300.0,51463.93,14836.07,0.2238,12261.29,14546.28,5784.68,7937.18,2656.86,3930.08,3594.63,752.93,0.6082,0.952,0.8098,52,Moderate,50130.5
62,17,66300.0,42220.31,24079.69,0.3632,13195.87,10924.62,5790.87,5114.74,3862.8,4338.02,2505.24,2111.02,0.71,0.9266,0.8654,60,Low,44210.71
62,18,66950.0,50143.35,16806.65,0.251,14211.82,12634.32,4274.94,3080.73,2381.56,3644.77,2856.56,7058.65,0.8074,0.7203,0.8636,53,Moderate,47573.67
62,19,66950.0,48624.62,18325.38,0.2737,13661.2,17225.81,6462.2,5879.51,1646.03,2376.04,1803.64,2431.23,0.6844,0.9463,0.8944,56,Moderate,45727.8
62,20,66950.0,43420.53,23529.47,0.3514,10741.75,16567.82,5828.24,7661.98,1710.34,3146.91,1217.18,2171.03,0.7276,0.7911,0.7989,57,Low,46308.89
62,21,66950.0,43750.97,23199.03,0.3465,15038.3,11505.44,5240.43,4564.96,3414.27,4501.79,1930.32,2187.55,0.8043,0.7301,0.8032,57,Low,46235.64
62,22,66950.0,44627.33,22322.67,0.3334,9517.95,16549.13,4109.45,8108.44,1373.02,1785.66,2320.04,863.64,0.6888,0.9915,0.7543,60,Low,44922.31
62,23,66950.0,47400.07,19549.93,0.292,11601.47,17447.24,4814.95,5625.33,2899.5,2503.11,2390.12,118.34,0.7558,0.9066,0.915,58,Moderate,46564.47
63,0,85000.0,60065.04,24934.96,0.2934,16844.87,15663.61,4994.01,11394.26,2646.31,4629.52,4306.71,3003.25,0.7522,0.8533,0.8155,57,Moderate,63816.65
63,1,85000.0,63088.54,21911.46,0.2578,14859.03,24832.56,7040.14,3991.02,1933.96,3381.55,4416.31,2633.96,0.9841,0.8039,0.9902,61,Moderate,64965.15
63,2,85000.0,66612.95,18387.05,0.2163,19123.21,18735.78,9709.17,6464.97,5237.37,4513.43,1604.14,1224.87,0.7867,0.763,0.8067,52,Moderate,65176.39
63,3,85000.0,67286.87,17713.13,0.2084,17813.33,25406.34,6015.74,9295.43,5657.54,7065.28,5125.73,3364.34,0.811,0.826,0.8175,54,Moderate,67813.37
63,4,85000.0,55095.27,29904.73,0.3518,17271.45,19959.28,4588.77,5876.86,4632.42,5208.33,2173.49,2754.76,1.0,0.6579,0.9226,62,Low,58805.27
63,5,85000.0,62915.14,22084.86,0.2598,19065.43,20099.72,8425.73,5521.61,3510.55,6001.04,4689.45,3145.76,0.9021,0.7357,0.7826,57,Moderate,62463.25
63,6,85850.0,55945.3,29904.7,0.3483,14321.23,16262.35,6012.1,3049.89,4884.54,4412.31,1144.35,5858.52,0.9436,0.7486,0.8892,62,Low,56572.91
63,7,85850.0,66307.7,19542.3,0.2276,15343.19,16859.94,7419.89,13021.13,2527.04,7173.85,4270.78,3315.38,0.8696,0.9125,0.9502,59,Moderate,69365.19
63,8,85850.0,66209.39,19640.61,0.2288,18430.63,24182.78,6137.09,5583.3,2770.04,5634.56,1557.5,1913.49,0.9735,0.6806,0.804,56,Moderate,69191.61
63,9,85850.0,59552.79,26297.21,0.3063,15431.3,14914.9,7491.99,9371.01,4541.52,7133.77,3074.46,2977.64,0.7798,0.7893,0.8322,56,Low,58548.47
63,10,85850.0,57972.34,27877.66,0.3247,12860.19,19914.88,7361.74,9965.8,2670.28,5721.93,4363.55,2898.62,0.8807,0.8083,0.9012,61,Low,56734.89
63,11,85850.0,59862.02,25987.98,0.3027,18178.18,21959.88,6533.4,10805.22,4930.54,3750.78,2686.7,2993.1,0.7573,0.8082,0.8818,56,Low,58279.68
63,12,86700.0,67406.33,19293.67,0.2225,16425.48,25938.43,7302.18,5551.54,4026.55,6256.13,4260.86,3370.32,0.9857,0.7194,0.9058,57,Moderate,66749.55
63,13,86700.0,55321.44,31378.56,0.3619,12896.15,17486.82,4487.17,10868.94,5077.88,3389.04,1521.41,2766.07,0.9549,0.8797,0.9147,66,Low,52956.38
63,14,86700.0,59668.03,27031.97,0.3118,15289.09,20951.52,6864.39,9191.99,4026.1,3942.7,3318.11,2983.4,1.0,0.7544,0.9519,62,Low,56137.86
63,15,86700.0,64904.46,21795.54,0.2514,13488.42,24795.72,7473.41,7518.58,2586.51,3376.93,1539.62,4125.27,0.7683,0.7944,0.7977,54,Moderate,63790.42
63,16,86700.0,62667.12,24032.88,0.2772,16875.63,17091.1,8674.48,7116.16,6236.99,4469.55,2926.53,3133.36,0.7341,0.8532,0.8817,55,Moderate,61179.06
63,17,86700.0,66637.89,20062.11,0.2314,23061.28,17552.35,6845.84,3689.76,4467.76,6869.71,2622.64,1528.55,0.8233,0.8849,0.8934,57,Moderate,64987.55
63,18,87550.0,57868.18,29681.82,0.339,19355.73,21304.61,6997.33,11218.9,2315.23,2616.39,3250.43,2893.41,0.749,0.714,0.7093,55,Low,60808.45
63,19,87550.0,62595.63,24954.37,0.285,13083.68,21142.02,7221.03,11186.67,5003.57,6510.68,1778.91,3129.78,0.7713,0.6545,0.6374,52,Moderate,59060.4
63,20,87550.0,69199.33,18350.67,0.2096,23605.85,22101.61,6729.73,4851.65,3655.81,3275.06,3812.98,1166.64,0.7491,0.7578,0.7617,50,Moderate,68718.09
63,21,87550.0,68243.3,19306.7,0.2205,16757.5,26973.16,6614.43,7342.25,2733.31,4760.62,5132.34,3412.16,0.8049,0.8911,0.7936,56,Moderate,69179.88
63,22,87550.0,65535.07,22014.93,0.2515,21593.26,18738.8,6819.05,11023.75,2334.33,5447.39,4035.21,3276.75,0.9292,0.7004,0.8643,56,Moderate,63011.15
63,23,87550.0,57651.95,29898.05,0.3415,18788.75,14715.01,8522.21,10764.14,4566.71,4947.4,3724.21,2882.6,0.8134,0.7109,0.7479,57,Low,60616.74
64,0,250000.0,129688.44,120311.56,0.4812,34260.9,39909.86,11399.13,13421.97,9973.87,10929.36,6962.44,2830.9,0.5121,0.5703,0.5274,51,Moderate,131333.0
64,1,250000.0,128554.45,121445.55,0.4858,39464.54,39558.42,10957.5,12971.64,6420.46,12936.54,7661.74,6427.72,0.73,0.6497,0.7527,60,Low,132818.54
64,2,250000.0,155078.0,94922.0,0.3797,46756.17,41803.58,13094.21,26700.7,6388.48,8133.05,10492.03,1709.78,0.73,0.6507,0.7744,55,Low,161703.47
64,3,250000.0,136585.26,113414.74,0.4537,27669.09,48136.84,11298.91,11642.0,5624.63,15635.67,6875.37,9702.74,0.6549,0.5986,0.5692,55,Low,136271.88
64,4,250000.0,126302.49,123697.51,0.4948,39329.67,40321.22,13955.99,20372.34,9893.13,11421.5,4775.18,6315.12,0.7022,0.5697,0.7254,57,Low,120413.29
64,5,250000.0,120216.5,129783.5,0.5191,26322.45,43985.99,14742.36,10924.37,3658.86,9571.92,4295.5,6715.06,0.6325,0.6187,0.5996,57,Low,117674.92
64,6,252500.0,161469.09,91030.91,0.3605,44707.57,61817.8,15793.52,15808.0,6604.89,18309.15,11201.01,8073.45,0.4914,0.6555,0.6616,47,Moderate,158576.4
64,7,252500.0,122114.13,130385.87,0.5164,33755.76,48810.6,17650.01,10854.52,11294.3,12234.65,7837.87,6105.71,0.7551,0.548,0.6027,59,Low,117135.22
64,8,252500.0,122025.84,130474.16,0.5167,28268.77,33980.06,15334.95,6298.8,7312.95,12760.25,7043.08,11026.98,0.7318,0.5199,0.6121,58,Low,118309.69
64,9,252500.0,143626.88,108873.12,0.4312,49018.42,50912.46,20221.06,16239.16,11517.23,12874.27,7281.57,7181.34,0.4909,0.5628,0.5668,48,Moderate,148872.2
64,10,252500.0,152702.85,99797.15,0.3952,34570.11,59346.93,13032.95,10319.49,5691.08,13264.52,11708.43,4769.35,0.5049,0.4249,0.5387,43,Moderate,154444.53
64,11,252500.0,142321.7,110178.3,0.4363,47359.17,39991.2,17374.02,24686.92,6145.03,14863.25,8010.32,7116.09,0.6663,0.3761,0.5176,49,Low,145443.63
64,12,255000.0,154433.41,100566.59,0.3944,31373.25,39022.54,20550.4,28651.64,6289.7,13142.93,9177.72,6225.23,0.6497,0.6439,0.7092,53,Low,158495.89
64,13,255000.0,131308.24,123691.76,0.4851,41318.01,51003.71,16426.78,26169.85,8712.45,7135.15,6899.0,6565.41,0.6195,0.397,0.432,50,Low,138504.45
64,14,255000.0,162650.08,92349.92,0.3622,45330.38,59534.79,18545.11,31339.7,11630.8,13015.2,7715.58,8132.5,0.5783,0.5768,0.4792,48,Moderate,164657.62
64,15,255000.0,131852.74,123147.26,0.4829,29505.49,36911.52,13726.72,17962.53,10622.37,11958.83,5655.83,5509.44,0.6382,0.415,0.4833,51,Low,132756.68
64,16,255000.0,132907.88,122092.12,0.4788,41982.3,33810.73,11983.83,7451.06,8495.47,9278.48,10502.63,9403.39,0.476,0.5792,0.5837,50,Moderate,138687.87
64,17,255000.0,141061.83,113938.17,0.4468,39901.85,37183.3,15863.04,18497.77,9663.58,15234.22,4574.44,143.62,0.7461,0.6394,0.7209,58,Low,139963.82
64,18,257500.0,158671.22,98828.78,0.3838,41055.63,57866.53,16860.91,24049.93,12761.84,7701.02,3688.13,7933.56,0.6618,0.5435,0.5242,50,Low,154234.93
64,19,257500.0,164364.22,93135.78,0.3617,40869.9,51480.07,19669.15,30007.3,7097.17,16509.01,12232.92,8218.21,0.5489,0.6166,0.6602,48,Moderate,158563.43
64,20,257500.0,152348.02,105151.98,0.4084,32107.63,48917.8,22643.8,27797.29,8599.46,15907.58,11752.03,7617.4,0.5457,0.5662,0.4676,48,Moderate,148978.01
64,21,257500.0,132724.39,124775.61,0.4846,38197.59,43625.54,16253.69,25069.35,7237.01,6613.83,6503.98,6636.22,0.6655,0.4782,0.5757,53,Low,131389.06
64,22,257500.0,132905.01,124594.99,0.4839,30848.63,45994.35,18952.64,24887.29,7874.04,9324.76,5455.16,6645.25,0.4963,0.6221,0.647,52,Moderate,130714.22
64,23,257500.0,156260.7,101239.3,0.3932,54202.48,39601.67,19848.08,14579.98,9444.95,16274.77,5669.12,7813.03,0.5731,0.4148,0.546,45,Moderate,157329.57
65,0,65000.0,37499.98,27500.02,0.4231,9972.92,11153.73,4056.97,7232.69,2259.71,2140.82,1725.67,1875.0,0.7877,0.6433,0.6374,58,Low,38653.15
65,1,65000.0,42774.64,22225.36,0.3419,14606.0,16801.91,5363.26,2442.06,2552.73,5017.14,2651.69,2138.73,0.5753,0.6343,0.6062,48,Moderate,44453.05
65,2,65000.0,44922.2,20077.8,0.3089,10433.42,13234.82,3614.18,7009.21,2783.12,2948.59,1807.42,3091.44,0.7113,0.7059,0.6961,52,Low,42400.45
65,3,65000.0,36617.5,28382.5,0.4367,12673.76,13411.67,5144.65,7319.1,3011.56,4340.54,1764.8,1830.87,0.7802,0.825,0.7425,63,Low,35058.73
65,4,65000.0,39006.18,25993.82,0.3999,9112.25,12682.78,4503.65,3321.71,1872.8,3941.78,1695.72,1875.48,0.777,0.8333,0.8296,62,Low,37295.7
65,5,65000.0,43408.12,21591.88,0.3322,14979.33,11842.85,4103.38,3272.26,4097.42,1896.01,2698.34,518.53,0.7753,0.6601,0.7668,54,Low,45265.82
65,6,65650.0,39613.13,26036.87,0.3966,12008.24,11574.88,3560.13,2170.73,3515.0,2010.61,2574.14,2199.39,0.8262,0.8115,0.7861,62,Low,37688.0
65,7,65650.0,40222.12,25427.88,0.3873,10453.46,14538.93,3347.86,6719.89,2743.17,2518.9,1862.47,2011.11,0.7273,0.7412,0.7364,57,Low,41556.22
65,8,65650.0,43513.86,22136.14,0.3372,13197.75,11703.11,3723.49,4498.17,4051.74,4345.18,1139.84,854.57,0.7886,0.6558,0.8044,55,Low,41997.98
65,9,65650.0,41745.48,23904.52,0.3641,13134.36,13359.93,5381.14,3778.56,3576.66,2548.63,1418.55,2087.27,0.6047,0.7046,0.5886,52,Low,41664.92
65,10,65650.0,40323.2,25326.8,0.3858,11314.92,11271.99,6022.5,4874.16,1861.41,3118.24,1611.84,248.15,0.6031,0.8628,0.7942,57,Low,38485.9
65,11,65650.0,39373.75,26276.25,0.4002,13426.99,14237.98,4791.1,3162.27,3595.28,3624.08,2205.11,1968.69,0.8219,0.9171,0.8589,65,Low,37143.69
65,12,66300.0,41958.87,24341.13,0.3671,12694.86,15046.6,4330.52,3799.5,3601.63,2214.35,1391.59,2097.94,0.594,0.6977,0.6306,51,Moderate,40778.71
65,13,66300.0,45275.32,21024.68,0.3171,10896.17,12018.3,6259.18,4547.16,4403.3,3742.87,2029.24,1379.09,0.7768,0.7589,0.8006,56,Low,43833.51
65,14,66300.0,44107.48,22192.52,0.3347,14911.52,11243.25,4276.75,8092.32,2736.24,2895.77,1780.06,2205.37,0.6527,0.6686,0.6343,51,Low,42952.06
65,15,66300.0,37689.92,28610.08,0.4315,7921.5,9443.83,5523.59,5757.66,2652.51,3288.5,1929.3,1173.02,0.8698,0.7092,0.8581,63,Low,37064.04
65,16,66300.0,40163.24,26136.76,0.3942,10549.31,14014.05,4310.64,4672.38,1780.21,3474.78,2588.14,2008.16,0.694,0.6248,0.6951,54,Low,40329.68
65,17,66300.0,43179.33,23120.67,0.3487,14257.75,15355.16,6173.45,5925.75,3100.75,4195.57,2332.57,2158.97,0.733,0.9044,0.7964,60,Low,44719.86
65,18,66950.0,43857.43,23092.57,0.3449,12059.96,16917.32,5278.3,8692.56,4221.69,4208.74,2246.37,2192.87,0.8525,0.9076,0.9058,63,Low,46241.78
65,19,66950.0,38204.99,28745.01,0.4294,7672.3,13810.59,3275.0,3826.04,2964.44,3714.93,2384.41,557.28,0.6042,0.8505,0.7081,58,Low,37207.75
65,20,66950.0,39675.51,27274.49,0.4074,12048.04,11069.1,5183.8,3043.37,3788.85,4492.08,1576.56,1983.78,0.6903,0.7092,0.6502,56,Low,39180.0
65,21,66950.0,41300.36,25649.64,0.3831,12352.39,13427.89,4910.81,7250.34,1272.29,4394.13,1753.6,2065.02,0.7663,0.7632,0.7693,59,Low,40600.77
65,22,66950.0,41775.35,25174.65,0.376,11928.58,11378.85,4230.36,8327.52,3188.62,4563.84,1071.31,2088.77,0.7155,0.6777,0.6023,55,Low,40877.3
65,23,66950.0,42065.1,24884.9,0.3717,11654.64,15494.33,4089.32,6649.4,3811.98,2282.01,1529.18,2103.26,0.6244,0.8357,0.6686,56,Low,40399.26
66,0,120000.0,86657.25,33342.75,0.2779,20228.65,30595.73,8974.55,12487.49,4509.52,9980.74,2647.22,4332.86,0.8843,0.8013,0.8968,59,Moderate,83159.13
66,1,120000.0,96991.68,23008.32,0.1917,29285.57,33463.53,8083.11,10439.48,4113.63,5306.55,3505.71,2794.1,0.7915,0.7061,0.8199,50,Moderate,99392.32
66,2,120000.0,84221.8,35778.2,0.2982,26720.0,30266.0,7862.33,10963.24,7761.42,3770.22,4400.24,4211.09,0.7154,0.8726,0.8934,56,Moderate,79281.0
66,3,120000.0,91953.33,28046.67,0.2337,21574.08,36159.42,9686.8,9648.92,5583.13,7994.29,2806.02,4597.67,0.8523,0.7637,0.9077,55,Moderate,98372.51
66,4,120000.0,90882.17,29117.83,0.2426,27147.49,33643.53,9177.83,13833.31,7297.54,4516.17,2033.12,4544.11,0.8742,0.6917,0.8245,54,Moderate,89960.15
66,5,120000.0,98614.75,21385.25,0.1782,20532.63,26446.43,9189.69,8697.48,8548.32,10897.52,3594.33,10708.37,0.6764,0.8339,0.7187,49,Moderate,93961.84
66,6,121200.0,83865.69,37334.31,0.308,18913.6,22384.05,10646.6,15124.3,6889.25,7226.64,1987.95,693.29,0.8981,0.9708,0.8593,65,Low,79111.86
66,7,121200.0,97369.5,23830.5,0.1966,30479.85,26110.7,11668.39,14180.12,3846.3,9477.78,3785.89,4868.47,0.7195,0.7388,0.777,48,Moderate,102756.55
66,8,121200.0,92026.04,29173.96,0.2407,22780.28,25381.67,8005.46,8311.58,8793.67,8227.92,4008.08,6517.38,0.7983,0.7165,0.8536,52,Moderate,87618.25
66,9,121200.0,93024.36,28175.64,0.2325,21725.81,25236.83,8039.93,9236.74,5912.58,8495.19,7441.81,6935.47,0.8532,0.7057,0.844,53,Moderate,97001.92
66,10,121200.0,83038.96,38161.04,0.3149,20261.07,28892.89,8077.77,8183.53,3192.19,7656.75,4887.66,1887.11,0.89,0.9371,0.946,64,Low,85480.18
66,11,121200.0,95588.2,25611.8,0.2113,26821.94,25140.05,10367.47,5088.41,3577.62,10056.07,6197.72,8338.92,0.6828,0.9378,0.804,53,Moderate,100271.16
66,12,122400.0,88824.23,33575.77,0.2743,19283.34,28001.95,9878.23,5132.01,6816.12,4332.39,6702.57,8677.61,0.6769,0.7847,0.7912,52,Moderate,94338.07
66,13,122400.0,92538.72,29861.28,0.244,20411.86,23514.71,9102.63,9456.58,8944.95,8496.17,2015.62,10596.21,0.9347,0.8826,0.9891,61,Moderate,87294.75
66,14,122400.0,86828.83,35571.17,0.2906,27351.41,23596.87,11137.69,11675.61,3848.28,6637.97,3681.11,4341.44,0.8102,0.8699,0.8812,59,Moderate,88821.68
66,15,122400.0,88703.25,33696.75,0.2753,22407.84,31325.5,9979.32,13972.18,8127.41,6568.57,6809.52,4435.16,0.857,0.6958,0.8761,55,Moderate,84208.29
66,16,122400.0,98942.98,23457.02,0.1916,24399.97,28758.62,8046.56,8335.16,5379.62,8521.15,2754.18,12747.72,0.9402,0.8195,0.9414,57,Moderate,103268.5
66,17,122400.0,96537.09,25862.91,0.2113,25890.44,24764.3,12234.65,5063.55,6654.33,10554.43,4882.29,6493.1,0.7205,0.9045,0.7744,53,Moderate,102844.27
66,18,123600.0,101455.31,22144.69,0.1792,32852.19,36193.83,14885.7,7149.67,7976.78,8466.36,4127.01,5072.77,0.8981,0.9286,0.9282,58,Moderate,95962.83
66,19,123600.0,102976.63,20623.37,0.1669,32730.55,33774.38,10081.14,15745.21,3812.14,10682.2,6684.04,5148.83,0.6503,0.8014,0.6443,47,Moderate,98538.34
66,20,123600.0,96990.86,26609.14,0.2153,19658.18,24438.97,10015.56,14231.71,7050.19,5321.55,4493.82,11780.88,0.7488,0.8426,0.7994,53,Moderate,91990.75
66,21,123600.0,97284.33,26315.67,0.2129,23850.92,35642.56,12394.45,17171.96,3909.94,4855.3,4281.74,4864.22,0.9162,0.9731,0.913,61,Moderate,97938.04
66,22,123600.0,104522.43,19077.57,0.1543,24437.16,34666.4,14347.86,5554.07,7795.23,7671.92,4935.79,5114.01,0.7402,0.7535,0.701,47,Moderate,105179.33
66,23,123600.0,88697.24,34902.76,0.2824,27967.34,22838.87,9212.02,6467.16,6651.1,6386.88,3572.84,5601.02,0.7053,0.7157,0.8067,51,Moderate,89412.79
67,0,45000.0,23205.69,21794.31,0.4843,6673.71,7440.25,2274.03,2008.55,1680.08,1569.97,512.48,1046.62,0.2885,0.6523,0.4937,46,Moderate,24795.26
67,1,45000.0,25445.43,19554.57,0.4345,8397.71,9050.61,3282.01,4066.17,2178.55,2554.59,535.62,1272.27,0.2701,0.7577,0.5476,46,Moderate,25149.35
67,2,45000.0,21946.41,23053.59,0.5123,6121.85,5724.8,1906.11,2587.68,1728.94,2376.2,1662.33,1097.32,0.2771,0.6265,0.4723,47,Moderate,22294.86
67,3,45000.0,23542.47,21457.53,0.4768,5205.18,8130.25,2435.56,2946.11,1462.77,2586.27,690.2,86.13,0.4522,0.8182,0.5719,55,Moderate,25038.39
67,4,45000.0,22794.02,22205.98,0.4935,5309.47,8612.12,2805.01,2236.45,1715.66,954.14,1776.56,1139.7,0.4532,0.8125,0.698,56,Moderate,24004.96
67,5,45000.0,24864.46,20135.54,0.4475,5223.34,7835.8,2940.05,4345.81,1627.05,2820.86,517.27,1243.22,0.4728,0.7049,0.6236,51,Moderate,25703.47
67,6,45450.0,23344.78,22105.22,0.4864,5243.77,6257.19,3354.5,3237.0,2131.02,1645.61,809.55,666.14,0.282,0.7964,0.591,50,Moderate,22263.64
67,7,45450.0,27187.85,18262.15,0.4018,8855.91,8388.24,3870.67,3096.64,1239.25,1192.7,1652.96,1359.39,0.2061,0.8389,0.4977,45,Moderate,28456.44
67,8,45450.0,26510.58,18939.42,0.4167,5615.63,8204.1,2668.88,3148.6,2457.29,1834.86,2094.5,486.72,0.4248,0.6062,0.5317,46,Moderate,26055.58
67,9,45450.0,27500.22,17949.78,0.3949,9524.9,10625.3,4120.29,2778.37,2663.37,1420.2,1382.34,1375.01,0.3021,0.6311,0.385,42,Moderate,28431.02
67,10,45450.0,25625.31,19824.69,0.4362,8469.62,7413.59,2232.02,2791.99,2216.97,2843.55,1927.54,1281.27,0.4313,0.6603,0.4755,49,Moderate,25300.23
67,11,45450.0,23260.69,22189.31,0.4882,4699.71,6557.05,2484.22,2350.41,1336.14,1763.38,582.77,3487.01,0.3873,0.7708,0.6595,52,Moderate,23142.42
67,12,45900.0,22007.16,23892.84,0.5205,7324.1,6108.11,3134.0,3221.59,2091.63,1279.23,814.33,1100.36,0.4282,0.6833,0.5338,53,Moderate,21897.17
67,13,45900.0,22753.22,23146.78,0.5043,5184.2,7486.31,3411.77,3180.3,1135.62,1724.4,850.56,1137.66,0.4563,0.6964,0.5395,53,Moderate,22866.23
67,14,45900.0,28096.99,17803.01,0.3879,6107.33,11051.59,4113.7,5379.61,1782.77,2860.28,638.0,1404.85,0.2458,0.7553,0.4835,43,Moderate,27195.46
67,15,45900.0,27293.86,18606.14,0.4054,8896.17,10016.46,2374.22,4117.84,2361.28,2540.62,2053.51,1364.69,0.405,0.6458,0.4664,46,Moderate,27824.06
67,16,45900.0,24874.19,21025.81,0.4581,6440.29,8126.09,2532.74,2368.7,2119.03,1978.01,506.77,802.56,0.447,0.7337,0.6179,52,Moderate,25072.99
67,17,45900.0,22413.91,23486.09,0.5117,7169.56,5689.7,3129.81,4067.46,990.45,1199.49,829.01,1120.7,0.4682,0.8021,0.7155,57,Moderate,22634.82
67,18,46350.0,27887.1,18462.9,0.3983,9626.43,7564.64,3122.64,3109.84,2296.36,1866.49,1286.0,1394.35,0.3104,0.599,0.4546,42,Moderate,27870.82
67,19,46350.0,26060.65,20289.35,0.4377,5385.22,8425.07,2374.47,3963.58,2164.17,2975.23,1563.02,1303.03,0.4811,0.5622,0.6042,48,Moderate,25897.95
67,20,46350.0,24113.23,22236.77,0.4798,6386.93,7303.78,3282.36,4785.84,1516.03,1192.55,851.41,1205.66,0.3948,0.6691,0.6205,50,Moderate,25481.13
67,21,46350.0,26972.08,19377.92,0.4181,5908.96,7535.09,3783.46,3703.82,1290.95,3079.94,1715.97,1348.6,0.2284,0.5784,0.4461,40,Moderate,25964.89
67,22,46350.0,23930.24,22419.76,0.4837,6717.28,9243.25,2622.47,2277.87,1597.87,1097.15,1308.92,1196.51,0.3878,0.7238,0.4733,51,Moderate,25309.32
67,23,46350.0,21749.51,24600.49,0.5308,6183.16,6101.74,2711.0,1142.66,2167.18,1254.67,746.88,1442.22,0.2831,0.739,0.5136,50,Moderate,20772.16
68,0,85000.0,63074.3,21925.7,0.2579,17655.71,18873.63,7692.34,5038.86,4880.62,2813.15,3413.53,2706.46,0.7896,0.3297,0.656,43,Moderate,64945.31
68,1,85000.0,58629.0,26371.0,0.3102,18244.45,15417.59,4866.43,4640.2,5632.26,6244.58,3242.1,341.39,0.8239,0.4406,0.7223,49,Low,61778.06
68,2,85000.0,63505.78,21494.22,0.2529,21591.03,16400.29,6398.72,5727.55,6047.19,2918.1,2816.23,1606.67,0.89,0.3191,0.6431,46,Moderate,64998.22
68,3,85000.0,55473.11,29526.89,0.3474,13458.58,16776.02,6664.47,6263.13,4108.33,5556.84,3915.07,2773.66,0.9342,0.3156,0.5256,51,Low,52237.59
68,4,85000.0,64943.48,20056.52,0.236,16052.23,22592.12,9263.2,12944.64,5039.36,5313.85,4071.58,3247.17,0.9672,0.4911,0.7322,51,Moderate,64088.07
68,5,85000.0,53382.97,31617.03,0.372,13079.7,18069.2,6145.38,3202.82,2406.79,4697.54,3496.38,2285.16,0.9442,0.3311,0.6818,53,Low,53361.59
68,6,85850.0,65093.81,20756.19,0.2418,15588.08,18897.42,8795.53,8541.17,5363.64,6656.63,1392.78,3254.69,0.9382,0.3567,0.6037,47,Moderate,68461.83
68,7,85850.0,67087.08,18762.92,0.2186,19369.21,22814.11,5987.92,4108.5,3314.61,4575.69,4077.15,2839.9,0.863,0.4989,0.7113,48,Moderate,68644.22
68,8,85850.0,60087.53,25762.47,0.3001,14075.34,16953.05,6315.8,4250.66,5657.99,4380.2,4196.84,4257.64,0.7828,0.3437,0.6099,45,Low,61304.25
68,9,85850.0,57214.07,28635.93,0.3336,17915.33,16008.45,8070.18,10022.87,3302.38,5168.84,2498.44,2860.7,0.8623,0.5189,0.7853,53,Low,59464.31
68,10,85850.0,66507.16,19342.84,0.2253,21215.73,19911.42,5478.31,10363.57,3254.39,3295.94,4716.92,3325.36,0.8317,0.2671,0.5952,41,Moderate,63844.43
68,11,85850.0,56250.3,29599.7,0.3448,13263.41,20938.07,5442.27,10901.11,2035.73,5834.47,1180.98,2812.51,0.7848,0.4733,0.6101,50,Low,60076.0
68,12,86700.0,57324.27,29375.73,0.3388,16063.44,14353.47,6609.22,7430.01,3528.79,2903.44,3440.37,2995.53,0.8779,0.4403,0.7231,52,Low,57693.98
68,13,86700.0,59760.41,26939.59,0.3107,18115.75,22834.9,5756.65,4056.48,5318.21,4639.4,3487.23,2988.02,0.7416,0.5501,0.6199,49,Low,61626.97
68,14,86700.0,62315.19,24384.81,0.2813,12843.3,20944.5,7013.0,5582.4,4680.23,4102.31,4269.67,2879.79,0.875,0.2597,0.6594,45,Moderate,64801.78
68,15,86700.0,67591.95,19108.05,0.2204,17639.73,23720.33,9855.99,7056.79,5104.62,7240.33,2190.06,3379.6,0.815,0.5411,0.7645,47,Moderate,66957.36
68,16,86700.0,64150.41,22549.59,0.2601,13587.74,18371.82,5866.83,3876.66,2777.43,3736.15,2819.07,13114.72,0.854,0.5426,0.6017,50,Moderate,61631.86
68,17,86700.0,54785.83,31914.17,0.3681,11666.81,18583.19,4544.87,5555.09,2438.41,5464.03,4282.93,2250.5,0.8828,0.3876,0.7348,52,Low,51811.18
68,18,87550.0,63098.66,24451.34,0.2793,12703.44,17067.89,8990.79,8402.96,5487.13,7123.21,3641.35,3154.93,0.7754,0.4709,0.5919,47,Moderate,64720.18
68,19,87550.0,56957.16,30592.84,0.3494,18340.09,21732.66,7704.98,8257.11,3684.52,3855.63,2682.42,2847.86,0.8893,0.4227,0.6005,52,Low,54976.69
68,20,87550.0,59290.33,28259.67,0.3228,20088.6,19113.48,8612.01,6515.07,2312.88,3356.96,4717.06,2964.52,0.9724,0.4596,0.6689,55,Low,61435.39
68,21,87550.0,68958.0,18592.0,0.2124,22015.0,20245.75,7604.46,13491.18,3189.62,6419.59,1448.92,3447.9,0.7943,0.2596,0.6071,39,Moderate,69466.07
68,22,87550.0,59378.27,28171.73,0.3218,18421.71,17846.68,6198.3,4427.61,2802.74,5385.27,3109.08,1186.87,0.7818,0.4569,0.5255,49,Low,59516.0
68,23,87550.0,58698.29,28851.71,0.3295,16528.91,17741.63,5852.5,9854.59,5220.43,5120.64,3737.47,2934.91,0.8079,0.2844,0.5624,46,Low,60860.74
69,0,120000.0,77695.91,42304.09,0.3525,24531.0,24886.81,10515.78,14835.47,7768.25,4533.32,4831.85,3884.8,0.3822,0.4436,0.3228,38,Moderate,78992.82
69,1,120000.0,81657.4,38342.6,0.3195,21520.92,20523.85,6697.42,13358.57,3890.83,6395.94,4523.73,4746.15,0.4152,0.5459,0.4708,40,Moderate,79302.17
69,2,120000.0,80762.61,39237.39,0.327,26516.64,30820.92,9767.01,15255.5,5995.37,7636.22,2662.96,4038.13,0.4481,0.541,0.4617,41,Moderate,83937.19
69,3,120000.0,71994.1,48005.9,0.4,24095.43,20496.44,7995.68,13481.76,2560.65,8629.49,3112.68,3599.7,0.3476,0.3185,0.3792,36,Moderate,72380.25
69,4,120000.0,77747.35,42252.65,0.3521,23307.72,30901.17,6556.24,11236.73,6700.47,5038.23,3178.43,3887.37,0.2313,0.5604,0.4825,36,Moderate,74407.91
69,5,120000.0,80674.11,39325.89,0.3277,19607.89,20249.08,8984.64,7982.93,3396.63,7427.33,4387.47,8638.15,0.2054,0.4704,0.4268,32,Moderate,76858.99
69,6,121200.0,75801.54,45398.46,0.3746,21079.11,28132.6,9934.31,12918.88,2621.69,8692.33,5361.93,3790.08,0.3676,0.4199,0.4715,38,Moderate,75039.15
69,7,121200.0,77860.64,43339.36,0.3576,22015.01,24750.8,7930.42,14879.1,5991.21,3851.77,3084.37,3893.03,0.3739,0.3347,0.2751,35,Moderate,77352.89
69,8,121200.0,73015.4,48184.6,0.3976,16991.94,28372.56,6762.43,12060.56,6828.42,7210.66,4255.84,3650.77,0.4179,0.4394,0.3643,41,Moderate,73313.19
69,9,121200.0,77490.84,43709.16,0.3606,19956.38,23918.58,11089.42,8832.28,6549.83,4456.77,2224.95,462.63,0.375,0.4171,0.3426,37,Moderate,73813.08
69,10,121200.0,79422.33,41777.67,0.3447,16861.81,30337.76,9036.24,10856.73,5202.38,8813.69,5872.25,3971.12,0.3455,0.5311,0.3937,39,Moderate,81774.44
69,11,121200.0,82007.66,39192.34,0.3234,22708.28,28996.19,9320.99,9254.22,3270.37,8719.55,5934.78,4100.38,0.1843,0.5195,0.2652,33,Moderate,82771.3
69,12,122400.0,78731.45,43668.55,0.3568,16072.64,26676.7,6360.57,5878.15,3606.75,6973.11,1670.61,11492.92,0.3434,0.4693,0.4895,38,Moderate,78569.38
69,13,122400.0,86710.45,35689.55,0.2916,19018.59,24150.36,12459.12,10701.38,4517.13,7216.83,5445.02,3202.03,0.452,0.3617,0.405,35,Moderate,82611.11
69,14,122400.0,84568.58,37831.42,0.3091,27562.28,31878.67,9407.06,5048.45,4717.41,4187.91,5089.93,4228.43,0.2818,0.4192,0.3286,32,Moderate,90399.68
69,15,122400.0,72208.31,50191.69,0.4101,17863.18,28571.75,8423.3,10043.3,4195.94,6647.16,5354.89,3610.42,0.2864,0.5663,0.4031,41,Moderate,72676.78
69,16,122400.0,84735.55,37664.45,0.3077,17779.52,23277.77,8146.12,13323.67,7126.24,9766.66,5173.63,141.94,0.2723,0.5502,0.3299,35,Moderate,80055.29
69,17,122400.0,84157.54,38242.46,0.3124,28027.52,23875.91,10630.65,15538.41,5718.73,7180.8,3107.56,4207.88,0.1931,0.5083,0.4149,32,Moderate,86109.96
69,18,123600.0,89241.74,34358.26,0.278,24662.92,26527.71,12961.16,8346.52,7969.74,5708.22,5861.41,4462.09,0.2664,0.4076,0.4072,30,Moderate,91179.1
69,19,123600.0,87142.57,36457.43,0.295,26182.84,27451.82,8897.98,14161.22,5111.18,7393.5,2141.22,4357.13,0.431,0.3697,0.3995,35,Moderate,92896.23
69,20,123600.0,71121.57,52478.43,0.4246,17496.08,18709.94,9980.09,12046.23,5831.93,3998.65,2291.76,766.88,0.4537,0.3797,0.4351,42,Moderate,74278.41
69,21,123600.0,78972.66,44627.34,0.3611,22910.46,23287.69,7901.89,10707.42,2701.66,9255.69,1692.68,515.18,0.4431,0.5136,0.5462,42,Moderate,77279.78
69,22,123600.0,71459.62,52140.38,0.4218,24523.54,18862.53,8100.35,10733.59,4284.73,8151.41,4450.79,3572.98,0.3928,0.3861,0.4115,40,Moderate,73781.93
69,23,123600.0,70755.13,52844.87,0.4275,15931.17,26069.64,7211.3,10701.61,4651.22,2985.1,1925.41,1279.68,0.4021,0.3649,0.4725,40,Moderate,66948.25
70,0,45000.0,40309.58,4690.42,0.1042,13331.6,12210.28,3658.12,3771.54,2510.39,4192.17,2833.84,2015.48,0.4517,0.9616,0.7323,42,Moderate,42882.53
70,1,45000.0,40531.08,4468.92,0.0993,9689.33,15709.68,5743.37,7680.31,2409.09,3227.52,3053.6,2026.55,0.623,0.9394,0.766,46,High,40419.61
70,2,45000.0,38868.43,6131.57,0.1363,13107.97,15258.71,4129.0,6117.06,2159.33,3970.5,1601.29,1943.42,0.4204,0.6782,0.6143,35,Moderate,41126.87
70,3,45000.0,36136.87,8863.13,0.197,11025.32,12046.03,4630.74,4294.5,3551.4,2820.33,2393.26,1806.84,0.6701,0.9497,0.7357,52,Moderate,37927.13
70,4,45000.0,40646.51,4353.49,0.0967,12046.52,13928.07,5209.61,6408.97,2563.59,4294.08,1010.18,2032.33,0.6126,0.9504,0.7516,46,High,41168.07
70,5,45000.0,34412.48,10587.52,0.2353,9720.78,12672.81,4026.05,6382.13,1367.22,3033.87,1651.45,1720.62,0.6465,0.9389,0.7937,53,Moderate,33543.63
70,6,45450.0,37987.75,7462.25,0.1642,9561.65,11789.27,5243.5,2906.97,1421.9,4415.33,2648.1,1.04,0.5571,0.8029,0.695,44,Moderate,36984.37
70,7,45450.0,40032.77,5417.23,0.1192,8274.13,13945.37,5712.77,5099.63,3452.63,1724.45,932.94,890.85,0.5522,0.8994,0.7836,44,Moderate,42320.89
70,8,45450.0,41179.91,4270.09,0.094,13646.26,16016.38,4166.63,7289.25,2933.45,1825.34,2776.22,2059.0,0.6825,0.9307,0.8933,47,High,41171.06
70,9,45450.0,38488.49,6961.51,0.1532,10273.31,13368.13,3450.53,3292.7,3104.42,4302.45,1859.09,1924.42,0.494,0.7292,0.6709,39,Moderate,41180.25
70,10,45450.0,36574.15,8875.85,0.1953,9547.11,13012.47,5247.22,2689.48,2695.68,2641.96,2021.8,1828.71,0.6975,0.7822,0.6434,49,Moderate,38633.61
70,11,45450.0,41936.27,3513.73,0.0773,10205.85,15948.05,4093.11,5301.42,2723.81,2446.4,1209.19,8.45,0.5223,0.6797,0.5198,36,High,42648.31
70,12,45900.0,35608.16,10291.84,0.2242,7216.89,9541.26,3822.32,4561.67,1890.3,2463.28,859.59,5252.85,0.5242,0.7034,0.6142,43,Moderate,36897.37
70,13,45900.0,37936.39,7963.61,0.1735,12632.85,11088.02,4429.0,4874.45,2997.26,4252.72,1434.79,1896.82,0.6839,0.7201,0.6876,46,Moderate,39041.11
70,14,45900.0,35153.18,10746.82,0.2341,8172.58,11783.67,4751.57,2541.13,2929.07,2963.08,1035.79,976.29,0.6741,0.8464,0.7599,51,Moderate,36527.56
70,15,45900.0,37050.73,8849.27,0.1928,7925.2,10393.27,4338.26,2127.91,3504.71,2328.61,1366.71,5066.06,0.5916,0.8751,0.8019,48,Moderate,38667.09
70,16,45900.0,36504.64,9395.36,0.2047,8916.04,9743.74,3435.16,7227.34,2678.37,3832.85,805.03,1825.23,0.5067,0.7533,0.5945,43,Moderate,38346.96
70,17,45900.0,35418.69,10481.31,0.2284,10667.05,8921.6,3998.1,2291.87,3091.44,2717.67,1908.99,1821.95,0.6235,0.7539,0.7115,47,Moderate,35576.18
70,18,46350.0,35485.01,10864.99,0.2344,8565.84,13000.4,3617.27,7030.08,1913.66,3141.45,1007.12,1774.25,0.5129,0.7252,0.5956,44,Moderate,37330.24
70,19,46350.0,42278.64,4071.36,0.0878,13839.76,14934.16,5968.62,3389.39,1704.09,2747.5,2290.01,2113.93,0.4751,0.7284,0.5433,36,High,42359.8
70,20,46350.0,41314.83,5035.17,0.1086,10211.81,10781.82,5182.74,6014.21,1939.71,3627.32,3118.1,439.12,0.6912,0.7131,0.6339,43,Moderate,39085.75
70,21,46350.0,40426.03,5923.97,0.1278,11183.54,11535.96,4116.92,7691.04,1593.16,3183.85,849.45,272.1,0.58,0.897,0.8367,45,Moderate,42850.0
70,22,46350.0,39929.01,6420.99,0.1385,8117.99,12589.31,3920.96,2455.28,3965.06,3175.39,2126.87,3578.14,0.5124,0.8163,0.7213,42,Moderate,39568.13
70,23,46350.0,36860.02,9489.98,0.2047,10082.72,12579.95,3627.14,2225.85,1959.67,4176.28,2130.36,78.05,0.5559,0.9072,0.7172,48,Moderate,37746.0
71,0,25000.0,15708.17,9291.83,0.3717,5020.3,6256.5,1617.43,1029.06,1114.95,1388.68,699.78,785.41,0.3968,0.7997,0.6956,48,Moderate,14889.63
71,1,25000.0,14924.46,10075.54,0.403,5173.84,5725.79,1272.76,2216.57,489.1,1777.33,835.06,746.22,0.4441,0.7429,0.6502,50,Moderate,14970.87
71,2,25000.0,15880.25,9119.75,0.3648,3531.67,6081.47,1783.13,3165.44,767.75,1344.1,849.06,794.01,0.1953,0.8979,0.5723,44,Moderate,15570.45
71,3,25000.0,17681.65,7318.35,0.2927,5444.07,5381.96,2477.12,1739.09,1752.1,797.91,670.8,884.08,0.337,0.726,0.474,41,Moderate,18334.3
71,4,25000.0,16601.33,8398.67,0.3359,4280.85,6117.28,1864.81,834.01,1187.29,998.93,436.66,881.51,0.3707,0.7938,0.5083,46,Moderate,17367.11
71,5,25000.0,16778.05,8221.95,0.3289,5589.89,6690.03,1919.13,1726.23,1592.89,1459.82,1340.91,838.9,0.3283,0.7824,0.4828,44,Moderate,16964.09
71,6,25250.0,14716.8,10533.2,0.4172,3912.78,5210.43,1534.85,1780.8,1007.32,1561.89,377.45,735.84,0.4107,0.8071,0.646,51,Moderate,14439.59
71,7,25250.0,18086.47,7163.53,0.2837,3717.71,6819.39,1705.62,1341.09,570.13,1146.4,554.79,2231.34,0.3301,0.6471,0.5485,38,Moderate,17988.92
71,8,25250.0,15777.05,9472.95,0.3752,5001.91,5345.75,1599.26,983.8,1423.59,860.25,791.82,788.85,0.2923,0.6686,0.5749,42,Moderate,16198.7
71,9,25250.0,17464.23,7785.77,0.3083,5292.95,4828.79,1778.58,2435.29,1324.08,913.27,1269.39,873.21,0.4409,0.796,0.5587,47,Moderate,17685.89
71,10,25250.0,15606.46,9643.54,0.3819,4861.57,4639.99,2104.09,979.64,1324.3,1202.0,856.7,780.32,0.2331,0.7209,0.5026,42,Moderate,15979.37
71,11,25250.0,15936.18,9313.82,0.3689,4180.21,4240.0,1523.14,1574.62,723.71,1710.85,451.05,1532.6,0.2192,0.7574,0.4277,42,Moderate,15080.75
71,12,25500.0,18852.97,6647.03,0.2607,6366.19,5404.48,1530.11,1543.45,1260.13,1998.12,1012.17,942.65,0.1843,0.6436,0.4417,33,Moderate,17871.76
71,13,25500.0,15204.79,10295.21,0.4037,4467.65,5503.48,2022.95,2565.71,898.18,1756.73,1170.54,760.24,0.4112,0.8059,0.5418,50,Moderate,14480.55
71,14,25500.0,16577.71,8922.29,0.3499,5573.21,4261.56,1730.07,956.27,1180.93,1427.84,398.03,1049.8,0.187,0.7498,0.4962,40,Moderate,16937.82
71,15,25500.0,18205.22,7294.78,0.2861,5355.37,4778.81,2340.49,3196.19,1632.2,2006.42,389.5,910.26,0.3023,0.7134,0.4135,39,Moderate,18769.9
71,16,25500.0,16599.73,8900.27,0.349,5409.42,4432.62,1521.52,2084.08,1401.27,1902.8,391.72,829.99,0.196,0.8649,0.5755,43,Moderate,16728.68
71,17,25500.0,15201.95,10298.05,0.4038,4146.37,5072.24,1683.12,2104.08,758.54,1768.8,753.58,760.1,0.2824,0.8576,0.509,48,Moderate,16055.62
71,18,25750.0,15803.4,9946.6,0.3863,3450.51,4855.05,1859.51,2671.09,607.84,1257.72,1028.98,72.7,0.196,0.6449,0.3757,39,Moderate,14987.12
71,19,25750.0,16211.44,9538.56,0.3704,4999.91,4877.97,1973.42,2796.18,1016.94,1784.41,1258.53,810.57,0.3336,0.7836,0.6174,46,Moderate,16808.92
71,20,25750.0,17741.94,8008.06,0.311,3697.32,4923.03,1704.45,1400.49,1441.34,1733.13,862.05,1980.12,0.2542,0.8772,0.5885,43,Moderate,16708.57
71,21,25750.0,18514.37,7235.63,0.281,5232.13,5617.4,2027.69,3477.19,1044.21,1986.53,1307.36,925.72,0.3959,0.8611,0.6986,46,Moderate,19775.61
71,22,25750.0,16069.07,9680.93,0.376,4545.85,4259.16,1702.96,1888.61,577.53,1904.82,748.02,442.11,0.4445,0.8178,0.6366,50,Moderate,16047.7
71,23,25750.0,15607.87,10142.13,0.3939,5254.01,4068.93,2178.28,2441.92,581.22,666.42,473.74,780.39,0.3055,0.9161,0.5975,49,Moderate,16216.11
72,0,45000.0,21557.7,23442.3,0.5209,4523.33,7402.68,3171.25,2812.3,660.86,1667.6,1547.23,1077.88,0.3787,0.8058,0.5981,54,Moderate,22652.89
72,1,45000.0,19678.27,25321.73,0.5627,4118.95,6456.6,1912.26,3091.85,1041.15,882.8,911.63,1263.04,0.3893,0.6722,0.6076,53,Moderate,20965.87
72,2,45000.0,21198.57,23801.43,0.5289,5073.32,6605.63,2589.45,2331.48,894.97,2156.15,1183.14,364.42,0.3039,0.727,0.4766,51,Moderate,20874.15
72,3,45000.0,20987.52,24012.48,0.5336,5879.43,8153.85,1956.1,3927.16,1912.77,1922.2,1615.15,1049.38,0.4496,0.8462,0.5694,58,Moderate,20598.2
72,4,45000.0,21513.52,23486.48,0.5219,4816.42,6866.53,3217.41,2540.31,931.86,1778.55,1210.92,151.52,0.3752,0.6913,0.5815,52,Moderate,22535.68
72,5,45000.0,15706.44,29293.56,0.651,3624.33,4201.21,2160.28,3110.49,1333.23,1414.37,786.79,785.32,0.3975,0.9125,0.6334,64,Moderate,14901.88
72,6,45450.0,18067.4,27382.6,0.6025,5533.21,6254.19,2177.76,2452.53,847.41,1552.72,1361.54,903.37,0.5571,0.7787,0.689,63,Moderate,18041.91
72,7,45450.0,15709.93,29740.07,0.6543,5006.79,5355.76,1262.67,1762.6,676.92,1044.62,866.22,785.5,0.4156,0.883,0.6602,63,Moderate,16340.84
72,8,45450.0,17873.86,27576.14,0.6067,6027.23,4473.47,2076.64,964.22,1542.17,976.04,747.17,1066.92,0.3965,0.7525,0.5535,58,Moderate,17660.31
72,9,45450.0,20128.35,25321.65,0.5571,4622.3,6959.0,1981.29,2340.71,619.43,2227.9,1104.85,272.88,0.321,0.7889,0.6086,54,Moderate,19374.27
72,10,45450.0,21280.87,24169.13,0.5318,4588.61,6749.62,1906.08,4081.17,1487.66,1601.04,718.12,148.57,0.3545,0.6735,0.6076,51,Moderate,21575.99
72,11,45450.0,17395.22,28054.78,0.6173,3625.33,6110.63,1586.68,1194.14,1550.7,2063.31,642.46,621.97,0.2785,0.9074,0.655,58,Moderate,16395.73
72,12,45900.0,16683.43,29216.57,0.6365,3542.84,6123.44,2467.76,2721.92,1352.96,1614.16,1173.33,834.17,0.4325,0.8595,0.6095,63,Moderate,15943.25
72,13,45900.0,21712.53,24187.47,0.527,4665.23,8574.84,2812.59,1186.64,1387.32,1832.09,722.94,530.87,0.3774,0.7508,0.4744,53,Moderate,21851.14
72,14,45900.0,16608.26,29291.74,0.6382,3681.53,6592.88,2373.52,3098.28,1436.58,1201.81,1185.33,830.41,0.4049,0.6807,0.4538,57,Moderate,15715.42
72,15,45900.0,18715.26,27184.74,0.5923,4767.55,6954.48,1907.32,2233.99,1517.82,1505.54,1368.22,935.76,0.4719,0.8411,0.6416,61,Moderate,19502.84
72,16,45900.0,18744.17,27155.83,0.5916,5422.58,5374.02,1949.22,3153.85,1150.52,1825.57,1171.2,937.21,0.4086,0.7475,0.6394,57,Moderate,18255.43
72,17,45900.0,16076.51,29823.49,0.6497,4051.23,4284.62,2272.56,3207.24,1109.96,1680.3,815.95,803.83,0.4829,0.8927,0.7196,66,Moderate,15275.63
72,18,46350.0,20588.24,25761.76,0.5558,5942.86,5755.77,2758.04,2342.81,776.83,2445.72,857.09,1029.41,0.3425,0.891,0.5309,57,Moderate,21968.68
72,19,46350.0,22278.14,24071.86,0.5193,7140.58,8356.71,3306.88,2520.62,1682.11,1694.33,622.35,1113.91,0.2998,0.872,0.6632,54,Moderate,21970.64
72,20,46350.0,17328.44,29021.56,0.6261,3974.42,4635.44,2199.07,3353.04,713.41,1853.3,782.22,866.42,0.4807,0.9049,0.6616,65,Moderate,18429.54
72,21,46350.0,20131.59,26218.41,0.5657,4953.01,5862.07,1868.54,2569.2,1075.87,2378.34,780.45,644.11,0.5093,0.9242,0.6707,63,Moderate,20479.21
72,22,46350.0,19821.28,26528.72,0.5724,6429.92,6078.92,2531.99,1923.0,1401.92,2129.17,1381.31,991.06,0.2995,0.7906,0.5356,54,Moderate,19939.85
72,23,46350.0,16019.47,30330.53,0.6544,4327.71,5760.32,1902.28,2446.75,849.44,1012.26,748.03,800.97,0.4357,0.8655,0.591,64,Moderate,15278.1
73,0,45000.0,34485.47,10514.53,0.2337,11657.21,10729.19,5059.81,5756.35,1563.46,3630.24,1712.76,1724.27,0.795,0.7095,0.6795,52,Moderate,35301.68
73,1,45000.0,37929.67,7070.33,0.1571,10619.75,11915.99,3727.53,3019.11,3575.71,4290.53,2475.55,1896.48,0.7519,0.6008,0.5967,44,Moderate,36177.64
73,2,45000.0,33329.76,11670.24,0.2593,8945.65,11791.27,3605.34,2965.81,1987.16,3642.69,1539.03,1666.49,0.9209,0.8034,0.8293,59,Moderate,35051.53
73,3,45000.0,37393.88,7606.12,0.169,12140.64,12597.71,4678.63,3075.78,2280.16,3240.1,1760.28,1869.69,0.7473,0.6469,0.6538,46,Moderate,37212.89
73,4,45000.0,38744.94,6255.06,0.139,11833.29,11426.25,4597.45,6880.2,2335.59,4313.79,948.72,1937.25,0.7464,0.7205,0.6482,46,Moderate,38192.01
73,5,45000.0,33167.79,11832.21,0.2629,10008.96,13057.27,4920.15,5118.51,2437.13,1983.58,2617.82,1658.39,0.8862,0.8389,0.9263,59,Moderate,33443.46
73,6,45450.0,33658.02,11791.98,0.2594,10707.45,10947.43,4051.52,3869.09,2717.63,1827.52,706.19,1682.9,0.71,0.7491,0.7698,51,Moderate,35182.27
73,7,45450.0,40409.29,5040.71,0.1109,8249.84,13992.38,3876.29,4486.23,2681.34,4389.77,1504.94,1228.51,0.6627,0.8482,0.6708,46,Moderate,41180.37
73,8,45450.0,36273.85,9176.15,0.2019,8773.61,11736.5,3331.56,3390.97,2234.78,4209.94,1971.03,625.46,0.8189,0.7202,0.7107,51,Moderate,35654.54
73,9,45450.0,35632.86,9817.14,0.216,8479.08,9749.1,3989.57,3929.6,1718.85,4047.19,1084.78,2634.69,0.8952,0.6532,0.8263,52,Moderate,36012.32
73,10,45450.0,40127.33,5322.67,0.1171,11576.73,15101.21,4015.32,3872.13,3018.93,3405.98,2205.15,2006.37,0.7809,0.6049,0.6109,43,Moderate,38831.79
73,11,45450.0,32586.82,12863.18,0.283,7336.32,11478.56,4777.78,6364.07,3120.86,3189.41,1181.85,1629.34,0.8869,0.6534,0.6782,55,Moderate,34773.07
73,12,45900.0,34368.1,11531.9,0.2512,11833.11,10565.8,2851.97,1943.72,2936.08,1873.11,978.15,1386.15,0.9225,0.6214,0.6792,54,Moderate,35070.16
73,13,45900.0,36684.95,9215.05,0.2008,9097.43,9870.99,4537.25,4951.62,1670.69,1764.2,1791.15,3001.61,0.8176,0.7634,0.7688,52,Moderate,39157.5
73,14,45900.0,35344.34,10555.66,0.23,7689.78,12873.62,4701.57,3409.83,1514.08,2594.09,1333.63,1227.74,0.8196,0.5872,0.7038,49,Moderate,37426.06
73,15,45900.0,32941.07,12958.93,0.2823,7736.17,9567.44,3677.15,5116.63,1962.81,3297.11,1848.56,1647.05,0.8687,0.5918,0.736,53,Moderate,33276.58
73,16,45900.0,39193.09,6706.91,0.1461,10168.56,12727.55,3147.82,5985.12,1636.88,3330.05,869.97,1327.13,0.7171,0.6434,0.5948,44,Moderate,37492.22
73,17,45900.0,35955.11,9944.89,0.2167,9293.03,12287.81,5325.69,7138.05,2626.05,3610.76,1746.07,1797.76,0.7555,0.6917,0.6849,49,Moderate,38351.59
73,18,46350.0,33700.04,12649.96,0.2729,8590.65,8549.25,4092.68,2888.86,2072.3,1658.38,863.3,4984.62,0.8836,0.5902,0.8336,53,Moderate,35870.84
73,19,46350.0,38427.59,7922.41,0.1709,9067.37,15135.87,4475.29,5365.31,1516.4,3193.58,2706.98,1921.38,0.9201,0.579,0.8174,49,Moderate,36963.31
73,20,46350.0,39117.23,7232.77,0.156,12128.82,10250.67,4644.54,4832.85,3612.96,4054.79,912.26,1955.86,0.6748,0.618,0.5946,42,Moderate,39291.17
73,21,46350.0,40684.86,5665.14,0.1222,11982.93,11464.82,5986.31,6065.13,2315.43,4742.69,2354.59,2034.24,0.7045,0.6148,0.5926,42,Moderate,39370.08
73,22,46350.0,35809.37,10540.63,0.2274,7943.52,13351.32,3296.49,2533.92,3337.31,2253.3,1745.05,1348.48,0.7506,0.8617,0.8247,54,Moderate,35995.55
73,23,46350.0,35712.33,10637.67,0.2295,10532.05,9163.77,5071.56,5462.2,1613.46,1817.44,2125.29,1785.62,0.7117,0.6453,0.6394,47,Moderate,35103.12
74,0,25000.0,15573.61,9426.39,0.3771,3282.02,4959.51,1273.5,2677.28,1020.15,1713.07,389.71,258.36,0.7899,0.8641,0.8634,62,Low,16244.4
74,1,25000.0,16576.42,8423.58,0.3369,3671.74,5963.12,2327.85,1182.56,624.28,1789.76,927.84,89.28,0.9092,1.0,0.9695,67,Low,17696.2
74,2,25000.0,13435.49,11564.51,0.4626,4089.82,3818.07,1104.13,1920.44,956.71,1363.25,766.75,671.77,0.7906,0.9806,0.8597,69,Low,12692.39
74,3,25000.0,14055.29,10944.71,0.4378,3744.41,4638.82,1941.43,1283.79,765.55,865.39,901.18,702.76,0.6917,1.0,0.7811,65,Low,13781.48
74,4,25000.0,15349.99,9650.01,0.386,4557.37,5959.05,1753.7,1753.8,662.67,1586.74,495.07,767.5,0.7658,0.8916,0.8857,62,Low,16027.45
74,5,25000.0,14241.1,10758.9,0.4304,4321.44,4922.96,1986.19,2562.03,918.28,957.32,482.94,712.06,0.8437,0.8607,0.8869,66,Low,14486.77
74,6,25250.0,16481.35,8768.65,0.3473,4111.85,4401.82,2310.7,1862.67,894.02,1161.91,1063.8,674.58,0.9773,0.8227,0.973,65,Low,16302.76
74,7,25250.0,14524.95,10725.05,0.4248,4693.93,4674.47,1529.75,2132.91,1098.9,840.24,490.94,726.25,0.9569,1.0,0.8854,72,Low,15358.47
74,8,25250.0,15748.48,9501.52,0.3763,4028.28,3977.55,1486.77,2588.01,808.78,1588.52,366.97,903.61,0.7535,0.9185,0.8905,62,Low,16298.81
74,9,25250.0,14514.82,10735.18,0.4252,4692.17,3931.06,2110.98,2108.35,565.57,617.83,1140.48,725.74,0.9024,0.8248,0.9427,66,Low,14502.65
74,10,25250.0,13064.05,12185.95,0.4826,3455.63,5166.59,1924.59,1430.8,752.11,1545.82,1036.59,653.2,0.9729,0.9618,0.9024,74,Low,13461.77
74,11,25250.0,14739.59,10510.41,0.4163,4328.97,5833.19,2011.47,1939.59,999.22,1535.75,1110.51,736.98,0.8766,0.9262,0.8015,68,Low,15290.56
74,12,25500.0,15314.08,10185.92,0.3994,3289.34,4216.86,1835.41,1528.4,1297.01,711.66,1197.71,1237.68,0.8367,0.9357,0.977,66,Low,14651.47
74,13,25500.0,14846.49,10653.51,0.4178,3392.51,3743.29,1778.62,1068.33,906.06,819.99,847.16,2290.53,0.9645,0.8914,0.9579,70,Low,14705.64
74,14,25500.0,16754.61,8745.39,0.343,5010.65,4327.33,2426.31,2958.31,1353.8,1683.32,1187.08,837.73,0.7707,0.95,0.8396,62,Low,17572.16
74,15,25500.0,15638.98,9861.02,0.3867,4047.41,5875.31,1917.95,2718.61,1193.18,1097.56,602.83,781.95,0.9179,0.8603,0.8365,66,Low,16088.41
74,16,25500.0,16386.44,9113.56,0.3574,3998.53,5821.3,2078.05,1439.01,965.15,1092.29,1187.97,819.32,0.717,0.822,0.6881,58,Low,15811.99
74,17,25500.0,15025.9,10474.1,0.4107,3346.28,5074.31,1256.54,784.6,747.19,604.77,469.4,2742.81,0.8084,0.9123,0.9473,65,Low,14937.34
74,18,25750.0,16519.77,9230.23,0.3585,4062.33,6447.55,1541.02,2221.59,728.27,1963.23,944.57,825.99,0.9066,1.0,0.9541,68,Low,16055.1
74,19,25750.0,13743.37,12006.63,0.4663,3816.02,4766.25,1677.13,895.06,567.17,1323.14,531.34,167.26,0.9481,1.0,1.0,74,Low,14488.49
74,20,25750.0,13934.04,11815.96,0.4589,4328.54,3743.83,1147.16,875.3,1065.49,1250.16,690.05,833.51,0.7655,0.9507,0.9247,67,Low,14449.5
74,21,25750.0,15833.38,9916.62,0.3851,3573.8,4258.56,2094.51,2311.77,518.47,1858.03,1035.87,182.38,0.936,0.987,1.0,70,Low,14895.08
74,22,25750.0,15246.62,10503.38,0.4079,4226.54,5100.08,1941.52,1406.14,1176.84,798.22,335.65,261.64,0.8083,0.814,0.8602,62,Low,15199.17
74,23,25750.0,16363.52,9386.48,0.3645,4320.13,6113.47,1426.56,899.56,1182.11,1060.3,524.75,836.65,0.9405,0.9372,0.9734,68,Low,16651.32
75,0,250000.0,198316.82,51683.18,0.2067,44554.86,51943.74,28202.24,24242.11,15586.07,18144.85,8084.39,7558.56,0.6156,0.4676,0.507,39,Moderate,198840.49
75,1,250000.0,169249.35,80750.65,0.323,53585.4,65418.52,17952.38,23226.94,8314.74,10948.95,12347.98,8462.47,0.6887,0.4489,0.5144,46,Low,164803.68
75,2,250000.0,197060.78,52939.22,0.2118,59096.74,57733.39,23780.68,35001.69,19601.54,8025.63,15641.26,9853.04,0.642,0.5518,0.6814,42,Moderate,195439.08
75,3,250000.0,195055.27,54944.73,0.2198,59826.5,55302.85,16027.01,23940.24,12202.73,10174.03,14280.76,3301.15,0.7062,0.5569,0.7208,44,Moderate,191367.88
75,4,250000.0,172539.23,77460.77,0.3098,37586.26,64469.05,15038.13,14106.67,11376.13,14594.89,4505.42,10862.67,0.687,0.4816,0.5325,46,Low,165407.75
75,5,250000.0,171511.47,78488.53,0.314,51602.28,66864.29,16507.13,33943.1,15593.33,19485.35,6895.34,8575.57,0.6717,0.5356,0.6076,47,Low,170794.31
75,6,252500.0,172337.77,80162.23,0.3175,55776.04,66571.66,15368.89,19417.0,6088.63,8570.18,10022.15,8616.89,0.6396,0.6976,0.5969,50,Low,183349.1
75,7,252500.0,200817.68,51682.32,0.2047,63782.59,72944.76,22419.21,10419.33,16777.3,9768.26,11701.97,10040.88,0.6176,0.6714,0.6172,44,Moderate,198092.83
75,8,252500.0,172756.21,79743.79,0.3158,48582.0,49265.86,21284.03,30215.87,16452.51,19120.04,10690.96,8637.81,0.6126,0.4806,0.5069,44,Low,175127.11
75,9,252500.0,177329.15,75170.85,0.2977,46955.18,58086.36,23690.2,12856.6,15629.04,16525.61,11327.24,8866.46,0.65,0.4332,0.5625,43,Moderate,177650.24
75,10,252500.0,167182.02,85317.98,0.3379,54172.6,52432.84,24521.17,26250.87,10012.84,8658.26,8275.08,8359.1,0.7982,0.5068,0.6785,51,Low,174569.97
75,11,252500.0,176646.65,75853.35,0.3004,53632.79,56248.15,19396.47,29627.33,12268.44,20061.16,7429.09,8832.33,0.7806,0.6795,0.827,53,Low,181606.94
75,12,255000.0,171973.44,83026.56,0.3256,56106.65,54729.07,17338.26,24450.83,14218.33,20546.31,9060.7,8598.67,0.7669,0.4152,0.6011,48,Low,169078.56
75,13,255000.0,180116.15,74883.85,0.2937,57945.18,63077.22,26984.12,10109.1,6778.85,14270.46,7777.87,9005.81,0.6626,0.4972,0.5557,45,Moderate,175096.48
75,14,255000.0,193484.05,61515.95,0.2412,53853.43,55177.74,17226.91,17335.24,17685.12,8455.07,7210.02,16540.52,0.8531,0.6622,0.8517,53,Moderate,200683.35
75,15,255000.0,195329.49,59670.51,0.234,57707.26,77561.53,26699.0,33953.68,7698.93,20240.22,9233.83,9766.47,0.6435,0.6658,0.5863,46,Moderate,197591.54
75,16,255000.0,192976.45,62023.55,0.2432,40012.51,49358.77,18016.48,11060.18,16472.29,14876.7,13585.08,29594.44,0.8415,0.6453,0.6529,52,Moderate,199517.72
75,17,255000.0,180161.2,74838.8,0.2935,41304.51,51691.7,21264.25,10692.46,12593.55,12090.05,7262.58,23262.1,0.7663,0.4422,0.5221,47,Moderate,191105.34
75,18,257500.0,173767.96,83732.04,0.3252,44768.28,45288.27,20402.88,16114.44,14285.12,7699.21,7531.02,17678.73,0.7041,0.4516,0.5024,47,Low,183502.05
75,19,257500.0,195271.23,62228.77,0.2417,62354.01,77033.16,24714.81,38356.73,15601.29,12850.05,8580.53,9763.56,0.6897,0.615,0.6389,46,Moderate,185722.42
75,20,257500.0,201968.69,55531.31,0.2157,65879.56,65108.97,20011.07,33874.94,6972.89,12980.33,8442.14,10098.43,0.874,0.4989,0.7601,48,Moderate,196035.95
75,21,257500.0,188826.63,68673.37,0.2667,39449.57,47967.75,22607.15,19102.62,17723.11,8399.12,10994.62,22582.67,0.7103,0.6858,0.7482,50,Moderate,182532.8
75,22,257500.0,177894.72,79605.28,0.3091,58591.66,47599.56,16649.31,17539.51,9036.49,16299.52,5624.28,6554.39,0.6775,0.5456,0.5596,47,Low,188988.28
75,23,257500.0,170579.4,86920.6,0.3376,46741.78,53209.31,15192.0,29074.23,12639.44,7260.68,5934.32,527.63,0.6396,0.4172,0.5069,44,Low,165607.22
76,0,85000.0,42586.35,42413.65,0.499,13082.37,10736.73,6079.46,6243.14,1342.6,2850.37,2363.7,2129.32,0.6026,0.5657,0.5726,54,Low,41340.29
76,1,85000.0,45866.83,39133.17,0.4604,11056.6,15685.73,5620.37,6786.0,2624.19,3170.28,1037.45,2293.34,0.4917,0.5569,0.539,49,Moderate,47827.35
76,2,85000.0,48018.95,36981.05,0.4351,10848.84,18807.19,4972.01,4800.59,4426.21,5305.62,1269.53,2400.95,0.6039,0.5927,0.6746,52,Low,50828.68
76,3,85000.0,42230.64,42769.36,0.5032,12459.93,14437.09,4661.02,2270.12,2495.45,2586.69,2319.55,1000.79,0.688,0.6822,0.7766,60,Low,40180.37
76,4,85000.0,47203.78,37796.22,0.4447,10985.92,13538.3,6742.65,3759.76,2664.11,2988.88,3192.39,3331.77,0.699,0.6462,0.5882,57,Low,45430.53
76,5,85000.0,53467.29,31532.71,0.371,13791.17,15591.28,7325.76,8958.29,1960.79,3430.38,4192.73,2673.36,0.4816,0.5828,0.47,45,Moderate,53149.44
76,6,85850.0,50588.37,35261.63,0.4107,14303.17,15134.93,7353.25,3358.9,2979.03,3244.38,3292.12,922.58,0.501,0.4816,0.4229,45,Moderate,51696.88
76,7,85850.0,48156.42,37693.58,0.4391,14645.88,16449.32,6181.56,5467.56,3700.57,5750.63,3787.2,2407.82,0.6796,0.5594,0.6337,54,Low,45887.85
76,8,85850.0,45155.22,40694.78,0.474,13207.94,16177.85,6617.76,4056.36,3093.13,5029.19,2089.46,2257.76,0.5754,0.6398,0.5862,54,Moderate,44277.86
76,9,85850.0,49167.53,36682.47,0.4273,12262.41,19517.41,6706.67,8176.06,3741.81,2684.8,1317.18,2458.38,0.4877,0.506,0.4667,46,Moderate,49855.67
76,10,85850.0,52280.51,33569.49,0.391,12835.63,18129.74,4208.06,5047.27,3606.02,4863.23,1303.03,2287.53,0.6075,0.5168,0.6165,48,Low,51463.2
76,11,85850.0,48292.85,37557.15,0.4375,16885.05,14585.56,4339.11,5107.21,2875.29,5027.46,1358.43,2414.64,0.4931,0.4762,0.467,46,Moderate,49946.02
76,12,86700.0,55424.54,31275.46,0.3607,18277.4,15344.66,5024.24,7143.13,5394.35,3513.47,2062.92,2771.23,0.4811,0.4977,0.4112,43,Moderate,56321.7
76,13,86700.0,56310.29,30389.71,0.3505,11884.32,16392.82,7561.68,3000.28,2773.18,5558.12,1909.91,7229.99,0.6287,0.6489,0.5809,50,Low,55395.94
76,14,86700.0,51760.14,34939.86,0.403,11392.74,19053.92,7599.53,3652.08,1891.82,2491.93,1421.48,4256.63,0.6373,0.3948,0.4246,47,Low,49555.81
76,15,86700.0,46626.9,40073.1,0.4622,12837.44,16757.7,4681.03,6412.27,2038.48,3322.85,2702.33,2331.35,0.7634,0.5661,0.7603,57,Low,49445.79
76,16,86700.0,44626.75,42073.25,0.4853,10408.73,15761.39,5398.03,5069.68,2794.97,2031.26,2260.37,902.33,0.5848,0.6396,0.6514,55,Moderate,45568.58
76,17,86700.0,50065.03,36634.97,0.4225,11786.43,19688.11,4578.96,3750.8,3658.46,2489.75,1198.09,2914.42,0.7555,0.6619,0.6304,58,Low,53146.46
76,18,87550.0,56315.33,31234.67,0.3568,15344.23,21610.83,7231.38,8136.81,5123.62,2291.08,4070.41,2815.77,0.7268,0.4069,0.5393,48,Low,58296.79
76,19,87550.0,56155.29,31394.71,0.3586,19588.7,14697.19,7880.61,10665.66,1752.67,5215.9,2181.55,2807.76,0.6783,0.6135,0.6784,51,Low,54464.98
76,20,87550.0,53806.21,33743.79,0.3854,18061.85,15686.2,7474.73,3308.07,2104.15,4723.8,3524.63,2690.31,0.5749,0.6211,0.5469,50,Moderate,52040.02
76,21,87550.0,46401.86,41148.14,0.47,9303.73,13637.1,6628.9,4148.98,4612.43,3530.85,3247.63,1292.24,0.6097,0.5396,0.5767,52,Low,44695.05
76,22,87550.0,44938.25,42611.75,0.4867,14063.31,14828.4,6356.62,2656.97,3795.72,4087.66,2512.5,2246.91,0.5373,0.6462,0.6087,54,Moderate,45902.54
76,23,87550.0,48065.1,39484.9,0.451,10187.1,14737.27,6680.71,9115.33,1737.38,3520.17,3254.07,2403.25,0.5314,0.6083,0.4994,51,Moderate,51036.88
77,0,85000.0,45254.23,39745.77,0.4676,13944.17,14399.6,4096.49,5681.11,3988.21,4058.11,955.31,2262.71,0.4976,0.6743,0.5593,52,Moderate,45005.17
77,1,85000.0,42052.44,42947.56,0.5053,13986.84,11984.98,6235.26,7953.48,1409.28,2186.92,2563.73,2102.62,0.5223,0.7281,0.658,56,Moderate,42224.98
77,2,85000.0,43552.95,41447.05,0.4876,10239.5,14877.76,5210.6,4340.37,3982.22,4108.26,2696.62,2177.65,0.3767,0.6716,0.5843,50,Moderate,44505.61
77,3,85000.0,45491.97,39508.03,0.4648,9855.5,13276.89,5914.72,3449.47,4131.73,3665.0,2483.5,2715.14,0.3814,0.7861,0.5917,52,Moderate,46113.21
77,4,85000.0,47130.17,37869.83,0.4455,11366.71,12806.13,6755.65,4240.74,4044.22,3964.64,2266.49,1685.6,0.3255,0.8157,0.6464,50,Moderate,48157.3
77,5,85000.0,44794.92,40205.08,0.473,12072.47,16211.87,3876.9,2376.4,3142.24,2006.37,3162.49,1946.18,0.3754,0.6585,0.4419,49,Moderate,44874.5
77,6,85850.0,42213.76,43636.24,0.5083,12675.42,15634.95,6010.83,5963.27,4177.63,2807.58,1262.52,2110.69,0.386,0.8095,0.5851,54,Moderate,39915.97
77,7,85850.0,49407.67,36442.33,0.4245,10413.73,15203.38,5669.83,7498.14,4466.56,5716.69,3766.67,2470.38,0.3327,0.7312,0.5412,47,Moderate,50641.37
77,8,85850.0,40684.27,45165.73,0.5261,13242.92,15044.21,3335.68,7785.26,2201.0,3886.32,1108.99,2034.21,0.3221,0.6784,0.5597,50,Moderate,42325.34
77,9,85850.0,37556.71,48293.29,0.5625,10882.84,12790.14,3463.72,6731.0,2512.31,4457.83,2586.88,1877.84,0.4624,0.5575,0.5958,53,Moderate,37855.73
77,10,85850.0,37811.89,48038.11,0.5596,8640.36,11303.74,4400.94,4468.93,3431.21,1771.15,2783.81,1011.75,0.5392,0.5634,0.5881,55,Moderate,35996.58
77,11,85850.0,50345.55,35504.45,0.4136,14451.91,16448.27,6169.63,7118.87,4748.66,2923.16,2992.74,2517.28,0.2704,0.7409,0.5492,45,Moderate,49433.74
77,12,86700.0,51355.39,35344.61,0.4077,15046.21,15798.95,7081.92,9435.8,4137.91,2248.42,1614.03,2567.77,0.3508,0.6179,0.4625,44,Moderate,51236.31
77,13,86700.0,51808.87,34891.13,0.4024,13035.61,20197.07,7095.77,6617.01,2755.48,4952.23,3612.65,2590.44,0.3704,0.6749,0.5966,46,Moderate,53481.33
77,14,86700.0,49026.01,37673.99,0.4345,11469.74,17925.75,5728.7,5469.88,2468.28,5247.03,1871.39,2451.3,0.5352,0.7718,0.6525,54,Moderate,47768.74
77,15,86700.0,42169.6,44530.4,0.5136,9839.17,10932.09,3503.2,2968.25,2475.98,3130.35,2257.0,7063.58,0.4856,0.6418,0.5366,53,Moderate,43503.25
77,16,86700.0,44682.81,42017.19,0.4846,9411.12,14678.65,6585.26,3413.28,2506.86,2257.12,1155.6,4674.93,0.346,0.8165,0.5762,52,Moderate,44356.98
77,17,86700.0,42265.45,44434.55,0.5125,11315.32,10628.01,5354.34,6681.58,2255.41,3877.02,2922.09,2113.27,0.3139,0.7179,0.515,50,Moderate,42021.16
77,18,87550.0,39850.23,47699.77,0.5448,12765.29,12118.64,4111.27,6636.03,3627.86,2197.47,2739.41,1992.51,0.5116,0.62,0.5813,55,Moderate,41930.23
77,19,87550.0,41955.08,45594.92,0.5208,14533.88,15111.87,6012.29,6635.3,1659.12,4636.0,2716.26,2097.75,0.2978,0.544,0.4916,45,Moderate,40976.28
77,20,87550.0,42476.31,45073.69,0.5148,8726.14,10923.18,5890.92,6404.34,2973.8,2093.72,2539.01,2925.19,0.4376,0.5668,0.5516,50,Moderate,43642.73
77,21,87550.0,38727.3,48822.7,0.5577,10312.17,12486.74,5069.29,5560.5,3621.65,3306.68,2928.3,1936.36,0.4299,0.5537,0.5055,51,Moderate,37423.78
77,22,87550.0,39016.92,48533.08,0.5543,11992.24,14942.58,5409.53,4592.93,3035.87,2113.55,1473.54,1950.85,0.3418,0.6462,0.4134,51,Moderate,37000.07
77,23,87550.0,48863.16,38686.84,0.4419,15060.87,16932.94,6534.1,5838.72,1955.14,5690.6,1777.49,2443.16,0.4789,0.7085,0.6155,51,Moderate,51743.88
78,0,85000.0,59735.65,25264.35,0.2972,19502.61,16507.35,7488.21,9265.67,5734.95,4701.25,4010.04,2986.78,0.8369,0.6676,0.8054,55,Moderate,61697.2
78,1,85000.0,61497.67,23502.33,0.2765,15929.62,17013.66,7070.49,5362.52,3419.43,4634.59,2658.07,5409.3,0.715,0.8544,0.8148,55,Moderate,63211.54
78,2,85000.0,49113.71,35886.29,0.4222,10452.08,13863.0,4920.37,6964.77,2551.23,3467.92,1790.03,5104.31,0.8079,0.8877,0.8396,65,Low,48770.39
78,3,85000.0,47924.09,37075.91,0.4362,10763.66,15837.18,6763.61,5081.42,2733.32,2694.94,2396.42,1653.53,0.9843,0.7194,0.9518,67,Low,46414.85
78,4,85000.0,57788.42,27211.58,0.3201,17698.92,22948.8,4638.55,7374.45,2918.45,5468.48,3483.77,2889.42,0.769,0.8306,0.7289,58,Low,61644.51
78,5,85000.0,55827.87,29172.13,0.3432,18426.28,14341.06,7263.4,7093.68,4113.61,4934.83,1459.39,2791.39,0.7084,0.6722,0.7529,53,Low,59245.02
78,6,85850.0,50309.71,35540.29,0.414,10675.52,19619.32,7507.47,6215.0,3961.75,2303.51,3224.44,2515.49,0.9769,0.9079,0.9505,70,Low,48351.46
78,7,85850.0,61541.92,24308.08,0.2831,21250.36,19314.84,8590.66,10710.08,2653.32,3957.27,4186.0,3077.1,0.7948,0.6364,0.7425,52,Moderate,64561.69
78,8,85850.0,49709.06,36140.94,0.421,11223.55,16203.19,4309.18,8764.77,4053.47,4300.61,3430.34,2485.45,0.9507,0.8646,0.9756,69,Low,50364.7
78,9,85850.0,47927.51,37922.49,0.4417,9774.89,13628.22,5244.87,3043.81,3965.44,4216.09,2122.97,5931.23,0.9792,0.6561,0.7385,65,Low,50645.66
78,10,85850.0,58531.57,27318.43,0.3182,16921.3,19235.89,6242.58,6448.75,3762.22,5889.18,1395.79,2926.58,0.8719,0.8091,0.9328,60,Low,61068.98
78,11,85850.0,55535.6,30314.4,0.3531,11559.71,15676.64,5071.05,10995.14,2097.55,5818.44,2616.96,1700.11,0.7505,0.8314,0.7636,59,Low,57024.61
78,12,86700.0,58022.82,28677.18,0.3308,18571.02,22248.31,8532.41,8181.81,3377.92,3034.38,1922.74,2901.14,0.975,0.6578,0.7872,60,Low,60541.74
78,13,86700.0,57078.53,29621.47,0.3417,16160.22,16486.37,6289.65,7302.56,4648.83,6048.38,2854.67,2853.93,0.8408,0.8817,0.954,62,Low,55729.58
78,14,86700.0,57877.05,28822.95,0.3324,12687.07,18009.08,5143.28,6171.55,5045.62,6372.56,2789.35,1658.53,0.7955,0.7948,0.8801,58,Low,55204.9
78,15,86700.0,55972.76,30727.24,0.3544,15258.51,21613.67,7183.3,7217.93,5042.21,4960.98,3949.47,2798.64,0.7782,0.8354,0.9015,60,Low,58139.82
78,16,86700.0,48691.9,38008.1,0.4384,15064.66,17193.6,5926.49,4141.45,3908.29,4142.24,2618.01,2434.6,0.9714,0.9189,0.9561,71,Low,49510.37
78,17,86700.0,54346.96,32353.04,0.3732,18255.53,15754.82,4795.08,3269.09,5091.03,2754.85,3715.14,711.42,0.9646,0.8318,0.841,66,Low,51556.35
78,18,87550.0,57556.46,29993.54,0.3426,12813.95,18595.06,6125.66,10747.61,2496.68,4912.13,3086.58,2877.82,0.7004,0.8518,0.8209,57,Low,55695.59
78,19,87550.0,52094.44,35455.56,0.405,16680.83,16317.71,7252.32,5004.61,5131.29,3899.42,2339.38,2604.72,0.8456,0.8468,0.8718,64,Low,52017.5
78,20,87550.0,61117.68,26432.32,0.3019,15343.26,16533.46,7777.69,9234.13,2857.55,2627.64,4616.72,2127.23,0.7618,0.6583,0.795,52,Low,58025.88
78,21,87550.0,58405.64,29144.36,0.3329,15193.03,16874.08,6833.24,10471.26,3009.69,4365.25,3413.8,2920.28,0.9209,0.8566,0.8171,64,Low,57816.12
78,22,87550.0,47913.25,39636.75,0.4527,12470.6,18529.83,3981.84,3498.72,3790.98,3817.77,2727.23,2395.66,0.9952,0.6675,0.7473,66,Low,47116.04
78,23,87550.0,49744.2,37805.8,0.4318,14366.4,13004.34,4886.6,6369.73,2893.01,2275.21,3633.43,2315.47,0.759,0.8504,0.8789,63,Low,50811.88
79,0,250000.0,164437.44,85562.56,0.3423,36517.02,45342.68,15765.07,16173.44,8792.95,16288.54,9520.78,16036.96,0.8854,0.8201,0.9203,62,Low,159050.87
79,1,250000.0,143532.49,106467.51,0.4259,40765.27,55214.13,20968.69,27023.32,7151.72,6379.9,10629.73,7176.62,0.8834,0.8436,0.7655,66,Low,144561.27
79,2,250000.0,176598.15,73401.85,0.2936,54308.62,58065.37,24607.82,10270.78,7080.95,17686.44,8523.24,8829.91,0.8825,0.8718,0.8961,61,Moderate,184194.23
79,3,250000.0,173676.13,76323.87,0.3053,45484.4,67953.71,15182.43,22354.33,11230.25,11368.34,4839.7,8683.81,0.6099,0.7261,0.6292,50,Low,179634.69
79,4,250000.0,143593.96,106406.04,0.4256,44998.67,50029.39,19894.09,15144.46,13308.11,10957.14,7109.67,7179.7,0.7869,0.7763,0.7362,62,Low,142721.08
79,5,250000.0,173101.9,76898.1,0.3076,39363.46,51173.6,23514.68,23458.0,8956.37,18668.59,10897.01,8655.1,0.6889,0.7405,0.6642,53,Low,164105.25
79,6,252500.0,173735.65,78764.35,0.3119,36812.14,69471.17,22562.02,30687.74,5823.87,15852.69,10859.53,8686.78,0.6818,0.6863,0.6572,51,Low,166739.67
79,7,252500.0,157690.3,94809.7,0.3755,52269.35,54055.98,17250.67,11063.95,7262.4,9815.0,9942.66,7884.51,0.8014,0.9194,0.9422,63,Low,163527.74
79,8,252500.0,141688.9,110811.1,0.4389,34756.67,49817.67,11756.43,20056.29,13640.01,9754.68,9028.51,7084.44,0.864,0.8639,0.962,67,Low,150261.37
79,9,252500.0,169450.49,83049.51,0.3289,58468.22,65636.04,21764.32,30019.13,7720.64,15996.02,8861.93,8472.52,0.7116,0.7173,0.737,54,Low,175817.77
79,10,252500.0,149191.97,103308.03,0.4091,41213.47,46890.96,12058.98,13068.97,7695.57,11628.11,3619.71,13016.2,0.7407,0.9236,0.7662,63,Low,147747.17
79,11,252500.0,145649.7,106850.3,0.4232,29932.88,37554.66,20990.61,10353.07,11834.38,14679.58,9156.24,11148.28,0.686,0.6467,0.7454,55,Low,142920.8
79,12,255000.0,149395.98,105604.02,0.4141,30586.85,42231.91,12828.58,9334.7,6392.69,14402.68,4337.91,29280.65,0.8072,0.8179,0.7328,63,Low,155694.63
79,13,255000.0,151536.36,103463.64,0.4057,33369.69,60203.49,13388.18,27197.36,8942.88,14509.37,11722.83,7576.82,0.7719,0.7281,0.8399,59,Low,143336.55
79,14,255000.0,173897.09,81102.91,0.3181,54623.78,65453.24,23071.13,8786.93,7070.29,14580.13,11776.48,8694.85,0.7655,0.7256,0.728,55,Low,165014.63
79,15,255000.0,142042.33,112957.67,0.443,36052.29,38806.79,15100.24,9018.48,12744.79,9879.97,9607.89,10831.87,0.8472,0.8422,0.872,66,Low,146822.63
79,16,255000.0,179920.67,75079.33,0.2944,53408.1,46724.11,15045.98,33754.81,7115.44,14702.31,8690.73,479.18,0.7361,0.9058,0.8102,57,Moderate,175913.9
79,17,255000.0,182651.73,72348.27,0.2837,53470.14,65056.04,17837.12,26229.59,9574.99,12868.35,7328.98,9132.59,0.7265,0.91,0.7226,57,Moderate,192512.77
79,18,257500.0,175448.83,82051.17,0.3186,54398.99,53980.95,26232.15,31582.75,11235.42,18458.13,9396.74,8772.44,0.8879,0.85,0.9607,62,Low,167328.05
79,19,257500.0,169365.26,88134.74,0.3423,57897.42,52892.52,19526.77,12919.81,8846.59,10404.83,8921.8,8468.26,0.6473,0.6509,0.6015,51,Low,175834.64
79,20,257500.0,172948.23,84551.77,0.3284,58562.38,54839.2,23784.12,32893.46,15558.58,11714.47,11820.55,8647.41,0.8858,0.8388,0.9109,62,Low,173566.21
79,21,257500.0,171158.04,86341.96,0.3353,41516.6,67394.78,24228.45,29083.89,12583.64,7291.73,12990.45,8557.9,0.844,0.7315,0.7157,58,Low,172930.42
79,22,257500.0,167764.98,89735.02,0.3485,43895.67,57414.7,16311.93,26607.35,13582.34,18579.03,9771.98,8388.25,0.8089,0.7555,0.8248,58,Low,159693.61
79,23,257500.0,182929.14,74570.86,0.2896,36783.86,59333.37,22670.94,32490.5,14272.32,9132.98,5306.57,2938.6,0.7116,0.7249,0.6387,52,Moderate,172167.11
80,0,85000.0,72359.14,12640.86,0.1487,18030.91,28136.21,7621.38,12150.98,3845.13,3694.67,4444.01,3617.96,0.7161,0.8863,0.8004,50,Moderate,73428.47
80,1,85000.0,71774.5,13225.5,0.1556,21933.71,18621.37,7158.82,7218.82,4716.74,5018.87,5008.21,2097.96,0.7904,0.803,0.8755,50,Moderate,75585.53
80,2,85000.0,67472.69,17527.31,0.2062,19068.9,25397.66,8167.6,9410.73,5674.01,3028.81,2872.04,3373.63,0.9042,0.6803,0.7595,53,Moderate,70906.05
80,3,85000.0,64397.44,20602.56,0.2424,20840.85,23129.14,6684.86,4158.67,2981.5,4452.23,2246.47,3219.87,0.9516,0.7951,0.9465,59,Moderate,64796.31
80,4,85000.0,71808.47,13191.53,0.1552,17338.33,23165.95,8159.5,10748.11,5902.07,6053.09,3827.19,3590.42,0.9489,0.7499,0.7495,54,Moderate,75499.15
80,5,85000.0,59877.11,25122.89,0.2956,12455.52,23849.26,7561.08,3590.14,3765.63,3142.65,3221.32,2291.49,0.9247,0.8057,0.8239,61,Moderate,61995.83
80,6,85850.0,67548.1,18301.9,0.2132,17068.86,20344.82,8389.86,3741.08,2984.65,3798.97,2498.75,8721.12,0.8538,0.731,0.8464,53,Moderate,68530.43
80,7,85850.0,61177.89,24672.11,0.2874,18225.84,24019.03,8391.65,11911.38,2010.0,6766.32,2056.6,3058.89,0.8369,0.9426,0.9226,61,Moderate,59251.12
80,8,85850.0,72598.28,13251.72,0.1544,17180.26,23461.22,8301.45,4271.18,3235.62,8129.73,5624.23,2394.58,0.985,0.9169,1.0,59,Moderate,70211.31
80,9,85850.0,66945.01,18904.99,0.2202,20635.38,20510.2,8084.54,10224.23,6345.49,4026.25,4047.02,3347.25,0.8922,0.9489,1.0,60,Moderate,71380.95
80,10,85850.0,70366.47,15483.53,0.1804,20932.5,21325.43,5871.82,13538.78,3573.21,6788.61,4919.95,3518.32,0.9474,0.7193,0.8171,54,Moderate,66380.3
80,11,85850.0,66671.0,19179.0,0.2234,14333.36,21780.78,7131.32,12048.33,2823.6,3420.21,2959.08,2174.33,0.7937,0.9036,0.8294,56,Moderate,71179.32
80,12,86700.0,60866.28,25833.72,0.298,19544.61,16566.83,7774.45,5585.94,5125.54,2879.49,2947.25,442.17,0.9581,0.9533,0.9052,65,Moderate,60123.35
80,13,86700.0,61925.12,24774.88,0.2858,16876.3,18184.38,5633.5,3709.25,3340.98,2983.29,3819.76,7377.65,0.9162,0.8069,0.8597,60,Moderate,65119.24
80,14,86700.0,68139.33,18560.67,0.2141,16054.69,17107.91,8253.92,3810.05,2951.32,6088.38,2879.01,10994.06,0.9817,0.7259,0.8405,57,Moderate,64938.23
80,15,86700.0,69834.75,16865.25,0.1945,18454.5,23127.93,10174.19,7992.34,3722.46,4441.13,1986.27,3491.74,0.7333,0.9175,0.8514,53,Moderate,65731.47
80,16,86700.0,66354.5,20345.5,0.2347,16383.22,21221.84,8660.48,3676.55,3827.17,7938.99,1871.33,2774.9,0.944,0.9386,0.9171,62,Moderate,65940.8
80,17,86700.0,74097.68,12602.32,0.1454,16036.42,19231.61,9139.18,4607.37,3596.41,7338.34,3887.5,10260.85,0.8576,0.7874,0.8095,51,Moderate,70411.19
80,18,87550.0,68611.26,18938.74,0.2163,16519.84,20678.87,7569.23,5315.03,3806.36,5862.96,4960.24,3898.73,0.8046,0.761,0.7318,52,Moderate,68948.7
80,19,87550.0,67024.5,20525.5,0.2344,16167.92,23500.15,6739.43,8559.57,2778.32,7103.06,4219.73,3351.23,0.9754,0.7332,0.8803,58,Moderate,67431.49
80,20,87550.0,66307.47,21242.53,0.2426,15175.52,17724.81,6072.83,9006.27,2568.56,5981.9,3052.39,6725.2,0.7619,0.7176,0.7406,51,Moderate,62822.13
80,21,87550.0,72827.09,14722.91,0.1682,22778.06,26268.92,8667.28,13562.94,5930.42,6070.88,3418.77,3641.35,0.786,0.6818,0.7715,48,Moderate,69084.84
80,22,87550.0,69890.13,17659.87,0.2017,16748.16,25809.73,9999.44,8381.11,5790.65,4243.67,1572.67,3494.51,0.7486,0.9635,0.8949,55,Moderate,66245.69
80,23,87550.0,75785.58,11764.42,0.1344,22783.2,20390.62,9843.58,8534.99,5366.95,4157.72,2222.96,2485.54,0.7812,0.9722,0.9052,53,Moderate,72866.55
81,0,180000.0,93384.13,86615.87,0.4812,21601.62,30088.38,11744.21,18092.43,6623.39,5104.75,6903.06,4669.21,0.8236,0.8831,0.7977,68,Low,89617.28
81,1,180000.0,88254.67,91745.33,0.5097,20042.15,30542.85,11747.83,5248.43,4426.11,5334.3,5788.44,5124.55,0.6573,0.8377,0.7426,63,Low,84357.15
81,2,180000.0,83382.97,96617.03,0.5368,17176.47,25133.25,9607.94,8712.57,4573.6,6947.19,3359.43,7872.53,0.6694,0.7053,0.7219,61,Low,84575.38
81,3,180000.0,97230.24,82769.76,0.4598,32767.14,27512.24,9601.07,11559.05,9266.53,6016.65,5542.95,4861.51,0.591,0.8899,0.7676,60,Moderate,95813.1
81,4,180000.0,94279.09,85720.91,0.4762,29788.33,25053.48,12514.52,15982.77,3292.15,10382.55,6439.43,4713.95,0.8213,0.7858,0.7459,65,Low,98675.62
81,5,180000.0,86038.65,93961.35,0.522,28243.44,31441.63,7492.59,16154.33,7165.0,10054.43,6323.97,4301.93,0.605,0.8702,0.654,63,Low,85569.33
81,6,181800.0,93576.7,88223.3,0.4853,30504.91,24796.48,7683.4,15817.09,7145.31,7615.75,6447.94,4678.83,0.6685,0.6468,0.7158,58,Low,90620.01
81,7,181800.0,85864.54,95935.46,0.5277,23620.5,21488.07,7201.17,10019.18,7393.95,8644.02,4863.61,2634.04,0.5898,0.7504,0.7565,60,Moderate,86836.34
81,8,181800.0,89067.54,92732.46,0.5101,24799.31,22762.57,12009.02,16109.67,7714.3,9827.06,2087.35,4453.38,0.7576,0.7631,0.8403,64,Low,94519.65
81,9,181800.0,82285.02,99514.98,0.5474,26927.5,28250.14,12064.2,8780.09,3309.52,9057.22,5450.2,4114.25,0.6843,0.7186,0.7924,63,Low,87354.46
81,10,181800.0,93614.28,88185.72,0.4851,22479.24,32951.0,10313.13,9731.61,8915.23,7961.61,6689.82,4680.71,0.8543,0.7348,0.8493,65,Low,88181.38
81,11,181800.0,94228.47,87571.53,0.4817,21847.34,28761.59,11503.74,10488.75,7188.08,8438.03,2206.52,3794.41,0.6517,0.7866,0.6916,60,Low,94465.68
81,12,183600.0,85933.86,97666.14,0.532,29072.81,21996.39,10562.48,9514.52,3458.42,10203.64,6291.04,4296.69,0.7045,0.7439,0.65,63,Low,84576.68
81,13,183600.0,83992.91,99607.09,0.5425,27549.13,24579.55,9515.66,16002.48,5570.58,4440.61,2414.31,4199.65,0.5716,0.6227,0.5242,57,Moderate,80340.29
81,14,183600.0,107276.29,76323.71,0.4157,29419.72,40942.42,12374.79,13491.87,8185.96,8440.12,3903.43,5363.81,0.6553,0.7156,0.7088,56,Low,114762.13
81,15,183600.0,102182.25,81417.75,0.4435,27168.42,39467.99,13008.46,18520.39,9426.87,10773.77,4755.13,5109.11,0.6314,0.7381,0.6806,57,Low,106903.26
81,16,183600.0,79071.56,104528.44,0.5693,20662.44,30215.95,10251.33,10773.92,5564.32,4749.71,3498.82,3953.58,0.8427,0.866,0.8655,72,Low,78122.21
81,17,183600.0,97093.76,86506.24,0.4712,21539.86,26812.79,12116.25,8813.25,9005.17,9628.26,7390.3,1787.89,0.5715,0.6752,0.7216,55,Moderate,102940.1
81,18,185400.0,86849.0,98551.0,0.5316,22171.51,24729.03,8847.33,5296.58,5881.04,6765.03,4290.45,8868.04,0.6276,0.6339,0.5611,58,Low,92165.56
81,19,185400.0,85868.13,99531.87,0.5368,24080.58,26349.58,11422.54,4361.08,6062.98,7047.06,6761.67,4293.41,0.6495,0.7904,0.7332,63,Low,90923.86
81,20,185400.0,80320.17,105079.83,0.5668,23273.71,23515.27,10499.56,13239.04,2775.28,8555.23,6188.93,4016.01,0.7861,0.7952,0.7292,68,Low,79206.98
81,21,185400.0,100997.09,84402.91,0.4552,21204.16,28013.76,14896.6,10371.96,4009.71,6633.13,7480.22,8387.54,0.6004,0.72,0.7021,56,Low,104904.65
81,22,185400.0,96651.34,88748.66,0.4787,22235.72,34795.04,13612.25,5567.72,4079.96,11312.7,4681.59,366.36,0.6193,0.7826,0.7387,59,Low,102836.21
81,23,185400.0,81921.65,103478.35,0.5581,24298.38,31231.39,9426.19,6669.22,4775.42,3537.17,5110.83,4096.08,0.85,0.6943,0.8488,67,Low,83651.7
82,0,120000.0,89042.69,30957.31,0.258,21708.42,31408.7,10432.41,7586.78,5115.69,8802.83,5445.96,4452.13,0.6045,0.8073,0.7978,49,Moderate,85021.6
82,1,120000.0,88082.76,31917.24,0.266,28911.08,31106.23,8856.5,17223.22,8665.25,3982.1,6006.85,4404.14,0.7625,0.9456,0.8174,58,Moderate,88718.61
82,2,120000.0,94140.18,25859.82,0.2155,19844.63,37280.87,8086.48,6426.55,7892.36,4995.92,4178.24,5435.13,0.6672,0.8429,0.78,50,Moderate,100699.57
82,3,120000.0,96038.09,23961.91,0.1997,29687.94,34668.92,11303.8,10239.97,5495.12,4429.74,7097.36,4801.9,0.6985,0.8599,0.7574,51,Moderate,99584.28
82,4,120000.0,90131.98,29868.02,0.2489,26156.15,30911.24,10183.37,8906.04,8177.2,10488.82,6625.95,4506.6,0.6294,0.9531,0.7256,53,Moderate,91199.5
82,5,120000.0,96638.86,23361.14,0.1947,26323.12,28418.38,8412.74,18680.12,3703.9,11089.83,6591.52,4831.94,0.504,0.9934,0.6617,48,Moderate,96068.62
82,6,121200.0,100023.98,21176.02,0.1747,30116.55,26654.46,11494.1,13716.21,3244.39,7620.19,7527.49,5001.2,0.5032,0.797,0.5914,42,Moderate,102864.09
82,7,121200.0,93170.65,28029.35,0.2313,22186.05,33431.34,13864.02,18263.93,4070.82,7367.57,3692.54,4658.53,0.6574,0.9863,0.8697,54,Moderate,89362.79
82,8,121200.0,93895.67,27304.33,0.2253,21160.01,23757.67,9921.13,11429.63,8504.2,4011.99,4996.32,10114.72,0.6447,0.9164,0.7201,52,Moderate,95359.05
82,9,121200.0,99154.45,22045.55,0.1819,19863.35,39193.7,8307.3,12466.21,8203.84,8936.24,2377.39,4957.72,0.5043,0.9235,0.697,46,Moderate,101480.99
82,10,121200.0,96419.58,24780.42,0.2045,25108.58,26223.81,13883.18,14166.98,6189.4,10629.81,5767.45,4820.98,0.7009,0.7702,0.7568,49,Moderate,92173.86
82,11,121200.0,83917.61,37282.39,0.3076,22091.95,21344.59,7883.41,10985.02,6113.36,4598.62,5476.1,5424.55,0.6733,0.7826,0.7843,53,Low,82938.9
82,12,122400.0,89834.3,32565.7,0.2661,18256.77,24750.43,7779.4,7319.44,3008.69,7250.47,1876.17,19592.92,0.537,0.9286,0.8298,51,Moderate,87746.77
82,13,122400.0,101882.02,20517.98,0.1676,28718.07,27019.4,14045.5,19415.43,7259.78,6075.32,3377.54,5094.1,0.513,0.9788,0.6604,47,Moderate,108184.39
82,14,122400.0,88084.23,34315.77,0.2804,26339.2,31901.22,11241.98,11233.63,8350.7,4775.52,2352.45,4404.21,0.5418,0.9244,0.7847,51,Moderate,85939.8
82,15,122400.0,91044.01,31355.99,0.2562,29562.37,29285.48,8245.02,13962.4,8353.17,6618.25,6546.16,4552.2,0.5129,0.8505,0.712,48,Moderate,86232.57
82,16,122400.0,84936.84,37463.16,0.3061,25282.65,22788.71,8361.74,5129.3,2825.57,10145.17,6582.45,3821.26,0.5066,0.8111,0.5753,49,Moderate,83391.82
82,17,122400.0,92728.23,29671.77,0.2424,29068.25,32814.04,12524.31,8163.16,3589.53,4427.4,5173.0,4636.41,0.7499,0.7818,0.6708,52,Moderate,96980.53
82,18,123600.0,87610.79,35989.21,0.2912,27319.42,30687.68,10737.88,11190.82,4066.45,10152.54,5038.75,4380.54,0.5646,0.9608,0.6632,54,Moderate,84284.78
82,19,123600.0,91828.97,31771.03,0.257,29929.83,31188.08,10999.22,9696.52,8327.76,10916.33,3787.45,4591.45,0.6855,0.7991,0.7184,52,Moderate,95561.18
82,20,123600.0,90259.12,33340.88,0.2697,25275.2,23800.29,8213.12,9568.35,8531.57,10293.07,7200.81,4512.96,0.6137,0.7624,0.7501,49,Moderate,87942.36
82,21,123600.0,98560.07,25039.93,0.2026,26697.92,27657.0,13124.8,10904.43,8989.38,8064.43,2129.16,992.95,0.6377,0.8008,0.6196,48,Moderate,102513.76
82,22,123600.0,86624.16,36975.84,0.2992,28570.9,30239.35,9264.53,4979.91,6664.21,7891.6,3942.0,4331.21,0.6911,0.7465,0.7594,52,Moderate,82759.88
82,23,123600.0,101245.23,22354.77,0.1809,27411.49,39592.02,14195.5,14086.07,6148.08,4254.22,3751.22,5062.26,0.677,0.767,0.7363,47,Moderate,105469.53
83,0,25000.0,14732.43,10267.57,0.4107,3922.58,4956.44,1737.36,1708.58,1459.36,1163.99,728.7,736.62,0.3543,0.8284,0.6001,49,Moderate,14053.82
83,1,25000.0,14682.49,10317.51,0.4127,3455.57,4003.32,1443.66,1597.75,837.6,712.78,764.22,1867.59,0.39,0.6642,0.5422,46,Moderate,15012.32
83,2,25000.0,13191.87,11808.13,0.4723,3858.37,4689.69,1651.23,975.24,582.48,734.82,738.03,659.59,0.3873,0.7366,0.5845,51,Moderate,13138.94
83,3,25000.0,13493.3,11506.7,0.4603,4329.37,4076.3,1145.85,2227.36,914.54,594.49,803.14,674.66,0.2956,0.6615,0.4055,46,Moderate,14122.15
83,4,25000.0,15197.69,9802.31,0.3921,3688.6,4887.37,1579.95,1130.13,1048.56,1757.57,1093.31,12.2,0.5823,0.6482,0.5564,51,Moderate,15502.26
83,5,25000.0,14643.16,10356.84,0.4143,4745.26,5010.68,1366.13,2390.86,1022.49,1496.67,1029.91,732.16,0.5646,0.7868,0.6554,55,Moderate,13959.14
83,6,25250.0,16648.56,8601.44,0.3407,3954.99,5303.5,2255.97,1554.44,596.1,693.14,1263.15,1027.27,0.4516,0.8094,0.6044,49,Moderate,17124.83
83,7,25250.0,14887.41,10362.59,0.4104,5140.92,5412.34,2105.04,2706.83,900.32,1144.88,909.43,744.37,0.3961,0.7111,0.496,48,Moderate,15573.16
83,8,25250.0,16003.01,9246.99,0.3662,3889.06,4365.32,2025.84,3069.45,1183.83,690.77,1241.96,800.15,0.4318,0.6046,0.4842,44,Moderate,16545.43
83,9,25250.0,16550.73,8699.27,0.3445,3699.08,6338.89,2343.62,2615.75,1301.51,1211.53,876.06,827.54,0.4,0.7194,0.6352,45,Moderate,16686.81
83,10,25250.0,14077.76,11172.24,0.4425,3477.51,5028.37,2059.02,2481.7,596.01,678.37,677.66,703.89,0.523,0.5923,0.5729,50,Moderate,13989.07
83,11,25250.0,14121.25,11128.75,0.4407,4205.4,4064.7,1205.85,852.96,641.81,567.21,804.04,1779.28,0.4985,0.6258,0.6192,50,Moderate,13548.82
83,12,25500.0,16971.66,8528.34,0.3344,4412.94,4374.42,2505.31,2492.06,1421.7,884.36,466.72,414.15,0.4378,0.5936,0.5046,43,Moderate,18065.68
83,13,25500.0,15855.97,9644.03,0.3782,4986.42,4984.16,1557.03,824.95,547.58,818.35,879.23,1258.25,0.3733,0.8561,0.6797,49,Moderate,16747.88
83,14,25500.0,16718.23,8781.77,0.3444,4177.53,5765.45,2444.14,3174.07,978.74,1557.6,457.4,835.91,0.3967,0.7072,0.5214,45,Moderate,16068.73
83,15,25500.0,14755.36,10744.64,0.4214,3660.74,4389.42,2147.5,845.42,1128.58,614.3,1001.78,967.61,0.5455,0.579,0.6363,49,Moderate,14403.58
83,16,25500.0,13860.92,11639.08,0.4564,4148.12,5249.09,1570.15,2572.65,1003.8,792.41,569.95,693.05,0.4779,0.7554,0.6228,53,Moderate,14206.71
83,17,25500.0,14584.49,10915.51,0.4281,4889.9,3929.42,1869.44,1920.99,450.38,1451.33,346.39,729.22,0.3425,0.6269,0.4964,45,Moderate,14461.23
83,18,25750.0,17382.89,8367.11,0.3249,4898.94,5707.22,2105.97,1502.07,778.17,1648.22,1227.26,869.14,0.4358,0.8588,0.6851,49,Moderate,17985.48
83,19,25750.0,17114.76,8635.24,0.3353,4704.43,6050.3,1529.29,2290.0,579.83,983.26,863.19,114.46,0.5205,0.634,0.6027,46,Moderate,17765.88
83,20,25750.0,16386.12,9363.88,0.3636,3895.79,5604.02,2413.41,1046.96,719.28,804.81,968.6,933.25,0.5503,0.7425,0.6524,51,Moderate,15869.82
83,21,25750.0,17426.8,8323.2,0.3232,3620.93,5439.69,1565.44,3070.49,894.5,733.13,729.01,1373.62,0.3597,0.6343,0.4174,41,Moderate,18327.3
83,22,25750.0,16022.12,9727.88,0.3778,5472.73,5334.47,1972.08,1364.68,1565.09,910.11,973.69,801.11,0.5082,0.8048,0.7064,52,Moderate,16074.43
83,23,25750.0,13557.48,12192.52,0.4735,4404.79,4506.77,1665.91,2368.34,962.7,1118.15,833.05,677.87,0.4903,0.6456,0.617,52,Moderate,13745.98
84,0,120000.0,44798.3,75201.7,0.6267,12239.92,13910.1,4002.03,8915.92,1917.62,2504.8,995.95,311.97,0.8195,0.7295,0.6879,71,Low,43506.15
84,1,120000.0,47531.63,72468.37,0.6039,11600.54,12884.86,6840.23,2696.37,2327.97,4441.58,3510.81,3229.27,0.8104,0.5564,0.7443,65,Low,48445.46
84,2,120000.0,42404.89,77595.11,0.6466,11165.22,11845.42,5347.42,5228.1,3060.35,4691.38,2146.48,2120.24,0.9036,0.7311,0.8981,74,Low,44986.16
84,3,120000.0,52714.22,67285.78,0.5607,12118.07,16765.94,7394.05,9881.72,3766.35,4580.93,1364.54,2635.71,0.9564,0.7802,0.791,73,Low,52930.78
84,4,120000.0,48485.94,71514.06,0.596,15844.93,15378.32,4217.24,6091.09,3937.94,3832.28,1172.26,2424.3,0.892,0.5513,0.688,67,Low,47014.32
84,5,120000.0,43970.41,76029.59,0.6336,12000.62,12854.58,6593.65,2259.56,1776.61,2229.59,1187.76,5068.05,0.8491,0.7911,0.7565,73,Low,46046.21
84,6,121200.0,52408.18,68791.82,0.5676,14843.7,16508.89,4303.53,6332.99,3831.15,3389.79,3221.12,2620.41,0.8745,0.6729,0.8019,68,Low,53226.68
84,7,121200.0,38143.3,83056.7,0.6853,9980.35,11484.54,4406.76,5689.18,1827.53,3654.91,1240.34,1907.17,1.0,0.6937,0.9005,78,Low,37788.51
84,8,121200.0,37174.74,84025.26,0.6933,12674.43,10406.88,5243.9,1910.84,1692.93,2964.75,1381.19,899.83,1.0,0.8382,0.8339,82,Low,35827.17
84,9,121200.0,37598.47,83601.53,0.6898,10563.61,13736.1,4247.81,5388.97,3501.54,4050.9,1361.7,1879.92,0.9696,0.7925,0.9703,79,Low,37327.68
84,10,121200.0,55775.41,65424.59,0.5398,19221.75,15353.53,6237.4,5302.67,4265.83,3669.35,1948.92,2788.77,0.7439,0.6123,0.7114,61,Low,54061.23
84,11,121200.0,49378.59,71821.41,0.5926,13140.03,16420.04,4051.62,7759.11,2111.39,2363.96,1538.67,1993.78,0.8351,0.64,0.7523,67,Low,47308.42
84,12,122400.0,53624.3,68775.7,0.5619,18050.69,15011.46,7150.05,6928.29,3193.44,6155.81,2577.66,2681.21,0.7929,0.8016,0.8375,69,Low,53058.05
84,13,122400.0,43658.77,78741.23,0.6433,12173.33,16065.2,5041.85,2373.99,2406.66,2787.48,3444.61,2182.94,0.7415,0.772,0.7664,70,Low,41109.86
84,14,122400.0,46203.39,76196.61,0.6225,10473.91,16753.99,6720.24,8371.53,4234.99,4256.7,2671.13,2310.17,0.8167,0.8268,0.8288,73,Low,46274.88
84,15,122400.0,43083.09,79316.91,0.648,9007.37,13728.84,5162.63,6061.01,2205.89,2008.66,1743.02,3165.67,0.9601,0.5724,0.8586,72,Low,41409.33
84,16,122400.0,50860.12,71539.88,0.5845,12498.87,15392.82,7406.49,5639.18,4243.35,2997.46,1564.96,1116.99,0.9357,0.7315,0.7557,72,Low,54063.41
84,17,122400.0,55640.8,66759.2,0.5454,16566.77,15485.14,4647.76,3916.58,1755.54,3512.26,1607.28,8149.46,0.7245,0.672,0.7481,63,Low,54317.01
84,18,123600.0,55787.18,67812.82,0.5486,19475.18,18139.8,5697.79,11091.78,2459.2,4385.18,2105.53,2789.36,0.9927,0.5478,0.7016,68,Low,52585.12
84,19,123600.0,38727.21,84872.79,0.6867,9588.28,13989.32,4589.46,6720.06,2361.96,1997.78,2820.59,1936.36,0.9071,0.5872,0.6578,72,Low,37542.33
84,20,123600.0,45212.81,78387.19,0.6342,9714.11,12157.2,3984.38,8245.51,1782.54,3848.81,2086.19,3394.09,0.8374,0.6342,0.7681,69,Low,44507.52
84,21,123600.0,51381.7,72218.3,0.5843,17337.33,19684.86,7310.99,8450.4,2030.63,4196.44,2861.14,2569.08,0.8784,0.734,0.8048,70,Low,51351.81
84,22,123600.0,42648.87,80951.13,0.6549,12178.03,13986.54,4881.89,3032.26,2780.51,1736.03,1997.78,2055.84,0.8955,0.7298,0.7628,74,Low,40428.1
84,23,123600.0,45723.69,77876.31,0.6301,10656.59,11953.31,4996.4,6625.24,3594.01,4580.41,1250.69,2067.03,0.8623,0.6494,0.7461,70,Low,45700.98
85,0,85000.0,43691.34,41308.66,0.486,8862.2,14633.67,6436.67,5658.63,4179.32,4201.49,2081.31,2184.57,0.7686,0.7434,0.6573,63,Low,41396.81
85,1,85000.0,46591.81,38408.19,0.4519,15427.16,13666.5,3850.37,6105.87,3030.6,5157.71,1483.03,2329.59,0.678,0.74,0.8014,59,Low,46767.64
85,2,85000.0,46860.1,38139.9,0.4487,10017.79,17253.61,5454.47,4440.66,1840.5,4761.55,985.37,2106.15,0.6061,0.8578,0.673,59,Low,48382.04
85,3,85000.0,48576.58,36423.42,0.4285,15925.12,14365.63,4358.21,3155.38,4057.33,2839.3,3813.54,62.07,0.7118,0.6349,0.7297,56,Low,51305.29
85,4,85000.0,51911.18,33088.82,0.3893,11492.86,15707.18,7142.21,6543.46,2803.52,3246.14,1994.7,2981.1,0.8805,0.8826,0.8788,65,Low,50211.57
85,5,85000.0,55449.51,29550.49,0.3477,17806.97,16805.22,5359.21,9777.93,2552.87,2356.54,4137.14,2772.48,0.6372,0.8116,0.7443,55,Low,57130.33
85,6,85850.0,43049.51,42800.49,0.4985,14406.58,14895.06,4270.08,3775.14,1675.72,3392.23,1202.35,2152.48,0.6616,0.6748,0.6832,59,Low,44787.02
85,7,85850.0,45355.38,40494.62,0.4717,14325.56,12937.25,5992.6,8340.76,1386.84,2647.78,2634.22,2267.77,0.6416,0.8443,0.6703,61,Low,46469.72
85,8,85850.0,52891.27,32958.73,0.3839,16888.81,18602.71,7916.84,8493.29,1699.05,4802.66,1498.76,2644.56,0.6273,0.7687,0.7047,55,Low,52629.51
85,9,85850.0,45271.06,40578.94,0.4727,15022.45,16814.79,4844.38,6224.89,3444.66,3606.02,2771.46,2263.55,0.8141,0.6273,0.7881,61,Low,45273.67
85,10,85850.0,45433.5,40416.5,0.4708,13447.3,14565.05,6573.85,7254.61,1825.4,3424.74,1820.87,2271.68,0.6423,0.66,0.661,56,Low,48549.81
85,11,85850.0,48155.39,37694.61,0.4391,14433.25,12178.33,6290.25,7494.34,2197.89,4245.49,2231.54,2407.77,0.8423,0.7596,0.8726,64,Low,49907.19
85,12,86700.0,53830.43,32869.57,0.3791,16889.8,18698.34,5948.63,9820.63,3805.34,2509.05,1249.62,2691.52,0.8724,0.6744,0.7158,60,Low,56754.24
85,13,86700.0,53178.17,33521.83,0.3866,16329.96,19453.33,6629.47,6613.85,1631.7,2229.81,4028.74,2658.91,0.6171,0.7606,0.6526,54,Low,56325.78
85,14,86700.0,53987.23,32712.77,0.3773,15344.47,15816.23,4616.57,5874.71,3901.99,4279.04,3191.55,962.66,0.6379,0.6783,0.7273,53,Low,52460.22
85,15,86700.0,51574.9,35125.1,0.4051,17673.09,18001.74,7620.84,7652.88,3648.13,5385.76,2367.77,2578.74,0.7514,0.6881,0.7639,57,Low,50675.33
85,16,86700.0,45566.27,41133.73,0.4744,13559.66,11884.19,3741.12,2544.83,1632.72,3093.64,1875.16,7234.94,0.6085,0.7765,0.7119,59,Low,42899.11
85,17,86700.0,48485.26,38214.74,0.4408,9863.21,13725.17,5763.4,7480.75,3141.49,3815.45,1748.46,2947.32,0.8132,0.8443,0.786,65,Low,47409.56
85,18,87550.0,48466.33,39083.67,0.4464,11020.62,13152.96,5132.71,4129.65,3094.35,3476.37,1547.43,6912.25,0.8507,0.6249,0.8049,61,Low,49923.73
85,19,87550.0,53318.13,34231.87,0.391,11064.87,20098.09,4887.27,9982.9,4653.89,4706.29,1457.19,2665.91,0.8138,0.7386,0.8615,60,Low,53814.39
85,20,87550.0,56506.1,31043.9,0.3546,16816.65,22095.41,6242.66,5956.74,4074.46,6455.67,1854.74,2825.3,0.6955,0.7684,0.6999,56,Low,55053.92
85,21,87550.0,45919.37,41630.63,0.4755,14202.37,15512.76,5570.22,8837.05,2023.37,2769.71,1982.32,2295.97,0.7897,0.7658,0.7149,64,Low,47745.2
85,22,87550.0,46408.04,41141.96,0.4699,11366.57,13065.93,4528.51,8634.31,4143.63,5555.03,1867.33,2320.4,0.8184,0.741,0.855,64,Low,48847.51
85,23,87550.0,50094.25,37455.75,0.4278,14804.66,16208.02,7079.49,6646.94,4969.27,3274.01,3271.75,2504.71,0.859,0.8015,0.7324,65,Low,49720.63
86,0,120000.0,105661.32,14338.68,0.1195,21501.74,28072.11,12245.83,11753.55,5770.56,11381.47,3203.49,11732.57,0.7253,0.5636,0.7264,41,Moderate,103488.53
86,1,120000.0,98335.97,21664.03,0.1805,23992.51,26859.33,8911.0,18424.96,5665.86,11717.7,5351.11,4916.8,0.664,0.4176,0.4931,38,Moderate,104677.23
86,2,120000.0,92152.29,27847.71,0.2321,21582.91,27133.46,9120.37,17572.12,5614.7,9146.48,5972.25,4607.61,0.8505,0.4618,0.5723,47,Moderate,89401.11
86,3,120000.0,93121.47,26878.53,0.224,26301.37,36804.93,8229.92,18129.19,2827.72,5668.87,3837.45,4656.07,0.8356,0.5277,0.6632,48,Moderate,95065.44
86,4,120000.0,101439.59,18560.41,0.1547,32245.68,26227.53,12514.37,18994.95,3259.65,10455.45,7653.09,5071.98,0.7728,0.4801,0.6961,42,Moderate,103242.77
86,5,120000.0,107655.99,12344.01,0.1029,36579.22,28316.5,13588.34,12307.54,10543.29,11213.09,3299.51,5382.8,0.7284,0.3826,0.6439,36,Moderate,113232.51
86,6,121200.0,98019.11,23180.89,0.1913,23403.1,32575.15,13139.0,8815.4,6243.1,11129.33,3246.97,4900.96,0.7603,0.5236,0.668,44,Moderate,94674.4
86,7,121200.0,93882.02,27317.98,0.2254,32141.63,31362.23,13825.71,18119.25,7254.86,6649.04,6643.52,4694.1,0.6947,0.459,0.6229,42,Moderate,98850.49
86,8,121200.0,109642.94,11557.06,0.0954,25102.43,41220.6,12230.82,21490.76,5694.63,7015.13,2659.37,5482.15,0.703,0.384,0.5069,34,High,103289.62
86,9,121200.0,96001.95,25198.05,0.2079,32868.0,27314.26,10487.67,9397.8,7427.94,7332.82,6351.17,4800.1,0.894,0.3793,0.653,45,Moderate,102110.11
86,10,121200.0,94924.38,26275.62,0.2168,26551.96,27760.98,13949.95,15581.9,7952.42,7649.03,3626.67,4746.22,0.902,0.4963,0.6235,49,Moderate,89268.52
86,11,121200.0,94149.06,27050.94,0.2232,21201.62,23831.66,13427.87,10682.81,5542.23,7704.01,5845.63,5913.23,0.6571,0.6055,0.6026,44,Moderate,89741.46
86,12,122400.0,97691.64,24708.36,0.2019,23106.09,27345.29,9367.95,6684.23,8436.27,10337.52,6802.16,5612.12,0.7832,0.5852,0.6605,47,Moderate,97391.89
86,13,122400.0,101318.76,21081.24,0.1722,23160.86,30914.5,9778.03,11288.74,3601.13,11378.09,2576.53,8620.87,0.6313,0.415,0.4311,37,Moderate,101573.02
86,14,122400.0,100420.22,21979.78,0.1796,20292.73,31997.52,9015.48,14273.44,8964.4,5601.5,2996.2,7278.95,0.8524,0.501,0.7432,46,Moderate,99150.73
86,15,122400.0,111488.51,10911.49,0.0891,28289.99,33093.3,14749.12,13912.52,8949.46,4553.05,5404.75,2536.32,0.6701,0.6434,0.6628,40,High,114705.74
86,16,122400.0,93636.93,28763.07,0.235,29176.51,23680.64,11173.3,5138.62,4606.86,10693.75,6816.9,2350.35,0.7616,0.6031,0.6022,48,Moderate,92789.08
86,17,122400.0,101123.16,21276.84,0.1738,21038.39,30915.57,10518.71,19193.35,7526.63,11042.64,4746.37,5056.16,0.7854,0.3792,0.5005,40,Moderate,102372.05
86,18,123600.0,94205.9,29394.1,0.2378,26369.82,26274.67,11214.94,14036.08,4728.64,8298.62,4057.91,4710.29,0.6373,0.5751,0.5879,44,Moderate,99195.48
86,19,123600.0,97675.25,25924.75,0.2097,23660.57,33508.45,12755.23,12144.59,4067.52,5219.85,6242.25,76.79,0.7173,0.3888,0.5728,40,Moderate,101601.34
86,20,123600.0,103560.6,20039.4,0.1621,34554.06,28941.03,12678.42,8123.78,5826.5,9935.81,2770.57,730.43,0.683,0.4538,0.5515,39,Moderate,102016.55
86,21,123600.0,93866.98,29733.02,0.2406,27930.3,36460.27,10550.9,10043.96,7858.34,8600.43,4199.92,4693.35,0.7635,0.5865,0.6553,48,Moderate,93956.35
86,22,123600.0,104331.04,19268.96,0.1559,28145.76,35418.88,14459.0,10889.19,7033.04,10918.23,6660.37,5216.55,0.8812,0.4724,0.7156,45,Moderate,105094.17
86,23,123600.0,99524.96,24075.04,0.1948,22040.55,38873.71,13912.92,8235.53,7779.91,9002.18,5129.75,4976.25,0.8454,0.5365,0.7889,47,Moderate,100701.72
87,0,250000.0,157854.83,92145.17,0.3686,46957.68,51436.91,21469.29,11177.41,12966.86,11051.72,6040.27,7892.74,0.5737,0.7337,0.564,52,Moderate,163588.55
87,1,250000.0,147511.29,102488.71,0.41,36628.77,55433.98,15137.08,17919.25,10133.73,6153.49,7666.77,7375.56,0.3585,0.9699,0.5743,53,Moderate,145303.68
87,2,250000.0,134258.56,115741.44,0.463,45380.18,51982.66,12434.42,14696.9,11795.85,10056.69,8279.59,6712.93,0.4243,0.7785,0.6963,53,Moderate,126831.77
87,3,250000.0,129440.93,120559.07,0.4822,38899.95,46528.58,15938.63,23394.55,12688.15,6152.66,9984.89,6472.05,0.3549,1.0,0.7635,57,Moderate,130739.52
87,4,250000.0,137707.39,112292.61,0.4492,28782.59,42199.3,16539.94,11791.2,5873.05,7033.96,4357.53,21129.82,0.595,0.9093,0.7173,60,Moderate,138221.65
87,5,250000.0,130613.17,119386.83,0.4775,44775.14,33588.09,17317.24,25952.88,8276.01,6471.32,3315.78,6530.66,0.5882,0.8465,0.6853,60,Moderate,125665.36
87,6,252500.0,129369.42,123130.58,0.4876,33526.51,50865.06,14773.44,19449.05,9554.49,11574.59,9196.59,6468.47,0.5648,0.7691,0.6598,58,Moderate,138394.11
87,7,252500.0,164124.77,88375.23,0.35,55157.88,41418.61,21308.64,21476.86,7731.71,10381.05,9047.72,8206.24,0.482,0.9246,0.6518,53,Moderate,159602.77
87,8,252500.0,133146.07,119353.93,0.4727,29669.87,47815.58,19882.1,21485.05,13107.35,15676.02,9209.53,6657.3,0.3532,0.9608,0.7317,55,Moderate,135385.76
87,9,252500.0,137566.29,114933.71,0.4552,31715.96,44745.9,17051.98,8614.36,5553.33,15158.71,2974.24,11751.8,0.5719,0.8611,0.6428,59,Moderate,132624.88
87,10,252500.0,160323.81,92176.19,0.3651,48385.86,60914.94,13065.46,27381.44,15856.59,16416.43,5086.99,8016.19,0.3781,0.8683,0.6497,49,Moderate,156661.49
87,11,252500.0,140849.6,111650.4,0.4422,31550.8,47650.74,13258.02,8963.7,10052.77,9502.35,8154.91,11716.31,0.4488,0.8001,0.6972,53,Moderate,144625.0
87,12,255000.0,126290.79,128709.21,0.5047,40077.7,48217.01,11497.98,20955.29,9810.89,10717.89,5855.28,6314.54,0.5811,1.0,0.7608,65,Moderate,124427.72
87,13,255000.0,151532.22,103467.78,0.4058,35412.67,40905.98,19355.94,12580.59,13217.46,14596.25,11769.4,3693.93,0.5997,0.9585,0.7556,60,Moderate,153853.29
87,14,255000.0,139067.36,115932.64,0.4546,33896.3,39511.2,11222.6,8696.7,10752.16,8086.49,7604.97,19296.94,0.5765,0.7579,0.629,56,Moderate,136787.59
87,15,255000.0,133589.64,121410.36,0.4761,40027.09,40627.6,18388.84,6941.06,5638.86,10984.43,6721.91,4259.85,0.3787,1.0,0.6272,57,Moderate,136899.54
87,16,255000.0,139383.18,115616.82,0.4534,46040.97,36149.59,19674.53,21091.37,11643.11,9895.66,10555.79,6969.16,0.4714,0.7931,0.6097,54,Moderate,148058.14
87,17,255000.0,133733.16,121266.84,0.4756,34938.08,48225.92,14271.52,22719.13,7606.11,9580.81,3836.02,6686.66,0.484,0.7469,0.6909,54,Moderate,137403.56
87,18,257500.0,144319.99,113180.01,0.4395,32757.69,42655.93,11936.09,16613.15,9850.25,14049.88,7182.69,9274.31,0.4593,0.8199,0.5673,54,Moderate,144692.71
87,19,257500.0,146939.62,110560.38,0.4294,37972.28,49853.59,16756.27,8566.25,8982.0,15577.59,5579.8,3651.82,0.5743,1.0,0.8152,61,Moderate,157162.63
87,20,257500.0,161531.59,95968.41,0.3727,47171.26,61772.9,14151.11,30400.34,11687.96,8203.02,11734.48,8076.58,0.342,0.9973,0.5729,51,Moderate,168272.68
87,21,257500.0,156161.77,101338.23,0.3935,36957.03,55781.95,13955.37,22682.08,5004.07,11378.27,7831.76,2571.24,0.5276,0.8995,0.768,56,Moderate,166327.12
87,22,257500.0,145711.92,111788.08,0.4341,36074.83,44919.53,20644.9,20864.84,13973.81,14651.05,9062.47,7285.6,0.3786,0.8341,0.6717,51,Moderate,154610.66
87,23,257500.0,161153.12,96346.88,0.3742,41833.55,40505.77,13078.57,14553.99,9739.81,14603.75,3418.66,23419.02,0.4236,0.9216,0.7583,52,Moderate,166845.9
88,0,25000.0,11541.72,13458.28,0.5383,3273.8,3697.99,1242.69,2086.65,462.09,555.65,856.16,577.09,0.3793,0.8468,0.5224,56,Moderate,11375.88
88,1,25000.0,12456.75,12543.25,0.5017,4356.89,4679.83,1287.21,1113.88,695.66,993.89,366.85,622.84,0.2028,0.7472,0.4897,47,Moderate,12647.17
88,2,25000.0,9802.29,15197.71,0.6079,2916.28,3245.77,850.0,1751.17,779.83,874.01,714.71,490.11,0.2418,0.8199,0.5235,55,Moderate,10175.16
88,3,25000.0,9729.23,15270.77,0.6108,2940.08,2978.6,922.21,1572.33,827.56,412.2,313.5,486.46,0.2924,0.8422,0.5821,57,Moderate,9958.68
88,4,25000.0,11052.76,13947.24,0.5579,3800.65,3564.78,1525.0,1566.74,412.9,1214.19,548.56,552.64,0.3623,0.8978,0.7103,58,Moderate,11008.23
88,5,25000.0,10898.16,14101.84,0.5641,3612.17,3545.41,1389.87,1410.18,983.32,520.85,343.89,544.91,0.2318,0.956,0.5206,56,Moderate,11182.39
88,6,25250.0,9013.7,16236.3,0.643,1818.4,2424.79,1323.24,1470.23,805.5,810.36,337.05,24.12,0.3784,0.9432,0.5912,63,Moderate,9258.25
88,7,25250.0,10714.0,14536.0,0.5757,3565.37,3058.57,1139.97,1591.37,761.32,1246.85,780.69,535.7,0.336,0.9086,0.6307,58,Moderate,10773.62
88,8,25250.0,10252.05,14997.95,0.594,2433.65,3563.41,1494.39,1218.96,686.24,953.28,710.6,512.6,0.2625,0.7555,0.4961,53,Moderate,10594.06
88,9,25250.0,9185.96,16064.04,0.6362,2419.17,2851.21,1061.53,829.32,846.38,485.17,314.03,379.15,0.3658,0.9324,0.636,62,Moderate,9734.51
88,10,25250.0,12713.24,12536.76,0.4965,3123.38,3772.59,1077.94,1513.83,1030.84,1483.07,484.55,227.05,0.2321,1.0,0.701,54,Moderate,13151.94
88,11,25250.0,12138.76,13111.24,0.5193,2579.36,4454.53,1221.38,2331.93,911.06,786.04,704.87,606.94,0.4407,0.8819,0.5747,58,Moderate,11983.9
88,12,25500.0,12383.03,13116.97,0.5144,3753.41,4287.62,1782.48,1625.33,1023.33,568.72,863.15,619.15,0.2215,1.0,0.5623,54,Moderate,11883.33
88,13,25500.0,11676.7,13823.3,0.5421,3750.51,3447.65,1410.84,2185.74,671.67,568.36,926.66,583.83,0.4152,0.9024,0.6987,59,Moderate,12379.22
88,14,25500.0,11035.34,14464.66,0.5672,3658.27,2876.03,1560.53,1033.66,905.63,1254.14,644.99,551.77,0.2022,0.7629,0.5705,50,Moderate,10982.68
88,15,25500.0,12136.26,13363.74,0.5241,3781.57,4333.77,1783.24,1238.61,978.45,615.85,881.23,606.81,0.1738,1.0,0.5542,53,Moderate,12974.59
88,16,25500.0,9096.6,16403.4,0.6433,2549.75,3016.79,797.87,1031.65,857.98,951.53,336.79,454.83,0.3982,0.7864,0.5446,60,Moderate,9582.43
88,17,25500.0,9683.55,15816.45,0.6203,2161.71,3577.54,992.71,920.02,664.3,869.07,631.29,484.18,0.3065,0.9456,0.631,60,Moderate,10329.26
88,18,25750.0,12151.83,13598.17,0.5281,2837.92,3707.15,1441.73,2028.17,540.78,1004.35,609.13,607.59,0.2256,0.8941,0.5761,52,Moderate,11599.31
88,19,25750.0,10093.71,15656.29,0.608,2869.49,3704.78,1279.39,710.57,729.46,1063.46,389.58,504.69,0.3411,0.8593,0.588,59,Moderate,10536.15
88,20,25750.0,10748.36,15001.64,0.5826,3069.54,3261.78,1335.73,843.35,566.03,669.46,335.97,666.49,0.2857,0.754,0.4471,53,Moderate,10800.26
88,21,25750.0,10592.14,15157.86,0.5887,2137.96,2882.46,1058.8,1653.47,522.12,649.57,610.68,1077.09,0.2905,0.7897,0.4835,54,Moderate,10208.88
88,22,25750.0,10749.62,15000.38,0.5825,3116.59,3629.48,1440.5,1342.91,373.16,966.9,555.87,537.48,0.3134,0.8378,0.5401,56,Moderate,11305.27
88,23,25750.0,12269.68,13480.32,0.5235,2839.55,4109.29,1721.53,2448.84,1212.14,796.94,445.4,613.48,0.3661,0.9596,0.6424,58,Moderate,11714.2
89,0,180000.0,132226.49,47773.51,0.2654,32956.86,40272.8,17023.16,14398.85,6404.99,14563.59,9729.66,6611.32,0.6916,0.5247,0.5599,45,Moderate,132102.43
89,1,180000.0,116210.33,63789.67,0.3544,38867.66,45069.29,11347.08,6313.56,10397.27,6944.76,4848.42,5810.52,0.7395,0.5274,0.6351,51,Low,124035.61
89,2,180000.0,128147.48,51852.52,0.2881,39086.09,35698.28,16148.15,12665.62,7924.98,6347.96,5875.03,4401.37,0.5604,0.5544,0.6562,43,Moderate,126077.81
89,3,180000.0,125054.53,54945.47,0.3053,40522.82,42856.46,14107.21,21469.32,8765.14,7223.33,7817.26,6252.73,0.78,0.7058,0.6687,54,Low,122069.84
89,4,180000.0,131283.32,48716.68,0.2706,28227.26,48597.3,13758.17,22043.28,11825.78,5785.1,8199.73,6564.17,0.6869,0.552,0.6613,46,Moderate,130506.23
89,5,180000.0,140062.21,39937.79,0.2219,44874.87,35110.67,12582.75,18823.37,10602.59,5881.46,5703.21,6483.29,0.7889,0.7289,0.7647,51,Moderate,139096.34
89,6,181800.0,118884.39,62915.61,0.3461,34096.16,36999.35,15772.2,21460.11,7255.54,13564.15,3513.63,5944.22,0.568,0.7781,0.7445,52,Moderate,124008.32
89,7,181800.0,127766.37,54033.63,0.2972,27905.75,45970.78,13851.82,16853.03,11952.07,8931.87,10181.01,6388.32,0.659,0.7798,0.7849,52,Moderate,120873.16
89,8,181800.0,140831.27,40968.73,0.2254,39361.06,51144.34,11990.34,25620.27,12945.26,15367.0,4098.63,7041.56,0.642,0.7225,0.69,47,Moderate,132574.3
89,9,181800.0,146721.22,35078.78,0.193,40025.72,39169.73,16413.82,17544.15,11374.51,15480.32,10573.47,7336.06,0.5589,0.7541,0.5748,44,Moderate,150845.93
89,10,181800.0,121416.93,60383.07,0.3321,34202.7,40525.15,11073.59,8594.51,6611.57,12446.58,4415.74,3547.08,0.6549,0.7951,0.7783,54,Low,125079.37
89,11,181800.0,117280.62,64519.38,0.3549,36136.69,39376.9,12417.95,7754.94,10782.13,8830.73,4976.01,5864.03,0.5924,0.5193,0.5222,46,Moderate,123925.11
89,12,183600.0,132253.86,51346.14,0.2797,30238.65,38427.8,15051.3,19144.92,12658.37,7195.15,7689.41,1848.27,0.5732,0.7397,0.7287,48,Moderate,130248.46
89,13,183600.0,119686.73,63913.27,0.3481,39064.01,39340.49,14915.41,14598.06,10603.94,13912.85,6333.58,5984.34,0.7414,0.6556,0.7133,54,Low,114730.9
89,14,183600.0,117089.21,66510.79,0.3623,26981.34,39260.31,13301.28,12154.21,8741.47,10454.12,8526.26,5854.46,0.743,0.6658,0.7175,55,Low,113276.32
89,15,183600.0,133755.76,49844.24,0.2715,32410.03,38934.39,11003.22,17603.19,8582.78,14594.32,3432.31,7195.51,0.6269,0.6649,0.6173,47,Moderate,134485.11
89,16,183600.0,135863.33,47736.67,0.26,44846.81,48797.04,16690.52,23284.27,8828.12,13162.83,8191.3,6793.17,0.7349,0.5443,0.5861,47,Moderate,135694.87
89,17,183600.0,142429.76,41170.24,0.2242,36093.99,43710.8,16563.49,21459.19,13032.59,7592.95,7208.48,7121.49,0.694,0.7243,0.8079,49,Moderate,137234.72
89,18,185400.0,139854.88,45545.12,0.2457,46972.58,45434.82,15943.53,7688.74,12164.17,16532.49,7655.88,6992.74,0.4968,0.6218,0.595,41,Moderate,140658.14
89,19,185400.0,135013.83,50386.17,0.2718,31301.41,44672.63,17153.43,21334.81,6500.46,9966.76,4575.0,6750.69,0.7665,0.6373,0.6894,51,Moderate,138629.37
89,20,185400.0,130618.47,54781.53,0.2955,31985.78,34050.93,11114.5,20859.6,11658.87,14227.15,8363.71,6530.92,0.5366,0.5078,0.5995,42,Moderate,133646.5
89,21,185400.0,131446.53,53953.47,0.291,28337.99,44493.27,17230.22,23056.84,9968.48,14438.71,9053.33,6572.33,0.6551,0.698,0.6595,50,Moderate,139932.1
89,22,185400.0,137750.7,47649.3,0.257,29990.48,41279.79,20090.38,17300.1,12237.07,5579.26,8122.38,3151.24,0.6875,0.7784,0.7676,51,Moderate,131135.83
89,23,185400.0,138500.47,46899.53,0.253,41083.91,34896.93,20155.9,8375.96,7165.08,12314.2,3283.23,11225.26,0.6834,0.696,0.61,49,Moderate,132210.56
90,0,180000.0,122898.55,57101.45,0.3172,36016.71,31719.44,12579.43,8832.47,11267.19,10025.5,3220.48,9237.34,0.5488,0.5557,0.609,44,Moderate,126671.2
90,1,180000.0,128784.75,51215.25,0.2845,30598.04,38881.24,17002.43,20693.31,5903.24,5159.21,5104.0,5443.28,0.4943,0.6326,0.5471,43,Moderate,129539.0
90,2,180000.0,139772.95,40227.05,0.2235,48304.63,42586.29,12724.3,16428.35,8815.74,12666.97,7542.88,6988.65,0.5543,0.4555,0.4066,38,Moderate,133750.91
90,3,180000.0,133867.99,46132.01,0.2563,42604.99,43118.39,15763.76,12158.49,4711.81,10068.15,3804.45,1637.97,0.3732,0.433,0.4476,33,Moderate,131015.54
90,4,180000.0,144532.48,35467.52,0.197,44185.9,45805.13,18176.89,20896.33,13849.91,6932.12,7392.18,7226.62,0.3361,0.5105,0.4685,31,Moderate,153449.12
90,5,180000.0,137182.13,42817.87,0.2379,35372.38,46605.59,18136.24,10790.72,9606.71,5744.99,10651.57,273.93,0.4185,0.6171,0.5923,38,Moderate,131550.62
90,6,181800.0,151705.86,30094.14,0.1655,45612.83,46633.2,19576.88,27575.88,12694.83,10280.79,4619.14,7585.29,0.5993,0.6507,0.5357,41,Moderate,156137.72
90,7,181800.0,151878.79,29921.21,0.1646,52892.21,49719.09,20913.25,25958.64,13489.54,13751.26,5217.99,7593.94,0.557,0.4148,0.3977,34,Moderate,144804.6
90,8,181800.0,138076.02,43723.98,0.2405,35482.29,46775.43,18240.89,25032.21,4395.1,10547.28,3217.03,6903.8,0.5992,0.5923,0.5592,43,Moderate,142208.42
90,9,181800.0,128846.13,52953.87,0.2913,41484.62,41018.74,10388.2,14355.85,7868.93,8290.41,6449.16,6442.31,0.5019,0.4781,0.564,40,Moderate,129683.97
90,10,181800.0,134041.19,47758.81,0.2627,40675.23,53408.93,18279.95,15363.88,12978.34,8273.86,9678.35,6702.06,0.6224,0.3807,0.5268,40,Moderate,141998.13
90,11,181800.0,135700.09,46099.91,0.2536,38276.57,45860.38,20113.85,13231.45,12586.84,15134.73,8596.96,6785.0,0.5923,0.675,0.7191,46,Moderate,133976.37
90,12,183600.0,144375.24,39224.76,0.2136,43107.58,47012.39,20672.26,21816.7,11645.9,15654.39,6179.6,7218.76,0.3772,0.4207,0.3974,31,Moderate,150865.19
90,13,183600.0,149230.25,34369.75,0.1872,40776.39,54839.53,18146.0,16576.22,10297.3,11487.6,7317.22,7461.51,0.5309,0.5301,0.462,37,Moderate,157322.7
90,14,183600.0,130439.56,53160.44,0.2895,44086.79,33626.32,18506.13,19693.75,9196.47,6797.06,7781.29,6521.98,0.4506,0.6069,0.4433,41,Moderate,126381.07
90,15,183600.0,124984.1,58615.9,0.3193,38817.61,34382.78,13917.59,21362.06,3789.41,14418.55,3047.76,6249.21,0.5971,0.6082,0.5321,47,Moderate,129872.55
90,16,183600.0,142963.65,40636.35,0.2213,39101.23,40983.43,18705.74,16197.08,9120.66,6490.7,6557.14,5807.67,0.4743,0.6015,0.4464,39,Moderate,138285.13
90,17,183600.0,131666.99,51933.01,0.2829,38658.19,47164.77,12128.64,12541.86,12754.37,6170.64,4463.92,6583.35,0.5736,0.6744,0.7225,46,Moderate,133087.3
90,18,185400.0,126907.21,58492.79,0.3155,42317.95,31991.53,18362.34,10000.5,11144.6,12808.72,9193.24,6345.36,0.5136,0.51,0.4757,42,Moderate,119902.91
90,19,185400.0,144270.59,41129.41,0.2218,31274.59,37706.7,21210.35,18896.23,9993.22,12192.94,9020.9,3975.65,0.3594,0.5061,0.4998,33,Moderate,152070.64
90,20,185400.0,138821.79,46578.21,0.2512,38295.33,36045.81,14765.38,13306.99,6062.23,8526.15,5851.35,15968.55,0.3443,0.425,0.4512,32,Moderate,142130.19
90,21,185400.0,144786.29,40613.71,0.2191,35544.59,47840.15,17370.39,10068.58,7703.82,11663.13,10246.93,4348.7,0.4594,0.6768,0.6132,40,Moderate,149441.94
90,22,185400.0,134218.16,51181.84,0.2761,43543.61,45706.32,18719.51,16058.23,12333.47,5929.0,10450.98,6710.91,0.6032,0.5239,0.5373,43,Moderate,128796.88
90,23,185400.0,141041.14,44358.86,0.2393,41239.59,43360.87,13712.46,9588.66,13402.62,13416.17,7903.81,7052.06,0.5244,0.5163,0.5428,39,Moderate,138430.78
91,0,250000.0,164057.74,85942.26,0.3438,44322.38,46030.78,20939.37,19016.41,5705.94,10856.03,6114.68,11072.15,0.7783,0.5947,0.6921,53,Low,165967.03
91,1,250000.0,134892.21,115107.79,0.4604,41177.35,44727.36,13762.49,12763.87,10047.66,14151.82,6456.83,6744.61,0.7759,0.6748,0.6804,60,Low,131679.38
91,2,250000.0,152928.61,97071.39,0.3883,49769.55,50955.09,18978.57,21011.73,12543.95,14202.13,3882.71,7646.43,0.9369,0.6321,0.8364,61,Low,161420.05
91,3,250000.0,130121.23,119878.77,0.4795,35455.62,51881.23,17656.92,13672.5,9120.02,14319.38,7290.76,6506.06,0.9004,0.7995,0.8723,68,Low,131342.24
91,4,250000.0,120698.73,129301.27,0.5172,39625.58,31725.36,12573.94,15559.71,11571.39,8244.68,3004.68,6034.94,1.0,0.5972,0.7745,68,Low,128760.97
91,5,250000.0,129949.36,120050.64,0.4802,42568.06,45693.5,16524.74,19858.24,10723.96,9522.69,7701.03,6497.47,0.7538,0.5979,0.6498,59,Low,128157.95
91,6,252500.0,147482.71,105017.29,0.4159,33606.65,39192.54,21746.98,7766.01,9974.12,9124.82,9324.53,16747.07,0.9997,0.8002,0.8966,68,Low,142733.33
91,7,252500.0,166485.97,86014.03,0.3406,51294.85,56670.52,16045.58,21550.34,14067.63,18035.54,7544.07,8324.3,0.7553,0.508,0.6783,50,Low,171686.77
91,8,252500.0,162456.1,90043.9,0.3566,48635.48,51650.66,22417.94,9702.66,6005.68,11481.16,9778.19,2784.33,0.7792,0.6817,0.7545,56,Low,167241.39
91,9,252500.0,125246.11,127253.89,0.504,35261.2,31897.75,17255.08,9720.65,6621.05,8320.97,9190.47,6978.95,0.973,0.7663,0.856,71,Low,118250.64
91,10,252500.0,125918.06,126581.94,0.5013,42297.57,48473.67,10160.64,18766.97,6874.44,8336.81,7507.78,6295.9,0.9289,0.5998,0.7543,65,Low,118595.44
91,11,252500.0,142244.82,110255.18,0.4367,28701.17,56799.87,17876.25,26964.13,10136.12,14405.87,4078.4,7112.24,1.0,0.7256,0.853,67,Low,136134.05
91,12,255000.0,152291.15,102708.85,0.4028,36344.61,41981.84,20432.83,11592.29,12915.04,17332.45,9233.14,2458.95,0.8489,0.5801,0.775,58,Low,147095.47
91,13,255000.0,165778.12,89221.88,0.3499,39276.56,41857.2,17902.84,10104.25,6540.9,19654.1,12204.84,18237.44,0.7472,0.6,0.7051,53,Low,171650.11
91,14,255000.0,156946.05,98053.95,0.3845,53702.79,45443.22,18010.31,23254.71,7234.81,13875.06,9928.19,7847.3,0.7494,0.5773,0.6932,54,Low,149608.87
91,15,255000.0,148276.65,106723.35,0.4185,42027.74,55022.94,20537.19,18268.11,13010.43,11630.69,5678.47,7413.83,0.9966,0.7526,0.8636,67,Low,143352.56
91,16,255000.0,151818.38,103181.62,0.4046,38348.85,55631.98,17590.25,12580.53,4973.21,6920.32,3706.32,12066.92,1.0,0.5877,0.824,62,Low,157705.9
91,17,255000.0,139612.28,115387.72,0.4525,29671.27,43105.9,15867.83,27816.21,4423.37,5829.76,3296.16,9601.78,0.95,0.5604,0.8035,62,Low,135651.87
91,18,257500.0,156673.51,100826.49,0.3916,33982.21,44721.97,23386.1,23350.85,9948.89,15725.41,11024.4,7833.68,0.9615,0.6129,0.8669,61,Low,167242.85
91,19,257500.0,136779.62,120720.38,0.4688,44023.07,37641.25,19442.07,11786.22,6449.29,12716.32,3766.85,954.55,0.8512,0.7765,0.8389,66,Low,136271.76
91,20,257500.0,130952.61,126547.39,0.4914,28712.22,50201.62,16057.48,25071.01,8056.24,11907.52,6264.68,6547.63,1.0,0.5513,0.8428,65,Low,125309.51
91,21,257500.0,154658.59,102841.41,0.3994,38594.15,58310.19,13127.74,25803.15,10795.02,13676.5,10967.1,7732.93,0.9263,0.7242,0.7285,63,Low,150696.87
91,22,257500.0,144246.56,113253.44,0.4398,38972.2,54221.06,17277.52,14964.7,8162.65,16127.13,5956.95,7212.33,0.7484,0.7342,0.7564,60,Low,153826.5
91,23,257500.0,141465.0,116035.0,0.4506,32767.99,54230.02,13517.62,26016.19,5680.49,12005.36,5360.24,7073.25,1.0,0.6985,0.901,67,Low,146220.11
92,0,25000.0,11647.06,13352.94,0.5341,2394.58,3018.85,972.78,1861.18,484.44,774.16,233.96,1907.1,0.3638,0.5933,0.5542,49,Moderate,10991.98
92,1,25000.0,12077.39,12922.61,0.5169,3327.92,4183.0,988.5,647.19,745.3,631.11,255.93,1298.43,0.3641,0.4218,0.2933,44,Moderate,12443.81
92,2,25000.0,12623.19,12376.81,0.4951,3343.17,3979.74,1153.1,2176.28,1075.07,773.22,651.45,631.16,0.4231,0.48,0.3939,46,Moderate,12327.73
92,3,25000.0,11560.25,13439.75,0.5376,2922.7,3617.91,1688.56,1295.28,358.4,1142.82,916.71,578.01,0.3947,0.6176,0.4075,51,Moderate,11603.25
92,4,25000.0,11549.51,13450.49,0.538,3103.18,3310.4,1279.6,1245.75,1134.75,701.07,610.96,163.79,0.5548,0.6412,0.6249,56,Moderate,11204.15
92,5,25000.0,11312.0,13688.0,0.5475,3108.99,4144.07,1392.7,1091.75,969.05,677.1,793.66,565.6,0.4989,0.4444,0.5463,50,Moderate,10675.95
92,6,25250.0,13018.66,12231.34,0.4844,2919.61,4450.34,1261.08,2176.01,1047.25,1001.87,662.21,650.93,0.3958,0.5206,0.4525,46,Moderate,13229.6
92,7,25250.0,11396.54,13853.46,0.5487,3633.38,4042.31,1336.97,1897.53,1046.17,790.3,688.21,569.83,0.5917,0.588,0.597,57,Moderate,11456.06
92,8,25250.0,11069.98,14180.02,0.5616,3474.93,2848.61,1107.87,704.02,538.96,933.61,785.07,676.91,0.3804,0.5257,0.4201,49,Moderate,10923.37
92,9,25250.0,14319.36,10930.64,0.4329,3425.93,5551.93,1974.93,1120.41,1267.23,1639.66,731.2,715.97,0.3533,0.6335,0.4638,45,Moderate,13487.98
92,10,25250.0,12679.24,12570.76,0.4979,4185.53,4211.12,1262.37,2135.98,972.79,875.11,455.23,633.96,0.5095,0.5804,0.5902,52,Moderate,12141.33
92,11,25250.0,10505.91,14744.09,0.5839,2771.83,2735.89,1092.36,1139.2,818.74,1236.47,752.57,525.3,0.5657,0.4857,0.5338,55,Moderate,10070.62
92,12,25500.0,12263.57,13236.43,0.5191,3121.92,3289.67,1552.39,1821.39,478.05,1286.33,413.78,300.03,0.5309,0.492,0.4482,51,Moderate,12578.79
92,13,25500.0,11531.83,13968.17,0.5478,3497.58,3395.9,1671.79,1756.51,723.08,1281.17,631.3,576.59,0.5807,0.6549,0.5442,58,Moderate,11237.82
92,14,25500.0,11280.32,14219.68,0.5576,2639.38,2914.93,1460.19,1049.57,567.93,1113.41,227.44,1307.47,0.5884,0.4456,0.4367,53,Moderate,11664.39
92,15,25500.0,13452.86,12047.14,0.4724,3468.72,3672.94,1553.91,2522.72,455.01,1319.21,1005.44,672.64,0.4722,0.3636,0.466,44,Moderate,13969.28
92,16,25500.0,11171.96,14328.04,0.5619,3514.56,4094.25,1007.1,1156.65,924.96,801.61,639.93,558.6,0.3577,0.4908,0.3835,48,Moderate,11412.43
92,17,25500.0,12832.85,12667.15,0.4968,4190.84,3398.21,1498.32,1683.13,927.64,911.03,979.47,641.64,0.4784,0.367,0.4774,45,Moderate,12611.69
92,18,25750.0,14041.23,11708.77,0.4547,4838.43,4770.96,2097.6,826.59,1174.04,654.14,943.49,702.06,0.3475,0.3826,0.3205,40,Moderate,13529.51
92,19,25750.0,13767.91,11982.09,0.4653,3399.71,3739.89,1176.08,1538.95,840.35,1486.98,450.39,1135.57,0.5447,0.5043,0.4562,49,Moderate,14540.12
92,20,25750.0,12568.76,13181.24,0.5119,3848.83,4244.68,1608.05,1677.84,574.27,1062.84,872.55,628.44,0.4996,0.507,0.4893,50,Moderate,12893.32
92,21,25750.0,11328.84,14421.16,0.56,3649.65,2969.11,1320.03,2105.45,891.25,708.95,579.15,566.44,0.4303,0.5391,0.4736,51,Moderate,10816.65
92,22,25750.0,11477.65,14272.35,0.5543,3379.37,4313.03,1128.48,1339.69,913.6,1163.88,534.52,573.88,0.545,0.3676,0.443,50,Moderate,11104.87
92,23,25750.0,12219.52,13530.48,0.5255,3061.12,4260.07,1504.03,1342.2,407.12,1165.26,342.19,137.53,0.5757,0.5861,0.5028,55,Moderate,12596.61
93,0,180000.0,133532.65,46467.35,0.2582,38468.96,51174.44,17319.02,14862.11,10932.58,8318.09,7804.63,6676.63,1.0,0.7601,0.8764,60,Moderate,141516.52
93,1,180000.0,122834.53,57165.47,0.3176,26943.72,43190.49,10453.62,18308.97,4406.88,6577.83,8438.03,4514.97,0.7614,0.6493,0.7895,53,Low,123777.81
93,2,180000.0,128474.88,51525.12,0.2863,40704.75,47600.78,12535.59,12319.71,8727.41,6662.47,3039.11,6423.74,0.8213,0.8027,0.9035,57,Moderate,129571.71
93,3,180000.0,138610.31,41389.69,0.2299,30361.5,35393.99,11760.18,10949.18,10884.3,6374.69,7697.3,25189.16,0.9366,0.8303,0.9043,59,Moderate,143842.73
93,4,180000.0,137805.87,42194.13,0.2344,38793.68,40294.67,13758.01,17580.3,7535.2,15012.3,10068.52,6890.29,0.9048,0.7827,0.8961,57,Moderate,131964.17
93,5,180000.0,141100.32,38899.68,0.2161,29792.97,47982.91,16015.38,13223.76,6521.27,16908.84,3726.38,6928.82,0.7367,0.5495,0.6396,45,Moderate,148849.84
93,6,181800.0,127266.67,54533.33,0.3,28931.31,37211.0,18995.93,24531.13,7890.08,14933.56,10032.64,6363.33,0.9114,0.6166,0.8381,56,Moderate,122144.4
93,7,181800.0,131244.51,50555.49,0.2781,26958.08,36012.28,13386.39,18800.76,4059.85,5502.14,3879.18,22645.86,0.9254,0.5702,0.7829,54,Moderate,131421.26
93,8,181800.0,140578.27,41221.73,0.2267,34196.99,35485.51,15623.14,7758.27,13068.21,8671.59,11181.61,14592.94,0.7548,0.5972,0.5836,47,Moderate,138564.6
93,9,181800.0,143003.34,38796.66,0.2134,46375.16,38382.52,21294.18,24623.69,11508.65,9667.28,8458.31,7150.17,0.7536,0.7734,0.7851,51,Moderate,141898.66
93,10,181800.0,133227.91,48572.09,0.2672,45689.34,38756.26,16898.49,19362.13,7149.74,5518.99,8734.76,6661.4,0.9722,0.6567,0.7626,57,Moderate,131740.61
93,11,181800.0,147250.04,34549.96,0.19,40887.27,41843.78,22026.91,24077.18,11217.64,11636.42,5678.75,7362.5,0.8346,0.7759,0.7882,52,Moderate,141673.53
93,12,183600.0,147712.81,35887.19,0.1955,50912.76,54884.2,12579.0,22788.29,13893.95,10763.52,6062.79,7385.64,0.9073,0.5664,0.8365,50,Moderate,144398.05
93,13,183600.0,120428.62,63171.38,0.3441,26639.53,46931.16,15918.74,13911.74,10275.82,7900.33,5877.75,6021.43,1.0,0.616,0.8979,60,Low,126977.18
93,14,183600.0,140443.62,43156.38,0.2351,40028.46,35522.5,19577.18,17005.58,11228.34,5821.15,3145.62,8114.78,0.9553,0.6077,0.8417,54,Moderate,135846.01
93,15,183600.0,120409.85,63190.15,0.3442,33354.63,43035.92,10988.35,14379.77,7313.22,12334.27,4267.65,6020.49,0.9671,0.7226,0.768,62,Low,126442.53
93,16,183600.0,129007.08,54592.92,0.2973,34318.06,48574.22,16177.75,12081.32,3981.5,11206.81,3768.38,6450.35,0.8977,0.7741,0.8763,59,Moderate,121638.45
93,17,183600.0,131205.97,52394.03,0.2854,35855.31,33555.15,15616.74,23511.52,7034.2,9900.42,4714.51,1018.13,0.8218,0.5926,0.69,52,Moderate,128281.55
93,18,185400.0,139871.55,45528.45,0.2456,30697.79,46317.89,12961.84,12142.21,10669.01,9436.6,6090.52,11555.7,0.7409,0.8416,0.7967,54,Moderate,139840.33
93,19,185400.0,134101.01,51298.99,0.2767,28833.81,43155.78,16366.26,18047.65,6674.27,13522.04,6980.99,520.21,0.7921,0.776,0.8821,55,Moderate,127561.91
93,20,185400.0,133146.94,52253.06,0.2818,38536.42,48015.33,17797.46,7215.37,11283.84,6651.19,2700.68,946.66,0.7344,0.6652,0.6213,51,Moderate,129707.74
93,21,185400.0,134572.94,50827.06,0.2741,28113.32,52611.42,13040.11,24024.27,9278.21,13995.1,3150.78,6728.65,0.8472,0.6865,0.8392,54,Moderate,129677.9
93,22,185400.0,145230.27,40169.73,0.2167,42154.22,38856.48,15500.24,14864.94,4587.69,17061.46,11287.87,917.36,0.7323,0.5785,0.6112,46,Moderate,146176.05
93,23,185400.0,136197.49,49202.51,0.2654,40337.23,47772.0,19637.9,12061.63,7812.8,5569.59,10878.74,6809.87,0.8991,0.6851,0.7307,56,Moderate,139257.07
94,0,25000.0,15920.91,9079.09,0.3632,5207.81,5300.1,2061.77,1232.38,894.44,1220.61,629.7,796.05,0.3273,0.7894,0.613,45,Moderate,15993.9
94,1,25000.0,16146.55,8853.45,0.3541,4774.07,4104.78,1364.79,2123.96,1517.55,1728.72,753.35,807.33,0.2121,0.9504,0.5479,46,Moderate,15274.95
94,2,25000.0,18422.08,6577.92,0.2631,5055.85,5950.97,2412.11,3374.71,1257.75,1888.68,889.66,921.1,0.3563,0.8508,0.6577,43,Moderate,17771.06
94,3,25000.0,17723.36,7276.64,0.2911,5147.66,4779.28,2554.54,1927.82,1059.16,893.34,710.29,651.26,0.1743,0.9308,0.616,41,Moderate,17830.7
94,4,25000.0,17320.13,7679.87,0.3072,5471.84,6308.63,2566.56,1907.05,1556.12,1578.17,794.86,866.01,0.3336,0.8556,0.5824,45,Moderate,16428.67
94,5,25000.0,15227.41,9772.59,0.3909,3542.69,3982.4,1985.73,1443.84,516.49,858.84,814.67,2082.75,0.3816,0.967,0.7579,53,Moderate,14318.6
94,6,25250.0,19315.05,5934.95,0.235,3893.16,5872.93,2265.68,2040.23,836.66,1834.94,758.09,1813.37,0.2774,0.8042,0.5114,39,Moderate,20395.63
94,7,25250.0,15933.12,9316.88,0.369,5374.62,6164.19,2387.63,1851.8,1058.7,915.89,1235.33,796.66,0.2593,0.798,0.4943,44,Moderate,16632.53
94,8,25250.0,19523.27,5726.73,0.2268,4452.04,5932.02,2490.18,2474.07,746.38,1874.89,1089.07,464.62,0.2883,0.7722,0.5346,38,Moderate,20118.94
94,9,25250.0,16360.55,8889.45,0.3521,5054.05,5956.39,1988.22,2675.11,980.47,995.07,1030.01,818.03,0.3976,0.9362,0.6402,51,Moderate,16076.66
94,10,25250.0,17920.84,7329.16,0.2903,5494.29,4665.58,2601.09,3372.31,1535.01,1758.83,960.64,896.04,0.4512,0.7492,0.6484,45,Moderate,18032.91
94,11,25250.0,18231.41,7018.59,0.278,4410.45,7246.46,2594.02,1901.7,1455.27,1935.15,705.9,911.57,0.3834,0.8955,0.5976,46,Moderate,17571.28
94,12,25500.0,16219.03,9280.97,0.364,4224.07,5472.41,1459.17,2669.7,738.76,1606.62,1196.88,810.95,0.3486,0.9319,0.5718,50,Moderate,16574.2
94,13,25500.0,18109.35,7390.65,0.2898,5122.82,5467.97,1573.78,1022.08,1435.01,1048.97,1010.38,1428.34,0.2194,1.0,0.5968,44,Moderate,17202.62
94,14,25500.0,19553.64,5946.36,0.2332,3977.52,7128.48,1957.18,3486.29,1674.72,1579.56,565.34,977.68,0.2263,0.9882,0.5777,41,Moderate,20301.03
94,15,25500.0,17933.38,7566.62,0.2967,4943.28,5984.37,2539.51,3120.55,1669.04,1017.13,1269.33,896.67,0.4099,0.7483,0.6552,44,Moderate,18269.14
94,16,25500.0,18047.69,7452.31,0.2922,4570.41,4878.77,2282.74,1328.61,1592.69,1866.02,996.49,531.96,0.2516,0.9347,0.5729,44,Moderate,17221.63
94,17,25500.0,18891.63,6608.37,0.2592,4676.32,6960.41,2593.67,3628.39,1628.37,1371.15,1330.48,944.58,0.399,1.0,0.7656,48,Moderate,18899.93
94,18,25750.0,17860.74,7889.26,0.3064,4873.97,5958.07,2409.81,2500.36,790.2,991.32,593.09,893.04,0.2198,0.7472,0.3958,39,Moderate,18687.4
94,19,25750.0,19896.46,5853.54,0.2273,6894.82,6371.24,2591.14,3359.95,726.45,1641.92,726.25,994.82,0.2002,1.0,0.5367,41,Moderate,19981.68
94,20,25750.0,16159.22,9590.78,0.3725,5290.52,4741.34,1936.6,955.91,1573.94,1088.59,634.9,807.96,0.3453,0.7479,0.4766,45,Moderate,16273.42
94,21,25750.0,19819.56,5930.44,0.2303,6892.33,5020.96,1802.72,3399.49,1921.65,1510.62,1381.45,990.98,0.3245,0.84,0.5749,41,Moderate,21029.07
94,22,25750.0,18561.68,7188.32,0.2792,4271.96,6536.33,2495.53,928.56,1820.57,1362.48,1454.16,928.08,0.2752,0.7555,0.5717,39,Moderate,19468.06
94,23,25750.0,15913.18,9836.82,0.382,4878.28,6209.62,1968.56,2515.26,697.94,724.45,830.18,795.66,0.3768,0.9058,0.6135,51,Moderate,15688.8
95,0,65000.0,25701.38,39298.62,0.6046,6383.94,8498.12,2245.8,4402.03,1971.83,1384.59,1762.65,1285.07,0.5274,0.9595,0.8062,67,Moderate,27079.52
95,1,65000.0,25295.21,39704.79,0.6108,5706.32,7524.7,2076.27,3540.1,898.79,1987.9,1909.18,1651.95,0.235,0.9764,0.6926,58,Moderate,26119.56
95,2,65000.0,28388.06,36611.94,0.5633,8662.61,7145.72,4243.58,2200.56,1492.4,3040.54,643.02,959.62,0.3976,0.7421,0.6627,55,Moderate,30143.44
95,3,65000.0,30184.53,34815.47,0.5356,9673.15,10466.39,2493.47,4226.39,1281.35,3252.96,2026.6,1509.23,0.4726,0.8358,0.5697,59,Moderate,29240.86
95,4,65000.0,27965.02,37034.98,0.5698,7539.66,10038.88,3470.4,3157.75,939.13,1921.34,1594.06,1398.25,0.4926,0.9461,0.7476,64,Moderate,29544.01
95,5,65000.0,32651.11,32348.89,0.4977,10762.68,9369.26,2773.45,2100.15,2651.56,2155.73,1639.47,1198.82,0.2668,0.7976,0.6015,50,Moderate,31366.15
95,6,65650.0,28713.19,36936.81,0.5626,9147.77,7651.76,4212.59,4379.32,2237.15,1765.57,695.76,1435.66,0.503,0.7615,0.6735,59,Moderate,29260.99
95,7,65650.0,26824.9,38825.1,0.5914,8686.18,9398.77,3283.28,3437.13,1226.75,1754.87,607.92,1341.25,0.3518,0.8004,0.479,57,Moderate,28260.39
95,8,65650.0,25509.83,40140.17,0.6114,6034.98,8695.07,3608.31,4554.95,946.05,2531.39,1049.57,1275.49,0.5208,0.9235,0.7494,66,Moderate,25023.92
95,9,65650.0,24909.19,40740.81,0.6206,7490.82,9211.87,3278.57,3093.72,1330.27,2864.9,1722.24,1245.46,0.3127,0.8978,0.5873,59,Moderate,23607.15
95,10,65650.0,30828.73,34821.27,0.5304,7044.86,12308.01,4003.36,5186.82,971.3,1356.96,1388.86,1541.44,0.2755,0.7541,0.5869,50,Moderate,31170.91
95,11,65650.0,31823.43,33826.57,0.5153,8800.21,9563.53,2906.14,2123.19,1512.21,2465.42,1241.36,3211.38,0.4678,0.7399,0.5468,55,Moderate,33301.72
95,12,66300.0,32907.53,33392.47,0.5037,7296.31,10085.55,4881.81,2681.04,1345.37,1629.31,1473.34,3514.79,0.5072,0.9956,0.8194,62,Moderate,30964.96
95,13,66300.0,28444.89,37855.11,0.571,9341.88,7392.07,2368.99,3828.01,2106.72,2550.62,1969.91,1422.24,0.3242,0.9628,0.6779,59,Moderate,28990.04
95,14,66300.0,27859.78,38440.22,0.5798,8132.75,10156.21,2261.05,1478.29,1404.49,1956.56,677.98,1792.46,0.2824,0.9724,0.7262,58,Moderate,27489.55
95,15,66300.0,33907.71,32392.29,0.4886,8813.02,13174.62,4099.17,3509.8,2168.37,3574.13,2275.71,1695.39,0.2694,1.0,0.5653,55,Moderate,33215.43
95,16,66300.0,26617.87,39682.13,0.5985,7617.16,8390.36,2690.43,4780.42,1778.83,2835.0,1504.86,1330.89,0.4272,0.9547,0.6412,63,Moderate,26061.4
95,17,66300.0,28365.49,37934.51,0.5722,5987.13,10805.46,2483.69,3665.17,2543.23,3115.26,2004.92,1418.27,0.425,0.8864,0.6331,60,Moderate,28279.85
95,18,66950.0,24284.96,42665.04,0.6373,6370.72,8076.22,2202.7,1331.87,1050.9,1697.11,1115.09,2440.34,0.4122,0.9643,0.7097,65,Moderate,24294.79
95,19,66950.0,33075.8,33874.2,0.506,7584.58,11342.05,4785.94,4758.78,2692.21,2120.05,2211.07,1653.79,0.4865,0.8309,0.5817,58,Moderate,34974.35
95,20,66950.0,30212.09,36737.91,0.5487,10556.1,9873.81,2623.04,2945.58,1691.86,1791.33,1574.68,1510.6,0.237,0.8662,0.5162,53,Moderate,30230.81
95,21,66950.0,30627.14,36322.86,0.5425,10087.57,8269.43,4439.15,3828.98,1984.78,1949.77,904.11,1531.36,0.5116,1.0,0.792,64,Moderate,29432.41
95,22,66950.0,31773.97,35176.03,0.5254,10158.57,8001.48,2778.05,3123.61,3026.49,1720.56,885.32,2079.88,0.4627,1.0,0.7874,62,Moderate,32442.25
95,23,66950.0,26685.39,40264.61,0.6014,5739.68,9026.2,3477.05,2647.3,1755.17,1477.74,1938.49,623.77,0.4559,0.776,0.697,60,Moderate,25329.78
96,0,120000.0,66493.46,53506.54,0.4459,19823.33,18801.78,6402.32,4293.82,4644.12,7373.19,4279.69,875.22,0.4817,0.6828,0.6121,51,Moderate,70347.34
96,1,120000.0,55633.38,64366.62,0.5364,14887.61,14648.87,5857.36,8392.31,4463.74,4404.49,4343.54,2781.67,0.5153,0.7256,0.6667,57,Moderate,57239.78
96,2,120000.0,62755.41,57244.59,0.477,16364.1,24602.83,8482.0,9799.12,5671.76,5039.86,1966.45,3137.77,0.6886,0.7345,0.697,60,Low,66967.0
96,3,120000.0,68106.44,51893.56,0.4324,16425.61,21091.15,8665.14,6292.57,5533.15,4330.79,3377.04,2390.99,0.6101,0.7408,0.7376,56,Low,67317.96
96,4,120000.0,64690.34,55309.66,0.4609,22625.23,17692.3,7933.11,8846.82,5120.33,5420.72,1553.7,3234.52,0.5084,0.8109,0.6401,56,Moderate,65071.79
96,5,120000.0,71303.56,48696.44,0.4058,24950.13,22835.22,9186.56,4422.13,6348.63,5852.75,5008.26,3565.18,0.5971,0.7662,0.5953,55,Moderate,71317.61
96,6,121200.0,60806.74,60393.26,0.4983,16892.89,23908.21,7252.36,10489.62,3683.64,3184.23,3811.03,3040.34,0.697,0.6183,0.6758,58,Low,61025.9
96,7,121200.0,59806.85,61393.15,0.5065,15061.2,18339.14,6667.35,4913.16,5514.64,6206.07,2923.13,182.15,0.6295,0.6685,0.6945,58,Low,63170.71
96,8,121200.0,58526.04,62673.96,0.5171,16383.73,16524.78,8473.04,9847.89,2232.85,6851.94,3921.89,2926.3,0.707,0.845,0.7816,65,Low,62322.71
96,9,121200.0,67165.44,54034.56,0.4458,16625.43,26144.96,6900.01,7292.78,2179.07,5089.51,4155.99,3358.27,0.5934,0.6935,0.6438,55,Moderate,71487.87
96,10,121200.0,55454.58,65745.42,0.5425,13292.71,21537.76,5878.96,6918.01,1878.62,5449.93,2293.03,2772.73,0.6638,0.8621,0.6797,65,Low,53939.27
96,11,121200.0,66593.25,54606.75,0.4506,15694.39,24775.99,7296.02,4320.45,5525.17,4023.64,2073.07,2884.53,0.4926,0.647,0.5965,51,Moderate,67638.26
96,12,122400.0,73209.44,49190.56,0.4019,25171.18,18670.23,7644.16,4423.14,6433.07,6481.27,5055.61,3660.47,0.5302,0.6509,0.5805,50,Moderate,76627.88
96,13,122400.0,63144.22,59255.78,0.4841,21631.92,19888.66,6603.53,5567.45,2562.97,6051.98,1592.78,3157.21,0.6124,0.639,0.5548,56,Low,67017.14
96,14,122400.0,57810.45,64589.55,0.5277,13630.8,19311.77,6677.64,11363.55,5560.87,5811.09,1750.46,2890.52,0.634,0.7258,0.6391,60,Low,57968.56
96,15,122400.0,55780.95,66619.05,0.5443,14858.42,14926.48,8189.98,7269.16,2718.75,4617.83,2148.3,1052.03,0.5559,0.6436,0.6839,57,Moderate,59317.36
96,16,122400.0,61710.03,60689.97,0.4958,20158.91,22183.06,7361.21,4840.01,3919.62,5201.03,4073.83,3085.5,0.4522,0.816,0.7253,56,Moderate,59089.11
96,17,122400.0,65217.25,57182.75,0.4672,19453.48,23650.97,7728.0,4476.39,2655.3,2951.87,4005.63,295.62,0.5523,0.6708,0.6748,54,Moderate,66945.73
96,18,123600.0,72733.31,50866.69,0.4115,16168.48,25840.36,7261.18,10810.21,2436.53,6655.16,2434.37,1127.02,0.5143,0.7456,0.6949,52,Moderate,76412.07
96,19,123600.0,58265.33,65334.67,0.5286,12580.38,15453.06,4798.13,3091.89,4649.27,4644.56,3458.07,9589.98,0.5263,0.5961,0.5636,54,Moderate,62290.66
96,20,123600.0,63226.76,60373.24,0.4885,13764.64,22321.56,8281.11,4379.12,4107.87,3752.97,4488.04,2131.44,0.5495,0.7265,0.6401,56,Moderate,65745.87
96,21,123600.0,76472.55,47127.45,0.3813,20146.02,25758.25,8871.71,4573.72,2571.4,8600.13,3725.91,2225.41,0.4255,0.6076,0.5523,45,Moderate,77668.35
96,22,123600.0,69924.83,53675.17,0.4343,16672.09,24677.52,7477.16,12188.83,4080.69,5863.35,5064.92,3496.24,0.6056,0.7324,0.667,56,Low,74634.26
96,23,123600.0,60214.63,63385.37,0.5128,17747.33,17872.17,7623.33,5601.84,2051.91,3721.58,3432.05,2164.42,0.6545,0.8123,0.7416,63,Low,60571.16
97,0,85000.0,39539.45,45460.55,0.5348,10380.34,15130.67,4528.95,4441.45,3809.81,2987.97,3096.66,1976.97,0.5301,0.823,0.6351,60,Moderate,42041.34
97,1,85000.0,39890.14,45109.86,0.5307,10767.38,13198.11,3785.45,3086.83,1416.3,2807.8,2087.56,2740.71,0.4653,0.5777,0.5891,52,Moderate,38063.35
97,2,85000.0,43780.36,41219.64,0.4849,10714.49,17276.52,5118.35,4427.67,3601.62,3817.13,3288.71,2189.02,0.4861,0.6372,0.6312,52,Moderate,41514.29
97,3,85000.0,52184.66,32815.34,0.3861,16299.57,17387.23,5761.25,8078.95,2671.4,5497.33,1615.99,2609.23,0.4491,0.722,0.5608,48,Moderate,51492.87
97,4,85000.0,39202.24,45797.76,0.5388,7937.16,10598.63,3361.44,3193.27,1675.48,4455.96,2790.87,5189.43,0.4179,0.7886,0.631,56,Moderate,38519.11
97,5,85000.0,38447.46,46552.54,0.5477,11305.91,9671.95,4552.28,7489.45,3110.8,2975.03,1126.41,1922.37,0.6458,0.647,0.6478,60,Low,36708.72
97,6,85850.0,40624.04,45225.96,0.5268,12804.04,12444.1,3606.88,4311.28,3012.02,2408.55,2540.9,2031.2,0.5521,0.6196,0.5092,55,Moderate,43344.04
97,7,85850.0,49130.99,36719.01,0.4277,15639.59,15486.57,6027.47,9341.78,3584.19,4589.72,2366.91,2456.55,0.3698,0.5547,0.5353,44,Moderate,47994.9
97,8,85850.0,47691.71,38158.29,0.4445,11190.9,17931.61,4349.46,4666.88,3155.34,2876.09,2023.07,1498.36,0.6055,0.688,0.5805,55,Low,47515.85
97,9,85850.0,44935.11,40914.89,0.4766,11624.36,14269.5,5429.28,2723.78,3699.53,3993.15,3190.08,5.43,0.6029,0.5905,0.6299,54,Low,44089.65
97,10,85850.0,44964.01,40885.99,0.4762,13701.1,16597.15,4575.5,6605.59,4217.13,2217.42,2608.96,2248.2,0.4594,0.5567,0.5664,49,Moderate,43963.03
97,11,85850.0,42787.45,43062.55,0.5016,10959.67,16775.58,5163.64,3424.23,3656.04,2871.28,1093.06,2139.37,0.443,0.5673,0.5974,50,Moderate,45368.56
97,12,86700.0,50314.02,36385.98,0.4197,16660.96,17033.52,6822.87,2681.58,4099.29,3099.86,2371.47,2515.7,0.5265,0.74,0.5717,53,Moderate,53656.62
97,13,86700.0,39423.81,47276.19,0.5453,13042.84,12798.06,4415.17,7698.07,2002.32,4702.5,3031.64,1971.19,0.5031,0.8078,0.5862,59,Moderate,40562.09
97,14,86700.0,45138.84,41561.16,0.4794,12696.53,17747.58,4356.62,3001.16,4441.74,3701.38,2121.58,2256.94,0.6006,0.803,0.6123,59,Low,44446.54
97,15,86700.0,45020.14,41679.86,0.4807,15076.69,15635.44,5784.53,8786.7,1700.04,3663.97,2319.17,2251.01,0.4436,0.6352,0.6217,50,Moderate,46846.38
97,16,86700.0,45938.79,40761.21,0.4701,13660.41,12405.39,6028.72,8605.09,3470.34,2251.0,3141.14,2296.94,0.6119,0.7074,0.6101,57,Low,45360.33
97,17,86700.0,41430.0,45270.0,0.5221,8952.74,16069.44,4686.19,5609.56,2794.96,2146.1,3256.22,2071.5,0.6285,0.7621,0.6445,61,Low,43833.19
97,18,87550.0,50743.41,36806.59,0.4204,14880.42,13080.44,6896.5,9670.68,4747.12,3927.43,3101.82,2537.17,0.6347,0.5565,0.589,51,Low,51653.01
97,19,87550.0,48630.79,38919.21,0.4445,15608.2,17200.63,6391.16,9137.28,4497.07,4436.89,3605.79,2431.54,0.4333,0.5943,0.5672,47,Moderate,47082.04
97,20,87550.0,49835.71,37714.29,0.4308,10382.59,14791.6,5175.1,3049.72,1635.57,4316.62,2179.49,8305.01,0.4377,0.5813,0.4857,47,Moderate,47650.86
97,21,87550.0,42018.08,45531.92,0.5201,10263.67,13619.88,5744.95,5298.4,3193.84,4406.0,908.5,2100.9,0.6517,0.6873,0.737,60,Low,40845.75
97,22,87550.0,45163.42,42386.58,0.4841,12150.11,13013.28,5618.63,8480.64,3848.82,3385.65,1853.02,2258.17,0.6333,0.6522,0.5458,57,Low,44696.43
97,23,87550.0,44408.8,43141.2,0.4928,11145.31,14942.97,4320.1,5767.03,2898.53,3793.57,1709.7,2220.44,0.4399,0.753,0.6346,54,Moderate,44899.51
98,0,25000.0,8802.36,16197.64,0.6479,2720.19,3387.27,934.52,1614.06,472.36,647.09,538.59,440.12,0.8537,0.6983,0.7486,72,Low,8995.11
98,1,25000.0,12428.31,12571.69,0.5029,2713.37,4679.34,1469.04,1069.86,1087.52,734.02,896.81,621.42,0.8,0.8633,0.778,68,Low,11720.48
98,2,25000.0,11751.39,13248.61,0.5299,3253.95,3779.64,1127.75,1640.1,667.41,1042.4,368.15,587.57,0.8591,0.672,0.8391,66,Low,11447.92
98,3,25000.0,10383.52,14616.48,0.5847,2694.64,3867.7,1104.2,858.28,676.32,850.19,697.93,519.18,0.886,0.7987,0.7894,72,Low,10379.47
98,4,25000.0,11481.18,13518.82,0.5408,3124.45,3762.87,1610.44,1923.38,488.77,856.92,265.35,574.06,0.9525,0.6606,0.73,69,Low,11354.96
98,5,25000.0,8711.71,16288.29,0.6515,2174.66,2533.03,718.35,947.23,633.61,770.5,304.84,629.48,0.7888,0.77,0.8046,72,Low,9094.57
98,6,25250.0,10507.5,14742.5,0.5839,3274.47,3535.79,1399.89,1059.15,1028.3,757.61,768.1,525.38,0.9794,0.6319,0.8467,71,Low,10496.02
98,7,25250.0,10084.92,15165.08,0.6006,2126.47,2883.86,1201.76,1155.4,994.79,880.29,629.17,213.18,1.0,0.8848,0.8692,79,Low,10209.95
98,8,25250.0,9985.54,15264.46,0.6045,2145.49,2829.44,910.79,623.42,727.89,1098.16,747.61,902.74,0.7243,0.6719,0.6256,65,Low,10370.29
98,9,25250.0,11276.79,13973.21,0.5534,3081.69,2835.17,905.51,1609.09,343.38,722.37,529.02,1250.56,0.8132,0.8977,0.784,71,Low,10748.19
98,10,25250.0,10619.3,14630.7,0.5794,3600.47,3011.96,1514.7,1928.44,624.99,1157.62,360.29,530.97,0.8061,0.651,0.7035,66,Low,10037.36
98,11,25250.0,9058.73,16191.27,0.6412,1874.45,2893.6,872.45,960.64,390.43,1069.71,243.19,754.26,1.0,0.8863,0.859,81,Low,8715.94
98,12,25500.0,10575.75,14924.25,0.5853,2332.5,4038.16,1153.4,2031.62,987.99,888.8,629.77,528.79,0.7869,0.6529,0.7172,66,Low,11005.94
98,13,25500.0,12135.27,13364.73,0.5241,3609.74,3481.92,1263.1,2244.77,496.21,581.15,537.97,606.76,0.813,0.9073,0.8176,70,Low,11629.19
98,14,25500.0,11822.85,13677.15,0.5364,3869.69,4403.59,1356.13,2222.2,1140.66,971.29,908.67,591.14,0.9221,0.9133,0.8779,74,Low,12605.1
98,15,25500.0,10380.8,15119.2,0.5929,2187.19,3322.53,982.07,1066.3,898.09,897.93,760.53,266.15,0.7605,0.7641,0.7725,68,Low,10566.91
98,16,25500.0,8439.17,17060.83,0.6691,2313.48,2912.48,846.37,1001.67,835.78,1009.95,407.42,421.96,0.9809,0.7786,0.9262,78,Low,8645.4
98,17,25500.0,11297.38,14202.62,0.557,3227.2,4075.36,1601.59,1558.49,599.33,896.32,246.16,564.87,0.7879,0.8457,0.7599,69,Low,10694.97
98,18,25750.0,10660.55,15089.45,0.586,3592.46,2854.79,1463.78,2023.2,714.5,502.35,778.5,533.03,0.989,0.665,0.7394,72,Low,11195.88
98,19,25750.0,9514.71,16235.29,0.6305,2205.01,2993.1,1217.7,1417.64,477.91,483.85,642.7,76.79,0.9596,0.7922,0.9702,76,Low,9803.84
98,20,25750.0,9401.58,16348.42,0.6349,2934.88,2507.95,1350.65,610.34,543.94,982.08,501.6,470.08,0.9283,0.6562,0.748,72,Low,9243.85
98,21,25750.0,8609.35,17140.65,0.6657,2561.02,3362.54,1218.54,521.73,423.64,373.21,310.27,430.47,0.9313,0.8993,0.8363,80,Low,8347.76
98,22,25750.0,10300.09,15449.91,0.6,2238.28,3391.24,1224.75,1189.77,335.67,613.57,771.42,535.39,0.9048,0.7564,0.925,73,Low,10469.51
98,23,25750.0,11548.96,14201.04,0.5515,3308.43,3081.58,923.98,831.48,1122.94,1322.96,275.14,682.45,0.7531,0.81,0.7109,67,Low,11330.07
99,0,25000.0,11035.57,13964.43,0.5586,2237.42,3772.79,1611.32,1779.97,1033.71,782.06,767.86,551.78,0.9119,0.9721,0.8578,76,Low,10479.58
99,1,25000.0,11458.92,13541.08,0.5416,3324.97,4314.53,1124.62,972.29,451.4,1132.41,673.46,572.95,0.7611,0.7457,0.721,65,Low,11931.77
99,2,25000.0,9109.93,15890.07,0.6356,3039.74,2931.07,1342.42,1511.3,546.99,896.67,639.73,455.5,0.7548,0.8902,0.8925,73,Low,8686.68
99,3,25000.0,9533.76,15466.24,0.6186,3182.26,2621.39,1212.49,1775.24,581.11,950.84,304.62,476.69,0.8707,0.9026,0.901,76,Low,9636.17
99,4,25000.0,8705.89,16294.11,0.6518,2115.73,3157.1,721.08,1590.99,361.82,1013.7,604.15,435.29,0.9029,0.8816,0.9678,78,Low,8932.42
99,5,25000.0,11262.14,13737.86,0.5495,3314.63,3948.78,1428.59,1328.95,626.26,508.68,323.88,563.11,0.6952,0.8918,0.874,67,Low,11674.93
99,6,25250.0,10022.37,15227.63,0.6031,3487.13,2811.04,1070.8,1607.33,606.14,608.16,357.05,501.12,0.967,0.773,0.8139,75,Low,9676.61
99,7,25250.0,8360.99,16889.01,0.6689,2835.94,2319.02,1224.39,716.57,592.79,426.84,504.98,418.05,0.7018,0.9,0.7745,73,Low,8102.7
99,8,25250.0,9638.42,15611.58,0.6183,2541.61,2443.37,1306.54,1733.02,319.16,714.32,373.69,206.72,0.7853,0.7949,0.8828,71,Low,9126.61
99,9,25250.0,11542.77,13707.23,0.5429,3975.52,4337.16,1166.95,1283.61,644.28,767.76,295.97,577.14,0.9173,0.911,0.8683,74,Low,11845.19
99,10,25250.0,12244.28,13005.72,0.5151,3414.45,3433.28,1657.15,1674.01,931.39,1382.97,440.91,612.21,0.7381,0.7486,0.6534,64,Low,11981.92
99,11,25250.0,9384.32,15865.68,0.6283,2784.76,2587.41,1156.68,1194.25,854.28,390.58,588.5,469.22,0.7909,0.9776,0.7925,76,Low,10002.19
99,12,25500.0,7980.85,17519.15,0.687,1600.57,3182.88,880.59,1586.31,561.8,628.03,445.58,399.04,0.8978,0.7594,0.9269,76,Low,7734.62
99,13,25500.0,11444.74,14055.26,0.5512,2935.51,3378.72,1696.01,834.68,1099.24,1211.7,628.79,572.24,0.9801,0.8087,0.8459,74,Low,11993.49
99,14,25500.0,9826.94,15673.06,0.6146,2682.7,3650.44,1446.59,1347.37,873.21,786.17,749.0,491.35,0.8495,0.9178,0.9227,76,Low,10029.01
99,15,25500.0,8233.72,17266.28,0.6771,2641.06,2880.89,1076.42,801.79,692.82,772.01,181.14,411.69,0.9827,0.7353,0.8312,78,Low,8476.36
99,16,25500.0,9978.3,15521.7,0.6087,2789.04,3984.02,823.16,1617.48,513.62,765.9,237.58,498.92,0.8298,0.7647,0.711,71,Low,9718.32
99,17,25500.0,11023.66,14476.34,0.5677,2648.26,4110.81,1425.13,793.73,333.89,1043.61,331.65,336.59,0.8038,0.7495,0.8124,68,Low,11760.34
99,18,25750.0,12066.9,13683.1,0.5314,3814.96,4568.87,1568.84,1469.7,973.64,1216.74,818.56,603.35,0.8407,0.872,0.7667,70,Low,12382.93
99,19,25750.0,10814.19,14935.81,0.58,3439.11,3871.78,1138.23,912.84,458.97,558.43,373.62,61.2,0.939,0.7909,0.7766,74,Low,10355.02
99,20,25750.0,9041.74,16708.26,0.6489,2341.79,3561.03,1172.28,1158.17,875.75,482.53,676.55,452.09,0.9577,0.706,0.9123,75,Low,9220.95
99,21,25750.0,8766.44,16983.56,0.6596,2479.59,3051.72,1099.1,1529.74,704.26,405.8,447.2,438.32,0.9401,0.703,0.7761,75,Low,9117.97
99,22,25750.0,10338.01,15411.99,0.5985,2811.28,2620.4,1338.8,1626.78,788.61,902.98,387.23,516.9,0.8141,0.89,0.7808,73,Low,10109.17
99,23,25750.0,8970.13,16779.87,0.6516,2661.74,3219.59,748.08,655.59,421.55,676.32,239.97,347.29,0.9017,0.7029,0.7811,73,Low,8679.58
100,0,45000.0,30119.81,14880.19,0.3307,9353.96,11136.73,2919.32,1894.11,2022.64,3516.35,1962.91,1505.99,0.2148,0.7971,0.524,41,Moderate,31713.0
100,1,45000.0,31647.78,13352.22,0.2967,10356.65,12540.59,3359.91,1871.2,1163.79,2281.8,1128.06,1582.39,0.2907,0.8907,0.6258,44,Moderate,31150.62
100,2,45000.0,27654.08,17345.92,0.3855,7502.44,10063.38,2688.71,3077.25,1897.83,2456.17,1463.44,1382.7,0.3247,0.7879,0.5169,46,Moderate,27077.32
100,3,45000.0,27174.12,17825.88,0.3961,9416.43,7698.13,2787.67,3763.48,2192.14,1512.89,1275.71,1358.71,0.159,1.0,0.6568,47,Moderate,25582.73
100,4,45000.0,30466.11,14533.89,0.323,6165.58,10522.64,3948.44,5913.35,2726.47,1224.1,926.42,1523.31,0.4217,0.974,0.7375,51,Moderate,29201.1
100,5,45000.0,31165.75,13834.25,0.3074,8401.42,8012.65,4245.47,5570.75,1123.78,2216.89,2131.67,1558.29,0.2654,0.9096,0.5369,44,Moderate,33091.14
100,6,45450.0,30920.88,14529.12,0.3197,7222.92,8482.59,4617.69,2285.96,1695.6,1990.78,987.27,3638.06,0.3796,0.7877,0.5302,45,Moderate,31051.28
100,7,45450.0,29899.66,15550.34,0.3421,7482.26,7643.63,2679.77,3627.9,1549.68,1434.81,906.91,4574.69,0.4303,0.8577,0.7077,49,Moderate,31404.28
100,8,45450.0,29985.12,15464.88,0.3403,7718.55,8335.59,4400.37,2519.69,2202.98,2369.51,1100.5,1337.91,0.2228,0.9146,0.5189,44,Moderate,31877.08
100,9,45450.0,30282.67,15167.33,0.3337,9322.62,10283.77,3670.15,4683.85,2594.66,2622.18,1660.42,1514.13,0.4017,0.8274,0.6001,47,Moderate,28778.04
100,10,45450.0,30955.17,14494.83,0.3189,6514.83,11746.93,4505.87,4012.45,1096.46,3114.03,2149.17,1547.76,0.2616,0.7908,0.5522,41,Moderate,29902.95
100,11,45450.0,27501.46,17948.54,0.3949,8225.25,10067.12,3438.68,2204.85,2466.59,1236.39,1568.21,1375.07,0.4145,0.9346,0.7067,53,Moderate,27847.84
100,12,45900.0,27418.1,18481.9,0.4027,7966.1,6891.49,2347.12,5294.89,1149.57,2694.57,1424.28,1370.9,0.3529,0.8333,0.5233,49,Moderate,25824.91
100,13,45900.0,32064.28,13835.72,0.3014,7000.41,11026.01,3568.14,3799.65,2284.16,1825.56,2284.91,275.44,0.3749,0.8871,0.6983,46,Moderate,30911.48
100,14,45900.0,27696.37,18203.63,0.3966,9122.11,10867.9,3998.76,3185.65,2319.35,2476.99,1488.76,1384.82,0.2775,0.9486,0.5931,49,Moderate,27516.69
100,15,45900.0,30470.55,15429.45,0.3362,8895.65,11418.94,2510.03,2946.4,1773.32,3579.51,2054.86,1523.53,0.1599,0.8175,0.473,40,Moderate,31571.31
100,16,45900.0,26756.8,19143.2,0.4171,7519.17,10290.79,3809.72,1958.25,1483.55,2830.21,1137.93,1337.84,0.3421,0.8542,0.6465,50,Moderate,27902.68
100,17,45900.0,29232.69,16667.31,0.3631,9538.15,7997.57,3277.0,2273.87,1366.33,2609.24,623.6,1546.92,0.3761,0.9403,0.6551,51,Moderate,28976.19
100,18,46350.0,28226.5,18123.5,0.391,7383.04,10634.5,2489.66,2176.14,2484.12,1797.11,1690.24,1411.32,0.1625,1.0,0.5985,47,Moderate,29283.35
100,19,46350.0,29825.4,16524.6,0.3565,5983.15,10467.28,3405.15,2388.18,1938.59,2339.12,1712.16,1591.77,0.2193,1.0,0.529,47,Moderate,30051.15
100,20,46350.0,28157.33,18192.67,0.3925,9539.56,7222.29,3324.08,4996.4,2424.07,2750.45,1397.08,1407.87,0.246,0.8406,0.6075,46,Moderate,28412.14
100,21,46350.0,28142.52,18207.48,0.3928,8594.22,7356.24,2544.28,3043.48,1437.09,1856.05,1673.97,1637.19,0.2132,0.9717,0.6297,48,Moderate,27373.74
100,22,46350.0,26375.48,19974.52,0.4309,9061.99,7965.46,2184.35,3493.24,1090.6,1364.35,1720.84,1318.77,0.2161,0.9134,0.6269,48,Moderate,27758.17
100,23,46350.0,26837.25,19512.75,0.421,6095.35,6744.38,3612.28,4635.72,1783.01,3113.23,1558.86,1341.86,0.3737,1.0,0.7601,55,Moderate,28330.26
101,0,85000.0,49688.89,35311.11,0.4154,11022.3,17241.07,4437.12,6208.78,2562.78,5522.42,1411.8,1282.61,0.5358,0.5058,0.5969,47,Moderate,47433.11
101,1,85000.0,51581.21,33418.79,0.3932,16981.36,17431.45,4777.44,3531.88,1920.95,6162.58,2302.89,2579.06,0.3284,0.4244,0.3721,38,Moderate,50678.03
101,2,85000.0,50827.68,34172.32,0.402,14068.67,18729.01,6700.13,3599.82,3595.09,3758.3,3158.79,2541.38,0.4955,0.5002,0.5856,45,Moderate,53426.16
101,3,85000.0,42438.38,42561.62,0.5007,13893.18,14517.34,4555.62,2306.16,3229.97,4883.51,1358.33,2121.92,0.4245,0.3927,0.4103,45,Moderate,41635.52
101,4,85000.0,46604.93,38395.07,0.4517,13070.57,17861.53,4498.06,5601.13,2578.41,2677.22,2596.06,2330.25,0.4188,0.4534,0.486,44,Moderate,48013.56
101,5,85000.0,43088.76,41911.24,0.4931,14534.07,16614.75,4183.1,8033.26,1875.54,2308.12,1549.0,2154.44,0.4606,0.5547,0.5963,49,Moderate,44017.09
101,6,85850.0,44691.74,41158.26,0.4794,9066.52,15033.4,5221.48,4180.2,2291.72,2567.39,2281.6,4049.43,0.3437,0.6808,0.5825,48,Moderate,42126.74
101,7,85850.0,49117.79,36732.21,0.4279,11120.5,19463.26,3945.86,8242.61,2772.04,4926.93,2608.83,2455.89,0.3666,0.4634,0.4645,41,Moderate,52491.66
101,8,85850.0,47812.19,38037.81,0.4431,12265.05,16238.59,5157.9,9180.66,2628.2,3121.22,1379.19,2390.61,0.5599,0.6268,0.6517,52,Moderate,49708.49
101,9,85850.0,43495.47,42354.53,0.4934,9064.37,17318.5,6415.98,7388.99,3954.43,4261.04,901.23,2174.77,0.2852,0.4122,0.3542,41,Moderate,44836.99
101,10,85850.0,44073.62,41776.38,0.4866,11041.33,13228.52,5454.12,7736.7,1864.93,2540.89,3436.69,2203.68,0.5471,0.4798,0.475,50,Moderate,43824.52
101,11,85850.0,40043.72,45806.28,0.5336,11840.72,13344.62,3639.16,4134.32,2644.07,2457.93,881.85,1101.05,0.5612,0.4782,0.5412,52,Moderate,40951.48
101,12,86700.0,43477.43,43222.57,0.4985,13026.22,15612.07,5709.68,6533.32,1614.01,2800.11,1697.14,2173.87,0.5618,0.585,0.5889,53,Moderate,44757.38
101,13,86700.0,39173.64,47526.36,0.5482,12148.68,13908.2,5626.93,4053.65,2762.83,4017.8,1720.91,1958.68,0.5623,0.5783,0.5758,55,Moderate,38308.69
101,14,86700.0,48180.46,38519.54,0.4443,11734.52,15063.68,4313.42,7604.76,2512.04,3987.27,1695.86,1268.9,0.3512,0.4792,0.3896,42,Moderate,48980.1
101,15,86700.0,50421.83,36278.17,0.4184,12984.6,12775.03,4527.76,6441.85,3893.53,3777.03,2394.92,3627.12,0.3093,0.398,0.2624,38,Moderate,50635.67
101,16,86700.0,47341.53,39358.47,0.454,12777.19,13594.07,5266.67,4832.43,2617.5,4842.32,2715.94,695.41,0.4917,0.5589,0.4348,49,Moderate,46329.93
101,17,86700.0,52444.78,34255.22,0.3951,18197.5,16608.64,4533.91,5771.07,4542.41,2948.78,1611.97,2622.24,0.3391,0.5876,0.4827,42,Moderate,55996.51
101,18,87550.0,41822.14,45727.86,0.5223,13914.77,14535.49,4916.03,6090.82,1842.91,3876.39,2446.13,2091.11,0.5157,0.6753,0.6073,55,Moderate,43785.47
101,19,87550.0,47108.32,40441.68,0.4619,10348.15,14281.08,4094.4,2905.06,4272.86,3117.04,3036.11,5053.62,0.3714,0.6151,0.5904,47,Moderate,45155.61
101,20,87550.0,48924.7,38625.3,0.4412,16478.84,15724.25,5509.64,7360.49,2618.63,4448.32,1130.56,2446.24,0.2764,0.4054,0.282,38,Moderate,49712.24
101,21,87550.0,40440.85,47109.15,0.5381,9208.68,11434.51,4390.22,7013.85,3175.32,3710.16,2126.87,2022.04,0.5421,0.4575,0.4422,51,Moderate,38272.02
101,22,87550.0,52253.41,35296.59,0.4032,13564.4,19015.38,5152.28,5023.76,4170.88,3639.17,1095.67,591.86,0.4414,0.5205,0.4121,44,Moderate,52350.08
101,23,87550.0,41609.34,45940.66,0.5247,10596.29,15059.65,4137.36,5078.96,3742.32,3888.37,3116.91,2080.47,0.2731,0.6531,0.5103,48,Moderate,39829.95
102,0,85000.0,63636.37,21363.63,0.2513,16868.54,17355.61,6931.85,5205.65,5409.91,6897.77,3772.76,1194.28,0.327,0.6546,0.5573,37,Moderate,60326.41
102,1,85000.0,62354.21,22645.79,0.2664,14845.25,22417.91,6833.4,7069.11,3104.69,3879.73,3361.28,842.85,0.3496,0.6493,0.4988,38,Moderate,61810.49
102,2,85000.0,64368.48,20631.52,0.2427,17047.28,16259.79,5202.46,5962.21,2848.67,6366.91,2168.16,8513.0,0.4627,0.7876,0.6944,44,Moderate,63379.63
102,3,85000.0,63742.5,21257.5,0.2501,17253.53,23492.1,8321.1,9185.33,2021.52,7155.69,3898.2,3187.13,0.5555,0.5397,0.4571,41,Moderate,66204.83
102,4,85000.0,65750.3,19249.7,0.2265,19429.22,19206.84,6915.29,8020.32,5456.28,3439.23,1650.28,1632.84,0.3657,0.5137,0.4707,34,Moderate,63014.21
102,5,85000.0,69944.31,15055.69,0.1771,16517.52,27328.57,5863.74,11415.22,6337.77,5820.31,3461.59,3497.22,0.2923,0.5681,0.342,30,Moderate,72172.98
102,6,85850.0,67854.95,17995.05,0.2096,15342.2,21215.75,5545.09,5035.78,6418.12,6148.06,4343.14,3806.79,0.487,0.6441,0.525,40,Moderate,66134.38
102,7,85850.0,63170.95,22679.05,0.2642,18653.64,25239.3,5631.69,3437.33,2560.62,6777.25,3295.07,3158.55,0.4609,0.6618,0.4761,42,Moderate,63133.38
102,8,85850.0,59634.63,26215.37,0.3054,16947.11,18027.81,5584.6,9699.3,3240.59,3902.28,1747.43,485.51,0.2948,0.7083,0.4077,40,Moderate,58487.97
102,9,85850.0,58882.1,26967.9,0.3141,13313.84,17836.49,6128.91,9803.0,3380.24,6481.36,1399.34,538.92,0.4989,0.594,0.5512,43,Moderate,57944.84
102,10,85850.0,57200.25,28649.75,0.3337,17074.1,16777.51,5792.95,7548.89,4467.9,4320.75,3988.57,2860.01,0.3451,0.645,0.433,41,Moderate,54344.28
102,11,85850.0,61201.02,24648.98,0.2871,14629.26,17565.76,6141.06,7292.26,3410.83,3804.95,3773.94,4582.96,0.4067,0.5678,0.518,39,Moderate,63383.5
102,12,86700.0,66115.45,20584.55,0.2374,17766.27,18296.09,7259.09,8932.22,3053.79,6066.79,2448.0,2293.21,0.4903,0.6047,0.5073,40,Moderate,66534.97
102,13,86700.0,69998.85,16701.15,0.1926,15942.52,24921.85,7939.31,11848.38,4444.64,4254.49,1981.41,3499.94,0.3729,0.6532,0.5042,36,Moderate,69629.4
102,14,86700.0,65784.0,20916.0,0.2412,16709.73,17629.48,6872.61,11275.25,4314.23,2748.62,3457.37,2776.72,0.472,0.533,0.4344,38,Moderate,66842.17
102,15,86700.0,69759.9,16940.1,0.1954,14538.59,21400.15,9826.03,9586.24,2285.62,6514.35,4989.36,619.57,0.4269,0.5125,0.3883,34,Moderate,71032.83
102,16,86700.0,62028.75,24671.25,0.2846,19445.66,17806.64,4963.95,5077.77,2018.97,5840.27,2925.12,3950.38,0.2649,0.7236,0.5077,38,Moderate,62137.01
102,17,86700.0,67398.03,19301.97,0.2226,15258.94,25740.53,7685.87,5285.7,3505.27,6341.68,3553.03,27.0,0.5171,0.5276,0.529,38,Moderate,70746.28
102,18,87550.0,59651.18,27898.82,0.3187,14186.45,18489.98,7969.88,5526.08,5251.66,3376.33,3452.15,1398.64,0.4447,0.7292,0.62,45,Moderate,63059.47
102,19,87550.0,64554.53,22995.47,0.2627,22512.03,21082.49,5207.61,11523.05,2528.96,3999.61,2084.67,3227.73,0.3972,0.5621,0.4445,37,Moderate,62025.86
102,20,87550.0,66860.08,20689.92,0.2363,13737.73,25179.57,6370.97,11117.69,6178.41,6079.0,4445.93,3343.0,0.4967,0.5799,0.4564,40,Moderate,64035.89
102,21,87550.0,59085.94,28464.06,0.3251,17110.45,17321.69,6425.3,5460.96,5137.87,4197.91,3260.9,170.87,0.3957,0.5598,0.4464,40,Moderate,59824.48
102,22,87550.0,61443.08,26106.92,0.2982,12940.76,20262.63,8572.3,9663.96,2949.02,6752.67,3832.66,3072.15,0.3008,0.6151,0.5469,37,Moderate,60873.73
102,23,87550.0,64282.77,23267.23,0.2658,22001.92,20782.65,8803.51,7366.48,4826.34,2871.83,4596.54,3214.14,0.2685,0.6623,0.4056,36,Moderate,64370.86
103,0,25000.0,9712.64,15287.36,0.6115,1981.61,2640.22,1028.49,1540.29,822.1,620.65,213.91,865.37,0.6553,0.5976,0.5344,62,Low,9702.49
103,1,25000.0,12044.67,12955.33,0.5182,2983.02,3453.79,1590.22,2075.65,522.6,578.44,409.9,431.05,0.7291,0.7445,0.653,63,Low,11730.58
103,2,25000.0,10350.85,14649.15,0.586,2302.02,2825.95,901.94,1633.34,706.72,449.21,484.05,1047.63,0.7507,0.6649,0.706,65,Low,10897.46
103,3,25000.0,9335.85,15664.15,0.6266,2990.04,3213.32,802.85,1330.52,616.15,877.81,270.16,466.79,0.744,0.6398,0.7472,66,Low,9723.37
103,4,25000.0,11736.18,13263.82,0.5306,3751.89,4584.13,1125.61,1522.05,545.83,930.44,820.25,586.81,0.6157,0.7867,0.8009,62,Low,11688.73
103,5,25000.0,9987.08,15012.92,0.6005,2494.63,3466.68,845.6,1115.81,535.57,588.93,787.78,152.09,0.5999,0.6142,0.5238,60,Moderate,10535.35
103,6,25250.0,10782.15,14467.85,0.573,3020.45,3352.19,1581.15,695.15,1048.39,651.28,658.92,539.11,0.7398,0.7146,0.6298,65,Low,10739.1
103,7,25250.0,8863.98,16386.02,0.649,2445.48,2741.81,827.69,1697.47,683.08,915.24,376.79,443.2,0.4831,0.578,0.5618,58,Moderate,8488.59
103,8,25250.0,9908.64,15341.36,0.6076,2231.2,3314.7,1373.76,1591.46,950.92,827.04,326.96,495.43,0.7682,0.5006,0.6239,62,Low,10199.7
103,9,25250.0,11528.67,13721.33,0.5434,3283.27,2988.21,975.6,1591.52,637.61,762.81,302.07,987.58,0.6482,0.4917,0.5485,56,Low,10953.08
103,10,25250.0,9725.66,15524.34,0.6148,2728.02,3097.01,1354.78,1076.57,428.89,929.42,620.77,486.28,0.5657,0.6952,0.7052,62,Moderate,10110.21
103,11,25250.0,12126.2,13123.8,0.5198,3225.7,3198.33,1082.82,1360.3,655.68,520.68,693.56,1389.13,0.5145,0.6028,0.4592,53,Moderate,12842.38
103,12,25500.0,8400.71,17099.29,0.6706,2423.45,2354.56,1001.06,492.9,394.56,545.79,339.5,848.92,0.6744,0.6078,0.7151,65,Low,8736.08
103,13,25500.0,9268.24,16231.76,0.6365,1982.95,2820.33,1119.39,597.7,512.32,919.01,450.58,865.96,0.5337,0.6781,0.5679,61,Moderate,9899.39
103,14,25500.0,11853.35,13646.65,0.5352,3159.65,4703.36,1490.64,1200.07,1042.16,1297.47,668.66,592.67,0.6464,0.5146,0.5202,56,Low,12658.56
103,15,25500.0,10397.14,15102.86,0.5923,2929.89,3006.44,885.95,1784.99,775.15,1207.35,590.43,519.86,0.4949,0.7542,0.6481,60,Moderate,9913.7
103,16,25500.0,12149.99,13350.01,0.5235,3027.31,4019.42,1651.54,1115.34,520.96,1323.58,328.5,163.34,0.4974,0.6918,0.6433,55,Moderate,11673.85
103,17,25500.0,10548.15,14951.85,0.5863,3292.8,2903.42,913.63,1080.78,966.47,817.0,619.23,527.41,0.6848,0.7461,0.7617,65,Low,10354.2
103,18,25750.0,8617.16,17132.84,0.6654,2137.94,3062.17,1083.95,1578.17,374.5,973.23,315.11,430.86,0.7637,0.7616,0.7045,71,Low,8893.48
103,19,25750.0,10321.2,15428.8,0.5992,3568.83,3572.4,1415.99,1027.47,954.04,1105.25,567.89,516.06,0.6989,0.5426,0.5327,61,Low,10631.58
103,20,25750.0,11575.51,14174.49,0.5505,3509.57,3037.34,1434.92,1379.77,545.03,1171.83,380.08,116.98,0.6561,0.5686,0.6595,58,Low,11761.08
103,21,25750.0,9577.09,16172.91,0.6281,2452.71,2850.14,1429.48,893.53,429.7,708.11,702.38,111.04,0.5887,0.7089,0.5576,63,Moderate,9740.04
103,22,25750.0,12580.29,13169.71,0.5114,3085.27,3325.33,1250.25,1231.26,549.47,995.05,827.37,1316.29,0.4985,0.5739,0.5704,52,Moderate,12022.43
103,23,25750.0,9531.61,16218.39,0.6298,3150.98,2390.44,888.63,527.23,564.96,1142.26,290.61,576.49,0.6224,0.5168,0.5348,59,Low,9759.52
104,0,120000.0,97553.13,22446.87,0.1871,27459.88,26016.29,10802.66,11707.55,5703.08,6143.86,2722.34,6997.46,0.4537,0.9284,0.7438,45,Moderate,97626.95
104,1,120000.0,100821.8,19178.2,0.1598,20609.11,34789.88,10236.65,10698.42,4129.55,10131.57,2073.97,8152.65,0.4631,0.7863,0.6152,40,Moderate,97961.28
104,2,120000.0,92211.72,27788.28,0.2316,20907.61,25365.22,7413.42,5309.26,3434.42,4546.75,2743.1,22491.94,0.3111,0.8998,0.6319,42,Moderate,89873.11
104,3,120000.0,104895.59,15104.41,0.1259,35296.06,41157.32,9412.72,18867.2,9491.86,10515.52,4431.38,5244.78,0.3194,0.7232,0.6135,33,Moderate,100013.39
104,4,120000.0,102193.13,17806.87,0.1484,29106.62,39741.24,10950.25,17400.72,7366.2,9846.86,3432.96,5109.66,0.4141,0.9583,0.5863,43,Moderate,101318.71
104,5,120000.0,102771.68,17228.32,0.1436,22060.46,36104.44,9149.21,15044.2,10132.57,8643.7,2124.72,5138.58,0.2768,0.7725,0.4363,34,Moderate,103763.54
104,6,121200.0,98019.28,23180.72,0.1913,30236.73,38123.86,9567.18,14727.06,5219.28,5009.5,5532.68,4900.96,0.2955,0.7177,0.5543,35,Moderate,100022.83
104,7,121200.0,98839.58,22360.42,0.1845,23165.7,26501.64,8113.24,11596.0,6900.9,4605.3,4456.2,13500.59,0.4468,0.8855,0.6821,43,Moderate,101635.21
104,8,121200.0,94259.34,26940.66,0.2223,27625.06,24304.39,12883.9,8174.25,8521.57,6009.08,5474.92,1266.17,0.388,0.9159,0.5665,44,Moderate,100782.96
104,9,121200.0,109616.67,11583.33,0.0956,27386.16,27834.66,11104.81,11855.44,9255.09,12182.93,4460.14,5537.42,0.4962,0.9836,0.7286,43,High,111285.95
104,10,121200.0,100855.7,20344.3,0.1679,29673.16,31320.92,14006.33,14723.95,8370.99,5721.74,3220.26,5042.78,0.5299,0.9892,0.8458,48,Moderate,94919.08
104,11,121200.0,108419.56,12780.44,0.1054,23750.56,34662.32,15547.68,20442.15,8653.65,7662.98,4903.42,5420.98,0.4095,0.8881,0.6193,39,Moderate,112937.43
104,12,122400.0,99136.97,23263.03,0.1901,29729.69,24886.81,12746.93,13343.05,8052.1,5500.89,7205.54,4956.85,0.4077,0.7434,0.6619,39,Moderate,101485.88
104,13,122400.0,111448.05,10951.95,0.0895,25743.49,38409.13,10070.27,12407.8,3702.63,11353.11,5196.87,4564.75,0.4215,0.9216,0.6519,39,High,110462.97
104,14,122400.0,99556.75,22843.25,0.1866,27933.06,28193.08,11892.62,17887.57,8490.67,4153.55,5856.08,4977.84,0.4908,0.8779,0.7801,45,Moderate,100634.32
104,15,122400.0,103346.03,19053.97,0.1557,24272.44,32341.31,12930.64,5444.56,8428.46,11857.73,8120.18,5167.3,0.4634,0.7011,0.6726,38,Moderate,98009.51
104,16,122400.0,111151.57,11248.43,0.0919,24883.54,36520.65,15627.85,8629.33,7321.12,10142.56,4594.42,3432.09,0.2549,0.7862,0.5318,31,High,116124.74
104,17,122400.0,100387.48,22012.52,0.1798,22784.33,36400.99,14312.5,12173.1,6584.19,4760.56,7015.12,5019.37,0.3848,0.7792,0.5866,39,Moderate,102989.79
104,18,123600.0,102575.8,21024.2,0.1701,33664.28,29383.13,12916.82,10834.49,9126.43,8142.12,4893.0,5128.79,0.365,0.8679,0.6534,40,Moderate,108113.9
104,19,123600.0,94380.89,29219.11,0.2364,23984.06,34219.62,8741.19,10622.29,9242.65,7761.43,4374.54,4719.04,0.3286,0.9707,0.699,44,Moderate,93731.14
104,20,123600.0,100863.14,22736.86,0.184,22581.33,35899.37,14472.25,16629.93,6348.67,8256.94,6976.25,5043.16,0.4969,0.6933,0.5629,40,Moderate,98841.84
104,21,123600.0,112064.37,11535.63,0.0933,30162.36,40267.33,12123.08,21103.41,5426.24,9205.5,5535.78,5603.22,0.494,0.976,0.7747,43,High,115276.22
104,22,123600.0,112316.13,11283.87,0.0913,34106.97,39763.83,9942.59,15820.46,5638.94,5604.08,4696.45,5615.81,0.2972,0.9326,0.6199,36,High,106590.01
104,23,123600.0,110317.88,13282.12,0.1075,35411.73,44008.82,9883.73,13552.35,9421.93,7484.29,7862.67,5515.89,0.3795,0.8126,0.5721,36,Moderate,116692.7
105,0,65000.0,40008.25,24991.75,0.3845,11568.68,12074.82,3643.98,5250.6,3647.95,2358.96,2893.83,2000.41,0.4354,0.6538,0.6424,46,Moderate,42788.64
105,1,65000.0,37642.28,27357.72,0.4209,12760.36,13736.08,3982.52,4953.07,3270.8,3519.23,2021.57,1882.11,0.6662,0.6478,0.6224,55,Low,37464.58
105,2,65000.0,37840.7,27159.3,0.4178,8035.81,14331.85,4156.12,4538.68,2004.42,2758.83,2273.87,1892.04,0.3992,0.6043,0.4587,45,Moderate,39908.37
105,3,65000.0,37863.8,27136.2,0.4175,11734.13,11171.05,5191.34,2152.46,2346.92,2576.64,1612.3,1078.96,0.3969,0.8386,0.6082,51,Moderate,40302.8
105,4,65000.0,39651.88,25348.12,0.39,9557.45,12711.39,5019.39,5436.41,3463.98,1721.12,908.59,833.55,0.4405,0.8724,0.7329,52,Moderate,38849.23
105,5,65000.0,34246.56,30753.44,0.4731,10735.42,8748.15,2758.66,4273.82,2894.48,3318.16,1752.04,1712.33,0.3858,0.8268,0.6328,53,Moderate,33253.47
105,6,65650.0,34738.94,30911.06,0.4708,10701.09,10351.66,4021.07,4204.87,3441.34,1926.0,2407.4,1736.95,0.4795,0.8252,0.6576,56,Moderate,36719.36
105,7,65650.0,36713.43,28936.57,0.4408,11254.7,9571.82,5455.48,4450.14,2238.47,2850.81,1238.57,1835.67,0.4436,0.6913,0.6525,50,Moderate,37653.78
105,8,65650.0,33692.88,31957.12,0.4868,9297.64,13026.51,4184.92,3865.05,1112.92,2394.8,1011.74,1684.64,0.6128,0.8029,0.6253,60,Low,34788.51
105,9,65650.0,37325.31,28324.69,0.4314,12708.48,11566.95,3038.9,7154.86,3413.9,3874.09,2762.55,1866.27,0.3908,0.759,0.6545,50,Moderate,35086.56
105,10,65650.0,34645.75,31004.25,0.4723,7118.21,11407.23,3140.39,6615.74,2710.47,1898.81,2675.32,1732.29,0.3765,0.5916,0.3916,47,Moderate,33114.75
105,11,65650.0,39287.12,26362.88,0.4016,13060.48,14241.35,4811.16,5396.81,3370.25,2084.53,1138.55,1964.36,0.5476,0.8106,0.7457,54,Moderate,39017.81
105,12,66300.0,37391.34,28908.66,0.436,9209.59,9548.35,4627.96,6212.4,2962.88,3266.05,1406.41,157.7,0.558,0.6973,0.6685,53,Moderate,35863.95
105,13,66300.0,36024.08,30275.92,0.4567,12385.84,12382.48,4992.71,6033.39,1146.2,3806.22,2669.02,1801.2,0.4719,0.7526,0.5374,53,Moderate,38319.94
105,14,66300.0,37096.51,29203.49,0.4405,12586.81,14413.81,4291.19,6634.86,1637.94,3935.3,831.03,1854.83,0.6282,0.6763,0.5955,55,Low,38651.29
105,15,66300.0,34957.28,31342.72,0.4727,9203.58,13378.62,3168.86,3249.4,1845.46,2974.83,1340.71,1747.86,0.5028,0.8169,0.6211,56,Moderate,35837.26
105,16,66300.0,38414.34,27885.66,0.4206,8139.6,13294.49,4812.53,5910.02,2285.22,3775.95,1906.43,1920.72,0.6127,0.7611,0.7663,56,Low,37717.33
105,17,66300.0,38093.77,28206.23,0.4254,12454.46,9889.22,5094.39,5727.36,3652.5,2524.56,829.36,1904.69,0.5325,0.6244,0.6472,50,Moderate,36234.16
105,18,66950.0,37725.87,29224.13,0.4365,7637.65,9962.81,5602.02,5513.04,2340.86,3277.26,959.64,2432.58,0.4552,0.8356,0.5482,54,Moderate,38585.17
105,19,66950.0,35521.8,31428.2,0.4694,11746.79,11628.99,4360.44,3530.9,1154.77,2614.29,917.77,1776.09,0.5247,0.6995,0.5277,54,Moderate,33789.36
105,20,66950.0,42885.49,24064.51,0.3594,10488.59,11811.13,5512.22,4234.33,1698.46,2954.48,2015.08,4171.2,0.5495,0.7966,0.7178,52,Moderate,43730.73
105,21,66950.0,41667.32,25282.68,0.3776,11992.47,16046.24,5233.25,3835.37,2051.51,3497.51,863.41,2083.37,0.4132,0.8229,0.5957,49,Moderate,42338.72
105,22,66950.0,40215.38,26734.62,0.3993,12975.6,13943.06,5461.15,7182.9,2836.77,4783.03,2466.82,2010.77,0.4617,0.7551,0.6393,50,Moderate,40029.85
105,23,66950.0,40755.98,26194.02,0.3912,14254.29,11024.83,5605.99,2731.44,2768.33,3263.22,1288.1,2037.8,0.6636,0.7246,0.7158,55,Low,43367.72
106,0,120000.0,62577.67,57422.33,0.4785,17636.46,19563.85,7600.26,6584.63,3007.73,5602.24,3074.05,3128.88,0.3547,0.5827,0.529,46,Moderate,62463.01
106,1,120000.0,65930.82,54069.18,0.4506,14870.52,18867.27,8632.51,3595.09,2535.17,2813.48,3305.94,11310.83,0.5901,0.6596,0.563,54,Moderate,67923.65
106,2,120000.0,63251.34,56748.66,0.4729,14666.94,20805.05,6955.24,8179.77,4374.8,4760.72,3468.27,40.54,0.4273,0.8463,0.7345,55,Moderate,63727.2
106,3,120000.0,67958.77,52041.23,0.4337,21366.31,17452.25,7130.23,10461.23,2557.15,5093.76,4674.65,3397.94,0.4668,0.7299,0.5071,51,Moderate,69015.9
106,4,120000.0,63527.81,56472.19,0.4706,19128.43,18407.34,7324.91,4794.18,3616.22,3801.87,2700.23,3754.63,0.5186,0.6335,0.6015,52,Moderate,64052.93
106,5,120000.0,71138.32,48861.68,0.4072,20041.34,18913.24,8876.84,12555.38,4559.48,5850.99,3382.46,3556.92,0.5559,0.7233,0.7184,53,Moderate,75149.66
106,6,121200.0,63032.59,58167.41,0.4799,19155.6,18609.27,5467.96,6303.33,3185.21,6634.67,4935.33,3151.63,0.5964,0.8542,0.7305,60,Moderate,65320.14
106,7,121200.0,57159.48,64040.52,0.5284,17936.86,14299.74,4781.95,5781.26,2249.59,5299.92,2256.36,4553.78,0.5554,0.8154,0.5891,60,Moderate,54457.84
106,8,121200.0,62236.61,58963.39,0.4865,15302.81,23406.0,7123.8,10381.24,4065.56,7358.91,2138.86,3111.83,0.5217,0.7315,0.571,55,Moderate,65893.01
106,9,121200.0,58404.6,62795.4,0.5181,16107.01,20907.82,7532.01,8574.26,4748.69,3194.21,2934.55,2920.23,0.627,0.7878,0.6158,61,Low,57145.47
106,10,121200.0,71922.45,49277.55,0.4066,23440.76,23046.73,6174.1,9743.36,3213.1,6085.46,4805.76,3596.12,0.4522,0.6027,0.6023,46,Moderate,68777.38
106,11,121200.0,65179.17,56020.83,0.4622,17275.4,20009.44,9086.69,12899.28,5383.5,4032.36,2286.06,3258.96,0.4765,0.6119,0.5524,50,Moderate,65445.23
106,12,122400.0,62530.61,59869.39,0.4891,13761.5,15905.66,8725.14,5741.06,4972.32,2655.39,4919.06,5850.5,0.4175,0.6452,0.5217,50,Moderate,65897.49
106,13,122400.0,65787.61,56612.39,0.4625,18789.03,24897.31,8856.34,8249.92,4226.52,7458.68,2364.16,3289.38,0.4164,0.6733,0.5468,50,Moderate,67849.02
106,14,122400.0,76004.14,46395.86,0.3791,26206.55,22771.21,6946.71,4431.37,5383.84,3071.62,1707.3,5485.56,0.5986,0.8023,0.6279,55,Moderate,77674.9
106,15,122400.0,58218.87,64181.13,0.5244,19115.43,18500.35,5607.5,3018.92,2478.72,6428.33,2505.71,563.9,0.5444,0.858,0.6582,61,Moderate,60616.23
106,16,122400.0,75771.59,46628.41,0.381,16995.33,19714.9,8032.21,7954.18,3628.07,6202.0,3989.01,9255.88,0.3829,0.7818,0.6198,48,Moderate,72564.39
106,17,122400.0,57731.73,64668.27,0.5283,12782.86,21906.44,6353.35,8526.16,2605.13,4981.44,3871.29,2886.59,0.5444,0.8524,0.6999,61,Moderate,55831.64
106,18,123600.0,65633.47,57966.53,0.469,20175.79,26059.02,8363.95,6132.62,2404.84,7136.43,1944.85,3281.67,0.6105,0.7485,0.6805,58,Low,65681.17
106,19,123600.0,74454.85,49145.15,0.3976,23968.91,23292.78,5995.47,8715.14,5872.3,4709.41,4386.42,3722.74,0.5265,0.7704,0.7414,52,Moderate,71216.46
106,20,123600.0,62323.56,61276.44,0.4958,21236.13,19045.64,7484.32,4574.31,2893.53,3723.29,1900.62,1465.71,0.3322,0.7087,0.5192,49,Moderate,63612.0
106,21,123600.0,66946.23,56653.77,0.4584,20193.58,25497.71,6982.62,4626.87,6678.75,7378.41,3969.08,3347.31,0.4812,0.6076,0.546,50,Moderate,66211.55
106,22,123600.0,69924.0,53676.0,0.4343,20235.82,26996.33,7529.33,10896.13,3592.9,6801.84,2833.74,3496.2,0.3732,0.8059,0.5437,50,Moderate,69026.67
106,23,123600.0,64172.43,59427.57,0.4808,16071.07,20868.38,7980.91,9614.37,6176.63,4438.0,4174.42,3208.62,0.4251,0.5914,0.4616,49,Moderate,60846.93
107,0,65000.0,37783.29,27216.71,0.4187,11448.27,11843.67,5553.06,3991.45,1810.27,2028.03,1436.44,1889.16,0.7,0.6468,0.7456,56,Low,36266.44
107,1,65000.0,31887.25,33112.75,0.5094,7109.65,7985.5,3822.43,4690.27,2522.46,3715.56,1191.4,849.99,0.5379,0.5462,0.4467,52,Moderate,32299.04
107,2,65000.0,36787.21,28212.79,0.434,10869.01,11677.94,5055.43,6961.87,3057.11,1951.31,956.03,1839.36,0.7369,0.5327,0.6197,54,Low,37213.29
107,3,65000.0,36039.13,28960.87,0.4456,10446.59,13530.3,5337.44,7163.54,1493.72,2935.58,2764.47,1801.96,0.6289,0.6553,0.5591,55,Low,35866.18
107,4,65000.0,34643.69,30356.31,0.467,8195.27,13815.72,4369.45,2130.39,3056.84,2990.47,1835.32,1732.18,0.7881,0.6437,0.7909,60,Low,36255.08
107,5,65000.0,32645.89,32354.11,0.4978,6923.31,10710.24,3884.33,2438.2,1517.34,3153.71,1352.79,2665.98,0.765,0.5816,0.5947,59,Low,31199.45
107,6,65650.0,35562.49,30087.51,0.4583,11880.29,11046.51,3935.86,2038.79,3091.62,4099.65,1265.89,1778.12,0.5961,0.4047,0.5342,48,Moderate,36498.71
107,7,65650.0,39173.45,26476.55,0.4033,12819.6,13883.95,4314.56,2199.71,3244.02,1846.14,1806.23,1958.67,0.6513,0.4477,0.5464,48,Low,41484.1
107,8,65650.0,37030.43,28619.57,0.4359,7767.86,13331.76,5340.68,3337.58,2070.67,2833.06,2090.14,258.66,0.6173,0.678,0.5718,55,Low,39050.61
107,9,65650.0,30765.33,34884.67,0.5314,9998.76,8158.95,2780.81,1627.31,2638.48,2439.33,1328.09,1793.6,0.751,0.6016,0.7519,61,Low,32841.04
107,10,65650.0,33046.23,32603.77,0.4966,7135.85,8826.78,3384.06,6209.43,3140.98,3056.53,863.93,428.66,0.5756,0.4752,0.4428,51,Moderate,33914.04
107,11,65650.0,29684.51,35965.49,0.5478,9354.16,7731.94,3422.66,3466.84,1564.11,3342.62,933.9,1484.23,0.7144,0.478,0.6309,58,Low,30360.29
107,12,66300.0,39448.38,26851.62,0.405,9225.15,14018.08,4991.19,5632.49,2534.8,4358.74,1918.6,1972.42,0.7129,0.6103,0.7407,54,Low,37884.25
107,13,66300.0,39648.6,26651.4,0.402,8399.15,12224.72,3665.82,5335.37,1733.09,2396.06,1433.91,4460.47,0.5267,0.5106,0.4764,46,Moderate,40423.89
107,14,66300.0,29792.12,36507.88,0.5506,9701.46,10827.78,2789.1,2181.59,2093.89,3527.55,1362.78,1489.61,0.6346,0.5561,0.6448,57,Low,29521.74
107,15,66300.0,38363.77,27936.23,0.4214,11527.65,9691.18,3890.49,7249.05,3175.24,1675.74,3046.84,1918.19,0.6532,0.6792,0.6786,55,Low,38541.6
107,16,66300.0,36501.78,29798.22,0.4494,9230.17,12966.49,3937.03,5885.49,3095.4,2511.49,1036.71,1825.09,0.7177,0.4676,0.6674,53,Low,36677.84
107,17,66300.0,33320.78,32979.22,0.4974,7645.48,9952.25,3767.07,4442.48,2595.0,1650.08,1010.48,2257.95,0.5495,0.6645,0.6701,55,Moderate,34863.33
107,18,66950.0,38333.79,28616.21,0.4274,8908.16,12540.13,4467.44,5196.8,3079.59,3850.36,1796.01,1916.69,0.496,0.4849,0.4674,46,Moderate,36592.6
107,19,66950.0,39065.43,27884.57,0.4165,11159.62,10240.01,3949.25,4019.7,3514.6,2270.27,2446.93,1465.04,0.775,0.6012,0.768,57,Low,37348.63
107,20,66950.0,37985.33,28964.67,0.4326,13203.98,13842.39,5227.47,4682.92,1480.55,3585.92,1911.56,1899.27,0.5716,0.5489,0.5888,50,Moderate,36214.13
107,21,66950.0,38665.05,28284.95,0.4225,10876.82,14330.3,5647.62,4594.07,1659.28,2345.05,1785.0,1933.25,0.7283,0.5099,0.579,53,Low,40395.98
107,22,66950.0,31575.94,35374.06,0.5284,10455.81,12313.46,3166.31,4358.66,1077.55,2242.02,1379.02,1578.8,0.5528,0.6044,0.5121,55,Moderate,29735.01
107,23,66950.0,30998.92,35951.08,0.537,6343.36,12394.58,3694.11,5938.46,1397.77,3538.8,677.49,1549.95,0.6503,0.5442,0.577,57,Low,31468.2
108,0,85000.0,40322.14,44677.86,0.5256,13059.77,14394.11,4355.41,5017.6,1398.5,2154.37,1990.65,2016.11,0.7302,0.5863,0.7275,60,Low,42317.61
108,1,85000.0,35513.08,49486.92,0.5822,9660.73,10160.22,3850.31,5019.01,2405.36,2507.33,1977.05,1775.65,0.7024,0.47,0.5326,59,Low,34400.79
108,2,85000.0,38845.31,46154.69,0.543,11982.96,12832.81,3542.28,5350.61,2946.23,4562.94,1736.52,1942.27,0.4972,0.5911,0.619,54,Moderate,36887.78
108,3,85000.0,48393.58,36606.42,0.4307,9753.17,17123.09,3966.95,5091.43,2497.2,2251.36,2574.28,5136.1,0.5631,0.3666,0.4744,45,Moderate,48033.2
108,4,85000.0,41490.3,43509.7,0.5119,12384.31,13771.81,4240.8,6081.95,3384.7,4697.98,2530.75,2074.51,0.6362,0.5402,0.6574,55,Low,44377.34
108,5,85000.0,38951.31,46048.69,0.5417,11403.97,14094.54,3469.85,6908.28,2059.15,3091.43,2679.77,1947.57,0.4915,0.4981,0.5608,51,Moderate,41295.15
108,6,85850.0,43459.99,42390.01,0.4938,14672.49,16435.16,4625.2,3377.79,2835.16,3788.37,2101.24,2173.0,0.7445,0.3362,0.6314,52,Low,46373.21
108,7,85850.0,45061.03,40788.97,0.4751,9408.33,13255.79,6223.24,5000.13,1552.34,2703.14,3574.2,3343.86,0.754,0.592,0.6917,58,Low,45620.47
108,8,85850.0,45271.83,40578.17,0.4727,9476.5,13848.07,5995.74,6370.09,3764.39,3521.88,2451.66,2263.59,0.6683,0.5552,0.5856,55,Low,44605.7
108,9,85850.0,34708.63,51141.37,0.5957,10433.79,10793.32,5200.01,4934.54,1153.94,1955.07,2032.2,1735.43,0.6556,0.5302,0.6633,59,Low,34625.82
108,10,85850.0,46841.52,39008.48,0.4544,14697.63,14763.41,4330.66,2486.83,1628.73,3584.53,1728.77,3620.97,0.7103,0.397,0.6027,51,Low,49128.81
108,11,85850.0,44224.41,41625.59,0.4849,13201.44,13343.71,6023.68,5432.2,3654.2,2967.97,2696.76,2211.22,0.6258,0.397,0.5287,50,Low,42576.53
108,12,86700.0,41645.7,45054.3,0.5197,12547.91,15250.45,3396.02,5785.49,2016.78,3907.1,2952.76,2082.29,0.6704,0.3372,0.547,51,Low,40660.97
108,13,86700.0,47322.19,39377.81,0.4542,16412.2,16378.91,4502.65,5341.9,1906.94,3687.01,3397.82,2366.11,0.6153,0.4934,0.51,51,Low,44870.87
108,14,86700.0,41631.23,45068.77,0.5198,12902.78,15039.07,3737.67,3161.94,3810.1,1830.67,2257.31,2081.56,0.6559,0.3398,0.452,51,Low,41128.19
108,15,86700.0,39818.27,46881.73,0.5407,13387.99,12724.48,3975.54,5216.28,3414.69,3200.2,1112.96,1990.91,0.6682,0.5187,0.6248,57,Low,37529.39
108,16,86700.0,41228.59,45471.41,0.5245,9944.43,14183.54,5019.58,2455.94,2311.48,2469.91,2280.57,2563.13,0.5845,0.618,0.5974,56,Moderate,42860.07
108,17,86700.0,48241.69,38458.31,0.4436,16803.46,16197.4,4000.54,9589.22,3863.48,3475.36,3532.15,2412.08,0.5172,0.5278,0.6084,48,Moderate,47622.57
108,18,87550.0,46327.68,41222.32,0.4708,10373.58,16243.57,4384.47,7070.67,2664.29,3404.82,2144.6,41.68,0.6012,0.4819,0.6349,51,Low,46714.44
108,19,87550.0,39585.33,47964.67,0.5479,11788.84,11186.83,4159.28,3560.36,2587.53,3787.69,2461.28,53.5,0.6992,0.4216,0.5466,56,Low,41509.3
108,20,87550.0,41801.16,45748.84,0.5225,8596.58,15469.02,3442.37,2321.69,3669.57,2881.73,2577.25,2842.94,0.5585,0.3746,0.5256,49,Moderate,41157.22
108,21,87550.0,48203.04,39346.96,0.4494,14675.76,16685.47,6894.24,8824.72,1892.38,5101.66,2665.06,2410.15,0.6448,0.569,0.5473,53,Low,51345.28
108,22,87550.0,45052.55,42497.45,0.4854,15096.22,12855.63,6659.06,3729.58,2132.97,3898.68,2246.56,2252.63,0.6447,0.6307,0.6646,56,Low,43367.72
108,23,87550.0,44372.77,43177.23,0.4932,15091.69,14054.21,6173.0,7081.41,3335.82,1993.85,1205.04,2218.64,0.5865,0.6325,0.5967,55,Moderate,44623.42
109,0,85000.0,59000.32,25999.68,0.3059,19592.59,20543.28,8775.99,11467.46,2872.64,2774.37,2347.55,2950.02,0.7788,0.9299,0.9149,60,Low,62491.42
109,1,85000.0,60502.9,24497.1,0.2882,16188.96,17610.38,4987.56,8834.64,3690.59,6376.59,3935.7,3025.14,0.7012,0.9945,0.7808,58,Moderate,63965.7
109,2,85000.0,71948.32,13051.68,0.1535,15073.88,22726.43,7482.26,14356.82,6245.51,6084.69,3245.88,3597.42,0.6401,0.9039,0.8244,48,Moderate,71758.92
109,3,85000.0,61550.73,23449.27,0.2759,17224.88,23590.97,8559.09,3847.74,3832.81,6876.59,3439.15,3077.54,0.8153,0.8443,0.7741,57,Moderate,57946.96
109,4,85000.0,71650.13,13349.87,0.1571,14470.25,27211.76,7581.12,13530.76,4937.29,3846.75,1910.0,3582.51,0.7368,0.9533,0.8405,53,Moderate,75736.89
109,5,85000.0,62826.38,22173.62,0.2609,15311.48,23723.51,9311.6,4219.67,1889.84,3390.59,1533.63,3446.07,0.6002,0.9907,0.8778,54,Moderate,63653.31
109,6,85850.0,72929.29,12920.71,0.1505,16213.31,24003.41,10698.98,13853.35,4529.02,7243.11,4070.72,3646.46,0.608,0.7726,0.7666,44,Moderate,74474.44
109,7,85850.0,62387.94,23462.06,0.2733,17762.92,24157.25,5959.82,11563.24,5809.94,2556.28,4280.44,3119.4,0.7327,0.8174,0.7588,54,Moderate,60025.19
109,8,85850.0,58656.72,27193.28,0.3168,15155.65,15877.94,5803.47,7184.43,3005.21,4823.87,1327.13,5479.02,0.7952,0.8141,0.7329,58,Low,58195.08
109,9,85850.0,68414.79,17435.21,0.2031,16255.1,24192.87,8390.34,9948.82,6674.98,5976.21,4916.69,3420.74,0.8266,0.9428,0.8871,57,Moderate,65865.37
109,10,85850.0,70664.53,15185.47,0.1769,22832.03,27179.43,5884.95,13814.29,3042.22,7559.23,5279.35,3533.23,0.7069,0.9774,0.8584,53,Moderate,73532.64
109,11,85850.0,60177.96,25672.04,0.299,17009.87,22448.68,7419.31,4464.17,4899.56,4002.57,3285.82,3008.9,0.8165,0.9817,0.9984,62,Moderate,58047.83
109,12,86700.0,62283.89,24416.11,0.2816,13158.49,17312.62,7347.63,10152.95,2025.86,7120.27,4644.64,521.43,0.8569,0.8521,0.7996,59,Moderate,61333.62
109,13,86700.0,71122.43,15577.57,0.1797,17763.94,24424.21,10470.84,4811.47,7052.31,5794.86,4669.18,3556.12,0.6744,0.808,0.643,48,Moderate,71771.93
109,14,86700.0,63909.24,22790.76,0.2629,21790.43,25288.84,8874.11,6112.49,3935.96,3903.77,3419.93,3195.46,0.8676,1.0,0.9555,62,Moderate,62806.88
109,15,86700.0,66671.09,20028.91,0.231,22701.6,17387.94,6189.3,7011.93,3042.44,7686.02,4401.88,3333.55,0.622,1.0,0.7382,54,Moderate,68506.33
109,16,86700.0,71126.87,15573.13,0.1796,24612.48,24568.13,8752.74,7110.75,5979.41,4277.82,4740.88,3556.34,0.6069,0.9659,0.7299,50,Moderate,69450.48
109,17,86700.0,68692.64,18007.36,0.2077,15817.34,23854.25,7950.27,13188.87,5162.2,6968.14,4358.5,3434.63,0.7834,0.783,0.7165,52,Moderate,66791.48
109,18,87550.0,65242.01,22307.99,0.2548,19508.88,22809.0,8003.88,6103.73,2148.47,6845.77,4831.28,3262.1,0.7763,0.9297,0.848,57,Moderate,68254.06
109,19,87550.0,67587.34,19962.66,0.228,18138.52,26899.04,9169.3,9309.82,2512.91,5284.13,5229.41,3379.37,0.5892,0.8128,0.7428,48,Moderate,63547.9
109,20,87550.0,63372.4,24177.6,0.2762,12870.62,22306.78,6100.97,11296.78,6264.3,2832.19,1299.67,401.1,0.6808,0.7738,0.6592,52,Moderate,59881.02
109,21,87550.0,67816.0,19734.0,0.2254,14077.41,26620.25,9311.39,12405.13,2567.86,7914.2,1371.26,3390.8,0.7629,1.0,0.8033,58,Moderate,71259.52
109,22,87550.0,61570.62,25979.38,0.2967,13372.02,18073.6,6931.85,8440.06,2539.1,4270.51,4837.53,3105.93,0.7498,1.0,0.8711,60,Moderate,64270.0
109,23,87550.0,63176.08,24373.92,0.2784,13957.21,19158.92,8043.15,6632.67,5947.41,5105.33,1450.73,2880.67,0.8484,1.0,0.8595,62,Moderate,63313.27
110,0,120000.0,40230.99,79769.01,0.6647,11359.56,11260.33,3607.76,5150.58,2529.15,3851.1,3062.16,2011.55,0.8311,0.6135,0.7711,70,Low,42603.04
110,1,120000.0,45578.31,74421.69,0.6202,10931.43,12423.8,4575.54,8478.26,2659.4,2961.0,1407.57,2141.32,0.6465,0.4138,0.5522,57,Low,44362.37
110,2,120000.0,53492.98,66507.02,0.5542,10815.33,19358.23,5117.52,10582.95,5177.85,6261.58,2462.46,2674.65,0.6278,0.3925,0.4149,53,Low,50704.71
110,3,120000.0,53525.91,66474.09,0.554,12748.11,15342.74,4883.61,3553.8,5198.94,6080.61,1762.23,3955.86,0.6802,0.3452,0.4988,53,Low,52738.37
110,4,120000.0,56974.6,63025.4,0.5252,13145.59,20862.94,6551.53,3487.98,2191.7,4785.69,3908.73,2040.44,0.6988,0.581,0.6141,59,Low,60133.98
110,5,120000.0,43342.81,76657.19,0.6388,12193.65,14178.06,4566.63,6445.84,2640.1,4754.85,2341.77,2167.14,0.7728,0.6186,0.6458,67,Low,45690.05
110,6,121200.0,55701.77,65498.23,0.5404,16450.07,18681.98,7256.55,8287.8,2976.51,4431.55,2959.5,2785.09,0.5505,0.4045,0.4935,50,Moderate,55857.04
110,7,121200.0,55747.8,65452.2,0.54,14693.38,19991.51,5190.3,3749.85,4421.98,6043.9,1591.81,65.07,0.7128,0.5319,0.5422,58,Low,54098.35
110,8,121200.0,61394.49,59805.51,0.4934,18454.47,17182.25,8199.74,6013.1,2826.06,5367.2,4458.85,3069.72,0.6353,0.373,0.4211,50,Low,59836.62
110,9,121200.0,44912.04,76287.96,0.6294,13239.1,12820.51,4033.52,5976.3,2741.9,1831.84,2954.42,1314.45,0.8249,0.3459,0.6311,61,Low,46602.96
110,10,121200.0,57938.5,63261.5,0.522,15318.45,21770.72,5019.38,3270.04,5503.64,5911.71,2191.71,2896.92,0.7805,0.6303,0.7541,62,Low,58016.89
110,11,121200.0,51221.6,69978.4,0.5774,16683.51,20262.52,6115.8,7818.94,2100.46,3743.6,3912.6,2561.08,0.8375,0.5293,0.7772,64,Low,49601.33
110,12,122400.0,53594.16,68805.84,0.5621,15580.81,21145.47,7297.04,9271.62,4510.59,3517.09,3634.34,2679.71,0.6071,0.5517,0.6079,57,Low,53944.13
110,13,122400.0,49348.48,73051.52,0.5968,12494.09,17695.59,6993.4,2684.61,2335.05,2420.24,1956.24,2769.26,0.6398,0.5342,0.6253,59,Low,50263.07
110,14,122400.0,46079.47,76320.53,0.6235,10681.89,17374.61,3901.47,7302.91,2459.64,3626.12,1858.08,2303.97,0.6483,0.402,0.6209,57,Low,46010.71
110,15,122400.0,58776.88,63623.12,0.5198,19952.88,20250.34,5232.5,10910.48,5636.05,5990.09,4319.08,2938.84,0.6182,0.5806,0.5121,56,Low,56048.76
110,16,122400.0,48072.2,74327.8,0.6073,11947.85,15725.89,5273.56,5235.63,4199.83,4115.24,3622.9,2403.61,0.6568,0.3917,0.5543,56,Low,50969.56
110,17,122400.0,44897.83,77502.17,0.6332,8982.87,11996.16,3649.66,4250.73,2405.51,2368.99,1717.72,9526.19,0.6268,0.4577,0.5811,58,Low,47112.37
110,18,123600.0,57233.77,66366.23,0.5369,17782.37,21051.16,5900.47,10818.73,3164.09,2797.77,1312.93,2861.69,0.8291,0.4587,0.6729,60,Low,58509.23
110,19,123600.0,44879.78,78720.22,0.6369,11676.73,12000.56,4518.99,2873.66,4416.53,3457.27,2150.42,3785.61,0.7821,0.6131,0.7701,67,Low,47885.5
110,20,123600.0,45201.61,78398.39,0.6343,15205.5,15272.64,5638.67,8420.58,4343.07,3456.93,1025.13,2260.08,0.6221,0.4759,0.4901,59,Low,43651.8
110,21,123600.0,41069.31,82530.69,0.6677,9506.26,13690.0,5437.28,5869.34,2834.91,4143.54,2260.65,2053.47,0.7934,0.6315,0.7959,69,Low,42407.41
110,22,123600.0,42651.64,80948.36,0.6549,12190.47,16201.2,6257.35,6288.86,3421.24,3644.85,1128.25,2132.58,0.7491,0.466,0.7007,63,Low,41077.44
110,23,123600.0,53815.16,69784.84,0.5646,15669.37,14275.02,7336.05,3532.01,2357.22,4847.17,3927.7,1870.61,0.8128,0.3915,0.6406,59,Low,53323.38
111,0,65000.0,42362.41,22637.59,0.3483,10429.48,12820.27,5314.03,7626.84,1398.96,4248.81,1362.62,2118.12,0.6746,0.7554,0.7828,54,Low,39838.99
111,1,65000.0,48892.42,16107.58,0.2478,14808.38,16241.43,6598.9,4133.25,1765.98,4272.63,1558.83,2444.62,0.8574,0.5733,0.7223,51,Moderate,49192.75
111,2,65000.0,44520.18,20479.82,0.3151,9344.17,16307.86,4030.27,8050.65,3803.93,3501.01,1027.18,2226.01,0.7569,0.6222,0.7719,52,Low,42704.39
111,3,65000.0,48521.04,16478.96,0.2535,10624.0,17701.72,6373.95,3856.58,1504.8,4870.87,3565.53,23.59,0.6515,0.493,0.5808,43,Moderate,49788.31
111,4,65000.0,45903.68,19096.32,0.2938,11602.89,13619.91,4162.13,4000.89,3257.13,3884.25,1221.51,4154.97,0.6147,0.6469,0.5535,47,Moderate,43836.14
111,5,65000.0,52283.45,12716.55,0.1956,11919.43,15117.67,5209.83,3805.07,4828.43,3750.34,3238.73,4413.95,0.7089,0.6075,0.5609,45,Moderate,51314.97
111,6,65650.0,43961.09,21688.91,0.3304,9602.67,11672.26,4284.87,3429.21,4025.25,3861.68,2777.41,4307.75,0.7552,0.7551,0.691,56,Low,43170.89
111,7,65650.0,45441.12,20208.88,0.3078,15222.72,16241.66,5672.61,5954.29,2689.23,2201.32,2409.3,2272.06,0.7074,0.5516,0.6536,48,Low,43984.26
111,8,65650.0,46546.93,19103.07,0.291,13345.34,11774.68,3812.0,6752.99,1522.17,3754.38,2274.2,3311.17,0.7259,0.5825,0.7261,49,Moderate,47633.7
111,9,65650.0,51632.8,14017.2,0.2135,12140.94,14318.2,4602.68,4076.38,2537.74,6038.18,1761.74,6156.96,0.7328,0.7241,0.7183,49,Moderate,48675.64
111,10,65650.0,44058.55,21591.45,0.3289,14128.9,13306.65,5794.04,3479.1,4352.54,2767.29,1139.91,2202.93,0.6836,0.4867,0.5196,47,Low,44675.61
111,11,65650.0,50614.74,15035.26,0.229,10723.71,16662.63,4570.71,9515.8,4351.29,4623.28,3938.64,2530.74,0.6415,0.5873,0.5379,44,Moderate,50175.68
111,12,66300.0,47508.45,18791.55,0.2834,13299.12,12892.68,4098.08,3748.8,3011.18,3701.69,3779.71,2977.18,0.6602,0.5321,0.5231,45,Moderate,48370.99
111,13,66300.0,48316.92,17983.08,0.2712,14446.49,13574.43,3916.02,8622.93,2497.17,4232.11,1590.59,2415.85,0.7148,0.5669,0.5431,47,Moderate,51165.42
111,14,66300.0,51891.5,14408.5,0.2173,15736.57,13340.6,7235.57,6287.17,5018.71,3759.17,1269.55,2594.58,0.6929,0.6381,0.7612,46,Moderate,49756.46
111,15,66300.0,52991.98,13308.02,0.2007,17695.5,13787.0,4905.17,5872.88,3897.16,3616.81,4063.11,2649.6,0.762,0.6146,0.712,47,Moderate,54000.34
111,16,66300.0,45128.89,21171.11,0.3193,9990.52,13788.68,6443.68,7805.0,1471.95,4461.55,3288.29,2256.44,0.8617,0.5856,0.7449,54,Low,47639.34
111,17,66300.0,51000.87,15299.13,0.2308,11873.47,17833.76,5110.51,2702.89,4859.57,4325.65,1078.89,3216.14,0.6389,0.5032,0.5707,42,Moderate,49242.5
111,18,66950.0,51890.91,15059.09,0.2249,12671.7,14986.71,7000.87,8891.94,2026.9,3223.17,2085.49,1004.14,0.7395,0.4766,0.6907,44,Moderate,53763.69
111,19,66950.0,48361.02,18588.98,0.2777,13934.37,12311.07,4950.42,8115.61,3426.63,2590.29,2203.37,829.25,0.8539,0.6205,0.7279,53,Moderate,47699.32
111,20,66950.0,52897.07,14052.93,0.2099,18343.47,17041.46,4809.85,6373.67,3169.57,4631.91,3079.27,2644.85,0.7767,0.7202,0.8008,50,Moderate,56200.1
111,21,66950.0,45032.28,21917.72,0.3274,10777.74,16634.81,6028.49,2835.82,4152.96,3487.65,3184.83,2251.61,0.8168,0.5688,0.6041,53,Low,44631.76
111,22,66950.0,45982.04,20967.96,0.3132,15953.69,14803.56,3683.36,2588.07,2809.99,2895.42,2209.33,1038.63,0.8902,0.6981,0.8629,58,Low,44684.34
111,23,66950.0,44096.2,22853.8,0.3414,8982.06,14858.24,6311.63,6044.23,3374.26,5250.8,2259.8,2204.81,0.7788,0.606,0.6577,53,Low,45419.5
112,0,250000.0,127486.66,122513.34,0.4901,42042.87,39068.64,16626.84,13815.1,9031.61,12011.22,6945.38,6374.33,0.672,0.887,0.8177,64,Low,120536.11
112,1,250000.0,115535.36,134464.64,0.5379,25885.7,30525.06,14024.3,19171.68,6338.32,7135.26,8635.01,3820.03,0.5346,0.8368,0.7634,61,Moderate,117820.89
112,2,250000.0,117557.35,132442.65,0.5298,31479.55,44935.43,13146.36,18827.51,6100.72,8144.07,7883.03,5877.87,0.7069,0.7102,0.7767,62,Low,117909.06
112,3,250000.0,121708.54,128291.46,0.5132,32141.57,30911.59,16366.72,15145.7,9595.63,13742.14,2823.64,981.56,0.718,0.7359,0.7691,63,Low,125703.27
112,4,250000.0,138029.13,111970.87,0.4479,38643.11,46440.62,17535.06,16442.23,4832.5,15304.73,10160.89,6901.46,0.5253,0.9168,0.6591,58,Moderate,134232.53
112,5,250000.0,135303.65,114696.35,0.4588,38850.83,39784.78,14389.28,14679.44,13284.18,8210.51,8160.0,6765.18,0.5555,0.6622,0.6064,53,Moderate,137370.35
112,6,252500.0,128127.46,124372.54,0.4926,33147.13,37157.22,11078.81,19222.99,10404.57,14908.39,7095.33,6406.37,0.6362,0.7966,0.7921,61,Low,126356.19
112,7,252500.0,128338.68,124161.32,0.4917,32397.09,37675.87,12351.99,12368.85,11776.72,8061.57,9644.4,4062.2,0.7569,0.7105,0.6452,62,Low,124657.47
112,8,252500.0,121571.67,130928.33,0.5185,34496.05,41218.16,14713.73,22844.8,8954.98,5100.66,5331.59,6078.58,0.525,0.9031,0.7636,61,Moderate,128244.39
112,9,252500.0,122674.5,129825.5,0.5142,26193.92,39981.52,17625.17,21338.21,9163.99,6989.66,5248.16,6133.72,0.7884,0.7053,0.6747,64,Low,117266.27
112,10,252500.0,128473.72,124026.28,0.4912,30828.24,34614.61,11355.71,12818.75,4758.57,11970.58,3379.02,18748.23,0.5063,0.8281,0.6752,57,Moderate,129603.03
112,11,252500.0,135052.04,117447.96,0.4651,37863.52,49299.95,15173.93,21142.42,4216.81,15577.58,6185.7,6752.6,0.5579,0.8365,0.64,58,Moderate,129150.82
112,12,255000.0,121777.39,133222.61,0.5224,34263.9,32934.44,15943.33,21121.76,10456.03,6375.81,7399.48,6088.87,0.538,0.642,0.5416,55,Moderate,123888.04
112,13,255000.0,129455.25,125544.75,0.4923,42564.48,44586.98,17576.62,21119.71,10347.26,11579.97,6639.1,6472.76,0.6861,0.7976,0.7562,62,Low,136034.54
112,14,255000.0,146926.9,108073.1,0.4238,46949.11,49428.95,19523.91,22890.15,11052.04,11164.55,3433.86,7346.34,0.6149,0.6814,0.7311,54,Low,150614.54
112,15,255000.0,138783.83,116216.17,0.4557,45821.95,38419.95,14424.88,21593.92,13322.13,5827.6,5261.45,6939.19,0.6097,0.9249,0.675,61,Low,146590.16
112,16,255000.0,112513.76,142486.24,0.5588,29065.06,36236.03,15996.59,14433.26,6473.37,9858.44,3890.44,5625.69,0.5569,0.851,0.6464,63,Moderate,111890.22
112,17,255000.0,119576.34,135423.66,0.5311,24709.19,45096.16,12145.98,18509.01,5635.54,7504.4,5583.08,392.99,0.665,0.81,0.8228,64,Low,116404.48
112,18,257500.0,143622.18,113877.82,0.4422,42200.84,40599.83,18327.39,27287.76,5544.99,6160.3,4397.31,7181.11,0.6034,0.7168,0.7191,55,Low,135532.29
112,19,257500.0,132581.58,124918.42,0.4851,45593.36,36040.31,11107.94,15454.07,8627.09,6027.4,5513.07,4218.35,0.5528,0.6468,0.54,54,Moderate,132520.6
112,20,257500.0,128571.48,128928.52,0.5007,27231.06,34808.49,14060.55,17013.9,8033.61,15209.88,7616.66,4597.32,0.5163,0.7424,0.5567,56,Moderate,130395.49
112,21,257500.0,115763.45,141736.55,0.5504,32194.21,45473.92,16895.99,5948.48,8034.54,8888.55,3951.1,5788.17,0.6154,0.6282,0.569,58,Low,121351.46
112,22,257500.0,134477.74,123022.26,0.4778,39759.6,46145.47,11509.78,26248.5,8198.16,7500.7,10651.82,6723.89,0.6582,0.9242,0.7878,64,Low,132320.35
112,23,257500.0,145623.23,111876.77,0.4345,31216.77,45862.15,19555.89,10983.78,9453.28,17181.84,3129.51,8240.02,0.5539,0.8498,0.6231,57,Moderate,140283.66
113,0,250000.0,171018.53,78981.47,0.3159,54334.35,60582.71,14438.0,13833.05,11270.29,18045.78,11162.62,8550.93,0.8694,0.8014,0.7488,60,Low,164723.33
113,1,250000.0,189938.17,60061.83,0.2402,39142.57,60690.84,18723.96,26997.1,16471.48,9355.22,12419.32,6137.68,0.8021,0.9036,0.8886,57,Moderate,178884.09
113,2,250000.0,196432.42,53567.58,0.2143,60622.13,65185.39,23285.18,35628.21,19154.26,17332.56,5205.07,9821.62,0.7866,0.8436,0.8788,54,Moderate,187650.41
113,3,250000.0,172439.92,77560.08,0.3102,48759.93,50775.07,14184.87,28897.68,6262.16,18150.68,6381.67,8622.0,0.7716,0.8106,0.7878,57,Low,182442.54
113,4,250000.0,196101.9,53898.1,0.2156,57241.29,61520.14,23697.97,11589.29,17873.73,8458.97,7615.5,8105.01,0.8937,0.9512,0.8628,60,Moderate,184763.41
113,5,250000.0,201858.4,48141.6,0.1926,57107.67,68178.39,21946.55,36704.82,6896.58,15252.23,9150.97,10092.92,0.7476,0.761,0.7526,50,Moderate,200392.16
113,6,252500.0,198607.77,53892.23,0.2134,66855.36,69851.01,21041.91,23928.34,11121.67,18206.44,11336.87,9930.39,0.8024,0.7968,0.8242,53,Moderate,197450.12
113,7,252500.0,194645.02,57854.98,0.2291,56556.85,65030.46,26086.74,18692.92,11966.34,17580.55,10384.95,9732.25,0.6686,0.963,0.8534,54,Moderate,199990.7
113,8,252500.0,162411.01,90088.99,0.3568,55784.44,51418.75,17465.59,8943.11,14269.18,17773.71,6441.42,8120.55,0.8929,0.7333,0.758,61,Low,157070.61
113,9,252500.0,193302.48,59197.52,0.2344,38849.96,60495.9,24259.62,37141.97,18609.17,10723.44,4728.8,9665.12,0.8808,0.8048,0.8306,57,Moderate,193467.96
113,10,252500.0,170017.22,82482.78,0.3267,51747.23,43987.95,21612.49,26662.08,12516.95,19386.7,11921.41,8500.86,0.7484,0.9709,0.9305,61,Low,172576.76
113,11,252500.0,171265.84,81234.16,0.3217,55890.97,48560.79,23746.19,10561.39,7538.6,10809.3,4600.69,9557.91,0.7255,0.7519,0.6448,55,Low,161457.54
113,12,255000.0,173147.96,81852.04,0.321,55942.81,66389.77,21694.42,29333.19,10730.54,17723.74,7966.67,8657.4,0.7207,0.7611,0.7334,55,Low,182035.9
113,13,255000.0,203372.57,51627.43,0.2025,44102.76,55793.43,23334.44,37699.54,14091.91,21136.56,12084.73,10168.63,0.7145,0.9341,0.8802,53,Moderate,198839.8
113,14,255000.0,204136.16,50863.84,0.1995,41047.13,75217.46,21073.2,21864.02,19510.66,18971.23,6669.12,10206.81,0.7085,0.9818,0.7737,54,Moderate,196421.59
113,15,255000.0,174712.14,80287.86,0.3149,54406.18,64627.56,15723.1,22712.13,13345.26,20184.71,11983.17,8735.61,0.7918,0.8437,0.7389,59,Low,185640.73
113,16,255000.0,202374.27,52625.73,0.2064,56082.11,64136.69,25985.48,29166.1,13513.67,8747.0,12498.65,10118.71,0.8861,0.9554,0.8561,59,Moderate,195665.9
113,17,255000.0,194880.04,60119.96,0.2358,53696.11,67062.0,23085.32,11010.14,10558.28,9252.67,9368.25,10847.26,0.8751,1.0,0.9944,61,Moderate,204957.49
113,18,257500.0,168019.62,89480.38,0.3475,44655.75,52073.51,16777.92,11188.0,9772.68,11213.15,11498.54,10840.08,0.8727,1.0,0.8719,66,Low,169920.28
113,19,257500.0,173190.17,84309.83,0.3274,52420.95,64208.25,19035.84,31339.39,12823.9,18872.86,11196.27,8659.51,0.6366,0.9558,0.8007,57,Low,164217.26
113,20,257500.0,191680.9,65819.1,0.2556,63861.32,56773.72,26035.18,31645.98,8922.6,14734.16,7415.42,9584.05,0.6625,0.7526,0.6349,50,Moderate,201692.58
113,21,257500.0,177736.83,79763.17,0.3098,52785.2,59640.77,20514.07,27624.04,7409.06,21027.11,9553.95,8886.84,0.7046,0.892,0.8372,57,Low,172082.58
113,22,257500.0,188623.71,68876.29,0.2675,40310.68,60452.1,18619.37,32267.89,7058.61,19429.68,7356.98,3128.4,0.8173,0.9406,0.9202,60,Moderate,188839.41
113,23,257500.0,168699.3,88800.7,0.3449,40467.52,62383.58,17547.74,22006.43,11745.32,12204.99,4491.61,8434.96,0.7893,0.8331,0.8837,60,Low,173339.15
114,0,250000.0,132646.44,117353.56,0.4694,32220.97,48680.0,12464.98,6892.93,4557.95,7756.86,8794.63,11278.12,0.826,0.8693,0.9104,67,Low,140442.91
114,1,250000.0,134880.24,115119.76,0.4605,42503.16,47101.63,15081.28,13110.97,6476.17,12899.9,4057.3,6744.01,0.9818,0.6895,0.8563,67,Low,132326.9
114,2,250000.0,134306.45,115693.55,0.4628,34215.21,40636.96,14173.82,9676.9,4673.3,5406.69,6607.88,18915.69,0.9282,0.8398,0.8091,69,Low,141368.42
114,3,250000.0,127754.79,122245.21,0.489,28857.68,49801.65,16233.39,11933.38,7397.26,11209.26,3778.36,6387.74,0.7996,0.6623,0.7973,62,Low,132039.95
114,4,250000.0,120245.6,129754.4,0.519,34958.3,35774.28,11193.14,9747.19,7978.79,8413.67,8932.7,3247.53,0.7906,0.7263,0.7134,65,Low,118279.58
114,5,250000.0,108781.35,141218.65,0.5649,33598.57,34727.33,9909.84,20415.74,8472.73,11098.39,7896.65,5439.07,0.7046,0.7056,0.7419,64,Low,109915.94
114,6,252500.0,126516.38,125983.62,0.4989,37142.32,36733.16,13831.08,7335.75,9452.73,15144.94,4192.64,2683.75,0.8159,0.831,0.7508,67,Low,123571.54
114,7,252500.0,146330.57,106169.43,0.4205,50166.29,38907.53,18497.96,8435.75,5519.04,6664.94,4144.29,13994.77,0.7054,0.7047,0.6518,57,Low,155573.82
114,8,252500.0,118889.38,133610.62,0.5292,31053.72,37152.97,12878.03,9527.11,11827.74,11747.68,3268.99,1433.13,0.7764,0.8207,0.7805,67,Low,117250.69
114,9,252500.0,110369.49,142130.51,0.5629,24860.72,42815.65,13463.08,9725.09,8710.6,11219.26,8197.52,5518.47,0.7742,0.8308,0.8631,69,Low,104212.73
114,10,252500.0,115900.08,136599.92,0.541,36897.19,41171.58,14941.96,10220.17,9353.92,12905.2,7958.24,5795.0,0.7973,0.8305,0.7674,69,Low,120289.44
114,11,252500.0,109801.97,142698.03,0.5651,28717.43,27684.42,13476.05,6227.5,6060.76,9954.48,2443.4,15237.94,0.7804,0.7005,0.6536,66,Low,105655.89
114,12,255000.0,117662.01,137337.99,0.5386,34692.28,39217.92,10257.63,10423.56,9101.64,7582.64,8917.92,5883.1,0.9346,0.8962,0.8333,74,Low,114604.27
114,13,255000.0,125649.16,129350.84,0.5073,35672.31,34268.27,14602.25,7007.8,4346.68,8120.53,4448.56,17182.76,0.9299,0.9296,0.9099,73,Low,128395.72
114,14,255000.0,129594.93,125405.07,0.4918,38713.19,44724.3,19039.82,10743.37,8482.37,8629.44,10104.74,6479.75,0.9599,0.8048,0.7915,71,Low,126354.66
114,15,255000.0,113005.64,141994.36,0.5568,36841.41,43915.01,9342.58,5678.46,8599.13,9634.5,8936.67,5650.28,0.8316,0.6906,0.7815,67,Low,120349.82
114,16,255000.0,136840.44,118159.56,0.4634,27672.62,40898.33,11172.56,15392.9,10903.66,13279.59,10902.1,6618.69,0.733,0.7161,0.7555,60,Low,142282.78
114,17,255000.0,134289.45,120710.55,0.4734,43244.88,45941.06,17836.52,20998.97,4545.92,12639.49,4573.71,6714.47,0.9801,0.8474,0.9665,71,Low,126801.81
114,18,257500.0,141034.32,116465.68,0.4523,42281.82,50806.12,12320.82,11597.64,4242.94,6768.53,3971.19,9045.26,0.7745,0.8369,0.8022,64,Low,140994.88
114,19,257500.0,119448.87,138051.13,0.5361,32179.46,39520.75,11283.75,8016.19,5126.12,10472.39,5512.63,7337.58,0.8855,0.8705,0.8347,72,Low,126240.31
114,20,257500.0,144472.05,113027.95,0.4389,49552.44,40729.89,21636.35,8460.22,9384.03,11195.96,6323.11,7223.6,0.8724,0.9078,0.8988,68,Low,146862.06
114,21,257500.0,128926.23,128573.77,0.4993,28161.35,34732.11,17588.96,15538.8,6057.6,13230.25,5656.42,7960.76,0.8466,0.6611,0.7187,64,Low,132156.75
114,22,257500.0,136887.13,120612.87,0.4684,28832.24,50357.4,17997.81,17162.56,6888.73,9958.1,8170.48,6844.36,0.9162,0.9225,0.9182,71,Low,138490.03
114,23,257500.0,147166.71,110333.29,0.4285,37281.39,39589.1,15041.73,17472.44,11668.03,12241.78,8332.18,5540.06,0.8295,0.7293,0.8791,62,Low,156366.83
115,0,65000.0,50416.78,14583.22,0.2244,16860.7,13257.74,5296.05,4703.0,4911.85,5966.18,1966.26,2520.84,0.6036,0.8654,0.7843,49,Moderate,52421.34
115,1,65000.0,55954.82,9045.18,0.1392,14645.23,21913.55,7563.81,7583.29,5199.52,4078.71,2553.43,2797.74,0.3721,1.0,0.782,42,Moderate,58316.02
115,2,65000.0,48459.27,16540.73,0.2545,15548.95,12980.84,6664.27,2508.73,1841.75,2883.36,2685.32,3346.06,0.5752,0.7536,0.6579,47,Moderate,50018.36
115,3,65000.0,53288.44,11711.56,0.1802,17653.85,17168.07,5049.44,4542.24,1952.83,3147.78,3865.42,2664.42,0.4577,0.9395,0.6566,45,Moderate,50594.45
115,4,65000.0,48102.32,16897.68,0.26,13507.07,12114.16,6162.41,5812.8,2472.47,5457.71,2416.64,159.05,0.4374,0.9641,0.7732,48,Moderate,49907.64
115,5,65000.0,53634.18,11365.82,0.1749,13057.17,15267.46,4861.8,3641.53,2347.85,2334.64,3612.3,8511.42,0.6281,0.8515,0.7766,47,Moderate,55954.05
115,6,65650.0,55285.06,10364.94,0.1579,13307.05,15866.17,6167.92,4697.23,2426.15,4688.34,4305.58,3826.63,0.369,0.9094,0.667,40,Moderate,53778.62
115,7,65650.0,56765.13,8884.87,0.1353,16426.16,21939.3,7369.16,5507.21,4247.94,5877.45,2771.06,2838.26,0.3786,0.8784,0.5432,39,Moderate,59433.56
115,8,65650.0,57224.63,8425.37,0.1283,14707.26,20076.39,6314.15,6703.9,5687.77,4166.36,2809.45,2861.23,0.6047,0.835,0.8077,44,Moderate,54884.88
115,9,65650.0,56906.62,8743.38,0.1332,16178.65,16467.16,5855.04,7905.39,3065.28,5399.75,3994.49,2845.33,0.3932,0.9576,0.6564,41,Moderate,57902.15
115,10,65650.0,49505.44,16144.56,0.2459,13036.8,16715.8,6165.05,5483.3,2989.6,5662.79,3872.47,2475.27,0.5813,0.7458,0.732,47,Moderate,52333.66
115,11,65650.0,55210.5,10439.5,0.159,17825.0,14552.15,4574.96,5548.16,2342.44,4655.15,1910.75,3801.9,0.3516,0.9894,0.6919,42,Moderate,57040.73
115,12,66300.0,55028.85,11271.15,0.17,14103.95,18386.46,7843.68,5378.39,1941.92,5921.91,1355.5,97.04,0.6065,0.7923,0.6658,45,Moderate,52125.02
115,13,66300.0,48551.73,17748.27,0.2677,13462.33,18930.09,4464.96,5451.84,3545.96,2706.73,3194.54,2427.59,0.5781,0.8421,0.6728,50,Moderate,48863.52
115,14,66300.0,58553.83,7746.17,0.1168,15106.01,15055.0,5300.33,3219.49,5500.29,4903.68,1668.54,7800.49,0.3993,0.8207,0.685,37,Moderate,57452.14
115,15,66300.0,49251.26,17048.74,0.2571,11274.33,16048.62,5229.97,5082.06,2860.68,3093.15,1096.73,4565.72,0.4445,0.9417,0.7294,48,Moderate,48208.09
115,16,66300.0,53780.9,12519.1,0.1888,17209.3,18247.16,4606.62,6455.26,1635.78,5452.07,3947.02,2689.05,0.4849,1.0,0.8192,48,Moderate,53485.84
115,17,66300.0,55174.28,11125.72,0.1678,19188.08,21659.54,6064.35,10361.44,3358.86,2327.26,1369.86,2758.71,0.6086,0.8146,0.7523,46,Moderate,53405.01
115,18,66950.0,53561.41,13388.59,0.2,13612.89,16554.82,4679.03,5930.92,4027.26,2924.2,3270.1,2562.18,0.4246,0.7826,0.5052,41,Moderate,52659.25
115,19,66950.0,50473.87,16476.13,0.2461,10859.88,13918.8,5847.02,9759.33,3385.49,2859.07,1982.5,1861.78,0.4948,0.8452,0.6787,47,Moderate,49094.92
115,20,66950.0,59313.88,7636.12,0.1141,16987.78,16418.07,8414.49,7069.17,2744.73,3287.44,1716.17,2676.02,0.3611,0.8118,0.5054,36,Moderate,62681.77
115,21,66950.0,58146.77,8803.23,0.1315,13922.58,16490.52,6858.46,5446.49,2646.2,2481.59,1290.51,9010.42,0.5712,0.8447,0.6261,44,Moderate,57107.73
115,22,66950.0,58078.96,8871.04,0.1325,15416.17,15284.53,5089.95,4819.58,4037.2,2636.68,4495.56,6299.3,0.344,0.873,0.5673,38,Moderate,61918.83
115,23,66950.0,52784.82,14165.18,0.2116,14583.81,16941.56,4538.65,6219.0,3835.98,4651.3,2604.83,2639.24,0.624,0.9858,0.8438,52,Moderate,55030.59
116,0,25000.0,14459.45,10540.55,0.4216,3681.37,5708.11,1785.0,2466.08,889.68,1037.67,499.08,722.97,0.7268,0.7614,0.6909,59,Low,14236.31
116,1,25000.0,17986.77,7013.23,0.2805,6080.05,5693.65,1985.65,2676.72,1114.98,1678.39,396.34,899.34,0.6858,0.519,0.6841,46,Moderate,18808.74
116,2,25000.0,17752.76,7247.24,0.2899,4462.07,4618.95,1646.12,2460.61,1211.16,1720.53,941.23,692.1,0.6341,0.683,0.7143,49,Moderate,17199.18
116,3,25000.0,16079.14,8920.86,0.3568,3808.88,4748.94,1700.91,2438.11,1205.48,1654.24,341.8,180.77,0.6826,0.5452,0.6161,50,Low,16956.96
116,4,25000.0,15685.34,9314.66,0.3726,3459.48,5349.83,1308.99,2077.16,840.41,640.26,855.28,1153.93,0.4811,0.6201,0.5121,46,Moderate,15425.48
116,5,25000.0,17418.23,7581.77,0.3033,4609.05,5001.2,2205.7,1315.67,1258.12,1952.99,1252.71,870.91,0.6791,0.6674,0.6384,50,Low,16739.18
116,6,25250.0,18495.46,6754.54,0.2675,3958.19,5167.03,2204.0,2364.52,898.67,2206.09,1004.33,692.65,0.4775,0.5909,0.5125,41,Moderate,17610.11
116,7,25250.0,17869.04,7380.96,0.2923,6196.98,4585.73,2501.61,1395.66,957.65,1763.99,1038.51,893.45,0.5557,0.6005,0.5643,44,Moderate,18156.23
116,8,25250.0,15856.2,9393.8,0.372,4762.52,5421.66,1448.86,2483.28,595.18,1280.78,802.33,792.81,0.5299,0.5753,0.4701,47,Moderate,16689.92
116,9,25250.0,14936.68,10313.32,0.4084,4311.81,5666.16,1762.37,1772.57,672.27,1691.5,985.2,746.83,0.762,0.8002,0.8336,61,Low,15293.34
116,10,25250.0,14936.05,10313.95,0.4085,3175.44,4696.99,2112.46,1020.91,1309.3,1649.26,681.36,290.32,0.7241,0.7001,0.6587,57,Low,15693.27
116,11,25250.0,14968.82,10281.18,0.4072,4014.38,4051.78,1657.86,2228.47,1032.77,1455.0,734.71,748.44,0.6105,0.7397,0.6629,55,Low,14883.76
116,12,25500.0,16909.84,8590.16,0.3369,3766.85,5291.9,1788.35,2054.21,1591.8,724.53,355.84,1336.37,0.5728,0.7102,0.6628,50,Moderate,16194.12
116,13,25500.0,18035.58,7464.42,0.2927,4607.7,6747.5,2278.22,2982.44,1041.49,1473.76,543.21,901.78,0.501,0.6972,0.5653,45,Moderate,18759.6
116,14,25500.0,18564.86,6935.14,0.272,6289.04,7154.57,2337.57,3624.02,1400.34,1925.06,789.36,928.24,0.6114,0.5321,0.5014,43,Moderate,18546.73
116,15,25500.0,15936.11,9563.89,0.3751,3869.61,4710.09,1473.9,1111.52,658.19,882.17,1114.31,2116.32,0.5506,0.6879,0.7017,50,Moderate,16695.31
116,16,25500.0,15313.78,10186.22,0.3995,3351.12,3898.57,1549.82,1428.53,1148.11,627.32,632.72,2677.58,0.7527,0.5201,0.6709,53,Low,14992.11
116,17,25500.0,15648.3,9851.7,0.3863,5388.65,6033.21,1913.91,1095.32,547.55,818.13,478.38,782.41,0.5562,0.7617,0.5959,53,Moderate,16282.33
116,18,25750.0,15250.9,10499.1,0.4077,5025.46,5030.59,1972.65,1418.7,1475.09,1206.64,655.94,762.54,0.5331,0.658,0.529,50,Moderate,15931.57
116,19,25750.0,16338.01,9411.99,0.3655,4748.08,6039.77,1636.7,1215.79,1392.91,1302.05,892.73,816.9,0.6653,0.7631,0.6815,55,Low,16131.92
116,20,25750.0,18550.6,7199.4,0.2796,5789.86,6765.9,2472.24,1623.93,694.63,1095.01,398.45,927.53,0.6525,0.6654,0.7136,48,Moderate,18658.88
116,21,25750.0,14944.85,10805.15,0.4196,3318.05,4488.94,1831.84,992.84,1038.11,1512.11,751.64,1011.33,0.7031,0.7559,0.7173,58,Low,15352.71
116,22,25750.0,18556.07,7193.93,0.2794,6150.12,6514.17,2238.61,3276.63,1075.32,1782.2,1118.76,927.8,0.5531,0.7734,0.744,48,Moderate,19770.41
116,23,25750.0,15121.58,10628.42,0.4128,3991.62,4101.51,2055.47,1465.16,1507.39,892.46,356.53,751.42,0.5945,0.642,0.5551,52,Moderate,15016.64
117,0,250000.0,193509.68,56490.32,0.226,60990.94,57354.38,23943.72,11845.11,13346.99,18396.45,5795.64,1836.46,0.6382,0.625,0.6965,44,Moderate,189957.41
117,1,250000.0,201893.78,48106.22,0.1924,51527.79,77050.94,21117.96,28831.89,7220.48,16349.27,7758.4,10094.69,0.5094,0.5653,0.4819,38,Moderate,205432.06
117,2,250000.0,193263.28,56736.72,0.2269,48198.01,69776.21,25455.97,28859.99,13403.06,14511.6,8225.02,9663.16,0.5285,0.3777,0.3812,35,Moderate,183811.62
117,3,250000.0,199714.59,50285.41,0.2011,55580.41,53313.06,24302.62,35323.39,12159.69,17657.73,5402.1,9985.73,0.5402,0.4688,0.4056,36,Moderate,197368.45
117,4,250000.0,176593.96,73406.04,0.2936,48681.16,70006.48,25714.42,34368.46,5840.07,16442.26,12695.88,8829.7,0.5098,0.6007,0.4612,43,Moderate,169559.82
117,5,250000.0,170652.8,79347.2,0.3174,34529.32,63031.25,22939.23,14611.79,6688.48,18330.76,6167.83,4354.13,0.6719,0.5927,0.5611,49,Low,173770.35
117,6,252500.0,167491.47,85008.53,0.3367,53340.82,51184.07,14306.86,18577.77,14813.93,10696.52,9542.29,8374.57,0.7196,0.4628,0.5554,48,Low,173546.42
117,7,252500.0,196551.13,55948.87,0.2216,66831.06,73914.89,25378.57,10845.23,8739.01,9356.24,4608.13,9827.56,0.4681,0.5545,0.572,37,Moderate,188315.59
117,8,252500.0,180080.89,72419.11,0.2868,52218.37,65689.58,20453.53,28951.08,17687.15,20744.15,6907.66,9004.04,0.5505,0.4433,0.5693,40,Moderate,183974.87
117,9,252500.0,179863.22,72636.78,0.2877,61946.65,54975.0,22676.39,32040.18,9450.62,12425.42,11821.37,8993.16,0.6987,0.5268,0.7022,47,Moderate,182529.32
117,10,252500.0,172122.12,80377.88,0.3183,49112.97,68486.46,20190.09,28501.55,16548.41,16033.8,9862.45,8606.11,0.5343,0.4332,0.5078,41,Moderate,162708.19
117,11,252500.0,195469.69,57030.31,0.2259,66050.72,65886.68,16747.32,34305.42,13871.85,10870.69,10035.79,9773.48,0.5103,0.6708,0.5408,42,Moderate,193024.12
117,12,255000.0,185276.96,69723.04,0.2734,55907.7,46360.19,18949.53,33228.73,10725.84,9506.96,6801.48,3796.51,0.6959,0.3893,0.5197,42,Moderate,177194.07
117,13,255000.0,204988.01,50011.99,0.1961,49655.4,63092.05,26910.92,18309.01,16383.5,19530.12,10982.89,124.12,0.4624,0.5192,0.4365,35,Moderate,214723.92
117,14,255000.0,170287.12,84712.88,0.3322,58174.26,50296.29,23134.74,14333.31,13759.22,16970.34,6231.01,8514.36,0.5188,0.4832,0.4895,42,Moderate,181997.19
117,15,255000.0,168776.96,86223.04,0.3381,35085.21,63160.15,25256.63,11708.79,11084.98,15455.01,4922.44,2103.76,0.6487,0.4856,0.6114,46,Low,161136.1
117,16,255000.0,208117.92,46882.08,0.1839,57541.55,81042.69,29882.61,31895.46,10496.47,19232.73,4165.48,10405.9,0.457,0.3895,0.3409,31,Moderate,213016.51
117,17,255000.0,168804.9,86195.1,0.338,36422.31,55922.22,17346.72,12581.85,6069.05,8638.75,11245.9,20578.1,0.5202,0.5607,0.6305,44,Moderate,161659.14
117,18,257500.0,176609.72,80890.28,0.3141,50263.8,64482.98,21305.74,32368.19,16784.74,10614.79,5464.25,8830.49,0.4383,0.589,0.6023,42,Moderate,168532.05
117,19,257500.0,197564.45,59935.55,0.2328,39841.25,64670.61,28949.53,38910.51,17453.46,10217.94,14866.81,9878.22,0.6859,0.6453,0.7213,47,Moderate,186709.54
117,20,257500.0,208275.34,49224.66,0.1912,71476.56,55573.25,26341.56,27722.35,15627.45,22969.78,6814.49,10413.77,0.4288,0.5952,0.4849,36,Moderate,216010.54
117,21,257500.0,180106.84,77393.16,0.3006,49681.97,60991.8,20132.05,13192.75,14221.03,16817.75,9870.57,9005.34,0.574,0.6594,0.5735,47,Moderate,170954.06
117,22,257500.0,185378.64,72121.36,0.2801,55611.49,57167.77,19929.77,26716.14,7951.92,13797.13,11123.02,9268.93,0.5478,0.6074,0.6238,44,Moderate,191996.11
117,23,257500.0,188373.99,69126.01,0.2685,55799.95,68983.37,20108.94,29142.09,7621.83,13117.96,10982.81,9418.7,0.5801,0.4149,0.5905,39,Moderate,189470.44
118,0,65000.0,25339.46,39660.54,0.6102,7699.18,9218.78,2612.63,2405.45,2226.49,3015.8,1700.93,1266.97,0.7076,0.4171,0.5503,59,Low,25179.73
118,1,65000.0,25634.35,39365.65,0.6056,5566.28,9169.3,2603.47,1966.84,1194.98,2086.81,1844.28,1202.41,0.5688,0.582,0.4994,58,Moderate,24620.29
118,2,65000.0,23912.08,41087.92,0.6321,6520.51,7039.06,3469.81,4444.6,1996.95,1434.75,701.84,1195.6,0.423,0.448,0.3953,52,Moderate,22495.86
118,3,65000.0,23981.52,41018.48,0.6311,7382.2,7709.34,3328.54,3520.73,1808.7,1697.63,1662.72,1199.08,0.6535,0.4498,0.5702,59,Low,24651.62
118,4,65000.0,28589.29,36410.71,0.5602,9988.43,8463.04,4076.84,2982.12,2629.38,1887.76,2211.48,1429.46,0.4371,0.5724,0.4807,52,Moderate,29136.43
118,5,65000.0,30427.58,34572.42,0.5319,10328.91,7724.06,2917.8,5680.67,2493.92,3009.15,1334.45,1521.38,0.5025,0.5043,0.4449,51,Moderate,29940.07
118,6,65650.0,24290.68,41359.32,0.63,7554.7,7807.95,2776.75,3839.02,2154.7,993.49,1215.3,1214.53,0.6394,0.5938,0.5811,62,Low,25565.47
118,7,65650.0,29879.26,35770.74,0.5449,9579.9,7714.26,3042.54,4706.33,1683.99,2788.42,636.4,1493.96,0.5042,0.5193,0.606,52,Moderate,30989.59
118,8,65650.0,31527.6,34122.4,0.5198,6564.5,10092.15,4498.2,2880.92,1167.62,2425.91,1896.94,2001.37,0.4986,0.406,0.5399,48,Moderate,31072.94
118,9,65650.0,29873.63,35776.37,0.545,7491.69,8441.76,3715.22,4577.04,2701.53,1846.0,1507.8,1493.68,0.4121,0.3868,0.3086,46,Moderate,28654.9
118,10,65650.0,31164.26,34485.74,0.5253,9883.51,9064.3,4365.13,4757.18,2910.41,2525.49,2380.34,1558.21,0.5943,0.4234,0.588,52,Moderate,31253.64
118,11,65650.0,25273.17,40376.83,0.615,8076.48,8081.52,2786.81,1529.37,1522.21,1411.48,680.83,1184.48,0.5485,0.4024,0.5657,54,Moderate,24949.88
118,12,66300.0,29227.85,37072.15,0.5592,9791.54,11279.21,3736.23,4681.3,1814.81,1310.0,1542.87,1461.39,0.683,0.5445,0.6738,59,Low,28775.19
118,13,66300.0,31665.63,34634.37,0.5224,8390.08,9688.33,2779.75,3612.01,1013.59,1704.13,1032.18,3445.56,0.5108,0.4681,0.4418,50,Moderate,30722.4
118,14,66300.0,27869.15,38430.85,0.5797,9423.52,8900.77,3979.96,1799.05,1081.81,3207.22,1486.59,1393.46,0.4734,0.6239,0.5926,55,Moderate,26271.68
118,15,66300.0,29084.22,37215.78,0.5613,5939.43,8734.04,2644.42,4868.88,2793.97,2271.27,622.7,1209.51,0.6064,0.4249,0.5117,54,Low,27828.21
118,16,66300.0,33423.42,32876.58,0.4959,9840.23,12000.94,4269.24,5014.6,2318.5,3745.89,1655.26,1671.17,0.5471,0.4957,0.4559,51,Moderate,32087.9
118,17,66300.0,26967.1,39332.9,0.5933,5430.23,10214.56,2543.48,4352.25,2569.73,1883.49,997.82,1348.36,0.6417,0.5028,0.5031,58,Low,28805.33
118,18,66950.0,25151.61,41798.39,0.6243,6448.8,6713.28,3730.27,4883.8,2125.59,2189.95,800.92,1257.58,0.695,0.4807,0.5192,60,Low,24125.28
118,19,66950.0,26236.92,40713.08,0.6081,9092.1,8891.19,3250.85,2232.87,981.06,2303.66,2046.81,1311.85,0.5106,0.5211,0.4531,55,Moderate,27002.02
118,20,66950.0,30512.08,36437.92,0.5443,7636.33,10625.54,4498.08,4120.51,2595.94,1620.64,2337.01,1525.6,0.6967,0.4574,0.4957,56,Low,28877.99
118,21,66950.0,28274.71,38675.29,0.5777,9422.96,9613.9,2921.86,1590.31,945.75,2323.96,1982.51,1413.74,0.5755,0.3837,0.5185,52,Moderate,28827.3
118,22,66950.0,24770.59,42179.41,0.63,6437.76,8283.36,2032.09,2080.96,1221.52,2887.91,1775.71,51.28,0.4386,0.6477,0.4688,57,Moderate,26473.67
118,23,66950.0,32305.99,34644.01,0.5175,8895.39,12560.2,3949.4,4981.42,2863.66,3339.7,1478.98,1615.3,0.5287,0.5972,0.5531,54,Moderate,31953.75
119,0,25000.0,18756.71,6243.29,0.2497,5544.66,6742.01,2163.18,3234.21,917.99,2036.49,377.48,937.84,0.2416,0.5649,0.3918,32,Moderate,18835.55
119,1,25000.0,16469.43,8530.57,0.3412,3715.34,4933.45,2115.74,2454.79,563.38,1298.65,537.33,850.76,0.3903,0.3603,0.3962,36,Moderate,16910.31
119,2,25000.0,17462.6,7537.4,0.3015,4977.34,5752.91,1438.61,1719.23,580.92,1113.84,1296.32,583.43,0.5131,0.573,0.6137,43,Moderate,16912.52
119,3,25000.0,17534.58,7465.42,0.2986,3580.01,5291.56,1531.82,2681.01,596.23,1141.15,1344.91,1367.88,0.2473,0.6056,0.4517,35,Moderate,16932.73
119,4,25000.0,15991.13,9008.87,0.3604,3788.56,4885.81,1514.8,2639.96,869.09,1320.8,902.37,69.74,0.446,0.6241,0.5715,45,Moderate,15292.44
119,5,25000.0,16212.49,8787.51,0.3515,4622.45,4707.08,1882.69,2892.59,938.76,1306.34,610.71,810.62,0.3827,0.4512,0.482,38,Moderate,16093.95
119,6,25250.0,17332.09,7917.91,0.3136,4046.06,5940.81,2055.65,2343.18,1307.01,809.43,789.56,40.4,0.4142,0.4959,0.4059,38,Moderate,18479.95
119,7,25250.0,16056.32,9193.68,0.3641,3523.23,5255.15,1373.96,2791.68,1420.02,667.48,437.03,587.78,0.5041,0.6158,0.4884,46,Moderate,16202.49
119,8,25250.0,18497.19,6752.81,0.2674,6181.84,4934.47,1841.11,3494.78,1820.64,1049.71,406.23,924.86,0.465,0.6239,0.4734,41,Moderate,19662.45
119,9,25250.0,18437.19,6812.81,0.2698,6019.07,5370.64,2537.72,3316.31,741.69,1390.64,1155.51,921.86,0.4514,0.353,0.3732,34,Moderate,18415.3
119,10,25250.0,17646.62,7603.38,0.3011,4255.37,6868.88,1421.64,3436.42,704.02,1457.25,489.0,882.33,0.4039,0.6123,0.4331,40,Moderate,16975.71
119,11,25250.0,16186.88,9063.12,0.3589,4470.84,6249.67,1438.12,3201.28,1016.02,1542.75,783.93,809.34,0.2256,0.5176,0.3248,35,Moderate,15838.96
119,12,25500.0,19854.26,5645.74,0.2214,4573.57,6025.98,2734.81,1245.83,836.44,1533.37,495.73,2408.53,0.3411,0.5527,0.4892,34,Moderate,20926.37
119,13,25500.0,16094.15,9405.85,0.3689,5441.49,5890.37,2128.61,1935.34,1512.53,839.0,388.31,804.71,0.4243,0.3401,0.3487,37,Moderate,15387.33
119,14,25500.0,19418.97,6081.03,0.2385,4696.25,7267.27,1672.1,3527.19,1120.86,1627.41,1117.35,970.95,0.4465,0.5646,0.5232,38,Moderate,20374.78
119,15,25500.0,19559.09,5940.91,0.233,6046.87,7387.34,2903.0,2440.73,1233.6,1198.34,1129.16,977.95,0.2738,0.4778,0.4077,30,Moderate,20415.88
119,16,25500.0,19721.65,5778.35,0.2266,6465.94,5168.2,2016.79,3227.96,857.61,1448.03,1198.43,986.08,0.3003,0.5391,0.4964,32,Moderate,19786.77
119,17,25500.0,18372.04,7127.96,0.2795,4799.36,5288.93,1602.66,3293.74,738.65,1816.67,566.14,265.89,0.5174,0.5786,0.469,42,Moderate,17632.81
119,18,25750.0,17154.03,8595.97,0.3338,4711.85,6522.2,2147.09,2090.4,1189.41,2055.46,1214.28,857.7,0.3871,0.4615,0.3689,38,Moderate,18295.4
119,19,25750.0,19050.41,6699.59,0.2602,5917.41,4829.07,2808.62,3599.76,1012.18,1873.24,801.16,952.52,0.3453,0.6329,0.4814,37,Moderate,20360.68
119,20,25750.0,17154.19,8595.81,0.3338,3821.54,6697.37,1649.65,1211.58,1171.68,768.18,793.61,1040.6,0.3298,0.5204,0.3491,37,Moderate,17246.12
119,21,25750.0,16942.31,8807.69,0.342,3973.15,4940.4,1568.41,1150.28,1577.27,888.98,905.14,1938.68,0.5157,0.6341,0.5247,46,Moderate,17958.27
119,22,25750.0,16886.52,8863.48,0.3442,4207.67,6551.38,2101.42,3343.96,567.71,1454.67,1055.08,844.33,0.3658,0.5117,0.5191,39,Moderate,16406.7
119,23,25750.0,17305.05,8444.95,0.328,4776.61,5900.16,1750.52,1484.87,1411.62,752.68,1262.98,865.25,0.4508,0.4204,0.407,38,Moderate,16490.76
120,0,65000.0,44618.19,20381.81,0.3136,11246.61,13049.72,5138.9,3983.62,4005.71,2925.78,1890.94,2376.91,0.6528,0.6285,0.6805,49,Low,45908.79
120,1,65000.0,45724.28,19275.72,0.2965,12174.68,14289.83,4177.55,5253.84,2797.0,5284.0,965.91,781.47,0.7728,0.4888,0.5786,48,Moderate,45966.04
120,2,65000.0,43285.85,21714.15,0.3341,13845.71,16094.67,3665.58,7787.85,3964.35,2730.55,2454.06,2164.29,0.7366,0.5485,0.63,50,Low,42832.06
120,3,65000.0,41853.1,23146.9,0.3561,14066.76,16166.83,5002.21,5037.62,3010.85,1687.77,1945.28,2092.66,0.639,0.7392,0.6735,53,Low,39367.06
120,4,65000.0,47863.39,17136.61,0.2636,15623.42,17494.04,6152.75,7286.76,1882.76,5449.99,3066.56,2393.17,0.5212,0.5701,0.5291,41,Moderate,50165.25
120,5,65000.0,40883.46,24116.54,0.371,13579.22,12246.96,3281.52,3686.44,1300.91,3995.29,2199.73,593.4,0.7572,0.6936,0.7225,56,Low,38769.29
120,6,65650.0,47273.99,18376.01,0.2799,15751.56,14643.27,5643.66,4617.34,4714.29,4194.73,2944.0,2363.7,0.715,0.6686,0.7569,50,Moderate,44579.83
120,7,65650.0,43257.22,22392.78,0.3411,8836.2,14641.11,4412.25,7308.3,1610.67,3424.26,1368.88,1655.57,0.5695,0.6646,0.6869,49,Moderate,41876.32
120,8,65650.0,48420.9,17229.1,0.2624,11806.42,18077.32,4534.12,5382.25,4689.15,2650.91,2335.4,2421.04,0.7014,0.6266,0.6551,48,Moderate,46863.38
120,9,65650.0,45950.25,19699.75,0.3001,14749.41,15922.79,5261.66,8374.34,2398.03,3408.21,3129.51,2297.51,0.5419,0.6932,0.5617,47,Moderate,48064.35
120,10,65650.0,42728.54,22921.46,0.3491,14475.62,15038.41,6173.6,7159.19,3052.97,4218.32,1207.06,2136.43,0.6253,0.6488,0.6182,50,Low,41853.49
120,11,65650.0,46933.27,18716.73,0.2851,16100.48,12571.38,5481.95,7352.52,4251.43,3127.35,2506.55,2346.66,0.5511,0.5891,0.623,44,Moderate,45160.77
120,12,66300.0,43000.17,23299.83,0.3514,12372.29,14961.44,4382.48,6109.69,4083.87,2840.71,1404.73,2150.01,0.745,0.5163,0.7177,51,Low,43018.6
120,13,66300.0,46497.87,19802.13,0.2987,13225.39,12007.47,5689.47,4671.21,1783.15,2105.71,1642.04,5373.43,0.7566,0.6438,0.7349,52,Moderate,49117.04
120,14,66300.0,50849.99,15450.01,0.233,16380.72,13991.51,6100.68,2674.66,4696.31,5229.42,2388.79,2542.5,0.5446,0.6167,0.6273,42,Moderate,49123.61
120,15,66300.0,48151.37,18148.63,0.2737,12704.56,16290.77,6436.96,7359.47,3869.58,3886.98,2839.52,2407.57,0.5788,0.489,0.5091,41,Moderate,46516.18
120,16,66300.0,45506.88,20793.12,0.3136,10611.43,12119.41,6811.16,7405.13,3358.89,4829.9,2609.06,2275.34,0.6627,0.4522,0.5734,45,Low,45708.0
120,17,66300.0,48664.3,17635.7,0.266,12794.57,14427.36,4088.51,3551.99,2841.13,2920.07,1251.97,6788.68,0.6697,0.4796,0.5877,44,Moderate,50762.37
120,18,66950.0,49632.04,17317.96,0.2587,13820.02,12745.13,4907.03,9392.04,3335.89,2543.2,2000.47,888.27,0.7985,0.5227,0.5787,48,Moderate,49141.08
120,19,66950.0,50769.58,16180.42,0.2417,15928.65,14958.05,7046.22,3671.62,4348.07,3866.44,3897.62,2538.48,0.6472,0.5065,0.5849,42,Moderate,48599.2
120,20,66950.0,44363.28,22586.72,0.3374,12193.36,16516.68,5203.16,5182.32,2122.52,2807.02,1104.63,2218.16,0.7126,0.5379,0.7177,50,Low,44049.17
120,21,66950.0,50228.92,16721.08,0.2498,13656.7,19445.71,6275.84,6255.21,2409.06,2777.69,3989.52,2511.45,0.528,0.6615,0.6851,43,Moderate,52060.47
120,22,66950.0,49122.93,17827.07,0.2663,15655.08,14246.64,4678.52,4932.02,2946.18,1972.57,3591.34,1100.58,0.6284,0.46,0.452,42,Moderate,48329.66
120,23,66950.0,47333.71,19616.29,0.293,10700.21,13338.5,5235.55,5324.44,3960.11,4136.81,1493.41,3144.67,0.7565,0.6841,0.673,52,Moderate,46325.46
121,0,45000.0,27305.15,17694.85,0.3932,8338.05,8303.99,3846.44,1688.72,2349.94,2460.22,2089.09,1365.26,0.4718,0.9072,0.7625,54,Moderate,27525.91
121,1,45000.0,29596.14,15403.86,0.3423,6533.92,8582.99,4024.75,4730.03,2563.86,3370.48,1639.0,1479.81,0.6505,0.7912,0.7631,54,Low,28144.45
121,2,45000.0,28563.74,16436.26,0.3653,6587.05,7284.55,2679.3,2882.72,2242.78,1794.58,578.57,4514.18,0.4612,0.8949,0.6748,52,Moderate,29292.7
121,3,45000.0,32113.16,12886.84,0.2864,7611.89,11632.09,4510.01,3629.7,1629.29,3495.95,717.33,1605.66,0.6847,0.6857,0.6864,50,Moderate,31478.86
121,4,45000.0,28900.88,16099.12,0.3578,6755.12,10221.44,3688.99,5087.47,960.64,2534.57,1411.8,1445.04,0.548,0.8663,0.7231,54,Moderate,27358.34
121,5,45000.0,32828.82,12171.18,0.2705,9810.67,10711.0,3846.72,2427.32,2579.62,3214.53,1268.42,1641.44,0.4433,0.6339,0.5392,41,Moderate,30992.39
121,6,45450.0,32932.05,12517.95,0.2754,6948.61,8629.44,2921.97,2243.64,2162.16,1693.99,2506.05,5826.2,0.5311,0.7295,0.7054,46,Moderate,35084.35
121,7,45450.0,27279.56,18170.44,0.3998,5970.24,10206.89,3659.37,3591.8,2407.95,1137.55,1796.11,1363.98,0.4421,0.6718,0.5321,48,Moderate,27770.73
121,8,45450.0,29898.57,15551.43,0.3422,9079.33,9599.36,3691.35,1631.98,1322.76,2183.13,650.2,1740.48,0.5885,0.9161,0.8375,55,Moderate,29887.6
121,9,45450.0,33341.45,12108.55,0.2664,6969.25,9211.37,3572.58,3409.03,2881.11,1802.18,676.42,4819.5,0.5408,0.7461,0.5968,46,Moderate,32518.39
121,10,45450.0,26818.6,18631.4,0.4099,8297.92,6930.43,3133.31,1939.5,1212.84,2149.36,1765.78,1389.46,0.5591,0.7136,0.6645,53,Moderate,25883.41
121,11,45450.0,30010.87,15439.13,0.3397,8847.13,10408.62,3566.54,4622.19,2770.5,2888.12,1164.21,1500.54,0.547,0.6659,0.5272,48,Moderate,29150.03
121,12,45900.0,32757.85,13142.15,0.2863,9918.86,9460.94,4242.6,3629.02,2904.28,2721.5,1732.0,1637.89,0.6973,0.8146,0.7517,54,Moderate,31020.0
121,13,45900.0,31188.5,14711.5,0.3205,10106.71,9342.06,4601.05,5532.14,2216.21,2856.63,1068.12,1559.43,0.4905,0.6495,0.6636,45,Moderate,29576.45
121,14,45900.0,28010.36,17889.64,0.3898,9747.63,9643.56,3913.49,5447.45,1935.09,2835.37,2046.75,1400.52,0.67,0.7049,0.7164,55,Low,26630.11
121,15,45900.0,32265.3,13634.7,0.2971,7788.89,12287.59,2757.87,2084.92,1240.95,3112.89,1775.45,1216.73,0.529,0.7946,0.6594,49,Moderate,31645.08
121,16,45900.0,32578.77,13321.23,0.2902,7043.43,8805.26,3262.59,3549.71,2475.64,3784.55,1737.77,1919.82,0.5891,0.8589,0.7311,52,Moderate,32530.29
121,17,45900.0,30125.04,15774.96,0.3437,9613.44,9756.86,2456.17,4043.82,1404.92,1606.25,2405.54,1506.25,0.5678,0.7894,0.7034,52,Moderate,29023.25
121,18,46350.0,28287.17,18062.83,0.3897,9312.42,8558.32,2560.38,2556.63,2483.02,1821.05,772.99,222.37,0.4498,0.8188,0.7277,51,Moderate,29201.12
121,19,46350.0,32513.14,13836.86,0.2985,8117.57,12988.99,3600.54,4551.68,2147.25,1411.51,1247.65,1625.66,0.6977,0.7981,0.6729,54,Moderate,33073.58
121,20,46350.0,28442.29,17907.71,0.3864,5742.49,9156.53,4071.8,4965.22,2004.49,3327.08,1343.4,1422.11,0.5426,0.7775,0.5862,53,Moderate,29814.29
121,21,46350.0,28795.85,17554.15,0.3787,6959.47,9245.87,3755.86,5715.65,1683.59,2225.71,2227.16,1439.79,0.5419,0.8784,0.716,55,Moderate,29602.86
121,22,46350.0,32301.87,14048.13,0.3031,9913.02,12642.38,3979.69,5438.52,1390.21,3181.74,1780.08,1615.09,0.4417,0.7129,0.6179,44,Moderate,33508.21
121,23,46350.0,26686.48,19663.52,0.4242,6748.05,10335.71,2934.28,1794.92,2353.3,2472.98,870.18,1334.32,0.6399,0.7883,0.7789,57,Low,26932.92
122,0,65000.0,39794.42,25205.58,0.3878,13480.97,12884.81,3755.19,5178.44,1710.74,1742.77,1457.59,1989.72,0.4847,0.4575,0.5417,43,Moderate,37462.03
122,1,65000.0,39499.32,25500.68,0.3923,9075.95,11998.51,3580.3,4087.97,2825.34,2047.07,2816.53,3067.63,0.5739,0.3472,0.5082,43,Moderate,38176.18
122,2,65000.0,36796.36,28203.64,0.4339,11024.3,12161.1,3589.79,3696.99,2498.07,2093.68,2846.56,1839.82,0.473,0.5175,0.5854,46,Moderate,38237.2
122,3,65000.0,40465.99,24534.01,0.3774,12673.52,13905.65,3768.81,2074.17,3722.89,3115.37,2936.41,2023.3,0.4679,0.4635,0.5178,42,Moderate,41903.52
122,4,65000.0,42082.27,22917.73,0.3526,10676.16,15546.6,5442.19,8400.67,1694.07,4719.02,2178.58,2104.11,0.6444,0.4354,0.5096,46,Low,44074.35
122,5,65000.0,40458.3,24541.7,0.3776,13671.82,10961.41,4162.47,4477.42,2862.52,3411.51,2053.61,2022.91,0.5564,0.4465,0.563,44,Moderate,39042.31
122,6,65650.0,32349.86,33300.14,0.5072,9371.83,10210.0,2782.63,2441.52,2548.41,2713.34,1976.77,305.35,0.7556,0.3303,0.4634,53,Low,34213.01
122,7,65650.0,35549.58,30100.42,0.4585,10298.67,13423.31,3705.91,3253.6,1485.12,3771.63,1830.59,1777.48,0.7452,0.569,0.6306,57,Low,35106.2
122,8,65650.0,43372.29,22277.71,0.3393,9194.82,17169.38,4588.66,6037.93,2705.0,3707.02,2724.91,2168.61,0.4987,0.4071,0.3777,40,Moderate,41811.66
122,9,65650.0,33242.48,32407.52,0.4936,7376.46,9115.68,4267.48,2481.18,2427.76,2761.69,2148.43,2663.81,0.74,0.5088,0.6822,57,Low,32872.23
122,10,65650.0,36631.93,29018.07,0.442,11126.67,11396.42,2948.6,3750.98,2078.59,3286.06,1157.12,887.51,0.5002,0.3886,0.409,44,Moderate,37907.32
122,11,65650.0,43050.18,22599.82,0.3442,13465.19,15004.8,5651.69,4340.75,4212.21,3387.62,3351.31,2152.51,0.5786,0.5724,0.4884,47,Moderate,43793.24
122,12,66300.0,34504.37,31795.63,0.4796,11500.06,12007.72,3669.3,4229.26,1461.93,2517.71,1860.54,1725.22,0.6403,0.3355,0.3978,49,Low,34759.56
122,13,66300.0,44716.27,21583.73,0.3255,13673.06,13979.46,5026.05,8447.69,2825.12,3768.66,1470.99,2235.81,0.474,0.3035,0.4697,36,Moderate,44772.14
122,14,66300.0,41610.18,24689.82,0.3724,13297.75,14353.37,4733.89,6234.57,1505.43,4575.5,3100.52,2080.51,0.6129,0.3479,0.5749,43,Low,39902.14
122,15,66300.0,39774.83,26525.17,0.4001,12621.65,11408.79,4226.18,3055.22,3332.44,2102.44,2083.59,944.52,0.6415,0.3116,0.4743,45,Low,39456.47
122,16,66300.0,35818.65,30481.35,0.4597,8776.47,14252.72,3878.93,3319.46,1754.28,3285.09,2045.7,1790.93,0.477,0.3143,0.3178,42,Moderate,35571.49
122,17,66300.0,35803.07,30496.93,0.46,8217.77,9388.96,5310.52,3188.98,2425.8,2295.57,1800.27,3175.2,0.6219,0.331,0.4855,47,Low,37010.28
122,18,66950.0,36627.41,30322.59,0.4529,12750.03,11709.54,5427.59,5555.58,3590.01,2997.07,2478.54,1831.37,0.4996,0.3268,0.3158,43,Moderate,34835.69
122,19,66950.0,38160.63,28789.37,0.43,11849.36,14027.82,4721.29,4702.03,2517.37,2165.25,1414.78,1908.03,0.7599,0.4251,0.5904,52,Low,38926.03
122,20,66950.0,35210.85,31739.15,0.4741,8981.02,14063.06,4611.56,3429.36,2826.94,3824.29,1482.43,1760.54,0.6246,0.3986,0.4704,50,Low,34887.31
122,21,66950.0,34943.81,32006.19,0.4781,9702.44,11777.71,3133.61,2310.43,3259.94,3031.46,2516.61,1747.19,0.7205,0.5801,0.7011,57,Low,36044.47
122,22,66950.0,43251.44,23698.56,0.354,9317.44,16092.3,4012.35,3072.08,2886.59,1849.8,1528.19,4492.69,0.71,0.2913,0.5091,44,Low,41138.28
122,23,66950.0,33306.42,33643.58,0.5025,8614.9,8759.16,2868.17,2454.45,1850.65,3568.08,2085.74,3105.27,0.7342,0.4684,0.6013,56,Low,33687.7
123,0,85000.0,40790.02,44209.98,0.5201,8571.88,14711.0,5010.88,7544.5,1491.93,1989.64,1092.14,378.04,0.953,0.7565,0.8486,70,Low,41179.77
123,1,85000.0,39173.44,45826.56,0.5391,12048.6,10153.46,4908.44,4904.96,2524.35,2443.49,1645.96,544.18,0.8789,1.0,0.9977,75,Low,39929.77
123,2,85000.0,37896.32,47103.68,0.5542,13130.24,13718.9,5262.6,5211.93,3485.52,3553.24,2002.98,1894.82,0.938,0.8674,0.9445,74,Low,38205.07
123,3,85000.0,36762.96,48237.04,0.5675,11718.29,14230.03,4552.86,4217.39,1712.17,1600.87,2824.89,1838.15,0.725,0.9804,0.8162,71,Low,38534.35
123,4,85000.0,36575.18,48424.82,0.5697,12371.35,13770.48,3111.13,6602.05,2936.75,1980.13,2864.08,1828.76,0.733,0.9302,0.8491,70,Low,38298.61
123,5,85000.0,35658.79,49341.21,0.5805,7896.1,12733.4,3215.43,3177.47,1296.05,1603.11,1297.37,4439.84,0.8191,0.9447,0.9578,74,Low,34127.14
123,6,85850.0,32538.59,53311.41,0.621,10154.63,9825.64,3107.97,4461.47,2167.55,1408.87,2162.27,1626.93,0.8685,0.7796,0.8533,73,Low,32058.45
123,7,85850.0,35370.9,50479.1,0.588,8157.56,9759.52,4956.71,6022.4,1526.86,3297.9,1767.66,1768.55,0.8586,1.0,0.958,77,Low,34670.4
123,8,85850.0,31957.79,53892.21,0.6277,9735.67,9478.33,4264.28,4287.35,1076.76,2721.45,1157.88,1597.89,0.9383,0.7967,0.8885,76,Low,31732.43
123,9,85850.0,41616.03,44233.97,0.5152,11021.38,15164.17,6237.29,6525.32,3398.99,3681.12,2667.15,2080.8,0.7313,0.8903,0.7263,67,Low,39997.91
123,10,85850.0,37370.64,48479.36,0.5647,9589.61,11815.12,4082.38,5263.0,2307.4,2445.82,2250.07,1868.53,0.7521,0.882,0.8214,70,Low,39087.98
123,11,85850.0,41694.32,44155.68,0.5143,8771.74,11848.22,3447.41,2336.36,3418.86,3508.58,2303.3,6059.84,0.7435,0.7616,0.6742,64,Low,42440.54
123,12,86700.0,36612.04,50087.96,0.5777,8532.3,13307.78,4570.06,7095.82,1741.69,3406.62,881.11,1830.6,0.7045,1.0,0.803,72,Low,36020.64
123,13,86700.0,36628.54,50071.46,0.5775,9437.08,10239.61,2971.86,2903.89,2403.07,2450.68,1421.81,4800.54,0.7869,0.81,0.7707,69,Low,36425.45
123,14,86700.0,32481.33,54218.67,0.6254,7335.72,11076.37,4071.96,5098.76,985.74,3243.89,789.54,1624.07,0.9209,1.0,0.8749,80,Low,32554.44
123,15,86700.0,44177.68,42522.32,0.4905,14585.37,16617.14,4626.32,3214.25,3046.19,4148.37,1408.48,2208.88,0.9585,0.8438,0.8236,71,Low,44706.75
123,16,86700.0,45974.78,40725.22,0.4697,11636.06,12738.98,5185.18,5336.67,4504.27,4288.75,2445.08,2298.74,0.8041,0.8569,0.8538,66,Low,49083.24
123,17,86700.0,43241.27,43458.73,0.5013,11585.41,12131.81,5597.11,3124.54,2253.87,3223.83,2230.85,3093.84,0.7212,0.9436,0.9061,67,Low,43185.7
123,18,87550.0,42675.75,44874.25,0.5126,13504.72,12951.01,6289.17,2543.64,1487.36,4939.93,2240.41,2133.79,0.9297,0.7703,0.8129,70,Low,44118.1
123,19,87550.0,45071.98,42478.02,0.4852,11307.05,12535.42,4571.9,2927.94,1776.34,4026.29,2313.38,5613.66,0.8027,0.8177,0.8705,66,Low,45873.92
123,20,87550.0,34230.42,53319.58,0.609,8160.71,11180.55,3209.48,3216.56,2796.27,1759.39,2082.88,1824.55,0.8274,0.818,0.8899,72,Low,36213.0
123,21,87550.0,36708.11,50841.89,0.5807,8206.71,11039.75,4655.88,6978.96,3160.71,2846.47,1069.8,1835.41,0.707,1.0,0.944,72,Low,38346.52
123,22,87550.0,36706.41,50843.59,0.5807,8760.43,9508.33,3808.07,2924.67,3236.96,4023.54,2127.38,2317.03,0.7562,0.9161,0.9349,71,Low,37075.35
123,23,87550.0,40942.25,46607.75,0.5324,8467.38,13111.07,3790.62,4068.21,1668.0,3518.63,2902.98,3415.37,0.6875,0.8533,0.8297,65,Low,40116.24
124,0,45000.0,21545.99,23454.01,0.5212,6669.36,8262.92,2250.75,4008.9,899.04,2362.22,667.44,1077.3,0.7037,0.8019,0.6922,64,Low,22448.26
124,1,45000.0,18159.77,26840.23,0.5964,3925.87,7119.08,2482.83,1376.08,1356.81,1236.46,784.42,907.99,0.566,0.7979,0.5988,63,Moderate,18454.03
124,2,45000.0,16077.49,28922.51,0.6427,3369.7,5601.03,2159.37,3142.72,1029.6,1724.11,617.81,803.87,0.5057,0.7197,0.5381,62,Moderate,15493.28
124,3,45000.0,15837.05,29162.95,0.6481,4792.0,6272.71,2192.6,2426.98,1044.23,840.96,1132.61,791.85,0.7326,0.7097,0.7991,68,Low,16856.86
124,4,45000.0,15789.07,29210.93,0.6491,4699.01,4135.82,2316.45,2679.38,984.78,1774.72,747.72,789.45,0.7904,0.8272,0.8856,73,Low,14930.61
124,5,45000.0,18375.89,26624.11,0.5916,5481.63,5741.15,2459.31,1510.89,1598.1,1998.49,397.21,918.79,0.5597,0.7775,0.6364,62,Moderate,17736.45
124,6,45450.0,20564.11,24885.89,0.5475,5464.78,7791.67,1841.79,3339.68,1882.9,2086.36,466.72,1028.21,0.6662,0.7515,0.7299,63,Low,20739.57
124,7,45450.0,16383.69,29066.31,0.6395,5717.74,6435.04,1457.69,2235.85,901.41,1957.17,429.88,819.18,0.4978,0.6365,0.4943,59,Moderate,15634.43
124,8,45450.0,16843.91,28606.09,0.6294,3580.0,6681.59,1674.95,2154.76,693.08,807.16,1131.86,120.52,0.6651,0.7804,0.6852,67,Low,16656.78
124,9,45450.0,17665.67,27784.33,0.6113,4394.84,4983.26,1928.99,2814.91,1574.27,1644.03,454.88,883.28,0.6554,0.6838,0.5798,64,Low,18510.84
124,10,45450.0,18045.82,27404.18,0.603,5879.94,5769.27,1537.67,3259.96,1627.45,1704.19,623.52,902.29,0.574,0.6991,0.6963,61,Moderate,17428.73
124,11,45450.0,17927.46,27522.54,0.6056,4655.39,4966.84,2500.83,1468.91,1022.25,1248.79,1363.32,701.12,0.7172,0.6118,0.7538,64,Low,17202.77
124,12,45900.0,18345.88,27554.12,0.6003,5356.64,5572.98,2308.64,3088.59,1347.17,758.56,379.24,917.29,0.5894,0.7614,0.5922,63,Moderate,19156.67
124,13,45900.0,19157.52,26742.48,0.5826,5653.93,5309.16,2173.43,1589.44,1185.58,1702.06,1290.07,253.86,0.6214,0.7036,0.628,62,Low,19946.51
124,14,45900.0,16021.16,29878.84,0.651,4894.92,6137.82,2258.82,2533.49,935.84,1246.44,937.5,801.06,0.7732,0.8329,0.8574,73,Low,15760.63
124,15,45900.0,20393.29,25506.71,0.5557,6082.09,6215.9,2052.89,1968.2,929.35,2121.77,1261.35,1019.66,0.6142,0.6652,0.7168,60,Low,19580.42
124,16,45900.0,16408.55,29491.45,0.6425,4742.58,6515.04,1975.53,2469.14,1398.47,761.32,1031.48,820.43,0.7673,0.6389,0.6236,67,Low,16981.63
124,17,45900.0,17678.93,28221.07,0.6148,5863.84,4675.54,2533.05,2181.42,1277.83,1105.93,926.04,883.95,0.7545,0.8546,0.8981,71,Low,18339.3
124,18,46350.0,20807.47,25542.53,0.5511,4784.53,6080.32,2410.87,1293.86,876.47,2427.03,1152.14,1782.26,0.503,0.7122,0.6833,57,Moderate,20544.62
124,19,46350.0,22873.3,23476.7,0.5065,4672.68,8752.52,3283.05,4231.54,846.41,1089.35,1553.31,1143.67,0.5796,0.8487,0.6263,61,Moderate,21902.19
124,20,46350.0,17154.15,29195.85,0.6299,3582.84,5760.58,1645.87,2329.67,1212.02,1490.91,989.55,142.71,0.5701,0.8424,0.6869,66,Moderate,16467.85
124,21,46350.0,16967.42,29382.58,0.6339,4937.64,6219.44,1634.28,2190.39,1501.72,1856.13,1245.0,848.37,0.6399,0.6547,0.7295,64,Low,17638.76
124,22,46350.0,17329.56,29020.44,0.6261,3568.1,4480.19,1772.81,1715.64,768.24,997.34,475.73,3551.51,0.616,0.7864,0.7715,66,Low,16822.66
124,23,46350.0,20185.83,26164.17,0.5645,6260.41,7167.22,1709.99,3633.86,871.55,888.31,1367.74,1009.29,0.4933,0.7458,0.5808,58,Moderate,19787.81
125,0,45000.0,27370.83,17629.17,0.3918,5991.15,10649.76,4037.53,2761.4,2181.54,1719.28,1449.3,1368.54,0.5234,0.8342,0.6115,54,Moderate,27185.3
125,1,45000.0,29943.77,15056.23,0.3346,7608.79,10150.21,3891.75,2458.68,1306.74,3236.96,1101.54,189.09,0.6951,0.874,0.8379,57,Low,29101.37
125,2,45000.0,27926.34,17073.66,0.3794,7594.95,8736.66,3477.06,2044.61,1235.38,1461.53,1536.94,1839.22,0.6862,0.7791,0.6818,57,Low,28420.56
125,3,45000.0,25336.02,19663.98,0.437,6677.0,9353.59,2299.46,4920.9,1566.78,1031.8,1665.33,1266.8,0.6088,0.7191,0.612,55,Low,25376.49
125,4,45000.0,28865.99,16134.01,0.3585,6639.97,10558.52,4201.44,2527.78,1083.0,3016.41,1110.0,1443.3,0.6213,0.7407,0.7703,53,Low,27298.32
125,5,45000.0,27251.73,17748.27,0.3944,7673.96,10629.33,3490.97,1819.12,1615.54,1406.25,1615.48,1362.59,0.7454,0.7681,0.6893,59,Low,28249.64
125,6,45450.0,27300.29,18149.71,0.3993,5757.75,8710.06,3733.49,3374.8,2689.04,3163.09,763.12,1365.01,0.6407,0.9342,0.8859,60,Low,26079.7
125,7,45450.0,28373.12,17076.88,0.3757,7730.68,8986.04,2403.32,3095.42,2601.27,2217.58,1699.82,1418.66,0.7049,0.6624,0.6515,54,Low,29838.84
125,8,45450.0,27832.99,17617.01,0.3876,8338.41,10220.71,3421.65,1570.02,2285.82,3021.48,1585.32,1391.65,0.6312,0.8865,0.8354,58,Low,28782.91
125,9,45450.0,26988.72,18461.28,0.4062,9148.3,8977.76,2440.48,3109.26,1359.74,1797.57,1823.2,1349.44,0.6003,0.7369,0.6257,54,Low,28680.3
125,10,45450.0,25758.75,19691.25,0.4333,8786.61,7624.49,2242.49,2400.35,1433.6,1592.31,1836.45,1287.94,0.7354,0.8038,0.861,61,Low,27101.9
125,11,45450.0,30234.9,15215.1,0.3348,7715.74,8541.2,3630.18,5623.21,1228.09,3555.65,1403.33,1511.75,0.7373,0.7817,0.7281,56,Low,30749.06
125,12,45900.0,26439.38,19460.62,0.424,7693.54,10460.52,2928.19,2173.03,799.47,1750.58,966.26,1321.97,0.6033,0.7621,0.6591,56,Low,28174.6
125,13,45900.0,32706.08,13193.92,0.2874,9402.16,10517.37,4871.56,5505.27,2089.94,1340.48,1746.8,1635.3,0.5611,0.7592,0.7113,48,Moderate,34534.88
125,14,45900.0,28053.91,17846.09,0.3888,7916.72,7868.37,3732.21,4227.11,2260.04,1729.21,1540.31,1402.7,0.718,0.9151,0.9132,61,Low,27935.3
125,15,45900.0,31488.27,14411.73,0.314,9816.81,11816.67,4484.84,6271.68,1611.08,1333.73,2059.71,1574.41,0.6406,0.8585,0.7371,54,Low,32534.63
125,16,45900.0,31356.89,14543.11,0.3168,9924.24,9818.51,4076.54,5259.0,1968.62,2483.01,1680.53,1567.84,0.596,0.9323,0.8014,55,Moderate,31713.82
125,17,45900.0,28329.47,17570.53,0.3828,7601.65,8858.39,3172.96,2155.84,2097.61,1186.88,952.48,2303.65,0.6673,0.6973,0.7486,54,Low,29782.34
125,18,46350.0,26389.66,19960.34,0.4306,9043.37,9749.55,3706.32,2571.56,935.21,2660.23,742.23,1319.48,0.5286,0.7065,0.5266,52,Moderate,27952.65
125,19,46350.0,25196.12,21153.88,0.4564,5159.11,8067.35,3563.03,2405.89,1040.21,1310.82,962.73,2686.98,0.7494,0.7282,0.836,61,Low,23859.06
125,20,46350.0,30501.72,15848.28,0.3419,6190.57,10579.62,2572.08,2177.36,1345.81,1362.64,1339.27,4934.36,0.615,0.8117,0.8023,54,Low,30925.13
125,21,46350.0,30232.51,16117.49,0.3477,7545.26,9084.44,3228.23,5255.77,1213.79,1212.64,2155.15,537.23,0.5468,0.7865,0.6452,51,Moderate,30510.99
125,22,46350.0,29337.52,17012.48,0.367,8960.22,11578.72,4037.1,5009.66,2831.14,1183.16,660.93,1466.88,0.7747,0.77,0.7465,59,Low,30868.54
125,23,46350.0,28003.93,18346.07,0.3958,8822.0,7184.45,2411.17,2965.94,1393.4,3152.32,1412.4,662.24,0.5791,0.7729,0.7224,54,Moderate,29574.03
126,0,120000.0,92987.23,27012.77,0.2251,31876.87,25530.69,12689.89,11721.21,3585.78,4260.64,2451.14,871.0,0.8014,0.7558,0.8088,53,Moderate,93625.98
126,1,120000.0,99149.21,20850.79,0.1738,34483.19,37734.17,9525.26,12956.67,3588.66,6938.84,5339.72,4957.46,0.6731,0.9688,0.8016,52,Moderate,96614.76
126,2,120000.0,84953.7,35046.3,0.2921,24680.95,21809.06,7949.08,6645.76,7804.5,5972.26,2458.21,7633.88,0.6106,0.856,0.7283,52,Moderate,88489.91
126,3,120000.0,95146.83,24853.17,0.2071,30234.21,31894.31,7777.68,13845.68,4914.06,5002.75,2210.8,4757.34,0.705,0.9583,0.744,54,Moderate,100605.2
126,4,120000.0,89468.95,30531.05,0.2544,18347.53,27547.81,12339.68,6405.91,5546.6,6428.45,6038.13,6814.84,0.6109,0.7654,0.687,48,Moderate,91525.37
126,5,120000.0,85460.26,34539.74,0.2878,25198.43,29204.2,11128.24,14984.04,5811.19,8499.86,3692.76,4273.01,0.6467,0.9553,0.7258,56,Moderate,89518.42
126,6,121200.0,94280.06,26919.94,0.2221,26825.67,30551.01,9416.88,6205.34,5256.55,6233.31,3301.68,6489.63,0.5728,0.814,0.6732,47,Moderate,91422.17
126,7,121200.0,83836.27,37363.73,0.3083,26469.03,28709.49,9265.4,13863.19,4850.85,8368.42,5482.82,4191.81,0.869,0.8568,0.9613,61,Low,86177.22
126,8,121200.0,92141.83,29058.17,0.2398,18762.02,30458.85,13365.97,17529.99,9213.49,9625.14,2763.31,4607.09,0.7346,0.8727,0.8408,54,Moderate,87037.13
126,9,121200.0,93627.08,27572.92,0.2275,20876.94,28822.27,8404.8,17519.1,7195.69,9084.66,4730.49,4681.35,0.7151,0.9686,0.8763,55,Moderate,93759.6
126,10,121200.0,84079.5,37120.5,0.3063,24931.46,24631.07,11846.27,12500.23,7589.82,5567.56,4643.79,4203.98,0.6713,0.858,0.7435,55,Low,82866.15
126,11,121200.0,91198.24,30001.76,0.2475,31799.29,24615.27,10617.39,8653.44,3962.21,8437.72,2267.17,845.76,0.6376,0.7389,0.683,48,Moderate,89395.58
126,12,122400.0,88961.18,33438.82,0.2732,27193.67,33741.65,10819.25,16607.22,5207.17,10625.2,6821.61,4448.06,0.5761,0.8588,0.6805,51,Moderate,83771.77
126,13,122400.0,90673.37,31726.63,0.2592,29454.9,30276.28,10003.18,16274.56,4387.74,7455.3,6678.96,4533.67,0.6387,1.0,0.8936,55,Moderate,91373.22
126,14,122400.0,88993.18,33406.82,0.2729,26669.74,34680.79,8079.93,16759.55,4546.66,6982.86,5175.92,4449.66,0.8066,0.9492,0.9251,60,Moderate,93951.81
126,15,122400.0,97103.54,25296.46,0.2067,26807.16,26683.17,11820.45,9676.2,5149.27,4632.74,6377.92,5956.62,0.6137,0.8623,0.6711,49,Moderate,100205.89
126,16,122400.0,99074.98,23325.02,0.1906,23868.26,37072.12,8021.75,15048.99,5679.99,8698.3,4756.57,4953.75,0.8216,0.8515,0.8816,54,Moderate,105172.31
126,17,122400.0,87452.79,34947.21,0.2855,28331.67,34760.47,7405.83,5787.91,5288.66,9843.49,6361.05,4372.64,0.5998,0.9217,0.8513,53,Moderate,91629.48
126,18,123600.0,92330.6,31269.4,0.253,23884.56,24687.7,11224.61,12701.65,2803.26,8879.62,3129.27,5019.93,0.6272,0.946,0.8337,53,Moderate,98783.51
126,19,123600.0,97305.0,26295.0,0.2127,33352.79,31310.72,13553.36,16047.39,9440.19,8653.29,2959.66,4865.25,0.8149,0.9415,0.8693,57,Moderate,91649.03
126,20,123600.0,95429.38,28170.62,0.2279,20522.86,33460.37,11394.79,11650.51,5192.87,5085.65,6876.24,1246.09,0.8325,0.9745,0.8861,59,Moderate,95713.05
126,21,123600.0,97750.36,25849.64,0.2091,33022.12,36167.1,9802.03,11551.57,7488.39,4679.93,2725.65,4887.52,0.5894,0.8988,0.6863,49,Moderate,104036.81
126,22,123600.0,94915.48,28684.52,0.2321,24133.19,36233.29,7629.32,12851.82,6027.65,4588.45,3619.58,4745.77,0.8283,0.7447,0.884,53,Moderate,89267.36
126,23,123600.0,91271.52,32328.48,0.2616,30372.94,26355.26,9336.49,16129.46,8815.22,9493.89,6258.95,4563.58,0.7596,0.9014,0.8195,57,Moderate,87629.86
127,0,65000.0,55002.36,9997.64,0.1538,12496.14,13795.88,7989.23,6800.2,1824.3,6236.26,3357.17,2503.18,0.2792,1.0,0.6336,40,Moderate,53494.63
127,1,65000.0,53223.7,11776.3,0.1812,16787.0,17688.4,6283.55,7378.2,4537.52,3580.7,2898.18,2661.18,0.3107,0.8809,0.6887,39,Moderate,50683.13
127,2,65000.0,56550.26,8449.74,0.13,14905.09,21640.19,6426.87,3181.58,2465.02,6735.94,2973.21,2827.51,0.2885,0.8805,0.6433,36,Moderate,57227.11
127,3,65000.0,53079.74,11920.26,0.1834,10877.53,19630.37,4561.9,6387.83,2742.74,3826.34,1195.44,3857.58,0.3112,0.8663,0.5983,39,Moderate,51613.88
127,4,65000.0,45280.87,19719.13,0.3034,10017.28,11941.88,4215.99,4035.13,2067.7,3439.86,1743.16,7819.87,0.4666,0.788,0.537,47,Moderate,45916.64
127,5,65000.0,50375.12,14624.88,0.225,17140.46,13841.29,7068.27,9745.53,2407.85,2188.26,1428.54,2518.76,0.5527,0.886,0.7224,48,Moderate,53782.37
127,6,65650.0,52005.18,13644.82,0.2078,14961.61,17410.2,6079.27,5877.11,4672.96,3481.86,3102.7,2600.26,0.4013,1.0,0.7251,46,Moderate,49095.94
127,7,65650.0,45871.07,19778.93,0.3013,10799.13,13788.16,4220.3,8359.17,3281.4,4015.83,2580.66,2293.55,0.4165,0.9132,0.611,48,Moderate,48780.0
127,8,65650.0,55906.7,9743.3,0.1484,16912.05,18003.22,6350.47,8778.34,1797.71,4722.83,1972.34,2795.34,0.4264,1.0,0.6409,44,Moderate,59195.58
127,9,65650.0,52997.62,12652.38,0.1927,14883.85,14730.6,7095.62,8922.95,1883.88,4981.92,2917.01,2649.88,0.4359,1.0,0.735,46,Moderate,52978.74
127,10,65650.0,48148.32,17501.68,0.2666,12769.79,14566.26,5023.43,3797.23,2634.0,3653.72,3459.63,2244.25,0.4416,0.9693,0.6244,49,Moderate,48912.39
127,11,65650.0,51978.31,13671.69,0.2083,14224.76,18778.28,5195.1,9477.7,2664.91,6232.15,3095.19,2598.92,0.4801,1.0,0.7484,48,Moderate,55480.75
127,12,66300.0,50416.49,15883.51,0.2396,14992.63,16306.23,4973.47,2554.39,2374.61,3032.15,2370.39,3812.61,0.4544,0.7874,0.6909,44,Moderate,51567.33
127,13,66300.0,53733.1,12566.9,0.1895,13772.91,15718.93,5111.63,7866.76,3228.02,3444.1,3450.93,1139.82,0.5233,0.828,0.7651,44,Moderate,53183.62
127,14,66300.0,53321.61,12978.39,0.1958,16393.35,20982.21,6882.78,10387.11,2378.82,5953.54,1273.05,2666.08,0.2944,1.0,0.6153,42,Moderate,50201.27
127,15,66300.0,52188.28,14111.72,0.2128,10701.02,15716.06,4314.15,8586.37,2075.14,3407.23,3053.29,4335.02,0.5285,0.8761,0.7189,47,Moderate,54006.55
127,16,66300.0,55106.66,11193.34,0.1688,13768.22,20366.25,4725.06,8892.26,4586.38,3298.9,1923.81,2755.33,0.3224,0.8304,0.5286,38,Moderate,58904.32
127,17,66300.0,53866.78,12433.22,0.1875,16442.23,20534.67,6052.91,5697.36,3216.58,3927.14,2914.25,2693.34,0.4515,1.0,0.7513,46,Moderate,51192.58
127,18,66950.0,49880.1,17069.9,0.255,10571.76,15468.18,5660.89,4107.29,3214.66,2446.25,1827.61,6583.45,0.3589,0.9248,0.6102,45,Moderate,53141.52
127,19,66950.0,49257.07,17692.93,0.2643,15228.58,15412.46,7210.02,5475.7,4362.29,4712.1,2888.52,2462.85,0.4189,0.7857,0.5663,44,Moderate,47548.48
127,20,66950.0,53262.25,13687.75,0.2044,14788.72,20862.8,5819.22,5691.12,3530.35,3505.41,3436.88,2663.11,0.3257,1.0,0.7357,43,Moderate,50617.21
127,21,66950.0,55748.07,11201.93,0.1673,17112.98,14589.45,4991.7,4497.55,3990.4,3086.43,3059.19,4420.35,0.4896,1.0,0.7013,47,Moderate,59505.76
127,22,66950.0,47365.71,19584.29,0.2925,13461.99,17940.44,3803.63,6464.63,2314.6,2738.16,3540.51,2368.29,0.5426,0.8643,0.7076,51,Moderate,45026.4
127,23,66950.0,53778.62,13171.38,0.1967,14159.17,20477.57,7663.36,8160.03,4464.14,5098.55,3117.99,2688.93,0.3964,0.935,0.6292,44,Moderate,52412.43
128,0,250000.0,144680.48,105319.52,0.4213,29525.3,52305.71,11701.48,22527.44,11280.52,8307.78,11316.25,7234.02,0.7529,0.8365,0.72,62,Low,151367.87
128,1,250000.0,159852.18,90147.82,0.3606,40937.64,54051.21,16737.4,14162.34,5148.69,18298.76,6334.29,4181.86,0.626,0.852,0.7066,56,Low,167482.55
128,2,250000.0,141646.52,108353.48,0.4334,42011.77,41516.6,20900.45,23993.43,13077.13,10764.29,3782.9,7082.33,0.612,0.6895,0.7284,55,Low,140838.59
128,3,250000.0,174865.75,75134.25,0.3005,58254.69,56918.61,23787.19,28990.22,16132.38,11252.03,13525.59,8743.29,0.6092,0.7358,0.7558,50,Low,166011.72
128,4,250000.0,172730.38,77269.62,0.3091,49870.29,66167.8,17326.79,18509.62,15370.52,12150.59,7045.77,8636.52,0.8638,0.6618,0.8328,56,Low,170331.99
128,5,250000.0,161796.44,88203.56,0.3528,44741.41,59333.55,13077.59,9082.12,7197.82,14542.13,5762.86,8058.97,0.6982,0.7474,0.6778,55,Low,169238.81
128,6,252500.0,139862.11,112637.89,0.4461,45418.74,54532.14,19677.66,12366.68,5793.14,16399.47,9546.49,6993.11,0.7401,0.8503,0.8581,63,Low,135060.6
128,7,252500.0,174354.04,78145.96,0.3095,34982.75,50786.11,25816.01,20830.18,15595.37,18044.92,5450.58,2848.12,0.862,0.8319,0.7891,60,Low,181861.69
128,8,252500.0,164451.43,88048.57,0.3487,44357.6,48265.86,20402.64,9390.81,13397.05,11479.4,8153.11,9004.95,0.8228,0.5566,0.6008,54,Low,169455.29
128,9,252500.0,173778.24,78721.76,0.3118,42631.66,53723.4,19298.36,19537.22,8800.92,19564.25,4876.64,5345.81,0.6784,0.6918,0.6177,51,Low,165810.88
128,10,252500.0,161091.85,91408.15,0.362,36663.47,55949.79,13202.55,9841.52,10609.09,12434.53,4737.82,17653.09,0.6592,0.7324,0.7937,54,Low,156112.98
128,11,252500.0,166979.51,85520.49,0.3387,46348.69,55844.55,19384.92,33359.83,10089.29,11450.56,4813.44,8348.98,0.748,0.8405,0.8788,58,Low,168167.85
128,12,255000.0,149321.34,105678.66,0.4144,42208.49,46908.89,19142.39,12094.33,7126.42,16598.19,11220.96,7466.07,0.8635,0.848,0.7621,65,Low,140509.34
128,13,255000.0,166941.5,88058.5,0.3453,45157.41,54217.31,20415.88,12917.66,10903.82,18010.49,7197.1,8347.08,0.7531,0.6179,0.6551,53,Low,178610.69
128,14,255000.0,160167.29,94832.71,0.3719,38560.68,47525.67,16938.02,23618.35,9513.37,18076.08,11929.32,8008.36,0.8513,0.7851,0.9121,61,Low,168311.24
128,15,255000.0,160323.33,94676.67,0.3713,55416.95,62333.27,18380.15,31725.79,7043.59,11203.89,11389.0,8016.17,0.7466,0.77,0.7607,58,Low,167048.09
128,16,255000.0,150230.51,104769.49,0.4109,45106.56,58467.39,15710.14,14469.06,12565.4,7885.69,3437.83,7511.53,0.6532,0.7985,0.8207,58,Low,149533.78
128,17,255000.0,171386.41,83613.59,0.3279,50970.71,51162.04,15565.96,23096.24,5696.68,7565.47,4248.44,13080.87,0.6882,0.6008,0.5898,50,Low,172216.65
128,18,257500.0,180184.19,77315.81,0.3003,59299.55,62058.08,23361.45,12376.41,10569.99,16291.96,13229.71,9009.21,0.6861,0.7954,0.7189,53,Low,184219.89
128,19,257500.0,157458.55,100041.45,0.3885,42117.14,54118.55,17756.75,29581.09,8919.76,13361.95,10456.52,7872.93,0.6975,0.7761,0.7514,57,Low,164309.71
128,20,257500.0,159451.46,98048.54,0.3808,50332.32,60946.64,15425.1,11271.55,9467.18,10610.73,3862.33,7972.57,0.791,0.8365,0.7176,61,Low,152675.35
128,21,257500.0,168103.3,89396.7,0.3472,55766.78,65094.84,16346.58,32412.91,5605.48,17809.64,4214.91,8405.17,0.6632,0.7228,0.6868,53,Low,171171.81
128,22,257500.0,176043.04,81456.96,0.3163,46488.49,64868.12,19496.45,28364.5,8791.78,18910.02,10490.17,8802.15,0.8444,0.5727,0.6658,53,Low,176139.74
128,23,257500.0,174373.11,83126.89,0.3228,36023.77,52725.68,16562.37,23364.47,7360.62,19059.57,7435.9,11840.73,0.81,0.6033,0.7641,53,Low,181042.42
129,0,180000.0,157677.79,22322.21,0.124,54591.11,41380.36,12941.63,17262.86,14030.2,15882.59,5773.42,7883.89,0.2853,0.7131,0.5508,31,Moderate,160550.3
129,1,180000.0,148742.14,31257.86,0.1737,42899.87,57149.9,21902.28,19565.06,11880.97,12188.64,10104.17,7437.11,0.531,0.7973,0.5751,43,Moderate,152816.12
129,2,180000.0,151709.02,28290.98,0.1572,44858.56,38620.97,12404.3,15436.8,6370.79,16374.07,7055.86,10587.67,0.3965,0.7385,0.6473,37,Moderate,154753.81
129,3,180000.0,155740.81,24259.19,0.1348,41861.75,48006.94,15145.64,29659.42,5091.78,12503.95,12138.14,7787.04,0.4331,0.8607,0.6944,40,Moderate,163557.24
129,4,180000.0,147277.82,32722.18,0.1818,48520.26,55442.81,17082.89,15478.66,5656.1,11110.88,9168.89,7363.89,0.2841,0.796,0.4804,36,Moderate,138491.96
129,5,180000.0,152974.03,27025.97,0.1501,35264.99,55647.93,19494.28,17883.89,11788.13,12795.97,10943.01,7648.7,0.5223,0.7952,0.6929,42,Moderate,158408.0
129,6,181800.0,155706.12,26093.88,0.1435,47067.63,54915.43,12695.62,17923.69,7912.67,11300.9,6288.59,7785.31,0.2876,0.8834,0.5629,37,Moderate,161160.76
129,7,181800.0,143159.3,38640.7,0.2125,35202.6,44084.34,17969.98,22034.02,9421.51,6843.7,7083.7,519.45,0.4271,0.7193,0.6235,40,Moderate,136143.79
129,8,181800.0,148501.01,33298.99,0.1832,39370.12,39565.83,13171.42,21133.14,7523.21,9149.25,3664.46,14923.57,0.5121,0.7777,0.557,43,Moderate,150469.91
129,9,181800.0,153513.64,28286.36,0.1556,52899.48,47885.42,14943.09,11387.37,8799.83,12853.85,3903.35,841.26,0.3148,0.7434,0.5322,35,Moderate,152506.05
129,10,181800.0,143659.34,38140.66,0.2098,32254.39,49559.18,16209.4,8896.03,12699.72,7215.66,10384.29,6440.67,0.3603,0.6894,0.5985,37,Moderate,145047.0
129,11,181800.0,142677.68,39122.32,0.2152,37227.17,37690.69,20783.63,19838.34,13988.07,13820.42,8803.04,7133.88,0.3623,0.8617,0.5677,42,Moderate,146694.93
129,12,183600.0,149268.59,34331.41,0.187,45058.79,55218.91,15478.99,19055.42,14893.0,8283.86,3024.97,7463.43,0.3184,0.8796,0.6393,39,Moderate,158628.67
129,13,183600.0,150054.96,33545.04,0.1827,52151.32,55595.86,20249.49,26628.56,11875.34,13291.35,7599.25,7502.75,0.527,0.7393,0.5497,42,Moderate,143848.26
129,14,183600.0,145883.68,37716.32,0.2054,49919.82,54941.12,18092.94,17585.19,7406.83,10447.45,7196.91,7294.18,0.334,0.7425,0.4803,37,Moderate,139523.73
129,15,183600.0,143462.48,40137.52,0.2186,48344.68,49341.37,17419.69,20346.86,9638.14,11266.76,8180.79,7173.12,0.4329,0.7489,0.5113,41,Moderate,144091.07
129,16,183600.0,143135.69,40464.31,0.2204,43516.95,56431.3,19494.39,16478.66,8970.82,9578.31,4603.73,7156.78,0.308,0.6666,0.5525,35,Moderate,148051.71
129,17,183600.0,139006.78,44593.22,0.2429,41646.36,49087.1,16096.74,18708.38,13253.49,7682.13,9641.65,6950.34,0.4936,0.7089,0.7007,43,Moderate,144012.41
129,18,185400.0,156259.23,29140.77,0.1572,43727.1,42363.46,17942.47,21311.46,13904.79,10631.69,5094.18,1284.08,0.5398,0.8188,0.7064,43,Moderate,166689.68
129,19,185400.0,140304.75,45095.25,0.2432,46073.5,45888.64,12267.54,20962.69,7077.85,15344.72,9859.08,7015.24,0.5441,0.8147,0.6693,47,Moderate,146199.97
129,20,185400.0,144103.47,41296.53,0.2227,41080.82,51248.48,16284.69,9750.97,7991.92,7172.68,9045.22,1528.68,0.5002,0.8321,0.6193,45,Moderate,138997.54
129,21,185400.0,164092.34,21307.66,0.1149,50531.94,53094.54,19005.96,30210.94,10009.77,7217.01,3984.25,8204.62,0.5282,0.7065,0.6371,38,Moderate,160222.93
129,22,185400.0,164973.57,20426.43,0.1102,35275.14,65036.21,19084.35,24277.92,7433.37,7701.93,4852.59,1312.06,0.4019,0.6201,0.4229,32,Moderate,175864.75
129,23,185400.0,144347.75,41052.25,0.2214,32612.92,53854.88,17976.41,16487.11,10427.8,16450.06,8820.75,7217.39,0.5262,0.7246,0.5762,43,Moderate,147975.31
130,0,65000.0,28583.69,36416.31,0.5603,6671.66,10653.29,3144.8,3504.18,1141.35,1609.1,1408.79,450.51,0.3763,0.6533,0.5233,52,Moderate,28392.58
130,1,65000.0,27764.09,37235.91,0.5729,6350.54,9929.48,3663.69,4634.15,1342.2,2590.18,1657.99,1388.2,0.4249,0.7818,0.6696,58,Moderate,28630.42
130,2,65000.0,29477.8,35522.2,0.5465,8324.97,10328.06,2561.97,3231.92,1457.24,2402.34,1431.4,1473.89,0.4187,0.6517,0.5616,53,Moderate,30376.61
130,3,65000.0,35879.21,29120.79,0.448,11963.87,12889.31,3958.34,6855.62,1448.66,1800.6,2114.28,1793.96,0.2638,0.7406,0.5581,46,Moderate,35349.47
130,4,65000.0,35909.93,29090.07,0.4475,11770.05,12843.45,3818.24,2553.71,3105.52,3438.17,1036.56,1795.5,0.2737,0.599,0.3661,43,Moderate,37800.79
130,5,65000.0,35308.51,29691.49,0.4568,7750.73,9166.23,3176.38,3294.57,1413.38,2013.28,949.21,7544.72,0.4696,0.6688,0.5423,51,Moderate,33291.6
130,6,65650.0,34737.05,30912.95,0.4709,7193.17,11472.89,3350.04,2921.46,1304.23,3561.37,2092.06,2841.83,0.455,0.77,0.5626,54,Moderate,34167.52
130,7,65650.0,25193.73,40456.27,0.6162,6492.07,8774.61,2463.72,3545.93,1488.75,1694.15,1870.34,1259.69,0.5434,0.7515,0.6881,62,Moderate,24903.28
130,8,65650.0,26505.17,39144.83,0.5963,8155.71,9260.55,2428.41,3351.59,1450.4,3146.23,1443.26,1325.26,0.466,0.6233,0.5387,56,Moderate,27977.01
130,9,65650.0,34244.09,31405.91,0.4784,10411.62,11117.98,5122.67,3926.65,1316.55,3016.2,1782.58,1712.2,0.4143,0.7369,0.528,52,Moderate,33442.68
130,10,65650.0,27211.84,38438.16,0.5855,8126.83,9184.09,3854.1,2115.89,2102.3,3190.4,589.63,1360.59,0.257,0.6863,0.527,51,Moderate,27588.41
130,11,65650.0,32138.89,33511.11,0.5105,11172.59,8054.57,2785.23,6264.92,2317.19,2908.48,998.72,1606.94,0.4515,0.5917,0.497,51,Moderate,32418.92
130,12,66300.0,32931.32,33368.68,0.5033,8357.52,11913.41,2694.96,5425.12,2788.84,3794.13,804.73,1646.57,0.3046,0.5717,0.4092,46,Moderate,31882.38
130,13,66300.0,30883.28,35416.72,0.5342,6808.08,11124.57,3159.74,4802.69,3084.06,3675.91,1658.37,1544.16,0.5472,0.6844,0.5657,57,Moderate,30717.51
130,14,66300.0,27776.67,38523.33,0.581,6515.51,10290.73,3344.48,5207.74,2151.97,1993.76,650.67,1388.83,0.4407,0.7319,0.6322,57,Moderate,26129.01
130,15,66300.0,30565.51,35734.49,0.539,6773.2,9034.15,4130.81,4481.51,1034.22,2247.14,902.47,1962.0,0.3397,0.6367,0.4914,50,Moderate,32428.73
130,16,66300.0,29076.93,37223.07,0.5614,6017.14,7756.96,2533.93,2849.06,2019.12,2556.11,2115.71,3228.9,0.4959,0.7755,0.6838,59,Moderate,27536.54
130,17,66300.0,29371.72,36928.28,0.557,7849.09,11428.19,2543.39,2139.02,1875.89,1177.74,788.96,1569.44,0.5058,0.623,0.6539,55,Moderate,31178.17
130,18,66950.0,36363.13,30586.87,0.4569,9550.55,9823.26,4432.25,5844.83,1855.71,2885.07,1802.81,168.65,0.5336,0.646,0.6439,52,Moderate,36944.49
130,19,66950.0,31744.87,35205.13,0.5258,10660.58,8724.76,4164.85,2707.69,1262.33,2654.21,2114.99,1587.24,0.4987,0.5598,0.4891,52,Moderate,33338.63
130,20,66950.0,28158.25,38791.75,0.5794,7650.07,8854.05,2991.16,5563.41,1288.05,1992.05,1232.34,1407.91,0.377,0.7228,0.5672,55,Moderate,27005.94
130,21,66950.0,35178.02,31771.98,0.4746,12019.17,13915.2,3190.0,6103.12,1277.02,3345.62,1806.46,1758.9,0.4655,0.5531,0.4367,49,Moderate,33777.18
130,22,66950.0,33981.91,32968.09,0.4924,10604.89,10862.93,3799.92,5566.85,1311.81,1705.11,1270.29,1699.1,0.4841,0.7057,0.5343,54,Moderate,33179.61
130,23,66950.0,36726.41,30223.59,0.4514,11990.03,12021.18,3554.33,3759.45,2963.19,3876.94,913.08,1836.32,0.4152,0.5747,0.5838,47,Moderate,37113.61
131,0,250000.0,98718.46,151281.54,0.6051,25205.38,36916.38,9416.81,9128.04,8502.35,9539.47,3240.17,4935.92,0.7853,0.5472,0.7521,64,Low,93963.68
131,1,250000.0,98967.77,151032.23,0.6041,32407.33,32088.41,8942.66,18371.14,9179.12,6983.23,6808.19,4948.39,0.6189,0.5647,0.588,59,Low,105770.08
131,2,250000.0,118707.57,131292.43,0.5252,25621.58,44860.21,14796.32,14092.51,7172.3,6975.8,8759.03,5935.38,0.8104,0.5136,0.5653,60,Low,117357.43
131,3,250000.0,128435.04,121564.96,0.4863,26573.47,40501.49,19015.19,24428.81,12734.77,15364.67,3749.9,6421.75,0.7242,0.3693,0.4902,52,Low,122463.67
131,4,250000.0,105277.45,144722.55,0.5789,32745.03,33455.88,10144.43,11139.1,10193.27,8596.06,3922.45,5263.87,0.6347,0.3449,0.477,53,Low,102308.33
131,5,250000.0,134347.27,115652.73,0.4626,32324.65,36111.2,14711.44,7279.75,9579.6,10810.29,4458.38,19071.96,0.6425,0.545,0.5532,53,Low,140895.2
131,6,252500.0,115943.49,136556.51,0.5408,31810.8,33004.26,15304.19,18853.55,8685.87,12670.28,3970.02,5797.17,0.6458,0.3818,0.4578,53,Low,113757.08
131,7,252500.0,117723.22,134776.78,0.5338,29605.89,40990.43,12235.45,22294.74,6164.89,9404.13,6219.3,5886.16,0.8355,0.4547,0.5625,60,Low,116498.2
131,8,252500.0,117981.85,134518.15,0.5327,30488.89,46272.31,15453.4,21566.6,3752.57,8218.88,9028.87,5899.09,0.7483,0.4497,0.6505,57,Low,117332.51
131,9,252500.0,115323.11,137176.89,0.5433,27720.99,42148.49,17127.94,17235.69,4040.38,8922.16,8780.37,5766.16,0.757,0.5539,0.6007,61,Low,116437.59
131,10,252500.0,136055.35,116444.65,0.4612,35685.52,42553.4,12960.95,15506.99,5803.13,7539.46,7216.11,8789.8,0.5979,0.5447,0.5924,52,Moderate,130615.57
131,11,252500.0,95402.32,157097.68,0.6222,27546.6,36606.51,8921.88,14304.5,5168.21,10884.83,5686.93,4770.12,0.8295,0.4479,0.7294,64,Low,95340.87
131,12,255000.0,103601.43,151398.57,0.5937,26374.0,39885.41,14649.8,19513.23,7604.6,4480.54,3628.07,5180.07,0.7329,0.3527,0.4728,57,Low,101129.96
131,13,255000.0,134088.03,120911.97,0.4742,32932.02,50982.14,14724.41,21058.62,8700.26,11545.91,4897.73,6704.4,0.7876,0.5838,0.611,59,Low,139912.23
131,14,255000.0,117049.05,137950.95,0.541,24176.95,33925.58,13517.33,19947.22,9570.52,5732.21,3305.58,6873.66,0.7825,0.5707,0.6865,62,Low,121594.79
131,15,255000.0,110429.81,144570.19,0.5669,37022.22,28134.19,12106.91,19612.09,6700.27,9590.72,3855.63,5521.49,0.6162,0.3683,0.5579,53,Low,113264.44
131,16,255000.0,93639.16,161360.84,0.6328,30709.64,35726.98,11166.46,9040.67,7178.28,9699.09,2614.93,4681.96,0.8569,0.4206,0.6203,64,Low,89738.97
131,17,255000.0,125596.99,129403.01,0.5075,36918.41,48698.4,15138.19,17917.47,7691.52,10765.06,7636.37,6279.85,0.7804,0.4851,0.6927,58,Low,129759.07
131,18,257500.0,124424.0,133076.0,0.5168,37502.89,41190.88,17502.44,20947.61,12279.43,12398.91,6311.42,6221.2,0.8412,0.5836,0.7579,63,Low,129717.75
131,19,257500.0,125092.24,132407.76,0.5142,33907.56,37965.92,15800.27,7197.95,11319.6,7106.73,5991.76,5802.45,0.7004,0.4037,0.5479,54,Low,132364.49
131,20,257500.0,114889.14,142610.86,0.5538,28280.86,40701.17,12629.81,17493.5,9136.51,4667.14,8297.39,5744.46,0.619,0.5392,0.6769,56,Low,120710.09
131,21,257500.0,136029.99,121470.01,0.4717,32338.22,40685.42,11405.34,19679.05,7476.96,11514.31,5494.83,7435.85,0.6766,0.5149,0.5919,54,Low,134032.79
131,22,257500.0,104364.87,153135.13,0.5947,21960.91,35017.15,10357.65,20466.64,10381.86,4283.81,7276.84,5218.24,0.6967,0.5889,0.57,62,Low,106882.64
131,23,257500.0,100823.19,156676.81,0.6085,21314.21,25430.46,9085.96,19818.0,8456.1,8063.99,2860.23,5794.25,0.6736,0.5514,0.6567,61,Low,105796.28
132,0,45000.0,29309.31,15690.69,0.3487,7023.91,8508.82,3411.91,5548.6,1403.03,2900.72,1225.17,1465.47,0.452,0.6101,0.525,44,Moderate,29435.9
132,1,45000.0,31218.98,13781.02,0.3062,10884.61,9733.83,3780.53,2848.87,1773.89,3559.84,1302.56,1560.95,0.4303,0.6038,0.4957,41,Moderate,31232.84
132,2,45000.0,31160.84,13839.16,0.3075,10890.02,8477.85,3682.64,2280.47,1826.33,2625.31,1430.5,1558.04,0.4304,0.4773,0.4107,38,Moderate,32616.66
132,3,45000.0,28558.93,16441.07,0.3654,7854.6,7799.5,3229.07,5254.91,2775.56,1492.75,2235.01,1427.95,0.5807,0.6947,0.6341,51,Moderate,30238.28
132,4,45000.0,28881.45,16118.55,0.3582,8536.25,11350.27,3386.22,2959.58,2834.17,3460.11,2097.97,1444.07,0.4495,0.5811,0.4644,44,Moderate,30037.07
132,5,45000.0,32098.09,12901.91,0.2867,8783.53,11051.57,3977.75,3932.0,2184.34,1619.73,1702.53,1604.9,0.5422,0.6401,0.6178,45,Moderate,31868.19
132,6,45450.0,27240.84,18209.16,0.4006,9510.33,10319.75,3279.65,5154.52,1245.52,1872.87,2113.23,1362.04,0.4614,0.6926,0.5066,49,Moderate,28448.48
132,7,45450.0,27854.34,17595.66,0.3871,7208.62,9476.68,3420.1,2303.15,2504.21,2255.31,2016.26,1392.72,0.4219,0.7097,0.5191,47,Moderate,28663.15
132,8,45450.0,30852.39,14597.61,0.3212,10619.04,10615.03,2720.66,2328.84,1277.5,2029.77,1147.97,113.58,0.4528,0.6202,0.5733,43,Moderate,30820.36
132,9,45450.0,30931.68,14518.32,0.3194,9492.61,12370.99,4344.63,4270.98,1329.0,2954.2,1763.03,1546.58,0.4383,0.6258,0.6297,43,Moderate,31496.39
132,10,45450.0,32874.29,12575.71,0.2767,9061.7,12555.9,3676.3,5494.1,2411.25,2256.62,1926.83,1643.71,0.5807,0.603,0.6065,44,Moderate,35034.43
132,11,45450.0,31703.95,13746.05,0.3024,6850.33,8447.54,3404.61,4060.62,1366.88,3488.56,2211.19,1874.21,0.4843,0.5018,0.5076,40,Moderate,30048.0
132,12,45900.0,31062.98,14837.02,0.3232,6833.67,10971.11,4574.03,4256.61,1594.25,2189.19,1537.03,1553.15,0.3695,0.6169,0.4866,41,Moderate,29286.43
132,13,45900.0,32904.07,12995.93,0.2831,8572.73,8578.99,2941.05,4974.36,1568.48,1602.32,818.11,3848.03,0.5117,0.4457,0.5503,39,Moderate,32642.51
132,14,45900.0,31912.06,13987.94,0.3047,9797.06,9609.2,3436.87,5600.01,1136.86,2060.64,1414.53,1595.6,0.4269,0.7034,0.5912,44,Moderate,32874.73
132,15,45900.0,32518.21,13381.79,0.2915,9289.83,10976.81,4019.23,2174.14,2365.54,3311.74,2020.82,1625.91,0.661,0.5734,0.6096,47,Moderate,33491.28
132,16,45900.0,32040.98,13859.02,0.3019,10588.89,8930.05,3319.51,3802.21,2622.47,2513.26,825.13,1602.05,0.6634,0.4959,0.6051,45,Low,30309.01
132,17,45900.0,30097.47,15802.53,0.3443,9365.61,8143.45,4244.64,2699.8,2007.87,3298.51,2033.45,1504.87,0.4465,0.5445,0.5923,42,Moderate,29224.01
132,18,46350.0,31021.73,15328.27,0.3307,10531.4,8730.39,3989.15,5150.69,2404.7,1524.96,2305.96,1551.09,0.3662,0.6554,0.4136,42,Moderate,32844.33
132,19,46350.0,31860.6,14489.4,0.3126,7612.48,12637.76,4488.95,4965.54,1579.68,3656.59,643.04,1593.03,0.6543,0.4685,0.5023,45,Low,33475.37
132,20,46350.0,28348.28,18001.72,0.3884,8911.87,9670.78,2904.75,1635.4,1178.54,2745.95,1680.53,1417.41,0.5465,0.6348,0.5219,49,Moderate,28017.11
132,21,46350.0,30687.71,15662.29,0.3379,9302.66,10392.6,4520.65,2951.62,1737.8,1616.09,1757.56,1534.39,0.6195,0.4871,0.589,45,Low,30923.36
132,22,46350.0,30165.93,16184.07,0.3492,6928.37,7990.64,4107.05,6026.87,2406.73,3538.61,1124.92,1508.3,0.6591,0.4933,0.5323,47,Low,30028.18
132,23,46350.0,30327.68,16022.32,0.3457,10168.89,10171.78,2886.74,4389.64,2555.28,2299.97,2277.86,1516.38,0.4012,0.5416,0.5564,41,Moderate,30616.44
133,0,250000.0,158501.63,91498.37,0.366,45658.53,48741.79,22614.23,11491.74,9625.72,12884.29,12166.39,7925.08,0.5382,0.7621,0.6595,51,Moderate,165693.29
133,1,250000.0,150130.54,99869.46,0.3995,35638.97,45361.4,19949.62,8751.99,13381.36,10376.58,7304.97,9365.64,0.5418,0.8219,0.7228,54,Moderate,142611.98
133,2,250000.0,166800.7,83199.3,0.3328,56322.04,45824.53,19471.03,10194.02,9532.03,10245.55,5427.17,9784.34,0.404,0.7429,0.6626,45,Moderate,157261.07
133,3,250000.0,137959.85,112040.15,0.4482,41763.23,38523.63,16133.23,15033.66,4579.32,15050.31,5969.34,907.13,0.612,0.5776,0.6376,52,Low,143519.96
133,4,250000.0,171822.6,78177.4,0.3127,43117.83,57239.74,16859.65,29439.48,7573.97,17413.01,12034.96,8591.13,0.4559,0.7444,0.6308,46,Moderate,168365.66
133,5,250000.0,152191.27,97808.73,0.3912,47646.2,41197.9,16085.26,10111.68,9211.33,15352.79,4217.41,8368.71,0.349,0.6698,0.5878,44,Moderate,146034.22
133,6,252500.0,161088.23,91411.77,0.362,40748.21,41674.25,16980.06,14231.73,12650.74,18008.46,6637.34,10157.43,0.6007,0.7623,0.6979,53,Low,166192.83
133,7,252500.0,166275.8,86224.2,0.3415,55086.14,51248.72,18689.66,23725.36,8608.4,8532.81,6931.33,8313.79,0.3816,0.738,0.6085,45,Moderate,167220.26
133,8,252500.0,155544.22,96955.78,0.384,49742.9,59523.0,21392.29,13192.57,11672.67,14488.39,9408.24,7777.21,0.6408,0.8192,0.7871,56,Low,165555.42
133,9,252500.0,181166.42,71333.58,0.2825,51606.53,47700.26,26009.48,10750.76,7742.9,9412.77,12770.8,15172.92,0.3877,0.7945,0.5856,44,Moderate,171035.61
133,10,252500.0,174482.74,78017.26,0.309,59925.12,52038.69,23417.59,31841.66,13177.73,12968.77,13630.24,8724.14,0.3784,0.7901,0.6342,45,Moderate,186241.43
133,11,252500.0,170224.67,82275.33,0.3258,49072.03,48733.03,21444.56,20295.72,16259.34,11367.8,9817.68,8511.23,0.5953,0.6441,0.529,48,Moderate,162677.79
133,12,255000.0,156017.68,98982.32,0.3882,54419.97,42908.88,15036.62,29168.97,14727.17,8289.79,6171.74,7800.88,0.6409,0.6184,0.5628,52,Low,157981.7
133,13,255000.0,159604.38,95395.62,0.3741,38786.41,48253.75,23662.83,15781.26,6529.2,16243.06,5062.71,5285.15,0.3978,0.5694,0.5727,43,Moderate,153582.08
133,14,255000.0,182506.16,72493.84,0.2843,39395.64,64748.68,21969.38,16788.32,7693.66,7767.55,9033.19,15109.74,0.4518,0.7801,0.6631,45,Moderate,175789.91
133,15,255000.0,164532.38,90467.62,0.3548,34329.27,51701.35,20658.39,9275.21,6569.59,19419.84,9786.78,12791.95,0.5924,0.6903,0.7388,50,Moderate,157633.52
133,16,255000.0,157359.94,97640.06,0.3829,52820.72,47668.57,21628.63,15797.07,13034.66,10869.63,8905.68,7868.0,0.5904,0.7515,0.6933,53,Moderate,161005.65
133,17,255000.0,147611.53,107388.47,0.4211,43475.17,40531.63,13624.92,11582.36,4431.62,9323.65,7742.06,16900.12,0.5907,0.6958,0.6421,54,Moderate,145273.82
133,18,257500.0,147461.39,110038.61,0.4273,40904.63,48345.78,18463.34,10226.11,13319.02,11018.52,8343.22,7373.07,0.3692,0.8414,0.5214,51,Moderate,153310.85
133,19,257500.0,168352.6,89147.4,0.3462,46556.4,47662.36,17294.01,16302.58,11369.72,18585.75,6872.99,3708.8,0.3479,0.8102,0.5681,46,Moderate,162705.02
133,20,257500.0,151604.62,105895.38,0.4112,50258.36,39744.58,18974.73,27964.91,11931.93,11026.04,12026.72,7580.23,0.3729,0.8138,0.5787,50,Moderate,144239.36
133,21,257500.0,150286.71,107213.29,0.4164,49111.16,56789.1,13221.53,8955.81,11362.57,9460.15,11227.42,7514.34,0.6296,0.8278,0.6438,58,Low,156084.17
133,22,257500.0,169904.34,87595.66,0.3402,46445.99,56374.77,14391.45,12446.12,8112.47,14886.46,13136.78,4110.32,0.3987,0.7248,0.475,45,Moderate,164034.44
133,23,257500.0,147720.3,109779.7,0.4263,42609.45,45102.74,22150.49,20176.09,13095.7,7341.04,4668.65,7386.01,0.5358,0.7895,0.6606,54,Moderate,156918.02
134,0,25000.0,13222.92,11777.08,0.4711,2742.85,4344.47,1758.16,1576.26,988.55,684.86,419.53,708.23,0.4919,0.9069,0.7767,58,Moderate,12758.26
134,1,25000.0,12154.35,12845.65,0.5138,3750.05,3364.84,981.43,2147.11,891.45,619.2,575.41,607.72,0.518,0.8383,0.7452,59,Moderate,12210.33
134,2,25000.0,13571.93,11428.07,0.4571,4678.0,4805.62,1286.22,1724.04,1259.94,998.67,541.67,678.6,0.505,0.7053,0.5711,53,Moderate,13388.94
134,3,25000.0,13070.49,11929.51,0.4772,3012.14,3648.03,1268.87,1434.77,447.11,1314.5,640.84,1304.21,0.5664,0.675,0.6701,55,Moderate,12827.09
134,4,25000.0,14717.24,10282.76,0.4113,5004.85,4278.47,1481.1,1298.14,1078.42,1154.91,353.72,67.64,0.5689,0.887,0.695,57,Moderate,15096.87
134,5,25000.0,13356.8,11643.2,0.4657,3823.65,5147.52,1852.42,743.97,1322.07,1242.16,683.29,667.84,0.5808,0.8141,0.6099,58,Moderate,13188.3
134,6,25250.0,13647.99,11602.01,0.4595,4250.22,5414.7,2011.09,1802.34,1104.51,1627.55,819.4,682.4,0.482,0.8339,0.6307,55,Moderate,13405.68
134,7,25250.0,15618.54,9631.46,0.3814,3634.3,5970.06,2266.79,2845.39,1247.49,1371.14,671.3,780.93,0.4171,0.9428,0.5869,53,Moderate,16358.44
134,8,25250.0,12758.73,12491.27,0.4947,3098.47,3855.51,1755.79,2545.91,813.29,596.95,975.89,637.94,0.3531,0.7574,0.5938,51,Moderate,12937.89
134,9,25250.0,12490.86,12759.14,0.5053,4203.52,3739.5,1772.45,1565.56,734.31,604.05,751.7,624.54,0.6295,0.7649,0.6976,60,Low,12350.02
134,10,25250.0,12651.11,12598.89,0.499,4053.19,4474.42,1299.94,1615.64,807.27,926.55,911.18,632.56,0.5094,0.7258,0.6506,55,Moderate,13067.9
134,11,25250.0,15500.0,9750.0,0.3861,3465.46,6104.35,2114.8,2415.25,708.57,1476.44,579.01,775.0,0.6017,0.7621,0.6253,54,Low,15368.92
134,12,25500.0,14579.25,10920.75,0.4283,4531.5,4136.38,1294.74,2506.72,813.07,677.75,361.13,257.96,0.4878,0.9417,0.6396,57,Moderate,13852.69
134,13,25500.0,14816.78,10683.22,0.4189,5154.42,4739.64,1503.65,1585.75,1046.21,1305.9,1070.72,740.84,0.4897,0.9164,0.7528,56,Moderate,14524.0
134,14,25500.0,15731.27,9768.73,0.3831,3377.04,6066.8,1340.67,1391.61,744.02,1564.91,842.27,403.95,0.4582,0.7224,0.5041,49,Moderate,15925.77
134,15,25500.0,15272.55,10227.45,0.4011,5111.99,5574.74,1286.26,2265.88,708.13,981.25,1032.55,763.63,0.5611,0.9022,0.7217,57,Moderate,16216.85
134,16,25500.0,14170.35,11329.65,0.4443,3219.75,4401.38,1620.39,2052.43,1247.14,1047.88,472.13,109.24,0.624,0.9078,0.7565,61,Low,14387.17
134,17,25500.0,13886.02,11613.98,0.4555,2852.6,3683.5,1555.44,1249.48,613.35,1349.6,480.41,2101.64,0.4728,0.7062,0.5777,52,Moderate,13326.69
134,18,25750.0,13062.37,12687.63,0.4927,4548.96,3743.71,1413.46,1178.14,417.45,889.88,805.51,65.26,0.3723,0.8116,0.5538,53,Moderate,12379.01
134,19,25750.0,12729.92,13020.08,0.5056,2783.49,3278.12,1072.16,984.29,1175.81,1074.24,380.71,1981.11,0.5096,0.8235,0.7598,58,Moderate,13116.14
134,20,25750.0,13650.28,12099.72,0.4699,4661.19,4138.45,1881.54,1354.46,644.74,979.96,812.82,682.51,0.5977,0.7552,0.7016,57,Moderate,13427.5
134,21,25750.0,15021.42,10728.58,0.4166,4891.14,5295.88,2060.68,1983.34,1379.78,1668.44,606.24,751.07,0.6102,0.7664,0.7442,56,Low,15723.43
134,22,25750.0,12356.12,13393.88,0.5202,2883.11,4188.78,1853.17,682.45,941.42,1407.5,768.24,617.81,0.5011,0.7403,0.6291,56,Moderate,13034.9
134,23,25750.0,13025.55,12724.45,0.4942,4393.27,3893.28,1857.27,2328.39,825.99,612.38,839.26,651.28,0.6382,0.9619,0.8169,65,Low,13755.61
135,0,180000.0,134411.58,45588.42,0.2533,41824.74,50941.66,11941.0,12119.37,12796.02,13134.6,9083.71,6720.58,0.401,0.6693,0.4885,40,Moderate,135292.75
135,1,180000.0,148505.96,31494.04,0.175,36198.47,44928.6,18113.36,16266.79,9751.92,6915.07,6227.66,10104.08,0.4198,0.6287,0.5869,36,Moderate,142865.4
135,2,180000.0,135832.64,44167.36,0.2454,45632.71,36631.94,18283.27,15945.11,5943.7,10186.96,7206.5,6791.63,0.2397,0.5853,0.3684,32,Moderate,134095.98
135,3,180000.0,128242.4,51757.6,0.2875,26746.59,36571.06,13011.33,20094.29,8768.03,13846.43,6172.62,3032.04,0.3701,0.4148,0.41,34,Moderate,123254.76
135,4,180000.0,134431.72,45568.28,0.2532,38328.37,52250.93,15474.72,25572.54,8858.25,14133.58,7126.19,6721.59,0.2097,0.5871,0.3964,32,Moderate,142000.97
135,5,180000.0,149773.1,30226.9,0.1679,49331.3,47417.29,14928.27,10947.56,14399.41,13290.7,11605.82,7488.66,0.2528,0.6795,0.4386,32,Moderate,154660.75
135,6,181800.0,146630.56,35169.44,0.1935,32754.15,36787.38,21490.02,17943.98,11206.37,11239.6,7513.45,7695.62,0.3356,0.5184,0.4558,31,Moderate,139586.58
135,7,181800.0,134134.12,47665.88,0.2622,46190.63,45354.98,12665.04,14718.53,13106.77,9206.96,3433.94,6706.71,0.3148,0.5574,0.4738,35,Moderate,131865.76
135,8,181800.0,142378.88,39421.12,0.2168,48440.82,48680.45,17983.6,12014.38,10325.65,12894.57,3661.01,7118.94,0.2487,0.4731,0.4071,29,Moderate,135535.11
135,9,181800.0,129789.68,52010.32,0.2861,26335.81,43355.75,10674.72,8174.71,11596.91,12183.04,7591.66,9877.08,0.4379,0.6515,0.6058,42,Moderate,122689.61
135,10,181800.0,143144.79,38655.21,0.2126,42799.01,41633.47,14393.73,7832.35,12868.44,16993.12,7694.41,7157.24,0.3485,0.3991,0.3125,30,Moderate,137874.46
135,11,181800.0,133488.42,48311.58,0.2657,32351.3,39370.69,11898.25,19807.79,12978.77,10401.03,7918.58,6674.42,0.1826,0.6447,0.4027,33,Moderate,129779.76
135,12,183600.0,139992.02,43607.98,0.2375,43730.53,44361.3,12371.95,26907.18,11047.05,13457.09,9746.3,6999.6,0.1756,0.5361,0.2891,29,Moderate,146143.62
135,13,183600.0,150975.55,32624.45,0.1777,30373.65,57873.96,17665.23,21084.49,10947.18,12403.27,7530.76,7548.78,0.4255,0.5912,0.5362,35,Moderate,161493.69
135,14,183600.0,135799.6,47800.4,0.2604,44470.06,42766.06,16378.96,16652.48,13455.27,13257.26,7022.75,6789.98,0.2012,0.6768,0.4988,34,Moderate,135522.66
135,15,183600.0,155409.8,28190.2,0.1535,48056.06,40851.45,15636.38,26217.94,8974.1,13583.16,9224.3,7770.49,0.3047,0.4976,0.4912,28,Moderate,157662.16
135,16,183600.0,144094.05,39505.95,0.2152,31347.58,53300.49,19309.27,7207.39,11382.17,10816.01,11253.51,7204.7,0.2314,0.5288,0.4022,29,Moderate,153070.39
135,17,183600.0,133672.0,49928.0,0.2719,42024.85,50426.86,17964.38,16460.62,10844.93,8499.74,3861.0,6683.6,0.2295,0.6226,0.4441,34,Moderate,141429.27
135,18,185400.0,153177.41,32222.59,0.1738,37840.05,59989.04,17446.84,17071.64,9851.35,10724.45,5994.29,7658.87,0.3326,0.4547,0.4261,29,Moderate,160066.07
135,19,185400.0,145251.97,40148.03,0.2165,46583.4,43810.6,19972.86,16837.06,9388.26,7127.06,7380.03,7262.6,0.1996,0.6604,0.437,32,Moderate,137725.23
135,20,185400.0,138080.32,47319.68,0.2552,27624.64,49732.92,20451.23,19964.29,7972.75,8700.42,9886.78,6904.02,0.2363,0.6811,0.373,35,Moderate,133559.45
135,21,185400.0,146464.46,38935.54,0.21,40554.72,39413.42,11849.43,18755.85,10083.92,12439.06,8657.02,4711.05,0.3656,0.5799,0.4378,34,Moderate,150854.88
135,22,185400.0,139382.97,46017.03,0.2482,44085.52,51767.35,13624.08,10814.64,6838.88,16723.68,3128.98,6969.15,0.4464,0.6137,0.5664,39,Moderate,132234.3
135,23,185400.0,142007.82,43392.18,0.234,47130.8,47113.46,19185.41,12197.31,8503.77,15784.16,10737.48,7100.39,0.3002,0.6302,0.3768,35,Moderate,144207.18
136,0,250000.0,171912.7,78087.3,0.3123,37800.39,68365.26,20509.11,18766.5,9542.6,17800.18,5107.08,8595.64,0.3893,1.0,0.727,50,Moderate,175657.41
136,1,250000.0,148182.03,101817.97,0.4073,37764.13,49729.7,21596.67,15346.55,12094.91,10866.79,5929.43,7409.1,0.2288,0.9952,0.6363,50,Moderate,153259.66
136,2,250000.0,143779.16,106220.84,0.4249,33541.11,44830.65,13895.28,23473.64,7496.03,9181.04,5096.34,6265.06,0.4823,0.8137,0.724,53,Moderate,150738.94
136,3,250000.0,169223.36,80776.64,0.3231,51946.03,55855.82,20019.99,31627.79,13190.23,17720.4,5397.14,8461.17,0.4402,0.8285,0.6058,48,Moderate,161586.8
136,4,250000.0,173564.36,76435.64,0.3057,49730.43,47089.58,22214.52,28647.5,12852.27,13821.68,4116.12,8678.22,0.2902,0.896,0.6448,44,Moderate,181125.11
136,5,250000.0,150782.34,99217.66,0.3969,37453.89,46182.48,18633.43,28254.68,12408.16,13710.51,5293.99,7539.12,0.3901,1.0,0.6502,54,Moderate,148894.56
136,6,252500.0,145446.15,107053.85,0.424,38600.75,52391.51,14939.64,15434.65,5810.5,7181.41,3513.04,7574.65,0.286,0.9514,0.5291,51,Moderate,155425.96
136,7,252500.0,147424.84,105075.16,0.4161,49773.07,37554.74,17695.55,7673.55,10070.57,16787.38,5648.98,2221.01,0.2915,0.93,0.5918,50,Moderate,142298.05
136,8,252500.0,161804.12,90695.88,0.3592,53032.91,62736.12,13650.56,31086.61,8947.01,17002.36,12131.59,8090.21,0.5002,0.8215,0.6413,51,Moderate,170282.22
136,9,252500.0,170683.78,81816.22,0.324,51358.43,44115.94,24921.39,31009.88,13946.13,15436.09,11887.22,8534.19,0.4253,0.8987,0.672,49,Moderate,176554.65
136,10,252500.0,169391.48,83108.52,0.3291,55160.33,48124.16,24316.17,18731.24,11832.51,19742.19,12965.02,8469.57,0.4993,0.8039,0.6495,49,Moderate,169158.47
136,11,252500.0,164692.62,87807.38,0.3478,40681.12,53248.66,17498.58,8674.81,5208.07,12561.23,5511.87,21308.28,0.333,0.869,0.5472,47,Moderate,164873.26
136,12,255000.0,164997.48,90002.52,0.353,48294.61,59022.54,21648.05,27441.56,6652.28,6824.3,11044.77,8249.87,0.2606,0.8691,0.5263,45,Moderate,171940.7
136,13,255000.0,165172.25,89827.75,0.3523,41111.1,64977.84,23560.71,27287.57,9946.84,16158.88,10045.86,8258.61,0.2663,0.8485,0.6542,45,Moderate,173163.99
136,14,255000.0,157231.91,97768.09,0.3834,37454.27,53389.61,21096.26,16760.09,5596.66,13430.67,5456.45,4047.9,0.4109,1.0,0.789,54,Moderate,155922.1
136,15,255000.0,154550.98,100449.02,0.3939,49995.71,60756.65,19724.52,18894.53,12818.4,18249.12,7786.99,7727.55,0.503,0.9479,0.7845,56,Moderate,162239.32
136,16,255000.0,156445.12,98554.88,0.3865,41068.32,54613.82,19581.69,11005.7,11162.52,18238.75,11535.93,7822.26,0.38,0.8967,0.7366,51,Moderate,155366.57
136,17,255000.0,148960.82,106039.18,0.4158,41741.72,46940.42,15070.48,7662.09,9546.84,12485.36,3492.78,12021.12,0.4992,0.8331,0.6863,54,Moderate,151519.99
136,18,257500.0,149439.36,108060.64,0.4197,42426.98,52822.09,17279.8,12540.99,6539.33,13702.29,10156.13,7471.97,0.2222,0.9972,0.5145,50,Moderate,156451.74
136,19,257500.0,140719.81,116780.19,0.4535,37151.91,51302.62,15984.69,24901.25,13689.63,14232.17,3935.65,7035.99,0.4045,0.9815,0.7338,57,Moderate,139788.53
136,20,257500.0,143391.31,114108.69,0.4431,34696.66,46495.38,14904.5,10735.66,7771.97,13696.97,5470.45,9619.74,0.3889,0.8094,0.5489,51,Moderate,139007.38
136,21,257500.0,173407.73,84092.27,0.3266,38393.17,47698.04,14734.13,21205.3,5902.54,11781.42,13062.7,20630.43,0.3711,0.8426,0.6746,46,Moderate,172969.85
136,22,257500.0,159480.13,98019.87,0.3807,45385.27,60910.86,15785.13,11771.75,8998.59,8009.26,11471.02,7974.01,0.3099,1.0,0.5565,51,Moderate,159009.34
136,23,257500.0,144573.95,112926.05,0.4385,45725.82,52860.59,15460.06,17303.9,4951.45,10575.9,10936.27,7228.7,0.3455,0.8942,0.7065,52,Moderate,143158.61
137,0,25000.0,14688.67,10311.33,0.4125,4891.07,4671.62,1256.16,2358.54,1032.45,739.38,988.54,734.43,0.6875,0.5488,0.5517,52,Low,14471.84
137,1,25000.0,15591.82,9408.18,0.3763,3630.4,5943.56,1599.83,1444.63,987.3,1037.96,1207.95,779.59,0.6339,0.6251,0.6175,51,Low,15703.1
137,2,25000.0,14459.57,10540.43,0.4216,4346.71,4665.48,2087.71,2632.44,1003.09,964.85,560.98,722.98,0.6146,0.6058,0.6947,52,Low,14401.89
137,3,25000.0,13684.1,11315.9,0.4526,3879.01,4540.64,1437.31,1286.64,1009.76,1112.39,303.29,115.06,0.7749,0.8074,0.6992,63,Low,13520.19
137,4,25000.0,15270.58,9729.42,0.3892,5066.65,4543.48,1747.8,1475.35,631.58,831.01,1162.31,763.53,0.7049,0.6347,0.5846,54,Low,16325.28
137,5,25000.0,15759.63,9240.37,0.3696,5431.79,5757.0,1395.03,2924.34,529.7,1665.62,1259.07,787.98,0.691,0.7795,0.8307,56,Low,16306.31
137,6,25250.0,14908.16,10341.84,0.4096,4330.67,4016.8,1734.12,2254.55,1275.03,1394.89,980.86,745.41,0.5886,0.6276,0.5234,51,Moderate,14429.94
137,7,25250.0,16191.61,9058.39,0.3587,5075.38,5956.83,2189.27,1534.28,759.79,980.63,1174.42,809.58,0.7366,0.6543,0.6262,54,Low,15296.81
137,8,25250.0,16676.15,8573.85,0.3396,3454.01,6393.26,2446.44,2439.79,592.85,1978.11,1290.57,833.81,0.8076,0.6801,0.6637,56,Low,17792.16
137,9,25250.0,14689.98,10560.02,0.4182,4735.44,5426.41,1245.82,1723.22,628.54,739.89,1055.37,734.5,0.7781,0.7001,0.669,59,Low,15632.1
137,10,25250.0,13863.11,11386.89,0.451,2884.01,3467.99,1231.58,2256.68,1144.47,1435.71,833.23,609.44,0.8373,0.5833,0.7172,59,Low,13516.0
137,11,25250.0,14765.65,10484.35,0.4152,4444.03,5790.18,1436.99,2783.94,767.51,812.22,1121.14,738.28,0.5858,0.6591,0.5753,52,Moderate,14864.44
137,12,25500.0,16675.57,8824.43,0.3461,5562.24,6404.38,1963.74,1952.85,1309.48,1443.17,769.52,833.78,0.6697,0.7118,0.7817,53,Low,16019.83
137,13,25500.0,15258.63,10241.37,0.4016,4358.9,4859.71,2158.31,2204.84,1466.98,952.93,387.22,762.93,0.644,0.7595,0.6871,56,Low,16093.54
137,14,25500.0,16929.77,8570.23,0.3361,5602.97,5750.15,2299.74,1924.18,1079.84,1167.52,757.86,846.49,0.7066,0.6125,0.743,51,Low,18026.95
137,15,25500.0,17283.18,8216.82,0.3222,4047.5,5190.22,2272.94,1020.7,1493.13,1510.15,500.61,1247.93,0.8307,0.7329,0.7101,57,Low,17334.67
137,16,25500.0,17128.4,8371.6,0.3283,5788.9,5487.42,2166.03,949.73,1446.21,1045.1,1275.5,856.42,0.6843,0.6506,0.737,51,Low,16678.17
137,17,25500.0,14262.55,11237.45,0.4407,3435.8,4748.51,1920.31,1152.21,702.54,1079.74,804.42,419.03,0.6818,0.6022,0.5489,55,Low,13822.64
137,18,25750.0,15755.07,9994.93,0.3882,3818.66,4144.73,1322.18,1802.55,1345.27,878.66,680.6,1762.43,0.7337,0.7984,0.7992,59,Low,16550.77
137,19,25750.0,15789.3,9960.7,0.3868,5280.34,5690.09,1766.14,2249.54,1303.61,790.69,805.33,789.47,0.7012,0.5125,0.5852,51,Low,15338.5
137,20,25750.0,18041.8,7708.2,0.2993,4207.74,6189.86,2508.05,952.51,876.96,813.19,1248.22,1245.28,0.5889,0.5588,0.6298,45,Moderate,18484.73
137,21,25750.0,17353.56,8396.44,0.3261,3842.84,6595.97,1695.23,3106.08,1319.91,1884.41,800.92,867.68,0.7809,0.5096,0.5553,50,Low,18420.29
137,22,25750.0,17915.03,7834.97,0.3043,4671.11,4599.45,1905.08,1925.26,1121.67,1511.38,1168.84,1012.24,0.7877,0.5136,0.7257,50,Low,17830.39
137,23,25750.0,14623.29,11126.71,0.4321,4794.89,5318.53,1545.78,2241.66,954.82,1124.38,632.3,731.16,0.634,0.5107,0.5132,51,Low,14583.16
138,0,65000.0,39033.11,25966.89,0.3995,13387.77,10650.28,4291.24,3501.06,2993.84,3588.4,2160.05,1951.66,0.941,0.3903,0.6833,55,Low,39253.9
138,1,65000.0,35016.01,29983.99,0.4613,10715.78,13767.17,4245.04,3445.5,1614.46,1560.48,1262.8,1750.8,0.9424,0.5503,0.728,62,Low,35911.36
138,2,65000.0,38276.96,26723.04,0.4111,13316.69,11633.55,4544.63,6437.89,2519.43,4372.17,3032.19,1913.85,0.7597,0.6104,0.717,56,Low,38445.75
138,3,65000.0,43140.79,21859.21,0.3363,9593.96,14327.2,6384.38,5109.22,1973.04,1821.12,1135.6,2796.26,0.946,0.4828,0.7115,55,Low,40982.91
138,4,65000.0,39587.72,25412.28,0.391,9315.35,15764.9,5927.04,3924.18,2083.43,1777.09,853.88,1979.39,0.9386,0.4687,0.646,57,Low,41447.97
138,5,65000.0,42075.75,22924.25,0.3527,8615.19,13873.71,5236.11,3638.41,3409.68,4789.89,1825.97,686.79,0.9062,0.4206,0.6686,53,Low,44834.91
138,6,65650.0,43550.67,22099.33,0.3366,9039.51,11101.21,4122.76,2451.72,2524.0,4149.15,1746.69,8415.64,0.922,0.6551,0.7321,59,Low,45245.92
138,7,65650.0,43143.65,22506.35,0.3428,12896.33,16427.84,6362.9,5771.37,1767.4,2689.45,1308.0,2157.18,0.8784,0.3648,0.6421,50,Low,41524.6
138,8,65650.0,38248.05,27401.95,0.4174,8335.09,10098.2,5432.08,2824.11,2520.93,2632.64,2046.07,4358.93,0.825,0.3877,0.6372,53,Low,38836.3
138,9,65650.0,35642.11,30007.89,0.4571,12322.52,13825.58,4431.94,5036.23,3066.69,1785.29,2810.43,1782.11,0.8426,0.5194,0.7263,58,Low,35923.79
138,10,65650.0,43618.62,22031.38,0.3356,9398.52,16924.56,6386.22,5734.45,3033.43,4266.55,2180.21,2180.93,0.8989,0.604,0.6655,57,Low,42819.13
138,11,65650.0,40051.69,25598.31,0.3899,13784.05,15417.38,3991.0,3726.65,2667.06,2162.92,1485.19,2002.58,0.9583,0.6512,0.7247,62,Low,38196.68
138,12,66300.0,37187.22,29112.78,0.4391,11000.05,10422.68,4555.82,2045.51,1199.18,2005.14,2081.33,3877.52,0.8948,0.4898,0.6545,58,Low,38461.74
138,13,66300.0,38343.77,27956.23,0.4217,7744.73,14722.84,5491.96,7169.32,2198.52,2198.91,1412.72,1917.19,0.761,0.5821,0.6933,56,Low,40093.46
138,14,66300.0,35869.91,30430.09,0.459,8738.59,11026.56,5032.31,5662.41,2993.0,2334.12,2210.69,1793.5,0.8852,0.3684,0.671,56,Low,34705.15
138,15,66300.0,44323.97,21976.03,0.3315,10533.52,12698.39,6039.79,7113.26,2234.39,4507.55,3060.9,2216.2,0.7478,0.5492,0.723,51,Low,45634.63
138,16,66300.0,34406.83,31893.17,0.481,11744.11,8986.99,3688.27,3448.95,1572.62,2191.12,936.47,1838.28,0.954,0.401,0.5985,60,Low,35236.22
138,17,66300.0,39327.79,26972.21,0.4068,9226.51,13524.73,5259.65,4426.24,1744.03,2601.15,2116.1,429.38,0.8668,0.4113,0.6942,54,Low,41163.38
138,18,66950.0,43545.79,23404.21,0.3496,13339.58,16603.67,4115.04,7361.28,3448.67,4055.65,1308.98,2177.29,0.9878,0.4926,0.819,57,Low,44912.71
138,19,66950.0,40142.46,26807.54,0.4004,10514.44,14651.49,5935.8,7590.05,3366.0,3424.2,1783.71,2007.12,0.8147,0.5205,0.5751,55,Low,39400.16
138,20,66950.0,42225.49,24724.51,0.3693,9496.39,16116.69,4318.82,3910.93,2264.74,4672.59,1992.19,2111.27,0.828,0.5755,0.7505,55,Low,42058.03
138,21,66950.0,37731.43,29218.57,0.4364,8903.43,10887.03,5377.67,4971.23,2384.79,1733.31,2709.78,764.19,0.786,0.4518,0.6366,54,Low,38693.63
138,22,66950.0,36994.55,29955.45,0.4474,12324.78,11876.75,3067.2,4170.0,3593.3,4079.77,1758.56,1849.73,0.8309,0.4376,0.6419,56,Low,35312.39
138,23,66950.0,45400.33,21549.67,0.3219,12553.12,14839.4,3805.49,7865.47,1364.82,2391.66,3405.92,2270.02,0.7997,0.5853,0.6848,53,Low,46763.87
139,0,180000.0,107829.27,72170.73,0.4009,24740.06,35327.82,12284.08,12031.85,8705.47,7301.95,7039.28,398.77,0.6097,0.3016,0.5357,43,Low,101472.21
139,1,180000.0,117074.5,62925.5,0.3496,39552.12,41211.83,10049.1,23032.41,7037.55,10100.51,5641.17,5853.72,0.4555,0.3273,0.4134,37,Moderate,122532.44
139,2,180000.0,110526.24,69473.76,0.386,33865.37,35816.13,10250.46,6303.78,6928.42,8952.11,8280.48,129.5,0.4716,0.3892,0.3844,41,Moderate,106586.67
139,3,180000.0,103508.05,76491.95,0.425,21413.81,37959.21,14827.57,13483.48,10081.74,8373.22,6229.7,5175.4,0.6676,0.4717,0.6172,50,Low,105074.52
139,4,180000.0,117484.44,62515.56,0.3473,34494.6,29820.26,16719.9,19641.12,6316.19,5374.96,7363.99,5874.22,0.4499,0.4001,0.4143,39,Moderate,118621.36
139,5,180000.0,105770.88,74229.12,0.4124,34510.79,33251.58,8911.94,11238.0,9936.61,5412.16,2567.77,5288.54,0.5963,0.4088,0.5736,46,Moderate,106477.67
139,6,181800.0,99897.25,81902.75,0.4505,20242.82,32028.04,11765.82,8399.41,6998.51,10579.18,5924.38,3959.09,0.5768,0.4462,0.5727,48,Moderate,102478.02
139,7,181800.0,114999.9,66800.1,0.3674,24751.54,30124.9,14133.65,18066.7,10736.87,12815.08,3777.06,594.1,0.6776,0.4888,0.6045,49,Low,122601.94
139,8,181800.0,93168.76,88631.24,0.4875,26038.51,29982.55,13383.97,5151.4,4887.46,8295.56,3104.83,2324.46,0.6339,0.3135,0.5275,48,Low,96579.92
139,9,181800.0,116333.29,65466.71,0.3601,25185.09,38368.55,13788.74,10088.91,6514.77,7822.37,8437.03,6127.82,0.6565,0.397,0.5151,45,Low,110873.68
139,10,181800.0,110816.85,70983.15,0.3904,28643.97,30300.42,16033.94,18868.55,4911.03,5992.78,5750.07,316.09,0.385,0.2921,0.4263,36,Moderate,105895.33
139,11,181800.0,98583.49,83216.51,0.4577,21896.24,28713.49,14242.54,7286.96,7234.49,8071.2,6559.83,4578.74,0.4907,0.3405,0.342,43,Moderate,105144.66
139,12,183600.0,100810.82,82789.18,0.4509,25607.77,39759.89,11235.14,19593.77,8397.16,11417.26,6614.76,5040.54,0.5099,0.3619,0.3827,44,Moderate,96162.91
139,13,183600.0,107379.84,76220.16,0.4151,35090.31,41508.17,15427.56,11343.37,4983.61,5488.1,7079.74,5368.99,0.5215,0.3628,0.4313,43,Moderate,113500.41
139,14,183600.0,96499.44,87100.56,0.4744,29361.32,28026.22,13162.1,18644.68,6482.56,7260.34,5732.96,4824.97,0.413,0.4458,0.354,44,Moderate,96809.49
139,15,183600.0,105621.06,77978.94,0.4247,25295.24,39785.62,8519.08,11300.57,10506.93,6053.84,7454.13,5281.05,0.5396,0.3562,0.5145,44,Moderate,104497.15
139,16,183600.0,91430.49,92169.51,0.502,20386.88,25360.66,12909.06,6072.36,8381.02,3769.5,7248.91,7302.11,0.5717,0.5148,0.6409,52,Moderate,95090.44
139,17,183600.0,104294.03,79305.97,0.4319,30965.7,36016.33,10511.54,11622.28,5749.83,10850.93,8151.21,5214.7,0.648,0.3513,0.5291,47,Low,108765.01
139,18,185400.0,118125.52,67274.48,0.3629,28622.58,43948.22,15801.67,18839.59,7322.79,9252.61,4800.39,5906.28,0.6407,0.408,0.5292,45,Low,119647.33
139,19,185400.0,104002.09,81397.91,0.439,32787.43,32028.36,14155.37,18156.12,5328.41,11156.09,5197.26,5200.1,0.5193,0.4561,0.4516,46,Moderate,105372.03
139,20,185400.0,95061.93,90338.07,0.4873,25288.0,28688.25,10590.09,17252.7,4510.5,11002.45,5969.84,4753.1,0.5164,0.3226,0.4733,45,Moderate,99618.75
139,21,185400.0,102014.09,83385.91,0.4498,33553.42,38475.58,12955.39,18468.5,4577.91,6150.01,7149.42,5100.7,0.4423,0.5119,0.5444,46,Moderate,98774.62
139,22,185400.0,94391.95,91008.05,0.4909,28236.32,31050.64,12638.48,17524.13,7196.76,7291.88,5304.55,4719.6,0.5558,0.4331,0.5631,49,Moderate,97821.53
139,23,185400.0,101560.86,83839.14,0.4522,25393.39,36414.69,13675.45,14814.78,5214.61,10601.26,2780.08,5078.04,0.4518,0.3953,0.3977,43,Moderate,106714.79
140,0,85000.0,47539.51,37460.49,0.4407,11883.1,14430.18,5841.91,4143.42,4292.59,3314.67,3525.68,107.97,0.5924,0.5018,0.584,50,Moderate,48974.06
140,1,85000.0,44240.76,40759.24,0.4795,10522.52,16786.46,5184.93,7999.36,3021.59,2843.08,1559.32,2212.04,0.5234,0.4368,0.5433,48,Moderate,42715.76
140,2,85000.0,40255.61,44744.39,0.5264,12676.75,15789.8,4669.76,7106.43,3425.46,3975.31,2959.33,2012.78,0.4833,0.5555,0.4507,52,Moderate,40735.33
140,3,85000.0,42557.58,42442.42,0.4993,14693.21,10921.75,5562.18,7491.42,4194.17,4475.24,3056.91,2127.88,0.5751,0.6018,0.6811,54,Moderate,43785.43
140,4,85000.0,48598.43,36401.57,0.4283,15071.54,12940.78,5949.2,4480.12,2971.42,3930.98,3009.61,244.77,0.4149,0.5441,0.5196,45,Moderate,47114.33
140,5,85000.0,41356.2,43643.8,0.5135,9382.18,14161.46,3829.45,2604.04,2270.06,2452.6,1530.18,5126.24,0.5012,0.5271,0.5397,51,Moderate,39096.37
140,6,85850.0,40912.52,44937.48,0.5234,12096.6,12886.01,3494.3,4015.25,3352.76,4294.45,2669.81,2045.63,0.4835,0.4856,0.5197,50,Moderate,43114.14
140,7,85850.0,47575.55,38274.45,0.4458,10322.84,16991.56,4706.25,5804.54,4085.0,2671.05,2655.22,339.08,0.3801,0.4806,0.3987,43,Moderate,48661.93
140,8,85850.0,41544.98,44305.02,0.5161,11796.06,12594.63,5863.79,6421.65,1650.48,2140.37,1977.57,2077.25,0.5797,0.398,0.4789,50,Moderate,40637.39
140,9,85850.0,44751.54,41098.46,0.4787,11981.14,15461.71,4284.67,7945.82,3338.57,5190.24,2598.87,2237.58,0.4806,0.5971,0.495,50,Moderate,46006.88
140,10,85850.0,45851.99,39998.01,0.4659,13089.71,13058.48,4923.3,7917.82,3105.48,5116.08,2876.48,2292.6,0.4528,0.4397,0.4533,45,Moderate,47752.03
140,11,85850.0,46065.5,39784.5,0.4634,13213.38,12953.23,4892.51,7531.01,4223.94,2471.5,3655.35,2303.27,0.5288,0.3089,0.4942,44,Moderate,45295.92
140,12,86700.0,46735.96,39964.04,0.4609,15667.11,12648.37,3957.79,8571.4,4482.08,4852.41,3184.48,2336.8,0.49,0.468,0.4835,47,Moderate,49086.66
140,13,86700.0,44977.98,41722.02,0.4812,9744.09,13810.62,5549.68,6715.77,2413.45,2921.87,1460.95,2361.56,0.5773,0.5796,0.4991,53,Moderate,46524.75
140,14,86700.0,51456.19,35243.81,0.4065,15619.77,18167.8,5052.11,8450.43,2069.73,4157.09,2485.02,2572.81,0.4877,0.3303,0.4258,41,Moderate,49779.29
140,15,86700.0,46330.73,40369.27,0.4656,9765.17,17836.06,5867.56,3144.91,3761.83,4127.57,1047.83,779.79,0.4218,0.4239,0.3537,44,Moderate,46886.1
140,16,86700.0,44773.5,41926.5,0.4836,9991.99,16458.58,6495.26,7045.54,3711.53,4842.99,3083.62,2238.67,0.6065,0.481,0.4574,51,Low,42509.18
140,17,86700.0,41468.88,45231.12,0.5217,11452.86,14490.01,4563.19,6516.0,2191.98,1879.25,3203.43,2073.44,0.6196,0.415,0.5987,52,Low,39869.8
140,18,87550.0,46278.12,41271.88,0.4714,16125.88,13002.92,6218.49,3835.54,3864.35,2093.42,1775.49,2313.91,0.4828,0.5739,0.5121,50,Moderate,46018.54
140,19,87550.0,47204.05,40345.95,0.4608,14952.43,17563.27,5678.37,6164.5,4685.08,1963.45,951.41,2360.2,0.4896,0.4162,0.4526,45,Moderate,49786.04
140,20,87550.0,44607.56,42942.44,0.4905,11419.48,13618.1,5469.89,6206.82,3807.6,4983.03,1454.64,2230.38,0.4361,0.4974,0.4694,47,Moderate,42693.07
140,21,87550.0,43591.06,43958.94,0.5021,14789.48,11981.33,5219.24,3405.9,2326.89,3211.24,1687.11,969.87,0.5451,0.3543,0.4635,47,Moderate,42236.2
140,22,87550.0,44640.56,42909.44,0.4901,12307.13,13373.15,5660.19,3448.92,2843.66,4581.45,3256.83,2232.03,0.5016,0.3063,0.3181,44,Moderate,46374.72
140,23,87550.0,54598.34,32951.66,0.3764,13799.98,15994.64,6028.03,10482.5,4456.84,6303.77,2776.15,2729.92,0.3631,0.39,0.4164,37,Moderate,56306.84
141,0,45000.0,21342.0,23658.0,0.5257,6319.08,5649.36,2369.97,2387.32,1070.59,2506.29,643.08,396.31,0.5622,0.6625,0.6508,57,Moderate,21984.9
141,1,45000.0,23230.46,21769.54,0.4838,4860.97,6727.38,3287.35,3294.81,1581.14,1616.61,949.55,912.64,0.6745,0.8078,0.7084,62,Low,21987.67
141,2,45000.0,24486.64,20513.36,0.4559,6398.59,7462.91,2864.13,4706.84,1568.54,1216.46,1042.03,1224.33,0.6787,0.841,0.7843,61,Low,24788.19
141,3,45000.0,23506.49,21493.51,0.4776,6667.04,6147.27,2809.17,4495.6,1600.64,946.26,1104.29,1175.32,0.5684,0.7133,0.714,56,Moderate,22423.81
141,4,45000.0,19488.05,25511.95,0.5669,4918.34,7278.07,1997.26,2575.04,1335.33,1023.99,1461.19,974.4,0.5875,0.7424,0.5957,61,Moderate,18897.09
141,5,45000.0,23610.71,21389.29,0.4753,7278.21,8236.16,2541.73,1462.69,1522.39,1761.56,1758.96,1180.54,0.5397,0.5768,0.6534,51,Moderate,23383.97
141,6,45450.0,23033.79,22416.21,0.4932,7400.97,6711.63,2043.03,4103.01,716.94,2530.48,1126.13,1151.69,0.4266,0.7012,0.5358,52,Moderate,21858.13
141,7,45450.0,21820.1,23629.9,0.5199,7356.62,6384.86,3013.1,2135.96,2018.84,2528.38,1730.8,1091.0,0.5074,0.8041,0.7293,58,Moderate,21412.79
141,8,45450.0,21311.19,24138.81,0.5311,4480.34,8116.93,3104.66,2528.49,1812.77,1865.73,515.37,1065.56,0.4515,0.7536,0.5898,56,Moderate,20175.51
141,9,45450.0,20406.7,25043.3,0.551,6028.11,6516.16,2959.5,4010.36,1930.53,1718.19,501.39,1020.34,0.6903,0.7925,0.7536,65,Low,20576.42
141,10,45450.0,23971.65,21478.35,0.4726,6230.96,6731.13,3257.24,3453.0,1218.79,1460.78,956.43,663.32,0.4069,0.7572,0.6392,52,Moderate,23001.69
141,11,45450.0,24301.3,21148.7,0.4653,5803.17,6399.84,2090.61,4642.56,1429.12,2614.88,1586.1,1215.06,0.4449,0.571,0.5067,48,Moderate,24385.92
141,12,45900.0,25486.44,20413.56,0.4447,5422.41,7158.32,3354.63,2041.83,1936.53,2844.05,1610.58,1118.08,0.6936,0.7159,0.7858,58,Low,27166.25
141,13,45900.0,19407.05,26492.95,0.5772,5642.17,7574.87,2638.53,1641.3,1217.35,971.22,1199.06,970.35,0.5893,0.8234,0.6822,64,Moderate,19186.61
141,14,45900.0,26022.07,19877.93,0.4331,6488.47,8222.93,2198.33,5071.36,1859.62,1876.86,1076.15,1301.1,0.4176,0.7611,0.5187,51,Moderate,24958.9
141,15,45900.0,22343.11,23556.89,0.5132,7117.41,6036.08,1900.88,1217.46,1719.05,1061.64,1176.27,2114.32,0.559,0.5985,0.5685,54,Moderate,22542.13
141,16,45900.0,25076.53,20823.47,0.4537,6709.12,8379.38,2291.14,3157.48,2226.55,1051.19,665.57,596.09,0.5675,0.6272,0.638,53,Moderate,25659.62
141,17,45900.0,23782.6,22117.4,0.4819,6216.45,9148.2,2605.99,3579.33,1426.26,2725.92,1651.53,1189.13,0.4693,0.6629,0.5003,52,Moderate,22367.2
141,18,46350.0,26003.64,20346.36,0.439,8939.84,9788.85,2717.23,4279.55,2381.5,1169.83,702.31,1300.18,0.6306,0.7982,0.7475,58,Low,27486.72
141,19,46350.0,25603.65,20746.35,0.4476,5794.83,7583.74,3815.22,3017.12,1692.16,1208.73,1525.74,966.1,0.5102,0.6585,0.5847,51,Moderate,25121.2
141,20,46350.0,25118.36,21231.64,0.4581,5726.4,7743.41,2574.02,4026.25,1390.01,1725.04,1871.29,61.94,0.426,0.5645,0.3991,47,Moderate,24993.39
141,21,46350.0,24272.87,22077.13,0.4763,5818.83,8683.91,3345.37,3714.65,1805.89,2363.55,1258.29,1213.64,0.4085,0.71,0.4934,51,Moderate,23484.73
141,22,46350.0,27333.91,19016.09,0.4103,7374.29,9739.12,3760.59,3231.99,2220.83,2960.36,1982.91,1366.7,0.4013,0.7974,0.675,50,Moderate,27123.57
141,23,46350.0,25802.45,20547.55,0.4433,7651.84,7859.83,3646.23,1482.93,2471.04,3037.71,1429.76,1290.12,0.4838,0.5641,0.4598,48,Moderate,24725.83
142,0,25000.0,18965.74,6034.26,0.2414,6178.7,6850.35,2107.95,3633.32,1613.76,1940.55,692.66,948.29,0.7695,0.7534,0.7403,52,Moderate,19849.86
142,1,25000.0,16473.19,8526.81,0.3411,3948.84,6424.69,2401.41,976.79,1055.14,966.61,395.33,304.38,0.9698,0.7434,0.7834,63,Low,15534.48
142,2,25000.0,18953.31,6046.69,0.2419,5533.73,4757.15,2713.04,2356.62,1395.73,1631.96,985.81,947.67,0.7843,0.874,0.7332,56,Moderate,20189.58
142,3,25000.0,17869.16,7130.84,0.2852,4405.01,5240.19,1505.75,1628.03,1579.03,1589.58,1298.41,623.17,0.9022,0.8471,0.8464,61,Moderate,17809.79
142,4,25000.0,17992.23,7007.77,0.2803,3756.06,4896.21,1716.2,2794.48,916.0,885.21,710.71,2317.37,0.9017,1.0,1.0,64,Moderate,16947.13
142,5,25000.0,18434.48,6565.52,0.2626,5606.99,6258.4,1742.06,1898.59,660.15,1484.44,600.89,182.96,0.722,0.9597,0.8804,57,Moderate,19535.7
142,6,25250.0,16654.85,8595.15,0.3404,5231.21,5640.92,1700.56,1417.61,990.49,1208.38,592.32,832.74,0.9853,0.8958,0.956,67,Low,16087.09
142,7,25250.0,19697.71,5552.29,0.2199,6751.56,6271.5,2616.83,2724.32,908.79,1885.22,624.39,984.89,0.977,0.8644,0.9907,60,Moderate,19870.21
142,8,25250.0,18105.25,7144.75,0.283,5034.03,4980.88,2639.65,2733.88,1484.12,1885.46,654.73,905.26,0.7612,0.8458,0.8523,56,Moderate,18335.96
142,9,25250.0,19973.22,5276.78,0.209,4928.55,7880.32,2436.82,3758.06,1779.26,1326.25,962.49,998.66,0.854,0.9443,0.9931,58,Moderate,19757.89
142,10,25250.0,16237.55,9012.45,0.3569,3577.25,5701.12,2186.47,1120.4,533.41,1410.15,1098.11,610.63,0.804,0.8139,0.831,60,Low,16461.51
142,11,25250.0,18516.71,6733.29,0.2667,6248.57,5028.81,2758.23,3506.61,1618.59,1396.23,1205.73,925.84,0.8853,1.0,0.8737,63,Moderate,17642.64
142,12,25500.0,18491.82,7008.18,0.2748,5440.12,7157.38,2039.35,1917.97,964.11,2007.67,1282.94,924.59,0.7973,0.9029,0.8468,58,Moderate,19358.28
142,13,25500.0,16741.17,8758.83,0.3435,3372.72,6431.37,1625.24,2898.7,678.11,1230.3,1090.44,837.06,1.0,0.9351,0.9713,68,Low,16082.59
142,14,25500.0,20370.73,5129.27,0.2011,6844.57,5853.07,2673.35,1331.61,1882.66,1687.23,767.15,1018.54,0.731,0.9122,0.8337,53,Moderate,19791.39
142,15,25500.0,17848.43,7651.57,0.3001,4028.05,6571.01,2133.2,2994.35,1200.51,1888.03,559.86,892.42,0.8663,0.9796,0.9899,63,Low,18581.13
142,16,25500.0,16373.27,9126.73,0.3579,4757.63,5215.13,2080.56,2349.12,1037.85,1169.82,719.5,818.66,0.9071,1.0,1.0,68,Low,17408.42
142,17,25500.0,19374.77,6125.23,0.2402,4096.71,7468.91,1941.48,1489.38,646.66,1911.83,702.68,1117.13,0.95,0.9612,0.9119,63,Moderate,19506.34
142,18,25750.0,19843.81,5906.19,0.2294,5433.67,6612.12,2762.14,2654.95,1008.06,1980.19,1372.98,992.19,1.0,0.9966,0.9311,65,Moderate,18776.37
142,19,25750.0,20301.57,5448.43,0.2116,5251.15,7289.33,1697.82,3991.17,966.28,1351.15,634.23,1015.08,0.8396,0.95,0.8224,58,Moderate,20429.15
142,20,25750.0,16951.13,8798.87,0.3417,4767.22,6399.04,1558.51,2088.5,727.65,1804.87,981.8,847.56,0.8573,0.8387,0.805,62,Low,15980.07
142,21,25750.0,17751.57,7998.43,0.3106,4480.74,4798.81,2049.05,1480.76,1736.33,955.08,962.96,1287.84,0.8788,0.8688,0.873,62,Low,17108.44
142,22,25750.0,19309.47,6440.53,0.2501,5815.17,7234.31,1789.06,1280.19,1345.33,2092.61,521.77,965.47,0.7879,0.8626,0.7458,56,Moderate,19156.19
142,23,25750.0,18985.31,6764.69,0.2627,5024.47,7481.6,2647.32,2796.57,628.96,903.53,685.86,949.27,0.7796,0.807,0.8265,55,Moderate,20102.34
143,0,45000.0,22246.7,22753.3,0.5056,7204.73,7115.51,1784.94,3252.09,1686.61,1858.66,1601.95,1112.34,0.7094,0.6745,0.6808,60,Low,22010.03
143,1,45000.0,20074.67,24925.33,0.5539,5341.71,5322.09,2387.98,2020.89,1926.63,2221.67,581.74,271.97,0.5548,0.5969,0.596,56,Moderate,21108.68
143,2,45000.0,24813.04,20186.96,0.4486,7551.04,6803.8,2688.47,2862.44,1577.46,1066.35,1708.57,554.89,0.5329,0.4848,0.5399,48,Moderate,26240.42
143,3,45000.0,22912.31,22087.69,0.4908,5837.44,8442.63,2693.7,3910.6,1643.1,1032.86,604.94,1145.62,0.637,0.6188,0.5614,56,Low,21956.02
143,4,45000.0,25407.04,19592.96,0.4354,6713.41,7382.45,3598.0,4220.19,919.89,2413.55,824.98,1270.35,0.54,0.5138,0.589,48,Moderate,24721.21
143,5,45000.0,22747.99,22252.01,0.4945,4967.05,8582.4,2607.71,2919.4,1444.22,1875.72,770.28,1137.4,0.6438,0.3837,0.5179,51,Low,23776.11
143,6,45450.0,22734.66,22715.34,0.4998,4909.44,8589.79,1887.23,3542.27,1871.3,2144.6,1518.19,1136.73,0.7585,0.4463,0.5553,56,Low,21704.92
143,7,45450.0,18506.69,26943.31,0.5928,6301.06,5934.51,1836.13,3350.08,1673.73,1663.57,952.29,925.33,0.7714,0.4029,0.5497,59,Low,18273.92
143,8,45450.0,18880.06,26569.94,0.5846,5757.84,6643.38,2534.9,2853.14,1723.18,1531.8,1366.69,944.0,0.7992,0.4487,0.5303,61,Low,17936.4
143,9,45450.0,19483.41,25966.59,0.5713,6283.27,6611.52,1712.09,3182.18,992.67,1171.85,1527.82,974.17,0.7607,0.5098,0.7118,61,Low,18923.01
143,10,45450.0,23969.43,21480.57,0.4726,8216.97,8952.2,2958.76,1942.26,2355.36,2015.31,492.5,1198.47,0.6409,0.6167,0.5334,55,Low,25033.89
143,11,45450.0,26028.64,19421.36,0.4273,6898.36,9996.2,3250.79,4589.63,1448.04,2874.28,914.22,1301.43,0.5354,0.5743,0.5357,49,Moderate,27705.88
143,12,45900.0,19792.83,26107.17,0.5688,4110.96,5055.8,1795.93,3876.59,1096.22,1291.35,823.68,1742.31,0.6178,0.5341,0.6367,57,Low,20903.35
143,13,45900.0,21955.05,23944.95,0.5217,4920.09,6556.1,2145.34,2266.24,1936.97,1374.37,447.4,2308.54,0.7822,0.6719,0.7995,63,Low,23445.44
143,14,45900.0,21454.59,24445.41,0.5326,6249.42,7271.24,3052.06,1573.63,1052.95,2229.79,1285.37,1072.73,0.5746,0.6747,0.6714,58,Moderate,22219.39
143,15,45900.0,22871.47,23028.53,0.5017,5662.03,6934.02,3043.77,4035.16,695.39,1837.94,1216.34,1143.57,0.5683,0.4101,0.5488,49,Moderate,23327.09
143,16,45900.0,20112.59,25787.41,0.5618,5200.85,5129.65,2334.56,1291.19,997.19,1726.08,1190.6,2242.47,0.6527,0.4429,0.569,55,Low,20303.5
143,17,45900.0,24256.62,21643.38,0.4715,8433.35,8988.3,2954.28,4147.76,2141.29,1800.42,620.35,1212.83,0.7548,0.39,0.5264,53,Low,24484.29
143,18,46350.0,25833.34,20516.66,0.4426,7476.04,8508.63,3852.11,3797.77,1119.92,1751.78,1428.88,1291.67,0.6742,0.5705,0.6475,54,Low,27524.82
143,19,46350.0,26497.81,19852.19,0.4283,6622.63,9305.32,2738.95,2733.64,970.9,2463.98,1449.22,213.17,0.5227,0.5496,0.5374,48,Moderate,27252.06
143,20,46350.0,22116.41,24233.59,0.5228,6120.9,8520.54,1948.41,4358.01,1498.91,1795.0,1196.87,1105.82,0.5635,0.4897,0.4935,52,Moderate,23011.51
143,21,46350.0,20977.68,25372.32,0.5474,6479.22,5588.06,2804.9,1194.79,1312.07,1960.26,1258.15,380.23,0.6751,0.6511,0.7127,61,Low,20183.66
143,22,46350.0,23682.98,22667.02,0.489,7915.21,9341.6,3080.56,1246.59,1990.78,1331.25,826.77,1184.15,0.5761,0.4968,0.4683,51,Moderate,23616.13
143,23,46350.0,22573.12,23776.88,0.513,6965.39,7363.89,2652.22,4290.78,1893.55,1870.92,950.91,1128.66,0.8091,0.6271,0.6947,63,Low,23487.59
144,0,180000.0,134614.68,45385.32,0.2521,46839.47,41321.71,19158.35,22155.07,11129.65,9004.75,3009.04,6730.73,0.5949,0.5797,0.5149,43,Moderate,126747.77
144,1,180000.0,132495.4,47504.6,0.2639,37586.92,40201.84,16817.75,12770.19,12691.45,8979.06,9713.79,6624.77,0.6524,0.6176,0.6547,46,Moderate,140162.45
144,2,180000.0,153158.85,26841.15,0.1491,44900.7,52547.4,13341.99,18314.99,14601.74,8900.5,11094.98,7657.94,0.417,0.7308,0.6699,37,Moderate,158134.64
144,3,180000.0,145708.42,34291.58,0.1905,38803.34,37544.79,20012.54,14932.63,13368.37,13450.32,7881.14,7285.42,0.5443,0.6052,0.5231,40,Moderate,143448.24
144,4,180000.0,148869.26,31130.74,0.1729,37921.14,50890.93,19180.8,20842.79,7645.56,13593.88,3989.29,7443.46,0.5675,0.5238,0.5291,37,Moderate,146200.7
144,5,180000.0,137055.64,42944.36,0.2386,35088.6,54261.65,14295.52,12687.62,6399.64,9173.68,4202.4,946.53,0.424,0.5999,0.491,38,Moderate,131575.06
144,6,181800.0,148187.35,33612.65,0.1849,30861.49,43277.22,14117.59,18536.6,6913.51,12016.09,4594.29,17870.58,0.6067,0.4842,0.504,38,Moderate,151421.74
144,7,181800.0,139610.79,42189.21,0.2321,30134.18,39831.02,15471.84,8523.83,9506.28,9618.22,6898.63,19626.78,0.5968,0.5495,0.6044,42,Moderate,137464.6
144,8,181800.0,143324.61,38475.39,0.2116,49455.94,40022.11,12421.94,9540.68,7106.09,11873.03,6301.22,6603.59,0.5073,0.5055,0.5951,37,Moderate,135984.3
144,9,181800.0,158228.14,23571.86,0.1297,43249.84,56342.73,22740.19,21619.92,11216.54,13485.95,8234.74,7911.41,0.4926,0.6688,0.6546,37,Moderate,149505.67
144,10,181800.0,142765.35,39034.65,0.2147,33325.68,43529.88,17094.53,25383.34,10512.5,16128.36,8431.79,7138.27,0.3939,0.556,0.4348,35,Moderate,148807.83
144,11,181800.0,137792.54,44007.46,0.2421,40030.74,54247.49,18417.79,14698.87,8991.13,13677.37,4566.4,6889.63,0.3941,0.5743,0.5631,37,Moderate,131577.03
144,12,183600.0,143900.54,39699.46,0.2162,28942.03,44891.93,12352.3,26021.28,9455.86,6693.28,9099.29,6444.56,0.6855,0.7492,0.7637,49,Moderate,141693.82
144,13,183600.0,160716.68,22883.32,0.1246,51568.46,63304.29,19247.01,18651.13,11448.85,15677.77,12172.54,8035.83,0.6094,0.7408,0.7099,42,Moderate,161593.17
144,14,183600.0,146804.2,36795.8,0.2004,39623.74,44617.93,14225.03,9171.68,14506.12,11161.24,11358.69,2139.75,0.6835,0.4782,0.5623,41,Moderate,142084.76
144,15,183600.0,148928.26,34671.74,0.1888,32887.15,57020.23,16106.95,20420.68,13335.62,8543.84,11304.09,7446.41,0.4938,0.6131,0.6056,38,Moderate,157850.76
144,16,183600.0,140557.67,43042.33,0.2344,31536.55,42173.98,14663.34,27307.1,10753.09,14174.14,10032.25,7027.88,0.5604,0.742,0.6799,45,Moderate,147218.62
144,17,183600.0,135823.62,47776.38,0.2602,30904.13,50380.74,12390.16,12507.26,7254.86,11110.2,3158.38,8117.89,0.5379,0.5702,0.5428,42,Moderate,140317.98
144,18,185400.0,161313.74,24086.26,0.1299,55257.95,46839.1,14542.75,14350.91,12156.64,7903.39,8143.61,2119.38,0.6067,0.5998,0.51,39,Moderate,163656.89
144,19,185400.0,140400.04,44999.96,0.2427,46579.69,56005.85,18400.23,21473.79,9696.5,10496.83,9304.37,7020.0,0.5374,0.55,0.6295,40,Moderate,134074.33
144,20,185400.0,145091.75,40308.25,0.2174,49633.27,54776.65,12507.87,21511.14,10187.08,12287.11,3776.44,7254.59,0.672,0.4759,0.5602,41,Moderate,154626.29
144,21,185400.0,164421.32,20978.68,0.1132,36559.42,56620.26,18034.06,8701.25,14641.04,12960.96,6570.56,10333.79,0.5828,0.6127,0.6478,37,Moderate,166598.12
144,22,185400.0,155359.05,30040.95,0.162,34529.78,41352.59,22354.54,11288.63,5220.14,12401.45,6305.64,21906.29,0.4131,0.4828,0.4428,31,Moderate,158798.16
144,23,185400.0,160053.16,25346.84,0.1367,41816.92,61174.24,16287.24,24543.2,5383.68,8068.39,5209.56,8002.66,0.5735,0.7213,0.7375,41,Moderate,153928.49
145,0,250000.0,123567.98,126432.02,0.5057,27571.34,40751.51,14333.36,18292.36,7909.45,6336.11,4972.55,3401.28,0.8771,0.8125,0.9107,69,Low,124684.98
145,1,250000.0,113320.7,136679.3,0.5467,27603.23,38806.65,12668.9,18428.24,6099.62,10046.0,4243.03,5666.04,0.7323,0.8929,0.8182,68,Low,116780.65
145,2,250000.0,109500.07,140499.93,0.562,37218.12,34802.9,13379.27,13534.37,10331.2,7261.42,8353.96,5475.0,0.7364,0.8752,0.7405,69,Low,115834.61
145,3,250000.0,119349.49,130650.51,0.5226,32777.62,41405.02,16539.8,11441.1,6661.44,12877.55,7135.18,5967.47,0.6306,0.9045,0.744,65,Low,125117.47
145,4,250000.0,98640.65,151359.35,0.6054,30490.65,32209.41,9430.4,16971.84,8580.09,4545.29,3940.55,4932.03,0.7653,0.9844,0.8188,74,Low,102730.47
145,5,250000.0,128937.47,121062.53,0.4843,30506.9,51306.09,14623.28,11965.86,12865.53,15148.0,4686.53,6446.87,0.6818,0.9144,0.721,65,Low,130986.35
145,6,252500.0,118904.35,133595.65,0.5291,28957.58,40236.31,16760.77,6285.31,3771.23,13559.81,6369.64,2963.69,0.8032,0.7661,0.7137,67,Low,111926.61
145,7,252500.0,117483.7,135016.3,0.5347,39539.98,36820.53,13095.95,18338.91,7659.63,6323.85,6246.71,5874.18,0.7124,0.8605,0.6975,66,Low,121304.77
145,8,252500.0,119261.13,133238.87,0.5277,39612.29,46952.2,16158.01,8414.2,9654.53,14082.72,4572.89,5963.06,0.6677,0.7966,0.7592,63,Low,114924.51
145,9,252500.0,125891.83,126608.17,0.5014,36282.9,47057.31,18483.57,7872.79,5432.17,14999.31,8402.59,6294.59,0.8691,0.8764,0.9467,70,Low,122747.6
145,10,252500.0,116918.65,135581.35,0.537,39458.85,40692.77,14984.63,23117.11,7644.33,7559.99,4587.73,5845.93,0.6301,0.7578,0.6984,62,Low,115100.83
145,11,252500.0,95651.07,156848.93,0.6212,19440.82,34782.93,12819.11,8688.16,4631.66,10029.06,7412.62,4782.55,0.7745,0.8032,0.8762,71,Low,100678.16
145,12,255000.0,118624.22,136375.78,0.5348,40282.37,47395.4,16794.8,14291.25,6021.81,9835.8,5217.41,5931.21,0.627,0.9991,0.7498,67,Low,121122.93
145,13,255000.0,132369.63,122630.37,0.4809,36975.89,37272.45,14899.36,11475.87,12030.33,14798.21,10260.19,6618.48,0.6414,0.7233,0.6659,58,Low,128050.08
145,14,255000.0,96177.75,158822.25,0.6228,28319.65,28264.4,10905.59,7867.35,5899.86,4651.08,7436.89,2832.92,0.6986,0.7571,0.7541,67,Low,94504.88
145,15,255000.0,104678.94,150321.06,0.5895,31467.74,34984.99,10084.31,20686.65,4571.66,6675.89,7097.3,5233.95,0.8308,0.7449,0.8076,70,Low,108545.58
145,16,255000.0,105222.74,149777.26,0.5874,25064.95,41170.96,11217.11,12248.74,5169.26,7512.35,6817.95,5261.14,0.826,0.9242,0.9175,74,Low,104086.77
145,17,255000.0,118692.9,136307.1,0.5345,24582.45,33756.43,15562.15,12995.82,5598.52,6984.97,8988.36,10224.19,0.8546,0.7324,0.7062,68,Low,125372.43
145,18,257500.0,129245.74,128254.26,0.4981,43127.05,35812.69,12547.6,13665.27,10728.54,11950.07,7431.44,6462.29,0.8781,0.8617,0.7801,70,Low,132566.5
145,19,257500.0,98092.35,159407.65,0.6191,28546.77,27402.69,13133.56,9373.31,4421.7,7299.88,6024.4,1890.03,0.6333,0.8155,0.766,67,Low,104557.27
145,20,257500.0,128159.22,129340.78,0.5023,40861.07,44197.69,13130.17,19535.97,6994.11,5921.03,7566.22,6407.96,0.8473,0.7676,0.8068,67,Low,135883.08
145,21,257500.0,107211.42,150288.58,0.5836,23065.27,28466.44,14125.93,8925.87,7188.56,6483.32,3567.21,15388.83,0.7656,0.7174,0.7902,67,Low,113695.8
145,22,257500.0,125359.71,132140.29,0.5132,28727.31,44339.37,17643.63,20510.14,9294.82,10544.5,5201.03,6267.99,0.8335,0.8241,0.7435,68,Low,132801.93
145,23,257500.0,117828.52,139671.48,0.5424,31583.94,35667.9,15814.14,16773.52,8030.19,12649.32,2408.73,5891.43,0.8185,0.7975,0.8984,68,Low,124963.49
146,0,25000.0,12428.28,12571.72,0.5029,4220.71,3533.7,1734.53,1618.45,460.87,932.32,300.85,621.41,0.7254,0.673,0.7075,61,Low,11747.39
146,1,25000.0,11989.92,13010.08,0.5204,4068.22,4005.61,1378.8,1204.73,563.98,929.38,698.44,599.5,0.7497,0.8594,0.8033,67,Low,11642.1
146,2,25000.0,9370.66,15629.34,0.6252,2169.53,2395.57,890.62,1252.64,877.23,452.98,216.29,1115.8,0.5221,0.8536,0.6357,65,Moderate,8996.05
146,3,25000.0,12219.32,12780.68,0.5112,3310.89,4695.97,1546.97,1886.66,744.28,560.09,286.47,610.97,0.6071,0.646,0.5574,57,Low,12051.25
146,4,25000.0,11553.39,13446.61,0.5379,2710.67,3502.07,1179.95,841.6,512.13,1089.29,380.44,1337.26,0.4797,0.7616,0.6615,57,Moderate,10931.81
146,5,25000.0,12890.6,12109.4,0.4844,3413.41,3556.78,1816.03,918.71,396.36,550.57,796.59,1442.14,0.5465,0.7509,0.5875,56,Moderate,13492.73
146,6,25250.0,10368.95,14881.05,0.5893,2481.21,3339.17,1228.1,1710.61,953.72,590.99,503.32,518.45,0.5556,0.6151,0.6088,58,Moderate,9800.87
146,7,25250.0,9192.47,16057.53,0.6359,3043.45,3614.87,1173.96,937.43,538.11,618.87,654.34,459.62,0.5998,0.7846,0.7381,66,Moderate,9010.42
146,8,25250.0,10974.4,14275.6,0.5654,3451.13,4305.46,1413.66,577.91,439.43,737.95,545.6,548.72,0.6622,0.5673,0.6411,59,Low,11179.68
146,9,25250.0,10750.8,14499.2,0.5742,2343.23,4242.47,1186.52,1536.14,416.97,1223.67,728.88,537.54,0.7492,0.8411,0.7915,69,Low,10862.96
146,10,25250.0,10412.78,14837.22,0.5876,2382.93,3219.54,1309.63,1942.87,1021.84,749.77,239.28,520.64,0.6947,0.8405,0.7548,68,Low,10010.5
146,11,25250.0,10467.73,14782.27,0.5854,2807.82,2957.02,1418.87,1397.62,444.4,1039.41,276.63,125.96,0.6346,0.6032,0.6702,60,Low,10878.99
146,12,25500.0,12561.0,12939.0,0.5074,3358.37,3436.68,1783.61,1161.88,732.15,1241.64,994.19,628.05,0.4942,0.6315,0.5746,53,Moderate,12032.42
146,13,25500.0,10010.55,15489.45,0.6074,3356.8,3478.97,973.67,1105.08,760.56,1006.1,603.16,500.53,0.768,0.6136,0.6563,65,Low,10212.05
146,14,25500.0,11400.4,14099.6,0.5529,3767.02,3522.37,1684.3,575.74,984.63,1357.83,442.82,570.02,0.5127,0.6877,0.5207,57,Moderate,11748.98
146,15,25500.0,10977.38,14522.62,0.5695,3163.33,3624.33,1504.66,1061.5,411.15,1075.68,484.27,548.87,0.6401,0.8093,0.7425,65,Low,10849.63
146,16,25500.0,10719.46,14780.54,0.5796,2828.92,3724.52,1278.43,1807.96,868.15,938.26,540.36,535.97,0.5881,0.7637,0.7287,62,Moderate,10912.4
146,17,25500.0,12206.12,13293.88,0.5213,3804.36,3159.55,1148.46,1819.65,1082.1,1123.46,743.43,610.31,0.4882,0.5888,0.5023,52,Moderate,12152.3
146,18,25750.0,11100.89,14649.11,0.5689,3390.3,3723.32,1628.7,1086.3,565.39,1113.98,466.1,555.04,0.7528,0.6489,0.7294,64,Low,10634.26
146,19,25750.0,13192.6,12557.4,0.4877,4094.4,3940.34,1831.48,750.2,524.52,1000.26,963.65,87.75,0.6638,0.612,0.558,57,Low,13415.21
146,20,25750.0,11732.03,14017.97,0.5444,3032.79,4214.36,1497.97,973.37,602.13,556.19,421.02,434.19,0.6094,0.7847,0.7838,62,Low,11774.22
146,21,25750.0,10624.39,15125.61,0.5874,2641.71,4025.81,1364.04,1874.43,613.46,710.86,413.42,531.22,0.7673,0.7416,0.8319,67,Low,11225.68
146,22,25750.0,9474.5,16275.5,0.6321,3090.81,3252.8,776.06,778.82,384.14,532.85,637.27,21.73,0.7135,0.6183,0.6953,65,Low,9211.81
146,23,25750.0,12034.34,13715.66,0.5326,3088.57,3632.49,1537.72,1269.3,800.62,582.81,846.08,276.73,0.5696,0.6935,0.5402,58,Moderate,12701.87
147,0,25000.0,17273.17,7726.83,0.3091,3731.72,5554.77,1712.4,2580.73,1519.67,1504.03,795.09,863.66,0.5007,0.4366,0.3938,39,Moderate,17126.13
147,1,25000.0,18746.57,6253.43,0.2501,5100.87,6515.81,1728.78,2191.31,1653.41,1281.03,1204.42,937.33,0.3219,0.3563,0.3774,29,Moderate,18782.07
147,2,25000.0,20536.8,4463.2,0.1785,5567.19,5904.89,1859.5,2616.93,1450.16,858.95,897.84,1381.36,0.2875,0.4724,0.3147,28,Moderate,20113.2
147,3,25000.0,18129.8,6870.2,0.2748,4188.71,5422.53,1803.9,2375.23,1262.13,1408.59,569.33,1099.37,0.469,0.5634,0.5457,40,Moderate,18780.63
147,4,25000.0,20245.14,4754.86,0.1902,5516.96,6470.53,2316.79,1172.5,744.49,1321.55,712.52,1989.79,0.2281,0.4449,0.3811,26,Moderate,19379.51
147,5,25000.0,18566.9,6433.1,0.2573,5707.66,6332.31,2030.12,2712.12,746.79,1014.04,909.99,928.34,0.3876,0.569,0.4078,37,Moderate,17576.43
147,6,25250.0,19580.47,5669.53,0.2245,4619.77,6211.69,1609.68,2400.81,974.16,1289.93,1288.19,1186.25,0.4774,0.4219,0.4969,34,Moderate,19469.91
147,7,25250.0,19782.57,5467.43,0.2165,3967.17,5112.96,2511.41,2406.38,1411.91,1138.73,805.72,2428.28,0.3143,0.3693,0.4286,28,Moderate,20642.62
147,8,25250.0,19136.75,6113.25,0.2421,4375.07,5001.64,2058.82,3391.53,649.74,2147.17,1504.67,8.11,0.2615,0.5419,0.4443,32,Moderate,20082.62
147,9,25250.0,20822.31,4427.69,0.1754,4510.17,5541.05,2314.4,2481.22,1218.47,1227.19,645.63,2884.2,0.3766,0.3973,0.4322,29,Moderate,20333.72
147,10,25250.0,19033.68,6216.32,0.2462,6440.87,7196.74,1805.01,3429.45,629.88,1851.99,548.43,951.68,0.5076,0.5485,0.5426,40,Moderate,19687.63
147,11,25250.0,18847.6,6402.4,0.2536,4270.02,5607.25,2208.61,1276.82,1733.89,2211.34,1186.03,353.65,0.431,0.4211,0.3591,34,Moderate,19111.43
147,12,25500.0,20338.06,5161.94,0.2024,5701.99,6188.46,2844.26,2082.37,695.76,2222.7,842.87,1016.9,0.226,0.5704,0.3173,30,Moderate,20765.48
147,13,25500.0,20094.92,5405.08,0.212,5324.16,7721.21,2575.19,1333.88,1878.67,1184.04,724.25,1004.75,0.2381,0.5557,0.3549,30,Moderate,20095.44
147,14,25500.0,21931.86,3568.14,0.1399,4906.88,5530.42,2219.55,2066.84,969.51,1817.22,606.86,3814.59,0.2203,0.3079,0.2073,20,Moderate,22853.13
147,15,25500.0,21466.48,4033.52,0.1582,6570.51,8129.5,1799.81,2614.88,1171.73,1698.28,1592.6,1073.32,0.2417,0.2927,0.266,21,Moderate,22863.59
147,16,25500.0,18033.68,7466.32,0.2928,5340.5,5644.31,2012.28,3171.32,1283.23,1284.14,492.2,901.68,0.5141,0.4178,0.4043,39,Moderate,17303.07
147,17,25500.0,20455.87,5044.13,0.1978,5140.31,8036.81,2481.7,3173.72,1848.06,1856.97,686.97,1022.79,0.5128,0.5255,0.5262,37,Moderate,20860.18
147,18,25750.0,21209.13,4540.87,0.1763,5765.49,6809.16,2922.5,1638.47,1991.59,1905.67,1118.87,1060.46,0.3644,0.331,0.333,27,Moderate,20601.93
147,19,25750.0,17933.84,7816.16,0.3035,4598.29,5766.4,1883.22,2101.7,825.35,1454.45,808.6,495.83,0.4115,0.4911,0.4582,38,Moderate,18575.25
147,20,25750.0,17862.88,7887.12,0.3063,4122.11,5344.38,1926.86,1974.27,965.8,925.38,914.17,1689.92,0.4887,0.4451,0.4912,39,Moderate,17859.18
147,21,25750.0,21153.44,4596.56,0.1785,6706.57,7069.01,2320.47,1269.32,2073.34,2366.63,853.92,1057.67,0.3173,0.3443,0.2803,26,Moderate,21738.52
147,22,25750.0,20470.7,5279.3,0.205,6217.32,7418.15,2456.49,3627.34,1723.93,1282.7,1044.12,1023.54,0.4743,0.4349,0.4788,34,Moderate,20770.55
147,23,25750.0,18434.16,7315.84,0.2841,4046.13,5899.02,1909.79,1671.29,574.02,1221.46,765.29,2347.15,0.3978,0.5345,0.5608,38,Moderate,17423.8
148,0,250000.0,148048.76,101951.24,0.4078,42888.82,44232.57,14769.91,27108.5,9442.44,15767.65,7682.46,7402.44,0.4312,0.3949,0.3923,41,Moderate,150682.38
148,1,250000.0,163190.02,86809.98,0.3472,46516.42,53746.05,14480.13,24363.45,6041.29,13573.74,8748.29,8159.5,0.2682,0.4444,0.4488,34,Moderate,164733.85
148,2,250000.0,173110.54,76889.46,0.3076,59386.75,47515.0,21046.34,20034.92,11750.51,17204.83,12112.08,8655.53,0.332,0.4559,0.4208,35,Moderate,170528.33
148,3,250000.0,172803.39,77196.61,0.3088,42835.33,53400.68,16397.47,30737.9,5249.18,19461.79,3837.52,883.54,0.2717,0.6453,0.4275,38,Moderate,177948.23
148,4,250000.0,150653.39,99346.61,0.3974,32613.84,47460.09,19949.66,7737.22,11041.94,6667.04,3679.21,21504.4,0.5605,0.4017,0.5593,44,Moderate,151924.0
148,5,250000.0,175832.0,74168.0,0.2967,53243.92,51964.16,22097.03,16211.08,10832.87,12409.3,11738.53,8791.6,0.4002,0.5821,0.51,39,Moderate,187675.43
148,6,252500.0,146913.22,105586.78,0.4182,37881.75,56978.68,15759.4,21219.91,9659.95,16071.27,5188.69,7345.66,0.388,0.629,0.4859,46,Moderate,151822.75
148,7,252500.0,162985.86,89514.14,0.3545,33452.95,52829.38,13653.95,15747.87,9932.7,18787.02,9043.77,9538.23,0.3606,0.485,0.4171,38,Moderate,164281.99
148,8,252500.0,148481.19,104018.81,0.412,40626.36,46616.87,12726.41,14896.19,9669.84,11511.07,3710.92,8723.54,0.4445,0.6729,0.572,48,Moderate,145755.74
148,9,252500.0,152672.08,99827.92,0.3954,33619.54,60571.2,14022.82,23953.72,6680.64,8324.81,3369.64,2129.71,0.2784,0.6584,0.5167,42,Moderate,156016.32
148,10,252500.0,180854.27,71645.73,0.2837,44632.25,61354.08,21991.61,30565.05,6085.6,7334.37,13740.74,9042.71,0.2937,0.5989,0.5278,36,Moderate,189303.11
148,11,252500.0,143592.08,108907.92,0.4313,30837.89,51484.9,12897.42,11968.91,14234.36,8735.92,9110.58,4322.11,0.5497,0.4333,0.4453,46,Moderate,144063.19
148,12,255000.0,157857.09,97142.91,0.381,49671.44,52482.22,21001.04,21823.52,14391.83,6858.12,11708.15,7892.85,0.544,0.5826,0.5781,48,Moderate,151599.62
148,13,255000.0,176273.25,78726.75,0.3087,43654.4,48085.0,20798.54,24210.02,12589.54,15633.84,8903.18,2398.73,0.5324,0.6424,0.5897,45,Moderate,166661.66
148,14,255000.0,172201.85,82798.15,0.3247,51215.07,44781.46,25763.4,8704.05,5374.98,20070.12,7310.57,8982.2,0.3503,0.6547,0.5943,41,Moderate,164425.21
148,15,255000.0,164020.08,90979.92,0.3568,51228.63,46517.92,20350.27,32120.63,16157.87,14798.53,8268.71,8201.0,0.4386,0.5337,0.3879,42,Moderate,172483.38
148,16,255000.0,179151.95,75848.05,0.2974,50770.34,59995.05,17889.36,18793.46,9802.07,16354.3,6915.09,8957.6,0.2923,0.6644,0.4716,38,Moderate,190090.6
148,17,255000.0,155870.89,99129.11,0.3887,38296.84,56837.15,18175.81,28903.19,11011.41,10846.11,9711.46,7793.54,0.467,0.4421,0.3813,42,Moderate,149870.02
148,18,257500.0,156034.15,101465.85,0.394,34404.77,40220.34,19472.56,21041.51,7844.59,14521.1,6377.82,12151.46,0.5484,0.5672,0.6481,48,Moderate,166516.63
148,19,257500.0,168593.99,88906.01,0.3453,38464.49,65077.47,19134.01,22458.54,10718.44,8559.79,6156.69,8429.7,0.5154,0.464,0.5171,42,Moderate,160873.09
148,20,257500.0,151717.71,105782.29,0.4108,52844.97,49740.8,21190.12,29056.67,12930.12,9962.36,8718.85,7585.89,0.559,0.6221,0.6693,50,Moderate,143110.24
148,21,257500.0,171527.5,85972.5,0.3339,47925.54,51021.67,25100.81,21140.82,7154.08,17622.96,5029.9,8576.38,0.2688,0.5775,0.4408,37,Moderate,169524.03
148,22,257500.0,144991.77,112508.23,0.4369,47172.79,52666.85,15605.85,16503.69,8778.1,6086.17,10097.06,7249.59,0.5505,0.535,0.4957,49,Moderate,143999.11
148,23,257500.0,179071.1,78428.9,0.3046,36073.95,65448.83,22450.36,10822.23,16261.55,12399.12,11473.02,4142.04,0.3491,0.4351,0.339,35,Moderate,186026.34
149,0,250000.0,193407.81,56592.19,0.2264,57505.51,55244.67,20515.76,35624.25,15061.36,22497.27,9115.29,9670.39,0.8415,0.8,0.8238,55,Moderate,191424.76
149,1,250000.0,181178.22,68821.78,0.2753,52905.22,57015.66,24212.84,15400.99,15224.23,9545.15,5671.3,1202.84,0.8611,0.5332,0.7141,51,Moderate,182658.53
149,2,250000.0,204337.11,45662.89,0.1827,47328.83,71600.43,26655.9,30885.91,17228.78,14583.43,10919.68,10216.86,0.8067,0.7811,0.706,51,Moderate,217459.4
149,3,250000.0,203915.28,46084.72,0.1843,63931.3,58040.7,22366.16,27679.42,10918.4,14706.98,15087.35,10195.76,0.8768,0.5334,0.6541,47,Moderate,206900.29
149,4,250000.0,196581.33,53418.67,0.2137,39761.38,75153.04,16488.09,33200.8,15846.79,21636.82,8861.59,9829.07,0.9889,0.7696,0.7866,58,Moderate,187656.52
149,5,250000.0,186815.08,63184.92,0.2527,39129.53,49161.38,15983.59,16132.19,13092.93,18216.53,3861.35,31237.6,0.9288,0.6224,0.7703,54,Moderate,197028.71
149,6,252500.0,179111.8,73388.2,0.2906,58754.82,65891.59,19161.67,23306.15,15148.01,17700.56,8196.16,8955.59,0.9801,0.7628,0.7869,61,Moderate,181958.76
149,7,252500.0,206193.84,46306.16,0.1834,53090.15,58881.51,30170.22,40761.79,8319.5,22102.36,5427.17,10309.69,0.9508,0.5524,0.7405,50,Moderate,198802.27
149,8,252500.0,191330.02,61169.98,0.2423,46195.44,53210.24,27762.11,12584.72,18764.99,11331.78,7238.24,14242.5,0.8089,0.6797,0.771,52,Moderate,180889.01
149,9,252500.0,188989.79,63510.21,0.2515,65930.57,58445.07,24241.33,21097.98,10548.47,11632.11,14041.94,9449.49,0.9904,0.6117,0.8213,56,Moderate,180677.7
149,10,252500.0,206984.21,45515.79,0.1803,70032.39,65446.06,20825.14,34237.65,15289.52,23400.47,16137.96,10349.21,0.7728,0.71,0.7956,49,Moderate,210920.75
149,11,252500.0,185862.87,66637.13,0.2639,38206.67,68356.76,17908.8,9524.84,5650.76,20624.23,6302.21,19288.6,0.8222,0.8036,0.8145,56,Moderate,197490.58
149,12,255000.0,189851.15,65148.85,0.2555,51344.98,53045.87,25038.5,22683.56,18379.79,10642.97,11020.29,9492.56,0.7519,0.599,0.6634,49,Moderate,188921.17
149,13,255000.0,208595.22,46404.78,0.182,51489.7,70879.0,24231.15,39050.21,11198.26,20603.25,11955.48,10429.76,0.8379,0.7356,0.7829,51,Moderate,199464.22
149,14,255000.0,197552.82,57447.18,0.2253,52209.02,60322.53,18637.85,23462.87,8139.19,12937.54,13611.71,8232.1,0.8756,0.5922,0.8004,51,Moderate,192490.19
149,15,255000.0,198815.46,56184.54,0.2203,51574.34,50690.66,26771.26,11257.81,10224.27,17453.91,7005.91,23837.3,0.7781,0.7582,0.7102,52,Moderate,203347.24
149,16,255000.0,192099.38,62900.62,0.2467,55098.58,74131.89,21550.05,37089.57,13064.49,22567.38,11942.45,9604.97,0.9108,0.5446,0.8061,52,Moderate,187980.3
149,17,255000.0,218004.98,36995.02,0.1451,67968.96,62173.84,26888.86,17363.84,7950.49,15386.07,10522.4,9750.51,0.8575,0.6731,0.799,49,Moderate,214100.24
149,18,257500.0,226203.99,31296.01,0.1215,76709.2,77317.93,26478.81,29797.49,9680.61,15629.67,7124.98,11310.2,0.752,0.5806,0.72,42,Moderate,230791.36
149,19,257500.0,222957.57,34542.43,0.1341,62318.19,78063.38,33215.9,36813.4,21243.38,19366.29,9950.04,11147.88,0.8848,0.7424,0.7934,51,Moderate,214317.55
149,20,257500.0,188868.37,68631.63,0.2665,65959.87,71057.76,17457.34,18805.17,18846.67,20903.18,6879.85,9443.42,0.804,0.5972,0.7962,51,Moderate,183945.29
149,21,257500.0,186658.55,70841.45,0.2751,39817.34,48707.93,25634.91,12788.17,7892.92,16225.46,13726.94,21864.88,0.9326,0.5183,0.717,53,Moderate,185100.84
149,22,257500.0,208650.06,48849.94,0.1897,54587.38,56040.05,25608.46,32801.71,9763.92,9522.47,6885.62,13440.44,1.0,0.6538,0.8417,54,Moderate,207044.67
149,23,257500.0,199649.43,57850.57,0.2247,62431.57,64173.28,23012.41,32447.06,16911.62,15857.75,14462.49,9982.47,1.0,0.5824,0.7579,54,Moderate,190311.93
150,0,85000.0,59854.06,25145.94,0.2958,19266.2,23271.68,4819.0,10192.78,3512.28,2563.04,4177.35,2992.7,0.8989,0.5252,0.7312,53,Moderate,56923.22
150,1,85000.0,61064.07,23935.93,0.2816,13532.85,19018.09,8425.41,3851.0,5449.2,6139.82,1516.95,3130.76,0.9098,0.6877,0.7469,57,Moderate,62964.55
150,2,85000.0,64182.96,20817.04,0.2449,17950.73,23873.19,7764.55,5749.12,3985.21,2929.08,1691.27,239.81,0.6997,0.4822,0.6489,44,Moderate,66412.98
150,3,85000.0,70419.06,14580.94,0.1715,17606.45,22606.3,8012.25,7629.1,2978.16,4385.08,2960.8,4240.92,0.7396,0.449,0.4955,41,Moderate,67257.75
150,4,85000.0,69596.14,15403.86,0.1812,15249.32,24140.82,7620.89,13805.17,3710.55,6135.86,3650.69,3479.81,0.7279,0.4674,0.6937,41,Moderate,66516.73
150,5,85000.0,64909.67,20090.33,0.2364,16437.01,21767.48,8594.64,9075.62,5268.44,4055.51,3020.84,3245.48,0.8082,0.6641,0.6468,51,Moderate,65629.45
150,6,85850.0,60057.58,25792.42,0.3004,12671.33,15135.13,5975.72,9433.85,4792.82,2997.57,3033.73,6017.42,0.7832,0.5958,0.6411,51,Low,62252.51
150,7,85850.0,71073.17,14776.83,0.1721,21936.28,25455.25,9476.31,7696.3,4534.24,6417.16,2550.06,3553.66,0.7106,0.6925,0.6675,46,Moderate,68920.54
150,8,85850.0,59278.69,26571.31,0.3095,18310.9,17559.02,8332.9,3924.53,3928.9,2674.29,1267.16,3280.99,0.6628,0.6019,0.7223,48,Low,57740.76
150,9,85850.0,66693.99,19156.01,0.2231,17970.09,25994.83,8864.42,4653.66,6614.57,4300.83,2228.65,3334.7,0.6983,0.5075,0.5653,43,Moderate,70340.11
150,10,85850.0,65638.15,20211.85,0.2354,13473.93,21111.61,7834.92,12626.25,6008.04,7041.42,2434.58,3281.91,0.8887,0.7099,0.7138,55,Moderate,69844.33
150,11,85850.0,65703.86,20146.14,0.2347,20377.61,24924.75,6446.62,7320.99,3576.47,4416.71,3284.88,3285.19,0.8251,0.6329,0.7027,51,Moderate,65996.09
150,12,86700.0,60501.25,26198.75,0.3022,19359.22,22222.67,6872.42,4169.48,3623.86,6884.48,3005.8,3025.06,0.8582,0.6438,0.6938,55,Low,62761.16
150,13,86700.0,66498.66,20201.34,0.233,21490.52,23228.41,5505.13,9610.33,4205.36,7936.86,4469.12,3324.93,0.7864,0.6664,0.8125,50,Moderate,65639.33
150,14,86700.0,64309.32,22390.68,0.2583,17040.23,17981.96,5637.98,4972.95,4986.5,2848.45,3394.13,7447.13,0.9119,0.7039,0.7392,56,Moderate,65943.26
150,15,86700.0,61346.01,25353.99,0.2924,13923.62,21108.9,6581.67,8394.27,2489.56,6034.83,3968.1,3067.3,0.6908,0.5336,0.5132,47,Moderate,58674.08
150,16,86700.0,63180.22,23519.78,0.2713,14083.13,22319.49,7351.95,7167.89,5476.99,4974.81,3515.96,3159.01,0.6844,0.577,0.5823,47,Moderate,66301.43
150,17,86700.0,60860.06,25839.94,0.298,19169.74,19204.16,8644.12,9533.92,2369.64,6922.44,3853.3,3043.0,0.7721,0.48,0.678,48,Moderate,63225.83
150,18,87550.0,60605.96,26944.04,0.3078,16825.04,18330.59,7862.76,9523.86,4777.76,3767.21,3254.21,3030.3,0.7459,0.5071,0.5281,48,Low,59782.65
150,19,87550.0,66134.01,21415.99,0.2446,13914.54,16977.94,9346.71,9097.28,2485.86,5838.95,2217.93,6254.79,0.7243,0.7479,0.7626,51,Moderate,67127.19
150,20,87550.0,62348.31,25201.69,0.2879,20576.98,18690.69,8133.88,4763.53,4083.45,4222.46,2122.0,3117.42,0.6858,0.5597,0.5688,47,Moderate,62968.11
150,21,87550.0,61866.13,25683.87,0.2934,20627.35,20614.88,7777.6,4077.5,2195.6,5749.18,1786.03,3093.31,0.8072,0.4508,0.5852,48,Moderate,58624.69
150,22,87550.0,68236.91,19313.09,0.2206,20345.93,23477.0,9814.66,5643.36,4884.34,6522.67,1527.31,3411.85,0.6322,0.6521,0.5751,45,Moderate,65860.48
150,23,87550.0,64947.81,22602.19,0.2582,22310.64,24856.02,5391.51,4482.37,3149.36,2784.66,2345.37,3247.39,0.6517,0.5585,0.6442,45,Moderate,66052.63
