text,title,note,category,amount,day_of_month,day_of_week,is_weekend
Purchase at Monthly apartment rent at store Monthly rent budget expense,Purchase at Monthly apartment rent at store,Monthly rent budget expense,rent,13928.43,22,5,1
Quick Quarterly rent transfer to landlord Personal spending on rent,Quick Quarterly rent transfer to landlord,Personal spending on rent,rent,6191.89,8,4,0
Quick Chai Point tea with biscuits at store Routine food item,Quick Chai Point tea with biscuits at store,Routine food item,food,1638.33,26,6,1
Quick Local bakery bread and cake for home Personal spending on food,Quick Local bakery bread and cake for home,Personal spending on food,food,1059.21,25,2,0
Quick House rent payment via UPI with card Routine rent item,Quick House rent payment via UPI with card,Routine rent item,rent,19359.18,20,2,0
Paid for Midnight food delivery today Routine food item,Paid for Midnight food delivery today,Routine food item,food,386.34,27,5,1
Paid for PlayStation PS Plus subscription Routine entertainment item,Paid for PlayStation PS Plus subscription,Routine entertainment item,entertainment,2051.2,3,6,1
Quick Zara shirt and jeans urgent Routine shopping item,Quick Zara shirt and jeans urgent,Routine shopping item,shopping,8380.02,6,2,0
Purchase at PlayStation PS Plus subscription with card Personal spending on entertainment,Purchase at PlayStation PS Plus subscription with card,Personal spending on entertainment,entertainment,1905.18,18,5,1
Online Nike running shoes today,Online Nike running shoes today,,shopping,5151.08,8,5,1
Txn: Spotify premium music renewal Paid via UPI for entertainment,Txn: Spotify premium music renewal,Paid via UPI for entertainment,entertainment,2453.93,9,0,0
Bill for Sunglasses purchase at store Paid via UPI for shopping,Bill for Sunglasses purchase at store,Paid via UPI for shopping,shopping,11935.72,21,3,0
Spent on Flight ticket Indigo to Mumbai at store,Spent on Flight ticket Indigo to Mumbai at store,,transport,3365.2,9,5,1
Quick Tuition fee for coaching for home Personal spending on education,Quick Tuition fee for coaching for home,Personal spending on education,education,5872.58,17,3,0
Parking space monthly rent with card Personal spending on rent,Parking space monthly rent with card,Personal spending on rent,rent,11113.65,26,5,1
Paid for Language learning app subscription today Paid via UPI for education,Paid for Language learning app subscription today,Paid via UPI for education,education,9849.05,17,2,0
Purchase at Dominos pizza party for home Paid via UPI for food,Purchase at Dominos pizza party for home,Paid via UPI for food,food,497.05,6,3,0
Spent on Barbeque Nation buffet with card Routine food item,Spent on Barbeque Nation buffet with card,Routine food item,food,3062.35,27,5,1
Bill for H&M summer collection via GPay,Bill for H&M summer collection via GPay,,shopping,9893.07,1,4,0
Audible audiobooks with card Routine entertainment item,Audible audiobooks with card,Routine entertainment item,entertainment,2801.41,8,0,0
Paid for Sunglasses purchase with card Monthly shopping budget expense,Paid for Sunglasses purchase with card,Monthly shopping budget expense,shopping,13281.57,25,4,0
Online Diesel filling for car via GPay,Online Diesel filling for car via GPay,,transport,1229.5,14,1,0
Quick Ajio discount clothes for home,Quick Ajio discount clothes for home,,shopping,8110.56,15,0,0
Paid for IKEA home furniture for home,Paid for IKEA home furniture for home,,shopping,770.2,8,4,0
Paid for Amazon online purchase Monthly shopping budget expense,Paid for Amazon online purchase,Monthly shopping budget expense,shopping,4429.38,28,2,0
Txn: Security deposit installment urgent Personal spending on rent,Txn: Security deposit installment urgent,Personal spending on rent,rent,31759.11,18,1,0
Online Bank transaction charge today Monthly other budget expense,Online Bank transaction charge today,Monthly other budget expense,other,1223.42,22,3,0
Quick Board game cafe bill with discount Monthly entertainment budget expense,Quick Board game cafe bill with discount,Monthly entertainment budget expense,entertainment,2618.61,22,5,1
Quick Monthly apartment rent for home Monthly rent budget expense,Quick Monthly apartment rent for home,Monthly rent budget expense,rent,37023.7,8,1,0
Online Croma electronics cable & charger via GPay Routine shopping item,Online Croma electronics cable & charger via GPay,Routine shopping item,shopping,7825.12,15,1,0
Paid for Co-living monthly rent,Paid for Co-living monthly rent,,rent,31085.8,27,0,0
Txn: Water tanker for society via GPay Paid via UPI for rent,Txn: Water tanker for society via GPay,Paid via UPI for rent,rent,21256.56,7,6,1
Tuition fee for coaching via GPay Paid via UPI for education,Tuition fee for coaching via GPay,Paid via UPI for education,education,9784.22,9,6,1
Quick Courier speed post delivery with discount Routine other item,Quick Courier speed post delivery with discount,Routine other item,other,1013.3,7,0,0
Lunch thali at office canteen,Lunch thali at office canteen,,food,2094.52,28,4,0
Paid for Ola auto ride via GPay Monthly transport budget expense,Paid for Ola auto ride via GPay,Monthly transport budget expense,transport,354.92,22,6,1
Paid for Perfume & cosmetics store at store Monthly shopping budget expense,Paid for Perfume & cosmetics store at store,Monthly shopping budget expense,shopping,10588.98,20,0,0
Bill for Notebooks and pens set urgent Routine education item,Bill for Notebooks and pens set urgent,Routine education item,education,5503.55,8,2,0
Purchase at College semester tuition fee with discount Monthly education budget expense,Purchase at College semester tuition fee with discount,Monthly education budget expense,education,8245.66,1,3,0
Txn: House rent payment via UPI urgent Routine rent item,Txn: House rent payment via UPI urgent,Routine rent item,rent,10298.26,3,1,0
Spent on Bowling & gaming arcade with discount Routine entertainment item,Spent on Bowling & gaming arcade with discount,Routine entertainment item,entertainment,2534.32,20,6,1
Paid for Dinner with friends at restaurant via GPay Monthly food budget expense,Paid for Dinner with friends at restaurant via GPay,Monthly food budget expense,food,1013.89,24,4,0
Purchase at Flight ticket Indigo to Mumbai at store Personal spending on transport,Purchase at Flight ticket Indigo to Mumbai at store,Personal spending on transport,transport,3243.37,22,5,1
Online Hospital OPD registration urgent Monthly health budget expense,Online Hospital OPD registration urgent,Monthly health budget expense,health,7261.62,3,5,1
Purchase at Academic journal access fee Personal spending on education,Purchase at Academic journal access fee,Personal spending on education,education,585.87,21,2,0
Quick EV charging station fee Personal spending on transport,Quick EV charging station fee,Personal spending on transport,transport,547.84,18,0,0
Quick Amazon Prime annual membership via GPay Routine entertainment item,Quick Amazon Prime annual membership via GPay,Routine entertainment item,entertainment,316.16,26,6,1
Txn: Ice cream at Baskin Robbins at store Routine food item,Txn: Ice cream at Baskin Robbins at store,Routine food item,food,2374.23,25,4,0
Spent on Language learning app subscription at store Personal spending on education,Spent on Language learning app subscription at store,Personal spending on education,education,21682.7,14,0,0
Quick Car servicing & oil change at store Monthly transport budget expense,Quick Car servicing & oil change at store,Monthly transport budget expense,transport,1237.29,13,6,1
Txn: Breakfast at Saravana Bhavan at store Paid via UPI for food,Txn: Breakfast at Saravana Bhavan at store,Paid via UPI for food,food,2880.06,12,2,0
IKEA home furniture at store Routine shopping item,IKEA home furniture at store,Routine shopping item,shopping,7413.0,28,0,0
Quick Vitamin D & Calcium tablets for home Monthly health budget expense,Quick Vitamin D & Calcium tablets for home,Monthly health budget expense,health,7526.05,9,1,0
Paid for Doctor consultation fee today Routine health item,Paid for Doctor consultation fee today,Routine health item,health,2896.36,14,4,0
Txn: Hostel fees payment urgent Paid via UPI for rent,Txn: Hostel fees payment urgent,Paid via UPI for rent,rent,6775.46,1,4,0
Quick Casual t-shirt and hoodie with card Routine shopping item,Quick Casual t-shirt and hoodie with card,Routine shopping item,shopping,17100.19,20,2,0
Purchase at Storage locker monthly rental urgent Routine rent item,Purchase at Storage locker monthly rental urgent,Routine rent item,rent,31675.72,13,5,1
Txn: Gym membership monthly renewal today Paid via UPI for health,Txn: Gym membership monthly renewal today,Paid via UPI for health,health,5386.45,22,5,1
Purchase at Car wash & detailing today Monthly transport budget expense,Purchase at Car wash & detailing today,Monthly transport budget expense,transport,2488.32,10,2,0
Bill for Watch purchase at Titan with discount Personal spending on shopping,Bill for Watch purchase at Titan with discount,Personal spending on shopping,shopping,8175.43,17,3,0
Purchase at Metro card monthly recharge for home Personal spending on transport,Purchase at Metro card monthly recharge for home,Personal spending on transport,transport,465.57,22,2,0
Spent on Apple store accessories Paid via UPI for shopping,Spent on Apple store accessories,Paid via UPI for shopping,shopping,1213.36,20,6,1
Quick Co-living monthly rent at store Paid via UPI for rent,Quick Co-living monthly rent at store,Paid via UPI for rent,rent,33733.84,16,3,0
H&M summer collection with card Personal spending on shopping,H&M summer collection with card,Personal spending on shopping,shopping,14100.2,6,6,1
Txn: Broadband WiFi internet bill with card Paid via UPI for other,Txn: Broadband WiFi internet bill with card,Paid via UPI for other,other,2793.12,22,4,0
Quick Standup comedy show ticket with discount Paid via UPI for entertainment,Quick Standup comedy show ticket with discount,Paid via UPI for entertainment,entertainment,2712.08,15,2,0
Online Decathlon sportswear and gear at store Monthly shopping budget expense,Online Decathlon sportswear and gear at store,Monthly shopping budget expense,shopping,5232.92,23,2,0
Bill for Decathlon sportswear and gear for home Monthly shopping budget expense,Bill for Decathlon sportswear and gear for home,Monthly shopping budget expense,shopping,16117.27,5,1,0
Spent on Perfume & cosmetics store at store Paid via UPI for shopping,Spent on Perfume & cosmetics store at store,Paid via UPI for shopping,shopping,1530.43,11,4,0
Legal notary & document stamps at store Paid via UPI for other,Legal notary & document stamps at store,Paid via UPI for other,other,5014.06,25,4,0
Online Fresh meat and fish store Routine food item,Online Fresh meat and fish store,Routine food item,food,3306.47,25,3,0
Txn: Technical reference book with discount Paid via UPI for education,Txn: Technical reference book with discount,Paid via UPI for education,education,5875.05,16,0,0
Quick Skillshare creative subscription via GPay Personal spending on education,Quick Skillshare creative subscription via GPay,Personal spending on education,education,21092.23,20,4,0
Street food evening snacks with card Personal spending on food,Street food evening snacks with card,Personal spending on food,food,2292.49,28,3,0
Purchase at Ola auto ride today Paid via UPI for transport,Purchase at Ola auto ride today,Paid via UPI for transport,transport,1506.72,11,2,0
Quick Kindle e-book purchase urgent Paid via UPI for education,Quick Kindle e-book purchase urgent,Paid via UPI for education,education,20955.15,1,5,1
Txn: Ice cream at Baskin Robbins with card Monthly food budget expense,Txn: Ice cream at Baskin Robbins with card,Monthly food budget expense,food,2760.57,25,0,0
Apple store accessories via GPay Paid via UPI for shopping,Apple store accessories via GPay,Paid via UPI for shopping,shopping,4598.39,22,0,0
Purchase at Bedsheet and pillow covers for home,Purchase at Bedsheet and pillow covers for home,,shopping,3353.09,24,5,1
Spent on Parking space monthly rent urgent Monthly rent budget expense,Spent on Parking space monthly rent urgent,Monthly rent budget expense,rent,9323.95,10,4,0
Txn: GRE / TOEFL exam registration with card Personal spending on education,Txn: GRE / TOEFL exam registration with card,Personal spending on education,education,15005.99,4,5,1
Blood test and full body checkup for home Routine health item,Blood test and full body checkup for home,Routine health item,health,4355.41,3,4,0
Quick Netflix monthly subscription with discount Routine entertainment item,Quick Netflix monthly subscription with discount,Routine entertainment item,entertainment,494.61,21,6,1
Quick LPG gas cylinder refill via GPay Routine other item,Quick LPG gas cylinder refill via GPay,Routine other item,other,4429.39,20,6,1
Quick ATM cash withdrawal unaccounted urgent Personal spending on other,Quick ATM cash withdrawal unaccounted urgent,Personal spending on other,other,2001.6,27,0,0
Txn: Protein powder supplement with discount Paid via UPI for health,Txn: Protein powder supplement with discount,Paid via UPI for health,health,4644.83,11,0,0
Spent on Laundry dry cleaning with discount Routine other item,Spent on Laundry dry cleaning with discount,Routine other item,other,1351.51,11,2,0
Txn: Apollo Pharmacy medicines with card Paid via UPI for health,Txn: Apollo Pharmacy medicines with card,Paid via UPI for health,health,2082.58,16,4,0
Online Winter jacket shopping with discount Monthly shopping budget expense,Online Winter jacket shopping with discount,Monthly shopping budget expense,shopping,14355.62,10,1,0
Txn: Online test series subscription urgent Routine education item,Txn: Online test series subscription urgent,Routine education item,education,16766.68,16,4,0
Bill for Board game cafe bill for home Routine entertainment item,Bill for Board game cafe bill for home,Routine entertainment item,entertainment,2167.7,10,2,0
Txn: Zara shirt and jeans for home,Txn: Zara shirt and jeans for home,,shopping,2504.16,25,5,1
Txn: Bus pass monthly renewal with discount,Txn: Bus pass monthly renewal with discount,,transport,1280.42,25,4,0
Txn: Blood test and full body checkup urgent Personal spending on health,Txn: Blood test and full body checkup urgent,Personal spending on health,health,1974.37,10,0,0
Flight ticket Indigo to Mumbai Personal spending on transport,Flight ticket Indigo to Mumbai,Personal spending on transport,transport,2512.45,21,6,1
Water utility bill urgent Paid via UPI for other,Water utility bill urgent,Paid via UPI for other,other,2869.44,11,1,0
Online Barbeque Nation buffet with card Paid via UPI for food,Online Barbeque Nation buffet with card,Paid via UPI for food,food,2898.75,16,0,0
Spent on Subway sub & drink urgent Personal spending on food,Spent on Subway sub & drink urgent,Personal spending on food,food,407.91,4,4,0
Txn: Language learning app subscription today Paid via UPI for education,Txn: Language learning app subscription today,Paid via UPI for education,education,11537.05,10,6,1
Kindle e-book purchase with card Personal spending on education,Kindle e-book purchase with card,Personal spending on education,education,23715.91,21,1,0
Spent on Dental clinic root canal visit at store Monthly health budget expense,Spent on Dental clinic root canal visit at store,Monthly health budget expense,health,1555.75,6,0,0
Online Coding bootcamp installment urgent Routine education item,Online Coding bootcamp installment urgent,Routine education item,education,1298.71,23,2,0
Txn: Mobile postpaid monthly bill urgent,Txn: Mobile postpaid monthly bill urgent,,other,4748.19,22,6,1
Paid for Watch purchase at Titan at store Routine shopping item,Paid for Watch purchase at Titan at store,Routine shopping item,shopping,11798.37,27,1,0
Spent on Monthly apartment rent urgent,Spent on Monthly apartment rent urgent,,rent,28801.76,10,3,0
Purchase at Co-living monthly rent today,Purchase at Co-living monthly rent today,,rent,42707.05,18,3,0
Mobile postpaid monthly bill today,Mobile postpaid monthly bill today,,other,4433.75,9,0,0
Flat maintenance charge urgent Personal spending on rent,Flat maintenance charge urgent,Personal spending on rent,rent,28049.88,16,4,0
Spent on Home repair and plumbing today Paid via UPI for other,Spent on Home repair and plumbing today,Paid via UPI for other,other,3845.23,3,3,0
Bill for Board game cafe bill for home Personal spending on entertainment,Bill for Board game cafe bill for home,Personal spending on entertainment,entertainment,2076.04,11,3,0
Quick Courier speed post delivery Routine other item,Quick Courier speed post delivery,Routine other item,other,2783.47,9,2,0
Quick Parking space monthly rent,Quick Parking space monthly rent,,rent,31306.42,15,3,0
Bill for Chai Point tea with biscuits with discount Monthly food budget expense,Bill for Chai Point tea with biscuits with discount,Monthly food budget expense,food,2233.88,7,2,0
Online Toll plaza FASTag recharge with discount,Online Toll plaza FASTag recharge with discount,,transport,590.35,26,1,0
Toll plaza FASTag recharge today Monthly transport budget expense,Toll plaza FASTag recharge today,Monthly transport budget expense,transport,464.78,15,0,0
Purchase at Cycle repair & parts urgent Paid via UPI for transport,Purchase at Cycle repair & parts urgent,Paid via UPI for transport,transport,1898.93,16,1,0
Quick LPG gas cylinder refill at store,Quick LPG gas cylinder refill at store,,other,5539.02,24,1,0
Quick Society maintenance bill for home,Quick Society maintenance bill for home,,rent,42369.94,9,6,1
Purchase at Nature's Basket gourmet items with discount Paid via UPI for food,Purchase at Nature's Basket gourmet items with discount,Paid via UPI for food,food,3044.58,18,3,0
Quick Amusement park entry ticket with discount Personal spending on entertainment,Quick Amusement park entry ticket with discount,Personal spending on entertainment,entertainment,2811.92,23,1,0
Quick Books and stationery store Paid via UPI for education,Quick Books and stationery store,Paid via UPI for education,education,8294.64,23,6,1
Spent on GRE / TOEFL exam registration with discount Personal spending on education,Spent on GRE / TOEFL exam registration with discount,Personal spending on education,education,24138.16,17,4,0
Online PVR cinemas IMAX tickets with card Paid via UPI for entertainment,Online PVR cinemas IMAX tickets with card,Paid via UPI for entertainment,entertainment,1672.19,1,5,1
Spent on Parking fee at mall with card Routine transport item,Spent on Parking fee at mall with card,Routine transport item,transport,2139.23,11,4,0
Paid for Notebooks and pens set for home,Paid for Notebooks and pens set for home,,education,21382.22,13,2,0
Paid for Broadband WiFi internet bill at store Routine other item,Paid for Broadband WiFi internet bill at store,Routine other item,other,3823.85,8,5,1
Paid for Hostel fees payment with card Routine rent item,Paid for Hostel fees payment with card,Routine rent item,rent,22747.14,1,0,0
Purchase at Spotify premium music renewal for home Personal spending on entertainment,Purchase at Spotify premium music renewal for home,Personal spending on entertainment,entertainment,1248.93,8,4,0
Spent on Language learning app subscription via GPay,Spent on Language learning app subscription via GPay,,education,4788.37,28,3,0
Spent on Winter jacket shopping at store Routine shopping item,Spent on Winter jacket shopping at store,Routine shopping item,shopping,8516.24,15,2,0
Purchase at Midnight food delivery via GPay Routine food item,Purchase at Midnight food delivery via GPay,Routine food item,food,369.65,19,2,0
Purchase at Online test series subscription with discount Personal spending on education,Purchase at Online test series subscription with discount,Personal spending on education,education,21209.79,13,6,1
Txn: Water utility bill today,Txn: Water utility bill today,,other,3474.34,10,5,1
Quick Apollo Pharmacy medicines urgent Monthly health budget expense,Quick Apollo Pharmacy medicines urgent,Monthly health budget expense,health,263.16,20,5,1
Txn: Courier speed post delivery for home Personal spending on other,Txn: Courier speed post delivery for home,Personal spending on other,other,1392.13,20,2,0
Petrol pump fuel refill urgent Monthly transport budget expense,Petrol pump fuel refill urgent,Monthly transport budget expense,transport,3559.32,19,2,0
Purchase at Metro card monthly recharge for home Personal spending on transport,Purchase at Metro card monthly recharge for home,Personal spending on transport,transport,3376.29,7,1,0
Spent on Concert musical event pass urgent Paid via UPI for entertainment,Spent on Concert musical event pass urgent,Paid via UPI for entertainment,entertainment,2759.25,26,2,0
Online PVR cinemas IMAX tickets with card Personal spending on entertainment,Online PVR cinemas IMAX tickets with card,Personal spending on entertainment,entertainment,593.26,28,5,1
Bill for Academic journal access fee with card Monthly education budget expense,Bill for Academic journal access fee with card,Monthly education budget expense,education,19871.5,9,4,0
Bill for Co-living monthly rent urgent Routine rent item,Bill for Co-living monthly rent urgent,Routine rent item,rent,28382.4,4,5,1
Winter jacket shopping for home Personal spending on shopping,Winter jacket shopping for home,Personal spending on shopping,shopping,16508.5,21,0,0
Quick Courier speed post delivery with card Monthly other budget expense,Quick Courier speed post delivery with card,Monthly other budget expense,other,924.68,10,3,0
Txn: House rent payment via UPI via GPay Routine rent item,Txn: House rent payment via UPI via GPay,Routine rent item,rent,20545.83,22,5,1
Spent on Language learning app subscription today Paid via UPI for education,Spent on Language learning app subscription today,Paid via UPI for education,education,16545.24,20,3,0
Bill for Doctor consultation fee at store Personal spending on health,Bill for Doctor consultation fee at store,Personal spending on health,health,3658.39,28,2,0
Bill for Office space rent share for home Routine rent item,Bill for Office space rent share for home,Routine rent item,rent,7422.0,7,0,0
Txn: Mobile postpaid monthly bill Routine other item,Txn: Mobile postpaid monthly bill,Routine other item,other,398.41,8,1,0
Txn: Myntra clothes shopping at store Personal spending on shopping,Txn: Myntra clothes shopping at store,Personal spending on shopping,shopping,14709.73,11,6,1
Purchase at Uber cab ride to office via GPay,Purchase at Uber cab ride to office via GPay,,transport,4444.5,9,6,1
Petrol pump fuel refill via GPay Personal spending on transport,Petrol pump fuel refill via GPay,Personal spending on transport,transport,116.13,19,2,0
Purchase at Cafe Coffee Day latte Paid via UPI for food,Purchase at Cafe Coffee Day latte,Paid via UPI for food,food,548.44,17,0,0
Online Co-living monthly rent for home Monthly rent budget expense,Online Co-living monthly rent for home,Monthly rent budget expense,rent,25529.52,15,4,0
Kitchen cookware set urgent Monthly shopping budget expense,Kitchen cookware set urgent,Monthly shopping budget expense,shopping,8461.55,2,3,0
Paid for GRE / TOEFL exam registration with discount Paid via UPI for education,Paid for GRE / TOEFL exam registration with discount,Paid via UPI for education,education,17953.54,3,0,0
Paid for Amazon Prime annual membership via GPay,Paid for Amazon Prime annual membership via GPay,,entertainment,969.32,18,5,1
Purchase at Club weekend party entry with discount Paid via UPI for entertainment,Purchase at Club weekend party entry with discount,Paid via UPI for entertainment,entertainment,1615.05,4,6,1
Txn: Brokerage fee for apartment today Personal spending on rent,Txn: Brokerage fee for apartment today,Personal spending on rent,rent,23062.2,14,2,0
Quick House cleaning service Urban Company with card Routine other item,Quick House cleaning service Urban Company with card,Routine other item,other,1944.04,22,2,0
Online Amazon Prime annual membership with card Monthly entertainment budget expense,Online Amazon Prime annual membership with card,Monthly entertainment budget expense,entertainment,454.52,3,3,0
Bill for Storage locker monthly rental via GPay,Bill for Storage locker monthly rental via GPay,,rent,27254.83,18,4,0
Quick PVR cinemas IMAX tickets for home Paid via UPI for entertainment,Quick PVR cinemas IMAX tickets for home,Paid via UPI for entertainment,entertainment,2645.97,28,5,1
Purchase at Nature's Basket gourmet items for home,Purchase at Nature's Basket gourmet items for home,,food,470.17,7,1,0
Paid for Bank transaction charge for home Routine other item,Paid for Bank transaction charge for home,Routine other item,other,5087.7,4,6,1
Quick Eye checkup and new glasses Routine health item,Quick Eye checkup and new glasses,Routine health item,health,4950.16,1,1,0
Bill for Physiotherapy session for home Personal spending on health,Bill for Physiotherapy session for home,Personal spending on health,health,247.63,19,5,1
Spent on Coursera specialization certification,Spent on Coursera specialization certification,,education,2747.15,7,3,0
Bill for Coding bootcamp installment via GPay Routine education item,Bill for Coding bootcamp installment via GPay,Routine education item,education,9565.67,25,4,0
Water tanker for society via GPay,Water tanker for society via GPay,,rent,11296.4,2,5,1
Online Society maintenance bill today Paid via UPI for rent,Online Society maintenance bill today,Paid via UPI for rent,rent,24426.47,14,2,0
Paid for Backpack for travel for home Routine shopping item,Paid for Backpack for travel for home,Routine shopping item,shopping,7966.48,22,5,1
Purchase at Tax filing CA consultancy fee,Purchase at Tax filing CA consultancy fee,,other,1401.06,2,0,0
Txn: Ajio discount clothes via GPay Routine shopping item,Txn: Ajio discount clothes via GPay,Routine shopping item,shopping,13849.23,11,0,0
Quick Coffee beans purchase via GPay,Quick Coffee beans purchase via GPay,,food,556.65,23,1,0
Quick BookMyShow movie tickets Paid via UPI for entertainment,Quick BookMyShow movie tickets,Paid via UPI for entertainment,entertainment,1420.85,3,6,1
Quick Board game cafe bill today Paid via UPI for entertainment,Quick Board game cafe bill today,Paid via UPI for entertainment,entertainment,1009.93,1,2,0
Bill for EV charging station fee with card Monthly transport budget expense,Bill for EV charging station fee with card,Monthly transport budget expense,transport,1993.37,8,3,0
Paid for Technical reference book today Routine education item,Paid for Technical reference book today,Routine education item,education,21827.72,8,2,0
Paid for Metro card monthly recharge at store Routine transport item,Paid for Metro card monthly recharge at store,Routine transport item,transport,4081.36,12,5,1
Paid for Train ticket booking IRCTC via GPay Personal spending on transport,Paid for Train ticket booking IRCTC via GPay,Personal spending on transport,transport,1189.06,20,1,0
Online PG accommodation fee with discount,Online PG accommodation fee with discount,,rent,35177.83,15,5,1
Spent on Amusement park entry ticket with discount Paid via UPI for entertainment,Spent on Amusement park entry ticket with discount,Paid via UPI for entertainment,entertainment,390.27,21,2,0
Bill for Doctor consultation fee with card Paid via UPI for health,Bill for Doctor consultation fee with card,Paid via UPI for health,health,2621.18,2,0,0
Paid for Bowling & gaming arcade with card,Paid for Bowling & gaming arcade with card,,entertainment,1921.64,13,3,0
Txn: Juice center fresh juice for home,Txn: Juice center fresh juice for home,,food,2164.92,5,0,0
Bill for Water utility bill with card Personal spending on other,Bill for Water utility bill with card,Personal spending on other,other,3076.84,2,1,0
Spent on ATM cash withdrawal unaccounted for home Routine other item,Spent on ATM cash withdrawal unaccounted for home,Routine other item,other,2299.83,13,3,0
Bill for Spotify premium music renewal with card,Bill for Spotify premium music renewal with card,,entertainment,1122.46,22,3,0
Spent on Ayurvedic medicines purchase for home Personal spending on health,Spent on Ayurvedic medicines purchase for home,Personal spending on health,health,835.72,12,2,0
Paid for College semester tuition fee urgent Routine education item,Paid for College semester tuition fee urgent,Routine education item,education,14193.15,27,1,0
Quick Office space rent share for home Routine rent item,Quick Office space rent share for home,Routine rent item,rent,5729.22,6,1,0
Txn: Audible audiobooks at store Personal spending on entertainment,Txn: Audible audiobooks at store,Personal spending on entertainment,entertainment,2999.93,3,2,0
Security deposit installment for home,Security deposit installment for home,,rent,40055.71,5,4,0
Spent on College semester tuition fee via GPay,Spent on College semester tuition fee via GPay,,education,20867.79,26,1,0
Quick Broadband WiFi internet bill for home Personal spending on other,Quick Broadband WiFi internet bill for home,Personal spending on other,other,4090.54,15,4,0
Txn: Protein powder supplement at store Paid via UPI for health,Txn: Protein powder supplement at store,Paid via UPI for health,health,2613.85,27,1,0
Online Standup comedy show ticket urgent,Online Standup comedy show ticket urgent,,entertainment,2378.53,17,3,0
Spent on Bus pass monthly renewal urgent Paid via UPI for transport,Spent on Bus pass monthly renewal urgent,Paid via UPI for transport,transport,282.2,28,2,0
Paid for Storage locker monthly rental urgent Personal spending on rent,Paid for Storage locker monthly rental urgent,Personal spending on rent,rent,8355.01,9,3,0
Paid for Parking fee at mall at store Routine transport item,Paid for Parking fee at mall at store,Routine transport item,transport,3684.33,1,3,0
Bill for Street food evening snacks at store Monthly food budget expense,Bill for Street food evening snacks at store,Monthly food budget expense,food,1425.24,12,1,0
Paid for Lunch thali at office canteen for home Personal spending on food,Paid for Lunch thali at office canteen for home,Personal spending on food,food,2794.87,2,2,0
Online LPG gas cylinder refill with discount Monthly other budget expense,Online LPG gas cylinder refill with discount,Monthly other budget expense,other,3730.55,1,2,0
Quick H&M summer collection with card Personal spending on shopping,Quick H&M summer collection with card,Personal spending on shopping,shopping,14060.64,10,0,0
Quick Haldirams snacks & sweets with discount Paid via UPI for food,Quick Haldirams snacks & sweets with discount,Paid via UPI for food,food,332.29,20,4,0
Spent on Haldirams snacks & sweets urgent,Spent on Haldirams snacks & sweets urgent,,food,1570.83,12,1,0
Paid for College semester tuition fee for home,Paid for College semester tuition fee for home,,education,2157.21,18,4,0
Online Fresh meat and fish store Routine food item,Online Fresh meat and fish store,Routine food item,food,2268.57,9,5,1
Paid for Ice cream at Baskin Robbins for home Monthly food budget expense,Paid for Ice cream at Baskin Robbins for home,Monthly food budget expense,food,935.01,25,4,0
Amazon Prime annual membership for home Personal spending on entertainment,Amazon Prime annual membership for home,Personal spending on entertainment,entertainment,1728.38,27,6,1
Spent on Gardening plants and soil via GPay Paid via UPI for other,Spent on Gardening plants and soil via GPay,Paid via UPI for other,other,472.29,2,2,0
Txn: Flipkart electronics sale Routine shopping item,Txn: Flipkart electronics sale,Routine shopping item,shopping,5954.49,17,3,0
Home repair and plumbing at store Monthly other budget expense,Home repair and plumbing at store,Monthly other budget expense,other,1788.05,28,5,1
Paid for Concert musical event pass for home Paid via UPI for entertainment,Paid for Concert musical event pass for home,Paid via UPI for entertainment,entertainment,1422.9,24,3,0
Spent on Skillshare creative subscription with discount Routine education item,Spent on Skillshare creative subscription with discount,Routine education item,education,17455.37,26,4,0
Quick Dental clinic root canal visit with card Personal spending on health,Quick Dental clinic root canal visit with card,Personal spending on health,health,3558.74,18,2,0
Paid for PVR cinemas IMAX tickets for home Routine entertainment item,Paid for PVR cinemas IMAX tickets for home,Routine entertainment item,entertainment,2050.23,15,4,0
Online College semester tuition fee for home Routine education item,Online College semester tuition fee for home,Routine education item,education,11454.12,20,3,0
Paid for Doctor consultation fee today Personal spending on health,Paid for Doctor consultation fee today,Personal spending on health,health,3033.83,1,1,0
Spent on Broadband WiFi internet bill with card Routine other item,Spent on Broadband WiFi internet bill with card,Routine other item,other,1492.37,12,3,0
Online Subway sub & drink for home Monthly food budget expense,Online Subway sub & drink for home,Monthly food budget expense,food,1377.41,19,1,0
Bill for Club weekend party entry urgent Monthly entertainment budget expense,Bill for Club weekend party entry urgent,Monthly entertainment budget expense,entertainment,898.16,1,5,1
Quick Cycle repair & parts with card Routine transport item,Quick Cycle repair & parts with card,Routine transport item,transport,1214.91,23,3,0
Purchase at Kitchen cookware set with discount Personal spending on shopping,Purchase at Kitchen cookware set with discount,Personal spending on shopping,shopping,3923.14,28,0,0
Online Charity donation to NGO with card Routine other item,Online Charity donation to NGO with card,Routine other item,other,4882.03,22,2,0
Purchase at Security deposit installment urgent Personal spending on rent,Purchase at Security deposit installment urgent,Personal spending on rent,rent,39054.48,26,2,0
Txn: Zara shirt and jeans via GPay Paid via UPI for shopping,Txn: Zara shirt and jeans via GPay,Paid via UPI for shopping,shopping,4566.56,1,2,0
Spent on Standup comedy show ticket with card Paid via UPI for entertainment,Spent on Standup comedy show ticket with card,Paid via UPI for entertainment,entertainment,383.16,23,5,1
Quick Tax filing CA consultancy fee today Monthly other budget expense,Quick Tax filing CA consultancy fee today,Monthly other budget expense,other,4957.7,5,2,0
Online Co-living monthly rent for home,Online Co-living monthly rent for home,,rent,10133.38,21,4,0
Quick Diesel filling for car,Quick Diesel filling for car,,transport,3749.69,5,2,0
Bill for Rapido bike taxi at store,Bill for Rapido bike taxi at store,,transport,1589.8,10,6,1
Txn: Society maintenance bill urgent Routine rent item,Txn: Society maintenance bill urgent,Routine rent item,rent,10006.81,20,4,0
Spent on Security deposit installment via GPay,Spent on Security deposit installment via GPay,,rent,11848.02,24,4,0
Spotify premium music renewal with card,Spotify premium music renewal with card,,entertainment,326.34,9,5,1
Quick Sunglasses purchase,Quick Sunglasses purchase,,shopping,9165.47,10,5,1
Txn: Dermatologist skin treatment today Monthly health budget expense,Txn: Dermatologist skin treatment today,Monthly health budget expense,health,2519.98,23,0,0
Quick EV charging station fee with discount Routine transport item,Quick EV charging station fee with discount,Routine transport item,transport,2116.77,20,1,0
Bill for Amusement park entry ticket today Routine entertainment item,Bill for Amusement park entry ticket today,Routine entertainment item,entertainment,565.28,17,4,0
Txn: Room rent for current month with discount Paid via UPI for rent,Txn: Room rent for current month with discount,Paid via UPI for rent,rent,9900.88,8,1,0
Purchase at Monthly apartment rent today Paid via UPI for rent,Purchase at Monthly apartment rent today,Paid via UPI for rent,rent,39566.55,8,6,1
Bill for Car servicing & oil change at store Paid via UPI for transport,Bill for Car servicing & oil change at store,Paid via UPI for transport,transport,3445.89,17,3,0
Online Courier speed post delivery Paid via UPI for other,Online Courier speed post delivery,Paid via UPI for other,other,631.29,17,3,0
Bill for Apple store accessories Paid via UPI for shopping,Bill for Apple store accessories,Paid via UPI for shopping,shopping,1289.51,20,6,1
Courier speed post delivery with card Routine other item,Courier speed post delivery with card,Routine other item,other,2642.47,24,2,0
Skillshare creative subscription today,Skillshare creative subscription today,,education,1752.41,7,2,0
Quick Dental clinic root canal visit with discount Routine health item,Quick Dental clinic root canal visit with discount,Routine health item,health,6162.35,27,4,0
Paid for PG accommodation fee today Routine rent item,Paid for PG accommodation fee today,Routine rent item,rent,19927.93,18,2,0
Quick Bus pass monthly renewal Personal spending on transport,Quick Bus pass monthly renewal,Personal spending on transport,transport,251.6,23,2,0
Online Tax filing CA consultancy fee via GPay,Online Tax filing CA consultancy fee via GPay,,other,3676.94,5,2,0
Quick Hotstar subscription plan urgent,Quick Hotstar subscription plan urgent,,entertainment,1862.02,27,4,0
Online Courier speed post delivery Monthly other budget expense,Online Courier speed post delivery,Monthly other budget expense,other,2273.31,14,4,0
Online Apollo Pharmacy medicines urgent,Online Apollo Pharmacy medicines urgent,,health,7743.15,19,1,0
Spent on Breakfast at Saravana Bhavan today Personal spending on food,Spent on Breakfast at Saravana Bhavan today,Personal spending on food,food,619.48,2,4,0
Flat maintenance charge with discount Personal spending on rent,Flat maintenance charge with discount,Personal spending on rent,rent,17547.7,14,5,1
Online Watch purchase at Titan,Online Watch purchase at Titan,,shopping,12821.64,7,4,0
Quick Audible audiobooks for home Paid via UPI for entertainment,Quick Audible audiobooks for home,Paid via UPI for entertainment,entertainment,2878.68,18,2,0
Online Concert musical event pass at store Routine entertainment item,Online Concert musical event pass at store,Routine entertainment item,entertainment,2880.5,18,2,0
Purchase at Ajio discount clothes at store Paid via UPI for shopping,Purchase at Ajio discount clothes at store,Paid via UPI for shopping,shopping,12548.22,11,3,0
Purchase at Concert musical event pass with card,Purchase at Concert musical event pass with card,,entertainment,1805.31,13,3,0
Purchase at Amazon Prime annual membership Monthly entertainment budget expense,Purchase at Amazon Prime annual membership,Monthly entertainment budget expense,entertainment,1004.65,12,3,0
Txn: Dermatologist skin treatment at store Routine health item,Txn: Dermatologist skin treatment at store,Routine health item,health,6658.02,18,5,1
Paid for Gym membership monthly renewal at store,Paid for Gym membership monthly renewal at store,,health,2091.17,8,5,1
Paid for Flipkart electronics sale today Paid via UPI for shopping,Paid for Flipkart electronics sale today,Paid via UPI for shopping,shopping,6213.17,4,5,1
Spent on Uber cab ride to office today Paid via UPI for transport,Spent on Uber cab ride to office today,Paid via UPI for transport,transport,2955.37,16,5,1
Bill for Ajio discount clothes urgent Monthly shopping budget expense,Bill for Ajio discount clothes urgent,Monthly shopping budget expense,shopping,11767.8,21,4,0
Croma electronics cable & charger via GPay Personal spending on shopping,Croma electronics cable & charger via GPay,Personal spending on shopping,shopping,7754.78,2,6,1
Online Web development workshop fee via GPay Routine education item,Online Web development workshop fee via GPay,Routine education item,education,23446.85,2,0,0
Bill for Blood test and full body checkup urgent,Bill for Blood test and full body checkup urgent,,health,3743.92,17,3,0
Online Auto rickshaw cash fare urgent Monthly transport budget expense,Online Auto rickshaw cash fare urgent,Monthly transport budget expense,transport,908.01,11,1,0
Spent on Home repair and plumbing Routine other item,Spent on Home repair and plumbing,Routine other item,other,4446.05,19,5,1
Quick Nike running shoes today Monthly shopping budget expense,Quick Nike running shoes today,Monthly shopping budget expense,shopping,9468.94,13,5,1
Spent on PG accommodation fee with discount Personal spending on rent,Spent on PG accommodation fee with discount,Personal spending on rent,rent,17944.07,1,2,0
Online Books and stationery store urgent Routine education item,Online Books and stationery store urgent,Routine education item,education,23873.81,19,5,1
Bill for Barbeque Nation buffet at store Monthly food budget expense,Bill for Barbeque Nation buffet at store,Monthly food budget expense,food,329.98,15,2,0
Purchase at Airport cab taxi fare with card Routine transport item,Purchase at Airport cab taxi fare with card,Routine transport item,transport,2892.27,12,4,0
Spent on IKEA home furniture with discount,Spent on IKEA home furniture with discount,,shopping,3096.07,12,3,0
Txn: Gift for friend birthday with card,Txn: Gift for friend birthday with card,,other,3200.49,23,2,0
Paid for Water tanker for society,Paid for Water tanker for society,,rent,38150.96,7,4,0
Bill for Rapido bike taxi with discount Personal spending on transport,Bill for Rapido bike taxi with discount,Personal spending on transport,transport,567.27,23,4,0
Online Mobile postpaid monthly bill,Online Mobile postpaid monthly bill,,other,2775.25,14,3,0
Purchase at Midnight food delivery Monthly food budget expense,Purchase at Midnight food delivery,Monthly food budget expense,food,1458.31,24,1,0
Quick Monthly apartment rent for home,Quick Monthly apartment rent for home,,rent,33015.4,2,0,0
Purchase at Broadband WiFi internet bill today Personal spending on other,Purchase at Broadband WiFi internet bill today,Personal spending on other,other,1161.89,25,5,1
Quick Skillshare creative subscription with discount Paid via UPI for education,Quick Skillshare creative subscription with discount,Paid via UPI for education,education,21805.57,13,0,0
Paid for Bike maintenance and repair via GPay Paid via UPI for transport,Paid for Bike maintenance and repair via GPay,Paid via UPI for transport,transport,4468.17,17,1,0
Amazon online purchase urgent,Amazon online purchase urgent,,shopping,8548.87,14,4,0
Txn: Academic journal access fee at store Personal spending on education,Txn: Academic journal access fee at store,Personal spending on education,education,11784.78,9,1,0
Quick Monthly apartment rent Monthly rent budget expense,Quick Monthly apartment rent,Monthly rent budget expense,rent,14626.65,4,4,0
Juice center fresh juice at store Paid via UPI for food,Juice center fresh juice at store,Paid via UPI for food,food,2623.03,15,1,0
Spent on Flipkart electronics sale urgent,Spent on Flipkart electronics sale urgent,,shopping,4521.24,11,4,0
Purchase at Steam video game purchase via GPay,Purchase at Steam video game purchase via GPay,,entertainment,2959.93,8,3,0
Ayurvedic medicines purchase via GPay Paid via UPI for health,Ayurvedic medicines purchase via GPay,Paid via UPI for health,health,5082.75,18,3,0
Quick Ice cream at Baskin Robbins for home Paid via UPI for food,Quick Ice cream at Baskin Robbins for home,Paid via UPI for food,food,2473.52,5,2,0
Online College semester tuition fee at store Routine education item,Online College semester tuition fee at store,Routine education item,education,21308.7,28,5,1
EV charging station fee today,EV charging station fee today,,transport,4356.65,17,1,0
Purchase at Books and stationery store at store Monthly education budget expense,Purchase at Books and stationery store at store,Monthly education budget expense,education,8590.77,15,6,1
Txn: BookMyShow movie tickets,Txn: BookMyShow movie tickets,,entertainment,950.96,20,0,0
Txn: Flat maintenance charge with discount Routine rent item,Txn: Flat maintenance charge with discount,Routine rent item,rent,13355.56,10,0,0
Paid for Apple store accessories with discount,Paid for Apple store accessories with discount,,shopping,16494.17,23,1,0
Txn: Tuition fee for coaching for home Paid via UPI for education,Txn: Tuition fee for coaching for home,Paid via UPI for education,education,19499.87,15,4,0
Purchase at Bowling & gaming arcade for home Paid via UPI for entertainment,Purchase at Bowling & gaming arcade for home,Paid via UPI for entertainment,entertainment,1635.4,15,0,0
Txn: Laundry dry cleaning for home Monthly other budget expense,Txn: Laundry dry cleaning for home,Monthly other budget expense,other,1946.24,19,6,1
H&M summer collection urgent,H&M summer collection urgent,,shopping,10138.28,19,5,1
Spent on Kindle e-book purchase at store Paid via UPI for education,Spent on Kindle e-book purchase at store,Paid via UPI for education,education,8581.03,19,6,1
Bill for Winter jacket shopping urgent Paid via UPI for shopping,Bill for Winter jacket shopping urgent,Paid via UPI for shopping,shopping,13835.15,24,5,1
Spent on ATM cash withdrawal unaccounted for home,Spent on ATM cash withdrawal unaccounted for home,,other,1098.67,16,1,0
Paid for Starbucks coffee & snack Paid via UPI for food,Paid for Starbucks coffee & snack,Paid via UPI for food,food,2703.47,5,6,1
Spent on Myntra clothes shopping Paid via UPI for shopping,Spent on Myntra clothes shopping,Paid via UPI for shopping,shopping,4249.47,12,0,0
Gardening plants and soil Paid via UPI for other,Gardening plants and soil,Paid via UPI for other,other,3240.05,1,0,0
Physiotherapy session today Personal spending on health,Physiotherapy session today,Personal spending on health,health,6488.11,4,0,0
Txn: Train ticket booking IRCTC urgent Routine transport item,Txn: Train ticket booking IRCTC urgent,Routine transport item,transport,3677.7,26,3,0
Quick Room rent for current month with discount Personal spending on rent,Quick Room rent for current month with discount,Personal spending on rent,rent,27600.09,10,5,1
Office space rent share with card Paid via UPI for rent,Office space rent share with card,Paid via UPI for rent,rent,21211.13,18,3,0
Spent on Swiggy order for dinner with card Paid via UPI for food,Spent on Swiggy order for dinner with card,Paid via UPI for food,food,1809.52,21,6,1
PVR cinemas IMAX tickets at store,PVR cinemas IMAX tickets at store,,entertainment,791.18,16,2,0
Purchase at Grocery shopping at DMart Routine food item,Purchase at Grocery shopping at DMart,Routine food item,food,726.22,1,1,0
Paid for Airport cab taxi fare urgent Personal spending on transport,Paid for Airport cab taxi fare urgent,Personal spending on transport,transport,772.9,19,6,1
Bill for Notebooks and pens set today Personal spending on education,Bill for Notebooks and pens set today,Personal spending on education,education,19012.18,26,5,1
Bill for Security deposit installment Personal spending on rent,Bill for Security deposit installment,Personal spending on rent,rent,8907.43,27,0,0
Bill for Club weekend party entry Paid via UPI for entertainment,Bill for Club weekend party entry,Paid via UPI for entertainment,entertainment,1975.18,16,1,0
Quick Club weekend party entry via GPay Paid via UPI for entertainment,Quick Club weekend party entry via GPay,Paid via UPI for entertainment,entertainment,2102.83,3,6,1
Paid for Eye checkup and new glasses with card Paid via UPI for health,Paid for Eye checkup and new glasses with card,Paid via UPI for health,health,2290.18,23,6,1
Bill for Airport cab taxi fare for home Monthly transport budget expense,Bill for Airport cab taxi fare for home,Monthly transport budget expense,transport,524.15,10,3,0
Paid for Concert musical event pass via GPay Paid via UPI for entertainment,Paid for Concert musical event pass via GPay,Paid via UPI for entertainment,entertainment,443.52,15,4,0
Coursera specialization certification with card Monthly education budget expense,Coursera specialization certification with card,Monthly education budget expense,education,9170.25,20,4,0
Club weekend party entry urgent Monthly entertainment budget expense,Club weekend party entry urgent,Monthly entertainment budget expense,entertainment,1358.08,24,4,0
Spent on Sunglasses purchase today Routine shopping item,Spent on Sunglasses purchase today,Routine shopping item,shopping,3383.23,10,2,0
Paid for LPG gas cylinder refill via GPay Paid via UPI for other,Paid for LPG gas cylinder refill via GPay,Paid via UPI for other,other,2664.59,10,3,0
Purchase at Room rent for current month at store Paid via UPI for rent,Purchase at Room rent for current month at store,Paid via UPI for rent,rent,33835.98,20,4,0
Paid for Bedsheet and pillow covers via GPay Paid via UPI for shopping,Paid for Bedsheet and pillow covers via GPay,Paid via UPI for shopping,shopping,5761.98,11,6,1
Bill for Web development workshop fee with discount,Bill for Web development workshop fee with discount,,education,8700.37,5,2,0
Online PlayStation PS Plus subscription for home Paid via UPI for entertainment,Online PlayStation PS Plus subscription for home,Paid via UPI for entertainment,entertainment,696.56,11,2,0
Bill for Bank transaction charge today Paid via UPI for other,Bill for Bank transaction charge today,Paid via UPI for other,other,1753.77,12,0,0
Spent on Sunglasses purchase Paid via UPI for shopping,Spent on Sunglasses purchase,Paid via UPI for shopping,shopping,17172.88,23,1,0
Paid for Courier speed post delivery today Personal spending on other,Paid for Courier speed post delivery today,Personal spending on other,other,4070.57,21,2,0
Spent on Decathlon sportswear and gear today Monthly shopping budget expense,Spent on Decathlon sportswear and gear today,Monthly shopping budget expense,shopping,14287.75,15,4,0
Quick House cleaning service Urban Company Routine other item,Quick House cleaning service Urban Company,Routine other item,other,4765.25,23,6,1
Txn: House rent payment via UPI for home,Txn: House rent payment via UPI for home,,rent,11653.54,2,4,0
Bill for Web development workshop fee today Monthly education budget expense,Bill for Web development workshop fee today,Monthly education budget expense,education,3094.75,9,1,0
Bill for Bedsheet and pillow covers today,Bill for Bedsheet and pillow covers today,,shopping,8549.91,23,4,0
Bike maintenance and repair with discount Paid via UPI for transport,Bike maintenance and repair with discount,Paid via UPI for transport,transport,515.24,3,0,0
Purchase at Bike maintenance and repair for home Personal spending on transport,Purchase at Bike maintenance and repair for home,Personal spending on transport,transport,2076.23,17,3,0
Paid for Audible audiobooks with discount Paid via UPI for entertainment,Paid for Audible audiobooks with discount,Paid via UPI for entertainment,entertainment,2221.31,11,0,0
Paid for Doctor consultation fee Monthly health budget expense,Paid for Doctor consultation fee,Monthly health budget expense,health,6823.6,22,6,1
Spent on Train ticket booking IRCTC via GPay Paid via UPI for transport,Spent on Train ticket booking IRCTC via GPay,Paid via UPI for transport,transport,1522.9,15,1,0
Spent on Notebooks and pens set via GPay Paid via UPI for education,Spent on Notebooks and pens set via GPay,Paid via UPI for education,education,16191.37,13,0,0
Quick Bedsheet and pillow covers today Personal spending on shopping,Quick Bedsheet and pillow covers today,Personal spending on shopping,shopping,478.32,7,2,0
Paid for Quarterly rent transfer to landlord via GPay Personal spending on rent,Paid for Quarterly rent transfer to landlord via GPay,Personal spending on rent,rent,19631.72,15,0,0
Bill for Dermatologist skin treatment today,Bill for Dermatologist skin treatment today,,health,4968.21,4,2,0
Spent on Standup comedy show ticket urgent,Spent on Standup comedy show ticket urgent,,entertainment,2772.23,3,5,1
Paid for Car servicing & oil change at store Personal spending on transport,Paid for Car servicing & oil change at store,Personal spending on transport,transport,1408.94,12,5,1
Quick Auto rickshaw cash fare today,Quick Auto rickshaw cash fare today,,transport,2704.09,13,3,0
Spent on Cycle repair & parts via GPay Personal spending on transport,Spent on Cycle repair & parts via GPay,Personal spending on transport,transport,2228.91,6,2,0
Bill for Broadband WiFi internet bill Personal spending on other,Bill for Broadband WiFi internet bill,Personal spending on other,other,2959.19,27,3,0
Online Legal notary & document stamps today Paid via UPI for other,Online Legal notary & document stamps today,Paid via UPI for other,other,4289.84,16,1,0
Quarterly rent transfer to landlord at store Routine rent item,Quarterly rent transfer to landlord at store,Routine rent item,rent,16683.6,8,4,0
Online Cult.fit fitness pass with discount Monthly health budget expense,Online Cult.fit fitness pass with discount,Monthly health budget expense,health,4487.86,19,0,0
Vitamin D & Calcium tablets with discount Paid via UPI for health,Vitamin D & Calcium tablets with discount,Paid via UPI for health,health,4461.56,4,5,1
Ajio discount clothes with discount Monthly shopping budget expense,Ajio discount clothes with discount,Monthly shopping budget expense,shopping,5025.55,15,6,1
Txn: Parking space monthly rent at store,Txn: Parking space monthly rent at store,,rent,37428.11,23,2,0
Spent on College semester tuition fee at store Monthly education budget expense,Spent on College semester tuition fee at store,Monthly education budget expense,education,20431.3,19,2,0
Bill for Cult.fit fitness pass urgent Routine health item,Bill for Cult.fit fitness pass urgent,Routine health item,health,2456.8,28,4,0
Quick PG accommodation fee Personal spending on rent,Quick PG accommodation fee,Personal spending on rent,rent,44699.45,23,6,1
Spent on Train ticket booking IRCTC for home Paid via UPI for transport,Spent on Train ticket booking IRCTC for home,Paid via UPI for transport,transport,3736.74,16,1,0
Quick Yoga class subscription with discount Monthly health budget expense,Quick Yoga class subscription with discount,Monthly health budget expense,health,789.03,13,4,0
Online Vitamin D & Calcium tablets with discount Monthly health budget expense,Online Vitamin D & Calcium tablets with discount,Monthly health budget expense,health,2752.86,28,6,1
Online Storage locker monthly rental for home,Online Storage locker monthly rental for home,,rent,39004.25,13,1,0
Txn: Academic journal access fee with discount Routine education item,Txn: Academic journal access fee with discount,Routine education item,education,7078.42,11,4,0
Online Car wash & detailing for home Monthly transport budget expense,Online Car wash & detailing for home,Monthly transport budget expense,transport,4028.99,2,0,0
Paid for Electricity bill payment via GPay Monthly other budget expense,Paid for Electricity bill payment via GPay,Monthly other budget expense,other,2703.59,14,1,0
Spent on Toll plaza FASTag recharge urgent Routine transport item,Spent on Toll plaza FASTag recharge urgent,Routine transport item,transport,465.36,9,0,0
Hotstar subscription plan today Personal spending on entertainment,Hotstar subscription plan today,Personal spending on entertainment,entertainment,1951.32,14,5,1
Paid for Storage locker monthly rental Monthly rent budget expense,Paid for Storage locker monthly rental,Monthly rent budget expense,rent,13536.85,5,4,0
Online Backpack for travel Routine shopping item,Online Backpack for travel,Routine shopping item,shopping,541.9,27,0,0
Spent on Online test series subscription with discount Paid via UPI for education,Spent on Online test series subscription with discount,Paid via UPI for education,education,2234.36,3,5,1
Bill for House rent payment via UPI for home Personal spending on rent,Bill for House rent payment via UPI for home,Personal spending on rent,rent,40239.56,13,6,1
Paid for Diesel filling for car Personal spending on transport,Paid for Diesel filling for car,Personal spending on transport,transport,2765.92,15,2,0
Quick H&M summer collection with discount Monthly shopping budget expense,Quick H&M summer collection with discount,Monthly shopping budget expense,shopping,15535.34,4,1,0
Quick Quarterly rent transfer to landlord for home Routine rent item,Quick Quarterly rent transfer to landlord for home,Routine rent item,rent,43529.95,26,1,0
Paid for Decathlon sportswear and gear at store,Paid for Decathlon sportswear and gear at store,,shopping,10139.78,24,4,0
Purchase at Apollo Pharmacy medicines at store,Purchase at Apollo Pharmacy medicines at store,,health,4238.44,7,5,1
Kindle e-book purchase at store Monthly education budget expense,Kindle e-book purchase at store,Monthly education budget expense,education,12624.24,8,3,0
Security deposit installment for home Personal spending on rent,Security deposit installment for home,Personal spending on rent,rent,42356.98,13,6,1
Spent on Skillshare creative subscription with discount Monthly education budget expense,Spent on Skillshare creative subscription with discount,Monthly education budget expense,education,23884.05,1,4,0
Purchase at Monthly apartment rent at store Monthly rent budget expense,Purchase at Monthly apartment rent at store,Monthly rent budget expense,rent,6593.07,26,3,0
Quick Hospital OPD registration today Monthly health budget expense,Quick Hospital OPD registration today,Monthly health budget expense,health,5674.12,21,4,0
Paid for Flight ticket Indigo to Mumbai urgent Personal spending on transport,Paid for Flight ticket Indigo to Mumbai urgent,Personal spending on transport,transport,401.65,26,1,0
Paid for Club weekend party entry urgent Personal spending on entertainment,Paid for Club weekend party entry urgent,Personal spending on entertainment,entertainment,2155.99,2,1,0
Quick Water tanker for society with card,Quick Water tanker for society with card,,rent,23134.87,2,2,0
Petrol pump fuel refill via GPay Personal spending on transport,Petrol pump fuel refill via GPay,Personal spending on transport,transport,3171.67,16,2,0
Bill for Cult.fit fitness pass via GPay Routine health item,Bill for Cult.fit fitness pass via GPay,Routine health item,health,6048.26,24,0,0
Quick Pizza Hut dinner urgent Routine food item,Quick Pizza Hut dinner urgent,Routine food item,food,1890.63,23,4,0
Online Co-living monthly rent for home,Online Co-living monthly rent for home,,rent,7217.56,6,2,0
Paid for Flight ticket Indigo to Mumbai with card,Paid for Flight ticket Indigo to Mumbai with card,,transport,1066.4,1,0,0
Haldirams snacks & sweets with discount Personal spending on food,Haldirams snacks & sweets with discount,Personal spending on food,food,1350.24,6,6,1
Txn: Oatmeal and cereal pack for home Routine food item,Txn: Oatmeal and cereal pack for home,Routine food item,food,959.13,9,6,1
Bill for Quarterly rent transfer to landlord with card Monthly rent budget expense,Bill for Quarterly rent transfer to landlord with card,Monthly rent budget expense,rent,25081.64,6,1,0
Paid for Street food evening snacks with discount Routine food item,Paid for Street food evening snacks with discount,Routine food item,food,3047.19,11,0,0
Bill for Electricity bill payment at store Routine other item,Bill for Electricity bill payment at store,Routine other item,other,1820.41,24,4,0
Bill for Bedsheet and pillow covers with discount Personal spending on shopping,Bill for Bedsheet and pillow covers with discount,Personal spending on shopping,shopping,17961.05,24,4,0
H&M summer collection today,H&M summer collection today,,shopping,820.82,12,5,1
Pizza Hut dinner today Routine food item,Pizza Hut dinner today,Routine food item,food,2989.64,4,1,0
Online Watch purchase at Titan Personal spending on shopping,Online Watch purchase at Titan,Personal spending on shopping,shopping,17517.04,23,2,0
Txn: Monthly apartment rent today Routine rent item,Txn: Monthly apartment rent today,Routine rent item,rent,33033.88,15,5,1
Paid for Quarterly rent transfer to landlord via GPay Paid via UPI for rent,Paid for Quarterly rent transfer to landlord via GPay,Paid via UPI for rent,rent,30488.63,3,4,0
Spent on Biryani takeaway at store Routine food item,Spent on Biryani takeaway at store,Routine food item,food,1105.86,26,3,0
Online Amusement park entry ticket urgent Personal spending on entertainment,Online Amusement park entry ticket urgent,Personal spending on entertainment,entertainment,853.35,5,6,1
Paid for PG accommodation fee via GPay Routine rent item,Paid for PG accommodation fee via GPay,Routine rent item,rent,22982.67,14,0,0
Online PlayStation PS Plus subscription urgent Monthly entertainment budget expense,Online PlayStation PS Plus subscription urgent,Monthly entertainment budget expense,entertainment,1496.83,3,1,0
Txn: Doctor consultation fee for home Personal spending on health,Txn: Doctor consultation fee for home,Personal spending on health,health,1356.93,12,3,0
Purchase at Dinner with friends at restaurant via GPay Paid via UPI for food,Purchase at Dinner with friends at restaurant via GPay,Paid via UPI for food,food,225.06,28,3,0
Online Zara shirt and jeans with card Personal spending on shopping,Online Zara shirt and jeans with card,Personal spending on shopping,shopping,14548.58,4,0,0
Spent on Organic fruit market at store Routine food item,Spent on Organic fruit market at store,Routine food item,food,2904.02,22,5,1
Purchase at Quarterly rent transfer to landlord with card Monthly rent budget expense,Purchase at Quarterly rent transfer to landlord with card,Monthly rent budget expense,rent,5872.01,7,5,1
Paid for LPG gas cylinder refill for home Paid via UPI for other,Paid for LPG gas cylinder refill for home,Paid via UPI for other,other,822.91,2,1,0
Quick Academic journal access fee with discount Paid via UPI for education,Quick Academic journal access fee with discount,Paid via UPI for education,education,1221.35,6,2,0
Purchase at Nike running shoes urgent Personal spending on shopping,Purchase at Nike running shoes urgent,Personal spending on shopping,shopping,8249.8,2,4,0
Online Ajio discount clothes today Paid via UPI for shopping,Online Ajio discount clothes today,Paid via UPI for shopping,shopping,15936.9,2,0,0
Spent on First aid kit supplies today,Spent on First aid kit supplies today,,health,1755.77,8,5,1
Bill for Fresh meat and fish store with discount Paid via UPI for food,Bill for Fresh meat and fish store with discount,Paid via UPI for food,food,1960.47,12,4,0
Purchase at Club weekend party entry via GPay,Purchase at Club weekend party entry via GPay,,entertainment,272.0,8,0,0
Online Doctor consultation fee for home Personal spending on health,Online Doctor consultation fee for home,Personal spending on health,health,6181.37,6,0,0
Purchase at IKEA home furniture Personal spending on shopping,Purchase at IKEA home furniture,Personal spending on shopping,shopping,13847.28,19,6,1
Spent on Skillshare creative subscription via GPay Routine education item,Spent on Skillshare creative subscription via GPay,Routine education item,education,6294.74,26,5,1
Bill for Netflix monthly subscription via GPay Personal spending on entertainment,Bill for Netflix monthly subscription via GPay,Personal spending on entertainment,entertainment,1776.27,27,6,1
Spent on Courier speed post delivery with discount Monthly other budget expense,Spent on Courier speed post delivery with discount,Monthly other budget expense,other,323.99,8,4,0
Online Amazon online purchase,Online Amazon online purchase,,shopping,6238.52,7,6,1
Spent on Car servicing & oil change for home Personal spending on transport,Spent on Car servicing & oil change for home,Personal spending on transport,transport,315.02,19,5,1
Bill for Petrol pump fuel refill with card Paid via UPI for transport,Bill for Petrol pump fuel refill with card,Paid via UPI for transport,transport,1712.48,19,0,0
Bill for Bowling & gaming arcade via GPay Paid via UPI for entertainment,Bill for Bowling & gaming arcade via GPay,Paid via UPI for entertainment,entertainment,2932.39,26,5,1
Spent on Laundry dry cleaning for home,Spent on Laundry dry cleaning for home,,other,1417.1,27,1,0
Purchase at Kindle e-book purchase via GPay Monthly education budget expense,Purchase at Kindle e-book purchase via GPay,Monthly education budget expense,education,4853.03,23,4,0
Academic journal access fee via GPay,Academic journal access fee via GPay,,education,15258.12,8,5,1
Online Water tanker for society via GPay Monthly rent budget expense,Online Water tanker for society via GPay,Monthly rent budget expense,rent,18246.74,8,2,0
Paid for Hotstar subscription plan for home Routine entertainment item,Paid for Hotstar subscription plan for home,Routine entertainment item,entertainment,1450.01,7,1,0
Purchase at Room rent for current month with card Monthly rent budget expense,Purchase at Room rent for current month with card,Monthly rent budget expense,rent,33816.54,13,3,0
Quick College semester tuition fee with discount Routine education item,Quick College semester tuition fee with discount,Routine education item,education,22103.26,18,3,0
Online Brokerage fee for apartment at store Monthly rent budget expense,Online Brokerage fee for apartment at store,Monthly rent budget expense,rent,11506.26,26,6,1
Nature's Basket gourmet items for home Monthly food budget expense,Nature's Basket gourmet items for home,Monthly food budget expense,food,1002.61,3,2,0
Spent on Airport cab taxi fare with card Monthly transport budget expense,Spent on Airport cab taxi fare with card,Monthly transport budget expense,transport,2484.36,11,4,0
Quick Electricity bill payment via GPay Paid via UPI for other,Quick Electricity bill payment via GPay,Paid via UPI for other,other,3683.17,6,0,0
Txn: Room rent for current month at store,Txn: Room rent for current month at store,,rent,21371.19,24,5,1
Purchase at Physiotherapy session at store Paid via UPI for health,Purchase at Physiotherapy session at store,Paid via UPI for health,health,948.14,19,4,0
LPG gas cylinder refill for home Monthly other budget expense,LPG gas cylinder refill for home,Monthly other budget expense,other,122.51,10,6,1
Paid for Gift for friend birthday Routine other item,Paid for Gift for friend birthday,Routine other item,other,1321.02,3,3,0
Quick Society maintenance bill with discount Routine rent item,Quick Society maintenance bill with discount,Routine rent item,rent,24563.87,3,5,1
Bill for College semester tuition fee today Paid via UPI for education,Bill for College semester tuition fee today,Paid via UPI for education,education,9549.71,2,2,0
Purchase at ATM cash withdrawal unaccounted at store,Purchase at ATM cash withdrawal unaccounted at store,,other,5038.76,2,1,0
Bill for House rent payment via UPI today,Bill for House rent payment via UPI today,,rent,43828.22,8,4,0
Quick Fresh meat and fish store with discount Personal spending on food,Quick Fresh meat and fish store with discount,Personal spending on food,food,2055.77,16,2,0
Hostel fees payment via GPay Paid via UPI for rent,Hostel fees payment via GPay,Paid via UPI for rent,rent,9811.27,6,1,0
Spent on Apple store accessories Paid via UPI for shopping,Spent on Apple store accessories,Paid via UPI for shopping,shopping,7851.4,7,6,1
Bill for Flight ticket Indigo to Mumbai with card,Bill for Flight ticket Indigo to Mumbai with card,,transport,437.27,13,4,0
Online Concert musical event pass,Online Concert musical event pass,,entertainment,2402.13,19,4,0
Quick Coursera specialization certification via GPay,Quick Coursera specialization certification via GPay,,education,4130.04,19,6,1
Paid for Water tanker for society with card,Paid for Water tanker for society with card,,rent,36429.83,12,3,0
Online First aid kit supplies with discount Routine health item,Online First aid kit supplies with discount,Routine health item,health,492.23,13,1,0
Quick Udemy online programming course for home Monthly education budget expense,Quick Udemy online programming course for home,Monthly education budget expense,education,17417.28,24,3,0
Vitamin D & Calcium tablets for home Routine health item,Vitamin D & Calcium tablets for home,Routine health item,health,6575.61,10,2,0
Txn: Water utility bill via GPay Paid via UPI for other,Txn: Water utility bill via GPay,Paid via UPI for other,other,1872.83,25,6,1
Quick Concert musical event pass with card Personal spending on entertainment,Quick Concert musical event pass with card,Personal spending on entertainment,entertainment,725.41,27,3,0
Bill for Tax filing CA consultancy fee Personal spending on other,Bill for Tax filing CA consultancy fee,Personal spending on other,other,3140.09,3,2,0
College semester tuition fee via GPay Personal spending on education,College semester tuition fee via GPay,Personal spending on education,education,5221.9,27,0,0
Online Flipkart electronics sale Personal spending on shopping,Online Flipkart electronics sale,Personal spending on shopping,shopping,16557.35,9,2,0
Quick Tax filing CA consultancy fee with card Personal spending on other,Quick Tax filing CA consultancy fee with card,Personal spending on other,other,4118.93,12,3,0
Online Charity donation to NGO for home Routine other item,Online Charity donation to NGO for home,Routine other item,other,2131.07,24,6,1
Society maintenance bill today,Society maintenance bill today,,rent,6986.04,25,1,0
Txn: IKEA home furniture urgent,Txn: IKEA home furniture urgent,,shopping,11867.94,1,6,1
Spent on Breakfast at Saravana Bhavan via GPay Monthly food budget expense,Spent on Breakfast at Saravana Bhavan via GPay,Monthly food budget expense,food,2151.86,8,2,0
Quick Ayurvedic medicines purchase today Paid via UPI for health,Quick Ayurvedic medicines purchase today,Paid via UPI for health,health,6842.37,9,1,0
Quick Courier speed post delivery with card Routine other item,Quick Courier speed post delivery with card,Routine other item,other,143.35,18,5,1
Paid for Physiotherapy session with discount Routine health item,Paid for Physiotherapy session with discount,Routine health item,health,697.93,21,2,0
Purchase at Ayurvedic medicines purchase at store Personal spending on health,Purchase at Ayurvedic medicines purchase at store,Personal spending on health,health,1369.45,2,6,1
Bill for Notebooks and pens set via GPay Paid via UPI for education,Bill for Notebooks and pens set via GPay,Paid via UPI for education,education,18171.16,10,2,0
Quick GRE / TOEFL exam registration,Quick GRE / TOEFL exam registration,,education,14783.66,27,1,0
Online Steam video game purchase for home Personal spending on entertainment,Online Steam video game purchase for home,Personal spending on entertainment,entertainment,1619.99,27,5,1
Paid for Toll plaza FASTag recharge with discount Routine transport item,Paid for Toll plaza FASTag recharge with discount,Routine transport item,transport,619.35,24,6,1
Paid for Car servicing & oil change at store Routine transport item,Paid for Car servicing & oil change at store,Routine transport item,transport,1631.01,14,6,1
Purchase at YouTube Premium family plan urgent Monthly entertainment budget expense,Purchase at YouTube Premium family plan urgent,Monthly entertainment budget expense,entertainment,1497.99,16,0,0
Txn: Co-living monthly rent with card Paid via UPI for rent,Txn: Co-living monthly rent with card,Paid via UPI for rent,rent,39699.91,17,2,0
Spent on Udemy online programming course via GPay Routine education item,Spent on Udemy online programming course via GPay,Routine education item,education,24812.51,14,4,0
Bill for LPG gas cylinder refill via GPay Paid via UPI for other,Bill for LPG gas cylinder refill via GPay,Paid via UPI for other,other,4695.75,11,5,1
Car servicing & oil change Personal spending on transport,Car servicing & oil change,Personal spending on transport,transport,2061.64,25,6,1
Spent on Car wash & detailing with discount Monthly transport budget expense,Spent on Car wash & detailing with discount,Monthly transport budget expense,transport,3544.19,5,4,0
Quick Notebooks and pens set today Paid via UPI for education,Quick Notebooks and pens set today,Paid via UPI for education,education,11010.55,13,0,0
Bill for Chai Point tea with biscuits,Bill for Chai Point tea with biscuits,,food,3134.98,7,0,0
Txn: Haldirams snacks & sweets for home Monthly food budget expense,Txn: Haldirams snacks & sweets for home,Monthly food budget expense,food,1174.87,13,4,0
Paid for Cult.fit fitness pass Routine health item,Paid for Cult.fit fitness pass,Routine health item,health,2525.98,15,5,1
Spent on Board game cafe bill for home Paid via UPI for entertainment,Spent on Board game cafe bill for home,Paid via UPI for entertainment,entertainment,2989.19,12,6,1
Quick Nike running shoes Personal spending on shopping,Quick Nike running shoes,Personal spending on shopping,shopping,4420.16,7,5,1
Paid for Local bakery bread and cake for home Monthly food budget expense,Paid for Local bakery bread and cake for home,Monthly food budget expense,food,2523.55,13,5,1
Doctor consultation fee with card Monthly health budget expense,Doctor consultation fee with card,Monthly health budget expense,health,5297.83,2,5,1
Online Hostel fees payment today Routine rent item,Online Hostel fees payment today,Routine rent item,rent,9943.8,16,5,1
Bus pass monthly renewal urgent Monthly transport budget expense,Bus pass monthly renewal urgent,Monthly transport budget expense,transport,1922.88,22,4,0
Quick Gym membership monthly renewal with card,Quick Gym membership monthly renewal with card,,health,4190.36,4,2,0
Paid for Parking space monthly rent with discount Personal spending on rent,Paid for Parking space monthly rent with discount,Personal spending on rent,rent,12945.87,25,2,0
Quick Casual t-shirt and hoodie urgent,Quick Casual t-shirt and hoodie urgent,,shopping,3222.58,16,1,0
Txn: Laundry dry cleaning Monthly other budget expense,Txn: Laundry dry cleaning,Monthly other budget expense,other,175.22,4,6,1
Paid for LPG gas cylinder refill with card Monthly other budget expense,Paid for LPG gas cylinder refill with card,Monthly other budget expense,other,4369.03,9,5,1
Purchase at Bedsheet and pillow covers urgent Monthly shopping budget expense,Purchase at Bedsheet and pillow covers urgent,Monthly shopping budget expense,shopping,8571.28,27,1,0
Bill for Nature's Basket gourmet items for home Monthly food budget expense,Bill for Nature's Basket gourmet items for home,Monthly food budget expense,food,1559.86,4,6,1
Spent on Swiggy order for dinner via GPay Paid via UPI for food,Spent on Swiggy order for dinner via GPay,Paid via UPI for food,food,1230.87,20,2,0
Bill for Room rent for current month via GPay Paid via UPI for rent,Bill for Room rent for current month via GPay,Paid via UPI for rent,rent,9553.28,15,2,0
Online Online test series subscription today Personal spending on education,Online Online test series subscription today,Personal spending on education,education,16396.39,4,1,0
Paid for Local bakery bread and cake today Paid via UPI for food,Paid for Local bakery bread and cake today,Paid via UPI for food,food,3199.95,26,4,0
Quick Charity donation to NGO for home Personal spending on other,Quick Charity donation to NGO for home,Personal spending on other,other,3707.01,16,3,0
Quick Water tanker for society with discount Routine rent item,Quick Water tanker for society with discount,Routine rent item,rent,6838.89,21,2,0
Bill for Organic fruit market with card Personal spending on food,Bill for Organic fruit market with card,Personal spending on food,food,1583.03,16,2,0
College semester tuition fee Personal spending on education,College semester tuition fee,Personal spending on education,education,16262.91,17,6,1
Spent on Gardening plants and soil with card Routine other item,Spent on Gardening plants and soil with card,Routine other item,other,4533.44,8,2,0
Txn: Doctor consultation fee today Personal spending on health,Txn: Doctor consultation fee today,Personal spending on health,health,3345.56,3,3,0
Paid for ATM cash withdrawal unaccounted with discount Monthly other budget expense,Paid for ATM cash withdrawal unaccounted with discount,Monthly other budget expense,other,2737.7,16,5,1
Quick Blinkit instant grocery today,Quick Blinkit instant grocery today,,food,241.11,1,6,1
Purchase at Parking space monthly rent at store Paid via UPI for rent,Purchase at Parking space monthly rent at store,Paid via UPI for rent,rent,31183.84,11,2,0
Online Organic fruit market for home,Online Organic fruit market for home,,food,2013.31,20,3,0
Paid for Standup comedy show ticket with card Personal spending on entertainment,Paid for Standup comedy show ticket with card,Personal spending on entertainment,entertainment,2325.86,1,2,0
Bill for Bowling & gaming arcade with card Personal spending on entertainment,Bill for Bowling & gaming arcade with card,Personal spending on entertainment,entertainment,327.22,16,1,0
Purchase at Coursera specialization certification at store Paid via UPI for education,Purchase at Coursera specialization certification at store,Paid via UPI for education,education,5094.0,7,3,0
Paid for Sneakers purchase today,Paid for Sneakers purchase today,,shopping,1218.41,4,6,1
Spent on ATM cash withdrawal unaccounted with discount Monthly other budget expense,Spent on ATM cash withdrawal unaccounted with discount,Monthly other budget expense,other,125.59,18,3,0
Spent on Tax filing CA consultancy fee via GPay Personal spending on other,Spent on Tax filing CA consultancy fee via GPay,Personal spending on other,other,4409.92,4,3,0
Quick Club weekend party entry at store Routine entertainment item,Quick Club weekend party entry at store,Routine entertainment item,entertainment,965.34,10,3,0
Quick Diesel filling for car urgent,Quick Diesel filling for car urgent,,transport,3801.68,28,2,0
Txn: Apple store accessories urgent Personal spending on shopping,Txn: Apple store accessories urgent,Personal spending on shopping,shopping,12484.36,23,5,1
Bill for Auto rickshaw cash fare with card,Bill for Auto rickshaw cash fare with card,,transport,3435.45,16,4,0
Purchase at Notebooks and pens set today,Purchase at Notebooks and pens set today,,education,20303.28,4,0,0
College semester tuition fee Personal spending on education,College semester tuition fee,Personal spending on education,education,5396.81,10,5,1
Gym membership monthly renewal urgent,Gym membership monthly renewal urgent,,health,1791.21,2,2,0
Txn: Water utility bill today Routine other item,Txn: Water utility bill today,Routine other item,other,1501.81,23,5,1
Quick Fresh meat and fish store today Routine food item,Quick Fresh meat and fish store today,Routine food item,food,3353.65,18,0,0
Txn: Barbeque Nation buffet with discount Routine food item,Txn: Barbeque Nation buffet with discount,Routine food item,food,2925.34,25,4,0
Purchase at Apple store accessories with discount Monthly shopping budget expense,Purchase at Apple store accessories with discount,Monthly shopping budget expense,shopping,3522.7,6,1,0
Hostel fees payment today Routine rent item,Hostel fees payment today,Routine rent item,rent,16164.49,5,1,0
Bill for Apollo Pharmacy medicines with discount Personal spending on health,Bill for Apollo Pharmacy medicines with discount,Personal spending on health,health,5735.58,2,1,0
Purchase at Spotify premium music renewal with discount,Purchase at Spotify premium music renewal with discount,,entertainment,2411.53,12,0,0
Spent on Steam video game purchase with card Personal spending on entertainment,Spent on Steam video game purchase with card,Personal spending on entertainment,entertainment,2401.31,14,4,0
Bill for Coursera specialization certification at store Routine education item,Bill for Coursera specialization certification at store,Routine education item,education,22143.1,11,2,0
Online Medplus health supplements Routine health item,Online Medplus health supplements,Routine health item,health,1094.83,15,1,0
Bill for Flipkart electronics sale today Monthly shopping budget expense,Bill for Flipkart electronics sale today,Monthly shopping budget expense,shopping,16520.41,13,2,0
Bill for Apollo Pharmacy medicines with discount Routine health item,Bill for Apollo Pharmacy medicines with discount,Routine health item,health,3997.08,21,1,0
Paid for BookMyShow movie tickets via GPay,Paid for BookMyShow movie tickets via GPay,,entertainment,2920.53,18,0,0
Txn: Flat maintenance charge today Personal spending on rent,Txn: Flat maintenance charge today,Personal spending on rent,rent,38426.6,18,6,1
Paid for Notebooks and pens set via GPay Routine education item,Paid for Notebooks and pens set via GPay,Routine education item,education,1080.97,2,0,0
Spent on Monthly apartment rent urgent,Spent on Monthly apartment rent urgent,,rent,27323.37,27,1,0
Quick Yoga class subscription with discount Paid via UPI for health,Quick Yoga class subscription with discount,Paid via UPI for health,health,5115.69,11,0,0
Paid for Notebooks and pens set,Paid for Notebooks and pens set,,education,16214.5,3,6,1
Bill for Grocery shopping at DMart with card Routine food item,Bill for Grocery shopping at DMart with card,Routine food item,food,1099.65,20,0,0
Quick Protein powder supplement today Monthly health budget expense,Quick Protein powder supplement today,Monthly health budget expense,health,6612.55,16,1,0
Quick H&M summer collection urgent Personal spending on shopping,Quick H&M summer collection urgent,Personal spending on shopping,shopping,17298.36,10,5,1
Spent on Netflix monthly subscription with card,Spent on Netflix monthly subscription with card,,entertainment,316.01,20,3,0
Txn: Society maintenance bill for home,Txn: Society maintenance bill for home,,rent,13469.48,5,1,0
Purchase at Train ticket booking IRCTC at store,Purchase at Train ticket booking IRCTC at store,,transport,560.07,28,0,0
Purchase at Mobile postpaid monthly bill with card Personal spending on other,Purchase at Mobile postpaid monthly bill with card,Personal spending on other,other,1579.06,24,4,0
Bill for Laundry dry cleaning via GPay Personal spending on other,Bill for Laundry dry cleaning via GPay,Personal spending on other,other,4060.64,4,2,0
Txn: Water tanker for society for home Routine rent item,Txn: Water tanker for society for home,Routine rent item,rent,24434.45,20,5,1
Bill for Gym membership monthly renewal for home Personal spending on health,Bill for Gym membership monthly renewal for home,Personal spending on health,health,7677.54,1,2,0
Quick IKEA home furniture urgent Personal spending on shopping,Quick IKEA home furniture urgent,Personal spending on shopping,shopping,15185.94,22,5,1
Online Audible audiobooks with discount Routine entertainment item,Online Audible audiobooks with discount,Routine entertainment item,entertainment,1203.84,16,4,0
Paid for PG accommodation fee urgent Personal spending on rent,Paid for PG accommodation fee urgent,Personal spending on rent,rent,39348.55,18,1,0
Paid for Dental clinic root canal visit Monthly health budget expense,Paid for Dental clinic root canal visit,Monthly health budget expense,health,6826.78,27,4,0
Txn: Web development workshop fee,Txn: Web development workshop fee,,education,14013.6,18,3,0
Quick Bike maintenance and repair at store,Quick Bike maintenance and repair at store,,transport,4016.9,24,6,1
Online Gym membership monthly renewal with card,Online Gym membership monthly renewal with card,,health,3294.92,1,5,1
Spent on Kitchen cookware set via GPay Personal spending on shopping,Spent on Kitchen cookware set via GPay,Personal spending on shopping,shopping,8253.48,19,4,0
Bill for Cycle repair & parts Paid via UPI for transport,Bill for Cycle repair & parts,Paid via UPI for transport,transport,1023.75,8,0,0
Txn: Vitamin D & Calcium tablets,Txn: Vitamin D & Calcium tablets,,health,5414.97,26,2,0
Online Coding bootcamp installment Routine education item,Online Coding bootcamp installment,Routine education item,education,1476.71,4,5,1
Spent on Ayurvedic medicines purchase today Routine health item,Spent on Ayurvedic medicines purchase today,Routine health item,health,5298.67,19,5,1
Purchase at Security deposit installment today Personal spending on rent,Purchase at Security deposit installment today,Personal spending on rent,rent,43906.96,17,3,0
Online YouTube Premium family plan with discount Monthly entertainment budget expense,Online YouTube Premium family plan with discount,Monthly entertainment budget expense,entertainment,2683.97,17,1,0
Txn: Charity donation to NGO with card Routine other item,Txn: Charity donation to NGO with card,Routine other item,other,3135.79,7,1,0
Bill for Rapido bike taxi with card Paid via UPI for transport,Bill for Rapido bike taxi with card,Paid via UPI for transport,transport,2991.94,26,2,0
Online Co-living monthly rent with discount Personal spending on rent,Online Co-living monthly rent with discount,Personal spending on rent,rent,13428.16,21,6,1
Txn: Udemy online programming course,Txn: Udemy online programming course,,education,3632.31,6,1,0
Subway sub & drink via GPay Personal spending on food,Subway sub & drink via GPay,Personal spending on food,food,992.92,17,3,0
Paid for Nature's Basket gourmet items at store Paid via UPI for food,Paid for Nature's Basket gourmet items at store,Paid via UPI for food,food,1638.31,28,3,0
Quick Train ticket booking IRCTC via GPay Personal spending on transport,Quick Train ticket booking IRCTC via GPay,Personal spending on transport,transport,3586.04,20,5,1
Bill for Cult.fit fitness pass with discount Monthly health budget expense,Bill for Cult.fit fitness pass with discount,Monthly health budget expense,health,4852.96,8,3,0
Paid for College semester tuition fee,Paid for College semester tuition fee,,education,5456.74,22,3,0
Spent on Petrol pump fuel refill with discount,Spent on Petrol pump fuel refill with discount,,transport,4062.16,2,6,1
Online House rent payment via UPI via GPay,Online House rent payment via UPI via GPay,,rent,41079.39,27,0,0
Quick Technical reference book for home,Quick Technical reference book for home,,education,21933.07,14,1,0
Bill for House cleaning service Urban Company with card Routine other item,Bill for House cleaning service Urban Company with card,Routine other item,other,2610.39,16,6,1
Purchase at Myntra clothes shopping today Monthly shopping budget expense,Purchase at Myntra clothes shopping today,Monthly shopping budget expense,shopping,4937.37,23,5,1
Dominos pizza party today Routine food item,Dominos pizza party today,Routine food item,food,2332.37,14,2,0
Quick PG accommodation fee urgent,Quick PG accommodation fee urgent,,rent,15452.12,14,4,0
Quick Concert musical event pass at store,Quick Concert musical event pass at store,,entertainment,1356.45,16,1,0
Purchase at Audible audiobooks urgent Paid via UPI for entertainment,Purchase at Audible audiobooks urgent,Paid via UPI for entertainment,entertainment,1817.0,24,1,0
Txn: Storage locker monthly rental with discount Personal spending on rent,Txn: Storage locker monthly rental with discount,Personal spending on rent,rent,36324.37,4,1,0
Bill for Web development workshop fee Monthly education budget expense,Bill for Web development workshop fee,Monthly education budget expense,education,4437.24,26,0,0
Quick Cycle repair & parts with card Personal spending on transport,Quick Cycle repair & parts with card,Personal spending on transport,transport,335.16,12,0,0
Quick Fresh meat and fish store urgent,Quick Fresh meat and fish store urgent,,food,2525.23,2,6,1
Online Cycle repair & parts,Online Cycle repair & parts,,transport,947.6,10,1,0
Spent on Organic fruit market Monthly food budget expense,Spent on Organic fruit market,Monthly food budget expense,food,1335.92,6,0,0
Bill for First aid kit supplies today Personal spending on health,Bill for First aid kit supplies today,Personal spending on health,health,3362.52,17,0,0
Paid for Water tanker for society urgent,Paid for Water tanker for society urgent,,rent,34045.55,19,2,0
Txn: Concert musical event pass at store Paid via UPI for entertainment,Txn: Concert musical event pass at store,Paid via UPI for entertainment,entertainment,1472.78,19,0,0
Quick Cult.fit fitness pass with card,Quick Cult.fit fitness pass with card,,health,4557.32,10,2,0
Purchase at Parking space monthly rent urgent Paid via UPI for rent,Purchase at Parking space monthly rent urgent,Paid via UPI for rent,rent,32767.67,19,3,0
Online Sneakers purchase with discount Monthly shopping budget expense,Online Sneakers purchase with discount,Monthly shopping budget expense,shopping,16178.82,16,0,0
Quick Dental clinic root canal visit at store Personal spending on health,Quick Dental clinic root canal visit at store,Personal spending on health,health,5479.92,26,2,0
Skillshare creative subscription urgent Monthly education budget expense,Skillshare creative subscription urgent,Monthly education budget expense,education,6581.56,13,5,1
Spent on BookMyShow movie tickets with discount Personal spending on entertainment,Spent on BookMyShow movie tickets with discount,Personal spending on entertainment,entertainment,1078.16,19,2,0
Online Bus pass monthly renewal at store Personal spending on transport,Online Bus pass monthly renewal at store,Personal spending on transport,transport,1095.13,28,2,0
Txn: IKEA home furniture at store Routine shopping item,Txn: IKEA home furniture at store,Routine shopping item,shopping,15119.49,5,6,1
Paid for House rent payment via UPI with discount,Paid for House rent payment via UPI with discount,,rent,29553.08,2,6,1
Bill for Pet food and veterinary care with discount,Bill for Pet food and veterinary care with discount,,other,5398.92,28,2,0
Purchase at Charity donation to NGO today,Purchase at Charity donation to NGO today,,other,1410.35,5,0,0
Coding bootcamp installment for home Personal spending on education,Coding bootcamp installment for home,Personal spending on education,education,10145.46,15,0,0
Laundry dry cleaning Paid via UPI for other,Laundry dry cleaning,Paid via UPI for other,other,4077.21,19,0,0
Purchase at YouTube Premium family plan via GPay Personal spending on entertainment,Purchase at YouTube Premium family plan via GPay,Personal spending on entertainment,entertainment,1735.53,9,3,0
Spent on YouTube Premium family plan with discount Paid via UPI for entertainment,Spent on YouTube Premium family plan with discount,Paid via UPI for entertainment,entertainment,1386.46,23,6,1
Quick YouTube Premium family plan urgent,Quick YouTube Premium family plan urgent,,entertainment,1461.49,5,4,0
Purchase at Zara shirt and jeans at store Paid via UPI for shopping,Purchase at Zara shirt and jeans at store,Paid via UPI for shopping,shopping,10173.98,7,1,0
Cycle repair & parts via GPay Personal spending on transport,Cycle repair & parts via GPay,Personal spending on transport,transport,1925.77,28,5,1
Purchase at Audible audiobooks urgent,Purchase at Audible audiobooks urgent,,entertainment,1773.55,2,3,0
Spent on Storage locker monthly rental Routine rent item,Spent on Storage locker monthly rental,Routine rent item,rent,13618.69,16,6,1
Bill for Co-living monthly rent urgent,Bill for Co-living monthly rent urgent,,rent,19438.48,18,6,1
Vitamin D & Calcium tablets today,Vitamin D & Calcium tablets today,,health,1145.65,7,4,0
Bill for Toll plaza FASTag recharge for home Paid via UPI for transport,Bill for Toll plaza FASTag recharge for home,Paid via UPI for transport,transport,3045.71,25,5,1
Quick Mobile postpaid monthly bill urgent Personal spending on other,Quick Mobile postpaid monthly bill urgent,Personal spending on other,other,2836.14,28,1,0
Quick Board game cafe bill with card Routine entertainment item,Quick Board game cafe bill with card,Routine entertainment item,entertainment,420.59,8,2,0
Purchase at Bowling & gaming arcade today Paid via UPI for entertainment,Purchase at Bowling & gaming arcade today,Paid via UPI for entertainment,entertainment,958.77,25,6,1
Quick Standup comedy show ticket via GPay Monthly entertainment budget expense,Quick Standup comedy show ticket via GPay,Monthly entertainment budget expense,entertainment,714.07,5,5,1
Paid for Decathlon sportswear and gear at store Monthly shopping budget expense,Paid for Decathlon sportswear and gear at store,Monthly shopping budget expense,shopping,3337.62,4,0,0
Broadband WiFi internet bill today Monthly other budget expense,Broadband WiFi internet bill today,Monthly other budget expense,other,3191.5,4,2,0
Quick Metro card monthly recharge urgent Routine transport item,Quick Metro card monthly recharge urgent,Routine transport item,transport,1070.63,15,5,1
Spent on Diesel filling for car Routine transport item,Spent on Diesel filling for car,Routine transport item,transport,206.44,28,2,0
Purchase at ATM cash withdrawal unaccounted with discount,Purchase at ATM cash withdrawal unaccounted with discount,,other,897.18,6,4,0
Purchase at Legal notary & document stamps for home Personal spending on other,Purchase at Legal notary & document stamps for home,Personal spending on other,other,2941.74,26,0,0
Bill for Courier speed post delivery today Routine other item,Bill for Courier speed post delivery today,Routine other item,other,1632.86,1,0,0
Purchase at Bike maintenance and repair with discount Paid via UPI for transport,Purchase at Bike maintenance and repair with discount,Paid via UPI for transport,transport,2431.19,25,3,0
Quick Apollo Pharmacy medicines urgent Monthly health budget expense,Quick Apollo Pharmacy medicines urgent,Monthly health budget expense,health,4856.63,18,2,0
Quick Watch purchase at Titan today Paid via UPI for shopping,Quick Watch purchase at Titan today,Paid via UPI for shopping,shopping,4798.17,27,3,0
Paid for Decathlon sportswear and gear today,Paid for Decathlon sportswear and gear today,,shopping,11405.69,25,6,1
Purchase at Physiotherapy session today Monthly health budget expense,Purchase at Physiotherapy session today,Monthly health budget expense,health,1666.4,6,1,0
Online Blood test and full body checkup with discount,Online Blood test and full body checkup with discount,,health,2322.65,16,1,0
Spent on Netflix monthly subscription Monthly entertainment budget expense,Spent on Netflix monthly subscription,Monthly entertainment budget expense,entertainment,2915.18,6,0,0
Spent on Ayurvedic medicines purchase with discount Personal spending on health,Spent on Ayurvedic medicines purchase with discount,Personal spending on health,health,5871.44,3,1,0
Txn: Coffee beans purchase for home Paid via UPI for food,Txn: Coffee beans purchase for home,Paid via UPI for food,food,1540.42,12,3,0
Paid for Pizza Hut dinner via GPay Paid via UPI for food,Paid for Pizza Hut dinner via GPay,Paid via UPI for food,food,309.41,3,4,0
Txn: Charity donation to NGO urgent Monthly other budget expense,Txn: Charity donation to NGO urgent,Monthly other budget expense,other,4921.78,4,6,1
Online Perfume & cosmetics store at store Monthly shopping budget expense,Online Perfume & cosmetics store at store,Monthly shopping budget expense,shopping,13382.09,7,3,0
Txn: Security deposit installment with discount Routine rent item,Txn: Security deposit installment with discount,Routine rent item,rent,20564.92,11,1,0
Purchase at Dominos pizza party with discount Personal spending on food,Purchase at Dominos pizza party with discount,Personal spending on food,food,2278.2,12,0,0
Txn: Zara shirt and jeans today Personal spending on shopping,Txn: Zara shirt and jeans today,Personal spending on shopping,shopping,6111.44,26,2,0
Txn: Hostel fees payment,Txn: Hostel fees payment,,rent,43753.4,26,5,1
Bill for LPG gas cylinder refill with card Paid via UPI for other,Bill for LPG gas cylinder refill with card,Paid via UPI for other,other,1567.46,3,5,1
Spotify premium music renewal for home,Spotify premium music renewal for home,,entertainment,2004.45,26,0,0
Txn: Cycle repair & parts for home Routine transport item,Txn: Cycle repair & parts for home,Routine transport item,transport,4418.46,26,3,0
Quick Amazon online purchase for home Routine shopping item,Quick Amazon online purchase for home,Routine shopping item,shopping,13149.43,2,3,0
Online Courier speed post delivery at store,Online Courier speed post delivery at store,,other,3443.54,12,2,0
Spent on Home repair and plumbing with card Paid via UPI for other,Spent on Home repair and plumbing with card,Paid via UPI for other,other,3233.71,10,6,1
Online Vitamin D & Calcium tablets,Online Vitamin D & Calcium tablets,,health,6252.16,13,5,1
Bill for Uber cab ride to office at store Monthly transport budget expense,Bill for Uber cab ride to office at store,Monthly transport budget expense,transport,1477.09,22,4,0
Online Books and stationery store via GPay Routine education item,Online Books and stationery store via GPay,Routine education item,education,15519.07,14,5,1
Paid for PVR cinemas IMAX tickets with card Personal spending on entertainment,Paid for PVR cinemas IMAX tickets with card,Personal spending on entertainment,entertainment,321.62,6,6,1
Paid for Chai Point tea with biscuits with discount Monthly food budget expense,Paid for Chai Point tea with biscuits with discount,Monthly food budget expense,food,767.66,19,5,1
Online Notebooks and pens set urgent Personal spending on education,Online Notebooks and pens set urgent,Personal spending on education,education,1701.65,20,5,1
Txn: Monthly apartment rent with discount Monthly rent budget expense,Txn: Monthly apartment rent with discount,Monthly rent budget expense,rent,42136.15,15,6,1
Quick Groceries at Reliance Smart for home Monthly food budget expense,Quick Groceries at Reliance Smart for home,Monthly food budget expense,food,2804.56,27,4,0
Hospital OPD registration with card Monthly health budget expense,Hospital OPD registration with card,Monthly health budget expense,health,6708.76,7,4,0
Txn: House rent payment via UPI today,Txn: House rent payment via UPI today,,rent,12578.42,22,1,0
Quick Interstate Volvo bus ticket with card,Quick Interstate Volvo bus ticket with card,,transport,3459.96,12,5,1
Paid for Legal notary & document stamps via GPay,Paid for Legal notary & document stamps via GPay,,other,4775.52,13,4,0
Online Hotstar subscription plan for home,Online Hotstar subscription plan for home,,entertainment,2726.86,11,6,1
Quick Board game cafe bill for home,Quick Board game cafe bill for home,,entertainment,1903.17,18,1,0
Purchase at Web development workshop fee for home Paid via UPI for education,Purchase at Web development workshop fee for home,Paid via UPI for education,education,24060.43,13,0,0
Nature's Basket gourmet items via GPay Routine food item,Nature's Basket gourmet items via GPay,Routine food item,food,3477.73,1,2,0
Bill for Apple store accessories Routine shopping item,Bill for Apple store accessories,Routine shopping item,shopping,13978.81,18,4,0
Petrol pump fuel refill with discount Personal spending on transport,Petrol pump fuel refill with discount,Personal spending on transport,transport,1632.67,9,2,0
Purchase at IKEA home furniture urgent Paid via UPI for shopping,Purchase at IKEA home furniture urgent,Paid via UPI for shopping,shopping,2017.53,19,1,0
Bill for Storage locker monthly rental with discount,Bill for Storage locker monthly rental with discount,,rent,11916.1,27,0,0
Quick Doctor consultation fee with card Routine health item,Quick Doctor consultation fee with card,Routine health item,health,6284.95,12,6,1
Paid for GRE / TOEFL exam registration at store,Paid for GRE / TOEFL exam registration at store,,education,18817.87,1,5,1
Purchase at Udemy online programming course,Purchase at Udemy online programming course,,education,8322.57,5,2,0
H&M summer collection today,H&M summer collection today,,shopping,17490.31,19,4,0
Quick Flat maintenance charge urgent Personal spending on rent,Quick Flat maintenance charge urgent,Personal spending on rent,rent,36454.73,5,2,0
Co-living monthly rent today Paid via UPI for rent,Co-living monthly rent today,Paid via UPI for rent,rent,15502.32,17,3,0
Online Diesel filling for car at store,Online Diesel filling for car at store,,transport,2220.98,7,4,0
Paid for IKEA home furniture urgent Routine shopping item,Paid for IKEA home furniture urgent,Routine shopping item,shopping,14071.19,22,4,0
Quick House rent payment via UPI today Personal spending on rent,Quick House rent payment via UPI today,Personal spending on rent,rent,19610.71,11,2,0
Spent on Dinner with friends at restaurant for home Paid via UPI for food,Spent on Dinner with friends at restaurant for home,Paid via UPI for food,food,2202.83,20,1,0
Txn: Broadband WiFi internet bill at store Personal spending on other,Txn: Broadband WiFi internet bill at store,Personal spending on other,other,4143.62,25,5,1
House rent payment via UPI at store Personal spending on rent,House rent payment via UPI at store,Personal spending on rent,rent,42957.64,28,6,1
Bill for Apollo Pharmacy medicines with card Paid via UPI for health,Bill for Apollo Pharmacy medicines with card,Paid via UPI for health,health,2579.92,1,2,0
Txn: Croma electronics cable & charger at store Routine shopping item,Txn: Croma electronics cable & charger at store,Routine shopping item,shopping,10017.07,18,3,0
Quick Uber cab ride to office Monthly transport budget expense,Quick Uber cab ride to office,Monthly transport budget expense,transport,1186.78,10,1,0
Online Doctor consultation fee Routine health item,Online Doctor consultation fee,Routine health item,health,719.46,22,6,1
PVR cinemas IMAX tickets urgent Paid via UPI for entertainment,PVR cinemas IMAX tickets urgent,Paid via UPI for entertainment,entertainment,2628.62,8,3,0
Bill for Water tanker for society with discount,Bill for Water tanker for society with discount,,rent,39670.91,3,1,0
Online Backpack for travel,Online Backpack for travel,,shopping,1099.64,10,2,0
Spent on House cleaning service Urban Company Routine other item,Spent on House cleaning service Urban Company,Routine other item,other,2146.0,12,5,1
Purchase at Eye checkup and new glasses Paid via UPI for health,Purchase at Eye checkup and new glasses,Paid via UPI for health,health,5081.18,27,0,0
Spent on Eye checkup and new glasses for home Personal spending on health,Spent on Eye checkup and new glasses for home,Personal spending on health,health,7197.97,3,5,1
Txn: Technical reference book today Personal spending on education,Txn: Technical reference book today,Personal spending on education,education,6388.08,14,2,0
Spent on Standup comedy show ticket at store,Spent on Standup comedy show ticket at store,,entertainment,2026.58,18,5,1
Purchase at H&M summer collection via GPay Personal spending on shopping,Purchase at H&M summer collection via GPay,Personal spending on shopping,shopping,7969.13,21,4,0
Paid for Car servicing & oil change with card Personal spending on transport,Paid for Car servicing & oil change with card,Personal spending on transport,transport,869.4,24,0,0
Quick Board game cafe bill urgent Routine entertainment item,Quick Board game cafe bill urgent,Routine entertainment item,entertainment,1439.86,5,6,1
Spent on Zara shirt and jeans via GPay,Spent on Zara shirt and jeans via GPay,,shopping,861.09,20,2,0
Txn: Kitchen cookware set at store Routine shopping item,Txn: Kitchen cookware set at store,Routine shopping item,shopping,12497.85,3,5,1
Online LPG gas cylinder refill for home Paid via UPI for other,Online LPG gas cylinder refill for home,Paid via UPI for other,other,1185.46,16,3,0
Txn: Rapido bike taxi at store Monthly transport budget expense,Txn: Rapido bike taxi at store,Monthly transport budget expense,transport,193.42,9,3,0
Txn: Apple store accessories with card Paid via UPI for shopping,Txn: Apple store accessories with card,Paid via UPI for shopping,shopping,3516.58,28,4,0
Online Laundry dry cleaning at store Monthly other budget expense,Online Laundry dry cleaning at store,Monthly other budget expense,other,2622.58,20,5,1
Bill for Online test series subscription today,Bill for Online test series subscription today,,education,15481.48,20,4,0
Online Blinkit instant grocery with discount Monthly food budget expense,Online Blinkit instant grocery with discount,Monthly food budget expense,food,2915.29,8,4,0
Online test series subscription today Monthly education budget expense,Online test series subscription today,Monthly education budget expense,education,13144.62,7,2,0
Purchase at House cleaning service Urban Company urgent Paid via UPI for other,Purchase at House cleaning service Urban Company urgent,Paid via UPI for other,other,2821.95,10,4,0
Online Subway sub & drink with discount,Online Subway sub & drink with discount,,food,425.69,4,1,0
Quick Airport cab taxi fare for home Personal spending on transport,Quick Airport cab taxi fare for home,Personal spending on transport,transport,2056.44,15,4,0
Paid for Bedsheet and pillow covers urgent Personal spending on shopping,Paid for Bedsheet and pillow covers urgent,Personal spending on shopping,shopping,6103.72,23,5,1
Paid for House rent payment via UPI with discount Monthly rent budget expense,Paid for House rent payment via UPI with discount,Monthly rent budget expense,rent,30362.9,17,5,1
Spent on Online test series subscription today Monthly education budget expense,Spent on Online test series subscription today,Monthly education budget expense,education,13983.02,25,1,0
Spent on Amazon Prime annual membership via GPay Monthly entertainment budget expense,Spent on Amazon Prime annual membership via GPay,Monthly entertainment budget expense,entertainment,700.01,14,2,0
Purchase at Protein powder supplement via GPay Personal spending on health,Purchase at Protein powder supplement via GPay,Personal spending on health,health,1116.92,7,0,0
Online Apollo Pharmacy medicines with discount,Online Apollo Pharmacy medicines with discount,,health,6872.21,26,0,0
Txn: Bank transaction charge with discount Paid via UPI for other,Txn: Bank transaction charge with discount,Paid via UPI for other,other,2777.06,3,4,0
Purchase at Haldirams snacks & sweets at store Personal spending on food,Purchase at Haldirams snacks & sweets at store,Personal spending on food,food,285.35,2,5,1
Spent on Spotify premium music renewal,Spent on Spotify premium music renewal,,entertainment,2067.26,10,2,0
Paid for Monthly apartment rent today Personal spending on rent,Paid for Monthly apartment rent today,Personal spending on rent,rent,44749.41,22,2,0
Bill for EV charging station fee Routine transport item,Bill for EV charging station fee,Routine transport item,transport,464.41,11,2,0
Paid for Academic journal access fee today Monthly education budget expense,Paid for Academic journal access fee today,Monthly education budget expense,education,21160.93,10,3,0
Purchase at Petrol pump fuel refill for home,Purchase at Petrol pump fuel refill for home,,transport,2395.38,7,5,1
Kitchen cookware set with card,Kitchen cookware set with card,,shopping,10456.06,3,3,0
Bill for Yoga class subscription urgent,Bill for Yoga class subscription urgent,,health,4298.05,12,1,0
Online Tax filing CA consultancy fee with discount,Online Tax filing CA consultancy fee with discount,,other,4867.08,8,5,1
Medplus health supplements with card Monthly health budget expense,Medplus health supplements with card,Monthly health budget expense,health,387.1,24,6,1
Quick Kitchen cookware set today Routine shopping item,Quick Kitchen cookware set today,Routine shopping item,shopping,1200.66,18,6,1
Txn: Amazon online purchase urgent Monthly shopping budget expense,Txn: Amazon online purchase urgent,Monthly shopping budget expense,shopping,4877.75,10,2,0
Paid for Netflix monthly subscription for home,Paid for Netflix monthly subscription for home,,entertainment,1155.15,20,0,0
Bill for Bus pass monthly renewal for home Paid via UPI for transport,Bill for Bus pass monthly renewal for home,Paid via UPI for transport,transport,4154.14,16,6,1
Online KFC chicken bucket via GPay,Online KFC chicken bucket via GPay,,food,2239.94,11,3,0
Tuition fee for coaching urgent Routine education item,Tuition fee for coaching urgent,Routine education item,education,14340.66,18,4,0
Bill for Supermarket food supplies for home Personal spending on food,Bill for Supermarket food supplies for home,Personal spending on food,food,343.8,9,6,1
Quick Pizza Hut dinner via GPay Paid via UPI for food,Quick Pizza Hut dinner via GPay,Paid via UPI for food,food,2049.92,6,4,0
Purchase at Brokerage fee for apartment for home Routine rent item,Purchase at Brokerage fee for apartment for home,Routine rent item,rent,33393.6,14,0,0
Bill for Bank transaction charge with discount Routine other item,Bill for Bank transaction charge with discount,Routine other item,other,4993.8,7,4,0
Paid for Cult.fit fitness pass for home Personal spending on health,Paid for Cult.fit fitness pass for home,Personal spending on health,health,6322.56,3,3,0
Spent on Breakfast at Saravana Bhavan at store Paid via UPI for food,Spent on Breakfast at Saravana Bhavan at store,Paid via UPI for food,food,1269.59,24,6,1
Spent on Health insurance premium with card,Spent on Health insurance premium with card,,health,6612.68,22,1,0
Online Flipkart electronics sale today,Online Flipkart electronics sale today,,shopping,12960.72,4,0,0
Paid for Doctor consultation fee for home Monthly health budget expense,Paid for Doctor consultation fee for home,Monthly health budget expense,health,3841.63,4,4,0
Purchase at Apollo Pharmacy medicines at store Personal spending on health,Purchase at Apollo Pharmacy medicines at store,Personal spending on health,health,2702.87,10,2,0
Paid for Standup comedy show ticket urgent Routine entertainment item,Paid for Standup comedy show ticket urgent,Routine entertainment item,entertainment,617.25,4,0,0
Bill for Flat maintenance charge for home Routine rent item,Bill for Flat maintenance charge for home,Routine rent item,rent,15842.08,19,1,0
Purchase at Metro card monthly recharge for home Monthly transport budget expense,Purchase at Metro card monthly recharge for home,Monthly transport budget expense,transport,2455.57,5,0,0
Paid for Broadband WiFi internet bill today Paid via UPI for other,Paid for Broadband WiFi internet bill today,Paid via UPI for other,other,417.42,13,1,0
Purchase at Pet food and veterinary care for home,Purchase at Pet food and veterinary care for home,,other,4922.91,3,6,1
Paid for LPG gas cylinder refill with discount Routine other item,Paid for LPG gas cylinder refill with discount,Routine other item,other,673.85,22,5,1
Txn: Gardening plants and soil at store,Txn: Gardening plants and soil at store,,other,947.96,9,2,0
Bill for College semester tuition fee for home Monthly education budget expense,Bill for College semester tuition fee for home,Monthly education budget expense,education,11604.89,3,3,0
Online Room rent for current month with discount Routine rent item,Online Room rent for current month with discount,Routine rent item,rent,38830.65,25,2,0
Paid for Auto rickshaw cash fare today Monthly transport budget expense,Paid for Auto rickshaw cash fare today,Monthly transport budget expense,transport,3688.11,11,4,0
Purchase at Parking space monthly rent with discount Paid via UPI for rent,Purchase at Parking space monthly rent with discount,Paid via UPI for rent,rent,21032.66,8,4,0
Spent on Croma electronics cable & charger with discount Routine shopping item,Spent on Croma electronics cable & charger with discount,Routine shopping item,shopping,7155.17,7,6,1
Quick Web development workshop fee for home Personal spending on education,Quick Web development workshop fee for home,Personal spending on education,education,13840.45,6,5,1
Online Storage locker monthly rental with card Paid via UPI for rent,Online Storage locker monthly rental with card,Paid via UPI for rent,rent,28686.53,11,4,0
Online Brokerage fee for apartment via GPay Paid via UPI for rent,Online Brokerage fee for apartment via GPay,Paid via UPI for rent,rent,17321.43,3,4,0
Quick Office space rent share for home Monthly rent budget expense,Quick Office space rent share for home,Monthly rent budget expense,rent,24771.81,3,1,0
Car wash & detailing via GPay Paid via UPI for transport,Car wash & detailing via GPay,Paid via UPI for transport,transport,2990.92,18,2,0
Online Language learning app subscription at store Routine education item,Online Language learning app subscription at store,Routine education item,education,5537.92,10,4,0
Bill for Yoga class subscription with card,Bill for Yoga class subscription with card,,health,4745.27,17,3,0
Toll plaza FASTag recharge for home Monthly transport budget expense,Toll plaza FASTag recharge for home,Monthly transport budget expense,transport,4059.79,1,5,1
Purchase at PVR cinemas IMAX tickets,Purchase at PVR cinemas IMAX tickets,,entertainment,857.91,13,5,1
Quick Club weekend party entry today Personal spending on entertainment,Quick Club weekend party entry today,Personal spending on entertainment,entertainment,1417.97,22,1,0
Txn: LPG gas cylinder refill today Routine other item,Txn: LPG gas cylinder refill today,Routine other item,other,5075.63,27,3,0
Spent on Toll plaza FASTag recharge via GPay Monthly transport budget expense,Spent on Toll plaza FASTag recharge via GPay,Monthly transport budget expense,transport,101.63,5,5,1
Spent on Legal notary & document stamps with card Paid via UPI for other,Spent on Legal notary & document stamps with card,Paid via UPI for other,other,909.6,28,3,0
Spent on Language learning app subscription with discount,Spent on Language learning app subscription with discount,,education,12980.17,27,3,0
Txn: Skillshare creative subscription via GPay Monthly education budget expense,Txn: Skillshare creative subscription via GPay,Monthly education budget expense,education,10906.34,19,3,0
Purchase at Backpack for travel today,Purchase at Backpack for travel today,,shopping,16707.53,12,0,0
Bill for Breakfast at Saravana Bhavan with card Monthly food budget expense,Bill for Breakfast at Saravana Bhavan with card,Monthly food budget expense,food,2081.31,5,5,1
Paid for Protein powder supplement with card Monthly health budget expense,Paid for Protein powder supplement with card,Monthly health budget expense,health,2112.8,22,5,1
Bill for Doctor consultation fee,Bill for Doctor consultation fee,,health,3857.18,16,4,0
Bill for Board game cafe bill urgent Monthly entertainment budget expense,Bill for Board game cafe bill urgent,Monthly entertainment budget expense,entertainment,1009.07,23,4,0
Ayurvedic medicines purchase with discount,Ayurvedic medicines purchase with discount,,health,4709.5,2,5,1
Purchase at Apollo Pharmacy medicines with discount,Purchase at Apollo Pharmacy medicines with discount,,health,843.58,3,6,1
Spent on Ayurvedic medicines purchase urgent Routine health item,Spent on Ayurvedic medicines purchase urgent,Routine health item,health,2346.69,1,5,1
Spent on Quarterly rent transfer to landlord via GPay Routine rent item,Spent on Quarterly rent transfer to landlord via GPay,Routine rent item,rent,31366.23,26,1,0
Online Eye checkup and new glasses via GPay Monthly health budget expense,Online Eye checkup and new glasses via GPay,Monthly health budget expense,health,6435.1,11,0,0
Online Diesel filling for car today Personal spending on transport,Online Diesel filling for car today,Personal spending on transport,transport,3478.14,22,3,0
Bill for Bus pass monthly renewal Monthly transport budget expense,Bill for Bus pass monthly renewal,Monthly transport budget expense,transport,2908.06,2,1,0
Online House cleaning service Urban Company urgent,Online House cleaning service Urban Company urgent,,other,2909.97,8,3,0
Purchase at Coding bootcamp installment via GPay Paid via UPI for education,Purchase at Coding bootcamp installment via GPay,Paid via UPI for education,education,13495.36,1,2,0
Bill for House cleaning service Urban Company,Bill for House cleaning service Urban Company,,other,674.45,21,2,0
Purchase at Language learning app subscription for home Monthly education budget expense,Purchase at Language learning app subscription for home,Monthly education budget expense,education,7122.26,9,5,1
Txn: Coding bootcamp installment at store Personal spending on education,Txn: Coding bootcamp installment at store,Personal spending on education,education,13238.35,11,4,0
Paid for Swiggy order for dinner,Paid for Swiggy order for dinner,,food,1510.02,4,5,1
Txn: Pet food and veterinary care urgent Monthly other budget expense,Txn: Pet food and veterinary care urgent,Monthly other budget expense,other,1586.19,1,4,0
Txn: Monthly apartment rent with card Monthly rent budget expense,Txn: Monthly apartment rent with card,Monthly rent budget expense,rent,33323.0,3,6,1
Spent on Airport cab taxi fare with card Routine transport item,Spent on Airport cab taxi fare with card,Routine transport item,transport,3145.66,10,3,0
Online Office space rent share urgent Routine rent item,Online Office space rent share urgent,Routine rent item,rent,35774.37,9,1,0
Society maintenance bill today Monthly rent budget expense,Society maintenance bill today,Monthly rent budget expense,rent,20543.62,9,6,1
Online Cult.fit fitness pass with card Personal spending on health,Online Cult.fit fitness pass with card,Personal spending on health,health,4035.43,20,3,0
Paid for Cycle repair & parts via GPay Paid via UPI for transport,Paid for Cycle repair & parts via GPay,Paid via UPI for transport,transport,2455.81,7,4,0
Online Water tanker for society urgent Monthly rent budget expense,Online Water tanker for society urgent,Monthly rent budget expense,rent,9131.48,3,4,0
Protein powder supplement with discount Monthly health budget expense,Protein powder supplement with discount,Monthly health budget expense,health,1361.06,2,5,1
Spent on Kindle e-book purchase for home,Spent on Kindle e-book purchase for home,,education,22663.03,1,4,0
Quick Gardening plants and soil today Monthly other budget expense,Quick Gardening plants and soil today,Monthly other budget expense,other,5079.89,18,1,0
Online Fresh meat and fish store with card Routine food item,Online Fresh meat and fish store with card,Routine food item,food,2037.28,11,5,1
First aid kit supplies with card Routine health item,First aid kit supplies with card,Routine health item,health,3049.77,3,6,1
Txn: Courier speed post delivery via GPay Paid via UPI for other,Txn: Courier speed post delivery via GPay,Paid via UPI for other,other,3371.41,22,1,0
Paid for First aid kit supplies for home Paid via UPI for health,Paid for First aid kit supplies for home,Paid via UPI for health,health,3994.73,24,1,0
Txn: Ola auto ride,Txn: Ola auto ride,,transport,3252.84,8,3,0
Purchase at Coursera specialization certification with discount Paid via UPI for education,Purchase at Coursera specialization certification with discount,Paid via UPI for education,education,13581.07,1,0,0
Bill for Spotify premium music renewal Personal spending on entertainment,Bill for Spotify premium music renewal,Personal spending on entertainment,entertainment,1334.83,26,5,1
Txn: LPG gas cylinder refill with card Personal spending on other,Txn: LPG gas cylinder refill with card,Personal spending on other,other,317.58,16,5,1
Breakfast at Saravana Bhavan at store Personal spending on food,Breakfast at Saravana Bhavan at store,Personal spending on food,food,2490.38,1,1,0
Paid for Dinner with friends at restaurant with discount,Paid for Dinner with friends at restaurant with discount,,food,2185.94,3,6,1
Online House rent payment via UPI at store Personal spending on rent,Online House rent payment via UPI at store,Personal spending on rent,rent,7524.4,14,2,0
Paid for Skillshare creative subscription via GPay Personal spending on education,Paid for Skillshare creative subscription via GPay,Personal spending on education,education,8378.27,25,0,0
Paid for Car servicing & oil change with card Paid via UPI for transport,Paid for Car servicing & oil change with card,Paid via UPI for transport,transport,1268.83,6,5,1
Online Hotstar subscription plan at store Monthly entertainment budget expense,Online Hotstar subscription plan at store,Monthly entertainment budget expense,entertainment,2791.82,5,0,0
Spent on Web development workshop fee Monthly education budget expense,Spent on Web development workshop fee,Monthly education budget expense,education,22050.74,1,0,0
Purchase at Metro card monthly recharge today Paid via UPI for transport,Purchase at Metro card monthly recharge today,Paid via UPI for transport,transport,3136.09,23,1,0
Purchase at H&M summer collection with discount Personal spending on shopping,Purchase at H&M summer collection with discount,Personal spending on shopping,shopping,7651.75,20,5,1
Online Cafe Coffee Day latte with card Routine food item,Online Cafe Coffee Day latte with card,Routine food item,food,2239.91,12,3,0
Txn: Haldirams snacks & sweets with card Monthly food budget expense,Txn: Haldirams snacks & sweets with card,Monthly food budget expense,food,3454.72,20,2,0
Txn: Bedsheet and pillow covers urgent Monthly shopping budget expense,Txn: Bedsheet and pillow covers urgent,Monthly shopping budget expense,shopping,1334.01,26,1,0
Spent on Gardening plants and soil via GPay Monthly other budget expense,Spent on Gardening plants and soil via GPay,Monthly other budget expense,other,4053.84,2,5,1
Txn: Bowling & gaming arcade today,Txn: Bowling & gaming arcade today,,entertainment,903.12,26,6,1
Paid for Broadband WiFi internet bill Personal spending on other,Paid for Broadband WiFi internet bill,Personal spending on other,other,5556.68,6,6,1
Paid for Coffee beans purchase with card Paid via UPI for food,Paid for Coffee beans purchase with card,Paid via UPI for food,food,3145.37,19,4,0
Txn: Board game cafe bill for home Monthly entertainment budget expense,Txn: Board game cafe bill for home,Monthly entertainment budget expense,entertainment,843.41,11,1,0
Quick Flat maintenance charge at store Personal spending on rent,Quick Flat maintenance charge at store,Personal spending on rent,rent,20021.3,3,3,0
Quick Broadband WiFi internet bill via GPay,Quick Broadband WiFi internet bill via GPay,,other,1375.37,15,1,0
Spent on Skillshare creative subscription with discount Routine education item,Spent on Skillshare creative subscription with discount,Routine education item,education,18135.34,9,1,0
Amazon Prime annual membership Monthly entertainment budget expense,Amazon Prime annual membership,Monthly entertainment budget expense,entertainment,984.97,28,3,0
Spent on Legal notary & document stamps for home Routine other item,Spent on Legal notary & document stamps for home,Routine other item,other,1397.14,20,1,0
Txn: Car wash & detailing with card,Txn: Car wash & detailing with card,,transport,1882.05,16,6,1
Online Sunglasses purchase with discount Paid via UPI for shopping,Online Sunglasses purchase with discount,Paid via UPI for shopping,shopping,5313.41,24,6,1
Bill for IKEA home furniture today,Bill for IKEA home furniture today,,shopping,10598.62,5,4,0
Oatmeal and cereal pack,Oatmeal and cereal pack,,food,3470.5,2,3,0
Paid for Coding bootcamp installment with discount Monthly education budget expense,Paid for Coding bootcamp installment with discount,Monthly education budget expense,education,12633.98,18,6,1
Txn: Oatmeal and cereal pack via GPay Personal spending on food,Txn: Oatmeal and cereal pack via GPay,Personal spending on food,food,1331.41,21,0,0
Purchase at Breakfast at Saravana Bhavan via GPay,Purchase at Breakfast at Saravana Bhavan via GPay,,food,2497.17,24,4,0
Online Midnight food delivery via GPay Paid via UPI for food,Online Midnight food delivery via GPay,Paid via UPI for food,food,3074.79,6,6,1
Standup comedy show ticket with card Routine entertainment item,Standup comedy show ticket with card,Routine entertainment item,entertainment,1277.05,17,0,0
Purchase at Yoga class subscription at store Monthly health budget expense,Purchase at Yoga class subscription at store,Monthly health budget expense,health,6344.0,20,2,0
Groceries at Reliance Smart with card Paid via UPI for food,Groceries at Reliance Smart with card,Paid via UPI for food,food,1414.39,20,0,0
Spent on YouTube Premium family plan with card Personal spending on entertainment,Spent on YouTube Premium family plan with card,Personal spending on entertainment,entertainment,1769.68,5,2,0
Paid for Croma electronics cable & charger with discount,Paid for Croma electronics cable & charger with discount,,shopping,13377.89,28,5,1
Bill for IKEA home furniture for home,Bill for IKEA home furniture for home,,shopping,16203.62,22,3,0
Paid for Doctor consultation fee for home Paid via UPI for health,Paid for Doctor consultation fee for home,Paid via UPI for health,health,2892.77,17,4,0
Purchase at Co-living monthly rent with discount Monthly rent budget expense,Purchase at Co-living monthly rent with discount,Monthly rent budget expense,rent,29838.05,7,3,0
Quick House rent payment via UPI via GPay Monthly rent budget expense,Quick House rent payment via UPI via GPay,Monthly rent budget expense,rent,16534.91,4,1,0
Spent on Blood test and full body checkup with discount Personal spending on health,Spent on Blood test and full body checkup with discount,Personal spending on health,health,1373.88,17,5,1
Quick Nature's Basket gourmet items via GPay Paid via UPI for food,Quick Nature's Basket gourmet items via GPay,Paid via UPI for food,food,1721.8,15,5,1
Txn: Nature's Basket gourmet items with card Personal spending on food,Txn: Nature's Basket gourmet items with card,Personal spending on food,food,194.48,27,4,0
Bill for Board game cafe bill for home,Bill for Board game cafe bill for home,,entertainment,1560.7,27,4,0
Purchase at ATM cash withdrawal unaccounted via GPay Routine other item,Purchase at ATM cash withdrawal unaccounted via GPay,Routine other item,other,5399.86,6,6,1
Online Eye checkup and new glasses for home Monthly health budget expense,Online Eye checkup and new glasses for home,Monthly health budget expense,health,7771.65,5,2,0
Spent on Protein powder supplement via GPay Routine health item,Spent on Protein powder supplement via GPay,Routine health item,health,5752.13,6,1,0
Txn: Rapido bike taxi with card Routine transport item,Txn: Rapido bike taxi with card,Routine transport item,transport,233.12,19,1,0
Bill for Home repair and plumbing via GPay Monthly other budget expense,Bill for Home repair and plumbing via GPay,Monthly other budget expense,other,1310.42,22,2,0
Bill for Amazon Prime annual membership with discount Personal spending on entertainment,Bill for Amazon Prime annual membership with discount,Personal spending on entertainment,entertainment,1711.17,18,2,0
Water tanker for society today Personal spending on rent,Water tanker for society today,Personal spending on rent,rent,42242.76,15,2,0
Bill for Uber cab ride to office urgent Routine transport item,Bill for Uber cab ride to office urgent,Routine transport item,transport,2158.9,25,4,0
Online Car wash & detailing for home Paid via UPI for transport,Online Car wash & detailing for home,Paid via UPI for transport,transport,3116.7,2,1,0
Society maintenance bill today Personal spending on rent,Society maintenance bill today,Personal spending on rent,rent,29700.88,15,2,0
Room rent for current month at store Personal spending on rent,Room rent for current month at store,Personal spending on rent,rent,28337.26,26,6,1
Medplus health supplements with card Paid via UPI for health,Medplus health supplements with card,Paid via UPI for health,health,4399.62,22,5,1
Quick Security deposit installment at store,Quick Security deposit installment at store,,rent,24618.61,20,4,0
Quick Groceries at Reliance Smart via GPay Paid via UPI for food,Quick Groceries at Reliance Smart via GPay,Paid via UPI for food,food,2539.96,12,3,0
Purchase at Netflix monthly subscription for home Paid via UPI for entertainment,Purchase at Netflix monthly subscription for home,Paid via UPI for entertainment,entertainment,1183.15,28,4,0
Online Flat maintenance charge today Routine rent item,Online Flat maintenance charge today,Routine rent item,rent,37147.42,6,6,1
Quick Online test series subscription via GPay,Quick Online test series subscription via GPay,,education,20969.87,3,1,0
Online Ajio discount clothes for home,Online Ajio discount clothes for home,,shopping,1563.64,25,3,0
Quick Monthly apartment rent urgent,Quick Monthly apartment rent urgent,,rent,21580.56,15,5,1
Spent on Bus pass monthly renewal today Paid via UPI for transport,Spent on Bus pass monthly renewal today,Paid via UPI for transport,transport,1338.11,2,6,1
Online Physiotherapy session with discount Monthly health budget expense,Online Physiotherapy session with discount,Monthly health budget expense,health,1951.26,5,2,0
Paid for Dermatologist skin treatment urgent Paid via UPI for health,Paid for Dermatologist skin treatment urgent,Paid via UPI for health,health,3453.82,23,5,1
Paid for Amazon online purchase urgent Monthly shopping budget expense,Paid for Amazon online purchase urgent,Monthly shopping budget expense,shopping,9077.68,20,5,1
Quick Audible audiobooks urgent Paid via UPI for entertainment,Quick Audible audiobooks urgent,Paid via UPI for entertainment,entertainment,1958.02,23,6,1
Room rent for current month urgent Monthly rent budget expense,Room rent for current month urgent,Monthly rent budget expense,rent,11513.89,5,2,0
Bill for LPG gas cylinder refill via GPay Routine other item,Bill for LPG gas cylinder refill via GPay,Routine other item,other,412.04,14,5,1
Purchase at Spotify premium music renewal urgent Monthly entertainment budget expense,Purchase at Spotify premium music renewal urgent,Monthly entertainment budget expense,entertainment,1682.44,17,1,0
Spent on Petrol pump fuel refill for home Routine transport item,Spent on Petrol pump fuel refill for home,Routine transport item,transport,3932.37,9,5,1
Bill for PVR cinemas IMAX tickets via GPay,Bill for PVR cinemas IMAX tickets via GPay,,entertainment,235.13,10,2,0
Bill for Legal notary & document stamps via GPay Personal spending on other,Bill for Legal notary & document stamps via GPay,Personal spending on other,other,704.27,17,1,0
Paid for Croma electronics cable & charger today Monthly shopping budget expense,Paid for Croma electronics cable & charger today,Monthly shopping budget expense,shopping,8504.65,4,6,1
Online Uber cab ride to office for home Routine transport item,Online Uber cab ride to office for home,Routine transport item,transport,1436.5,5,6,1
Bill for Tax filing CA consultancy fee via GPay Monthly other budget expense,Bill for Tax filing CA consultancy fee via GPay,Monthly other budget expense,other,4288.38,24,6,1
Spent on Flat maintenance charge via GPay Routine rent item,Spent on Flat maintenance charge via GPay,Routine rent item,rent,32521.89,5,1,0
Quick Metro card monthly recharge with card Paid via UPI for transport,Quick Metro card monthly recharge with card,Paid via UPI for transport,transport,395.92,25,3,0
Paid for Chai Point tea with biscuits,Paid for Chai Point tea with biscuits,,food,2800.53,19,0,0
Purchase at Water utility bill Monthly other budget expense,Purchase at Water utility bill,Monthly other budget expense,other,490.86,25,0,0
Txn: Water tanker for society at store Routine rent item,Txn: Water tanker for society at store,Routine rent item,rent,12391.27,1,0,0
Bill for Flight ticket Indigo to Mumbai for home,Bill for Flight ticket Indigo to Mumbai for home,,transport,764.48,25,5,1
Paid for Backpack for travel with card Monthly shopping budget expense,Paid for Backpack for travel with card,Monthly shopping budget expense,shopping,14824.72,17,1,0
Spent on Ajio discount clothes Monthly shopping budget expense,Spent on Ajio discount clothes,Monthly shopping budget expense,shopping,17535.01,7,4,0
Spent on Pet food and veterinary care with discount Monthly other budget expense,Spent on Pet food and veterinary care with discount,Monthly other budget expense,other,4073.8,6,6,1
Quick Club weekend party entry at store Paid via UPI for entertainment,Quick Club weekend party entry at store,Paid via UPI for entertainment,entertainment,1639.42,4,6,1
Online PVR cinemas IMAX tickets with card Paid via UPI for entertainment,Online PVR cinemas IMAX tickets with card,Paid via UPI for entertainment,entertainment,1654.76,25,2,0
Paid for Doctor consultation fee for home Paid via UPI for health,Paid for Doctor consultation fee for home,Paid via UPI for health,health,4050.96,10,3,0
Txn: Protein powder supplement today Paid via UPI for health,Txn: Protein powder supplement today,Paid via UPI for health,health,2466.6,7,6,1
Online Water tanker for society for home Paid via UPI for rent,Online Water tanker for society for home,Paid via UPI for rent,rent,12171.89,22,0,0
Paid for Coding bootcamp installment with card Paid via UPI for education,Paid for Coding bootcamp installment with card,Paid via UPI for education,education,4011.65,23,4,0
Spent on Storage locker monthly rental with card Personal spending on rent,Spent on Storage locker monthly rental with card,Personal spending on rent,rent,19548.4,11,1,0
Txn: Coursera specialization certification today Routine education item,Txn: Coursera specialization certification today,Routine education item,education,18267.14,25,5,1
Bill for First aid kit supplies with discount Paid via UPI for health,Bill for First aid kit supplies with discount,Paid via UPI for health,health,5400.08,16,4,0
Online Gym membership monthly renewal with card Paid via UPI for health,Online Gym membership monthly renewal with card,Paid via UPI for health,health,1153.08,16,1,0
Paid for Uber cab ride to office Paid via UPI for transport,Paid for Uber cab ride to office,Paid via UPI for transport,transport,3744.89,22,0,0
Bill for Airport cab taxi fare via GPay,Bill for Airport cab taxi fare via GPay,,transport,1397.25,4,6,1
Online Office space rent share with discount Paid via UPI for rent,Online Office space rent share with discount,Paid via UPI for rent,rent,13077.27,16,4,0
Health insurance premium Monthly health budget expense,Health insurance premium,Monthly health budget expense,health,7927.55,13,3,0
Online Club weekend party entry with discount Personal spending on entertainment,Online Club weekend party entry with discount,Personal spending on entertainment,entertainment,299.78,18,5,1
Online Cult.fit fitness pass today Paid via UPI for health,Online Cult.fit fitness pass today,Paid via UPI for health,health,1249.01,16,6,1
Online Quarterly rent transfer to landlord with discount Personal spending on rent,Online Quarterly rent transfer to landlord with discount,Personal spending on rent,rent,24036.44,17,0,0
Online Kindle e-book purchase today Routine education item,Online Kindle e-book purchase today,Routine education item,education,15614.64,25,2,0
Spotify premium music renewal Routine entertainment item,Spotify premium music renewal,Routine entertainment item,entertainment,558.08,12,6,1
Quick Pizza Hut dinner with card Routine food item,Quick Pizza Hut dinner with card,Routine food item,food,1567.14,14,2,0
Txn: Haldirams snacks & sweets at store,Txn: Haldirams snacks & sweets at store,,food,2310.52,3,5,1
Purchase at Brokerage fee for apartment with card Monthly rent budget expense,Purchase at Brokerage fee for apartment with card,Monthly rent budget expense,rent,18503.77,18,2,0
Quick Midnight food delivery today Paid via UPI for food,Quick Midnight food delivery today,Paid via UPI for food,food,1021.17,19,0,0
Quick Club weekend party entry for home Paid via UPI for entertainment,Quick Club weekend party entry for home,Paid via UPI for entertainment,entertainment,1802.68,4,5,1
Online Sneakers purchase for home Routine shopping item,Online Sneakers purchase for home,Routine shopping item,shopping,3332.64,12,3,0
Paid for Winter jacket shopping at store Monthly shopping budget expense,Paid for Winter jacket shopping at store,Monthly shopping budget expense,shopping,5457.46,10,4,0
Txn: Web development workshop fee with card,Txn: Web development workshop fee with card,,education,18083.54,4,4,0
Paid for Concert musical event pass with discount Routine entertainment item,Paid for Concert musical event pass with discount,Routine entertainment item,entertainment,1395.32,26,0,0
Purchase at Hospital OPD registration today Routine health item,Purchase at Hospital OPD registration today,Routine health item,health,5374.96,7,3,0
Online Kindle e-book purchase via GPay,Online Kindle e-book purchase via GPay,,education,22081.85,28,1,0
Online Gift for friend birthday urgent,Online Gift for friend birthday urgent,,other,5629.26,26,4,0
Tuition fee for coaching at store Personal spending on education,Tuition fee for coaching at store,Personal spending on education,education,9424.09,8,1,0
Quick Yoga class subscription for home Monthly health budget expense,Quick Yoga class subscription for home,Monthly health budget expense,health,6909.45,21,1,0
Purchase at Kindle e-book purchase via GPay,Purchase at Kindle e-book purchase via GPay,,education,6782.2,8,3,0
Spent on Zara shirt and jeans at store Routine shopping item,Spent on Zara shirt and jeans at store,Routine shopping item,shopping,887.59,15,3,0
GRE / TOEFL exam registration at store Personal spending on education,GRE / TOEFL exam registration at store,Personal spending on education,education,4403.44,1,2,0
Cult.fit fitness pass with discount Monthly health budget expense,Cult.fit fitness pass with discount,Monthly health budget expense,health,6301.42,28,0,0
Paid for Bowling & gaming arcade today Monthly entertainment budget expense,Paid for Bowling & gaming arcade today,Monthly entertainment budget expense,entertainment,2710.86,13,6,1
Paid for Train ticket booking IRCTC with card,Paid for Train ticket booking IRCTC with card,,transport,2372.71,25,4,0
Paid for Dermatologist skin treatment at store Routine health item,Paid for Dermatologist skin treatment at store,Routine health item,health,4878.61,11,6,1
Txn: Web development workshop fee today Monthly education budget expense,Txn: Web development workshop fee today,Monthly education budget expense,education,5840.42,6,1,0
Quick Protein powder supplement urgent Monthly health budget expense,Quick Protein powder supplement urgent,Monthly health budget expense,health,6930.62,16,4,0
Bill for PVR cinemas IMAX tickets today Personal spending on entertainment,Bill for PVR cinemas IMAX tickets today,Personal spending on entertainment,entertainment,1529.07,9,6,1
Online Bike maintenance and repair for home Monthly transport budget expense,Online Bike maintenance and repair for home,Monthly transport budget expense,transport,3705.08,21,4,0
Txn: McDonald's burger meal urgent Routine food item,Txn: McDonald's burger meal urgent,Routine food item,food,1988.22,21,5,1
Txn: PVR cinemas IMAX tickets with discount Paid via UPI for entertainment,Txn: PVR cinemas IMAX tickets with discount,Paid via UPI for entertainment,entertainment,1287.11,9,2,0
Txn: Water tanker for society urgent Personal spending on rent,Txn: Water tanker for society urgent,Personal spending on rent,rent,13415.46,15,5,1
Board game cafe bill urgent Paid via UPI for entertainment,Board game cafe bill urgent,Paid via UPI for entertainment,entertainment,2625.91,16,5,1
Bill for Tuition fee for coaching today Monthly education budget expense,Bill for Tuition fee for coaching today,Monthly education budget expense,education,21980.53,27,1,0
Paid for Hospital OPD registration for home,Paid for Hospital OPD registration for home,,health,3482.79,24,2,0
Electricity bill payment via GPay Personal spending on other,Electricity bill payment via GPay,Personal spending on other,other,3817.92,1,3,0
Bill for Ajio discount clothes with card Personal spending on shopping,Bill for Ajio discount clothes with card,Personal spending on shopping,shopping,2350.58,17,5,1
Bill for Parking fee at mall with discount Personal spending on transport,Bill for Parking fee at mall with discount,Personal spending on transport,transport,2178.73,9,1,0
Txn: Bowling & gaming arcade with card Personal spending on entertainment,Txn: Bowling & gaming arcade with card,Personal spending on entertainment,entertainment,1360.0,13,3,0
Amazon online purchase at store Paid via UPI for shopping,Amazon online purchase at store,Paid via UPI for shopping,shopping,16360.47,7,2,0
Quick Ola auto ride today Personal spending on transport,Quick Ola auto ride today,Personal spending on transport,transport,2721.75,3,2,0
Paid for Car wash & detailing Paid via UPI for transport,Paid for Car wash & detailing,Paid via UPI for transport,transport,3247.7,25,3,0
Txn: Water utility bill at store Routine other item,Txn: Water utility bill at store,Routine other item,other,1224.21,10,5,1
Spent on House cleaning service Urban Company today,Spent on House cleaning service Urban Company today,,other,5152.39,7,6,1
Quick Medplus health supplements via GPay Personal spending on health,Quick Medplus health supplements via GPay,Personal spending on health,health,3386.49,1,2,0
Online Eye checkup and new glasses at store Paid via UPI for health,Online Eye checkup and new glasses at store,Paid via UPI for health,health,3083.17,3,0,0
Bill for LPG gas cylinder refill today Paid via UPI for other,Bill for LPG gas cylinder refill today,Paid via UPI for other,other,4152.43,23,3,0
Paid for Dental clinic root canal visit Personal spending on health,Paid for Dental clinic root canal visit,Personal spending on health,health,606.48,16,2,0
Purchase at Swiggy order for dinner today Paid via UPI for food,Purchase at Swiggy order for dinner today,Paid via UPI for food,food,1142.47,22,2,0
Interstate Volvo bus ticket via GPay,Interstate Volvo bus ticket via GPay,,transport,1208.3,16,2,0
Paid for LPG gas cylinder refill for home Paid via UPI for other,Paid for LPG gas cylinder refill for home,Paid via UPI for other,other,4290.51,5,2,0
Room rent for current month via GPay Routine rent item,Room rent for current month via GPay,Routine rent item,rent,24968.42,24,2,0
Purchase at Kindle e-book purchase urgent Paid via UPI for education,Purchase at Kindle e-book purchase urgent,Paid via UPI for education,education,13165.35,6,2,0
Online LPG gas cylinder refill Monthly other budget expense,Online LPG gas cylinder refill,Monthly other budget expense,other,1214.63,8,1,0
Purchase at Breakfast at Saravana Bhavan via GPay Paid via UPI for food,Purchase at Breakfast at Saravana Bhavan via GPay,Paid via UPI for food,food,2506.15,4,3,0
Bill for Juice center fresh juice with discount Monthly food budget expense,Bill for Juice center fresh juice with discount,Monthly food budget expense,food,1667.23,28,5,1
Bill for Petrol pump fuel refill with card Routine transport item,Bill for Petrol pump fuel refill with card,Routine transport item,transport,956.62,6,6,1
Purchase at Auto rickshaw cash fare at store Monthly transport budget expense,Purchase at Auto rickshaw cash fare at store,Monthly transport budget expense,transport,2646.79,17,6,1
Paid for Parking fee at mall at store Monthly transport budget expense,Paid for Parking fee at mall at store,Monthly transport budget expense,transport,3468.73,11,0,0
Quick Blood test and full body checkup for home Monthly health budget expense,Quick Blood test and full body checkup for home,Monthly health budget expense,health,4804.64,27,2,0
Paid for Uber cab ride to office with discount Paid via UPI for transport,Paid for Uber cab ride to office with discount,Paid via UPI for transport,transport,3746.61,15,5,1
Bill for Apollo Pharmacy medicines Paid via UPI for health,Bill for Apollo Pharmacy medicines,Paid via UPI for health,health,5318.15,11,5,1
Bus pass monthly renewal urgent Monthly transport budget expense,Bus pass monthly renewal urgent,Monthly transport budget expense,transport,1488.11,24,0,0
Quick Coursera specialization certification urgent Paid via UPI for education,Quick Coursera specialization certification urgent,Paid via UPI for education,education,4860.44,3,0,0
Quick Nike running shoes today Personal spending on shopping,Quick Nike running shoes today,Personal spending on shopping,shopping,5414.87,4,2,0
Purchase at Legal notary & document stamps via GPay Monthly other budget expense,Purchase at Legal notary & document stamps via GPay,Monthly other budget expense,other,2218.36,27,2,0
Online Winter jacket shopping today,Online Winter jacket shopping today,,shopping,8785.34,20,3,0
Quick Parking space monthly rent for home Paid via UPI for rent,Quick Parking space monthly rent for home,Paid via UPI for rent,rent,29554.71,21,3,0
Bill for Monthly apartment rent with discount Personal spending on rent,Bill for Monthly apartment rent with discount,Personal spending on rent,rent,32057.6,16,4,0
Online Society maintenance bill today Paid via UPI for rent,Online Society maintenance bill today,Paid via UPI for rent,rent,8167.33,10,1,0
Txn: Toll plaza FASTag recharge today Monthly transport budget expense,Txn: Toll plaza FASTag recharge today,Monthly transport budget expense,transport,1364.89,18,0,0
Quick Blinkit instant grocery today,Quick Blinkit instant grocery today,,food,439.36,27,2,0
Paid for Concert musical event pass Paid via UPI for entertainment,Paid for Concert musical event pass,Paid via UPI for entertainment,entertainment,518.13,6,6,1
Airport cab taxi fare with card Routine transport item,Airport cab taxi fare with card,Routine transport item,transport,1902.32,11,4,0
Purchase at ATM cash withdrawal unaccounted for home Personal spending on other,Purchase at ATM cash withdrawal unaccounted for home,Personal spending on other,other,5803.65,7,1,0
Purchase at Storage locker monthly rental with card Monthly rent budget expense,Purchase at Storage locker monthly rental with card,Monthly rent budget expense,rent,22351.96,1,3,0
Spent on Monthly apartment rent with discount Paid via UPI for rent,Spent on Monthly apartment rent with discount,Paid via UPI for rent,rent,23406.52,28,5,1
Bill for Courier speed post delivery today Monthly other budget expense,Bill for Courier speed post delivery today,Monthly other budget expense,other,4847.38,5,1,0
Paid for Chai Point tea with biscuits Personal spending on food,Paid for Chai Point tea with biscuits,Personal spending on food,food,2472.59,28,0,0
Spent on Winter jacket shopping at store,Spent on Winter jacket shopping at store,,shopping,8069.88,7,0,0
Spent on Protein powder supplement with discount Monthly health budget expense,Spent on Protein powder supplement with discount,Monthly health budget expense,health,3490.66,6,1,0
Online Gardening plants and soil,Online Gardening plants and soil,,other,5172.8,8,1,0
First aid kit supplies for home Paid via UPI for health,First aid kit supplies for home,Paid via UPI for health,health,261.42,14,6,1
Courier speed post delivery with discount,Courier speed post delivery with discount,,other,2458.11,19,5,1
Bank transaction charge Routine other item,Bank transaction charge,Routine other item,other,2589.83,18,0,0
Online Yoga class subscription with card Routine health item,Online Yoga class subscription with card,Routine health item,health,4059.35,15,5,1
Spent on Udemy online programming course urgent Paid via UPI for education,Spent on Udemy online programming course urgent,Paid via UPI for education,education,18291.85,12,3,0
Txn: Backpack for travel for home Paid via UPI for shopping,Txn: Backpack for travel for home,Paid via UPI for shopping,shopping,16622.55,5,2,0
Bill for GRE / TOEFL exam registration with discount Personal spending on education,Bill for GRE / TOEFL exam registration with discount,Personal spending on education,education,20093.8,20,1,0
Online Dental clinic root canal visit via GPay Personal spending on health,Online Dental clinic root canal visit via GPay,Personal spending on health,health,1551.67,20,3,0
Quick Parking space monthly rent with discount Personal spending on rent,Quick Parking space monthly rent with discount,Personal spending on rent,rent,17146.08,18,0,0
Purchase at Ice cream at Baskin Robbins for home Personal spending on food,Purchase at Ice cream at Baskin Robbins for home,Personal spending on food,food,2408.02,27,6,1
Bill for Grocery shopping at DMart today Personal spending on food,Bill for Grocery shopping at DMart today,Personal spending on food,food,505.22,4,4,0
Purchase at Winter jacket shopping for home Monthly shopping budget expense,Purchase at Winter jacket shopping for home,Monthly shopping budget expense,shopping,14213.99,25,4,0
Paid for Gym membership monthly renewal Paid via UPI for health,Paid for Gym membership monthly renewal,Paid via UPI for health,health,7427.73,26,3,0
Paid for House rent payment via UPI Personal spending on rent,Paid for House rent payment via UPI,Personal spending on rent,rent,25292.23,21,0,0
Spent on Casual t-shirt and hoodie urgent,Spent on Casual t-shirt and hoodie urgent,,shopping,12863.68,16,5,1
Bill for PG accommodation fee for home Monthly rent budget expense,Bill for PG accommodation fee for home,Monthly rent budget expense,rent,37766.43,28,1,0
Legal notary & document stamps at store Paid via UPI for other,Legal notary & document stamps at store,Paid via UPI for other,other,5025.4,11,2,0
Purchase at Metro card monthly recharge for home Paid via UPI for transport,Purchase at Metro card monthly recharge for home,Paid via UPI for transport,transport,3232.64,12,5,1
Quick H&M summer collection at store Paid via UPI for shopping,Quick H&M summer collection at store,Paid via UPI for shopping,shopping,2828.7,14,3,0
Bill for Tax filing CA consultancy fee Monthly other budget expense,Bill for Tax filing CA consultancy fee,Monthly other budget expense,other,2711.21,23,6,1
Bill for House rent payment via UPI for home Personal spending on rent,Bill for House rent payment via UPI for home,Personal spending on rent,rent,21066.03,14,0,0
Web development workshop fee via GPay Monthly education budget expense,Web development workshop fee via GPay,Monthly education budget expense,education,22611.43,21,5,1
Quick Yoga class subscription urgent Routine health item,Quick Yoga class subscription urgent,Routine health item,health,5828.1,12,0,0
Spent on Hospital OPD registration today Personal spending on health,Spent on Hospital OPD registration today,Personal spending on health,health,3680.27,18,4,0
Quick Pet food and veterinary care at store Monthly other budget expense,Quick Pet food and veterinary care at store,Monthly other budget expense,other,5297.75,2,4,0
Spent on Club weekend party entry urgent,Spent on Club weekend party entry urgent,,entertainment,797.67,18,2,0
Hotstar subscription plan,Hotstar subscription plan,,entertainment,2692.78,19,2,0
Quick Ajio discount clothes with card Routine shopping item,Quick Ajio discount clothes with card,Routine shopping item,shopping,13282.96,9,5,1
PVR cinemas IMAX tickets with card,PVR cinemas IMAX tickets with card,,entertainment,1455.91,24,0,0
Txn: Laundry dry cleaning at store Routine other item,Txn: Laundry dry cleaning at store,Routine other item,other,2166.99,22,6,1
Txn: Airport cab taxi fare with card,Txn: Airport cab taxi fare with card,,transport,1508.92,7,6,1
Paid for Standup comedy show ticket via GPay Paid via UPI for entertainment,Paid for Standup comedy show ticket via GPay,Paid via UPI for entertainment,entertainment,2192.3,3,0,0
Spent on Biryani takeaway with discount Monthly food budget expense,Spent on Biryani takeaway with discount,Monthly food budget expense,food,845.97,12,5,1
Quick Language learning app subscription urgent Paid via UPI for education,Quick Language learning app subscription urgent,Paid via UPI for education,education,14815.03,15,5,1
Spent on Legal notary & document stamps via GPay Paid via UPI for other,Spent on Legal notary & document stamps via GPay,Paid via UPI for other,other,3084.14,23,3,0
Paid for Auto rickshaw cash fare at store Monthly transport budget expense,Paid for Auto rickshaw cash fare at store,Monthly transport budget expense,transport,2076.67,24,1,0
Quick PVR cinemas IMAX tickets with card,Quick PVR cinemas IMAX tickets with card,,entertainment,537.55,10,0,0
Bill for Petrol pump fuel refill urgent Routine transport item,Bill for Petrol pump fuel refill urgent,Routine transport item,transport,4460.04,10,3,0
Spent on Subway sub & drink today Routine food item,Spent on Subway sub & drink today,Routine food item,food,284.44,10,1,0
Cycle repair & parts with card Monthly transport budget expense,Cycle repair & parts with card,Monthly transport budget expense,transport,2486.54,28,0,0
Purchase at Coding bootcamp installment with discount Paid via UPI for education,Purchase at Coding bootcamp installment with discount,Paid via UPI for education,education,22556.94,16,6,1
Online Diesel filling for car with discount Personal spending on transport,Online Diesel filling for car with discount,Personal spending on transport,transport,3019.13,28,5,1
Quick BookMyShow movie tickets today Paid via UPI for entertainment,Quick BookMyShow movie tickets today,Paid via UPI for entertainment,entertainment,851.14,11,4,0
Purchase at Juice center fresh juice with card Monthly food budget expense,Purchase at Juice center fresh juice with card,Monthly food budget expense,food,3046.92,19,5,1
Paid for Blood test and full body checkup at store,Paid for Blood test and full body checkup at store,,health,7650.31,19,6,1
Online Chai Point tea with biscuits,Online Chai Point tea with biscuits,,food,526.56,6,0,0
Txn: Medplus health supplements with discount,Txn: Medplus health supplements with discount,,health,860.25,20,2,0
Language learning app subscription with discount Monthly education budget expense,Language learning app subscription with discount,Monthly education budget expense,education,21618.23,11,3,0
Parking fee at mall for home Monthly transport budget expense,Parking fee at mall for home,Monthly transport budget expense,transport,1749.95,4,0,0
Spent on Toll plaza FASTag recharge via GPay Monthly transport budget expense,Spent on Toll plaza FASTag recharge via GPay,Monthly transport budget expense,transport,1187.22,5,2,0
Spent on Notebooks and pens set Routine education item,Spent on Notebooks and pens set,Routine education item,education,15554.26,6,0,0
Quick Dinner with friends at restaurant with card Paid via UPI for food,Quick Dinner with friends at restaurant with card,Paid via UPI for food,food,1201.74,11,2,0
Paid for Academic journal access fee,Paid for Academic journal access fee,,education,5461.91,19,1,0
Quick Tax filing CA consultancy fee with card Routine other item,Quick Tax filing CA consultancy fee with card,Routine other item,other,1688.8,15,4,0
Online Coursera specialization certification Personal spending on education,Online Coursera specialization certification,Personal spending on education,education,10483.01,1,2,0
Spent on Flat maintenance charge urgent Paid via UPI for rent,Spent on Flat maintenance charge urgent,Paid via UPI for rent,rent,27729.83,3,6,1
Bill for H&M summer collection via GPay,Bill for H&M summer collection via GPay,,shopping,14163.62,14,4,0
Broadband WiFi internet bill with discount,Broadband WiFi internet bill with discount,,other,5770.58,10,5,1
Uber cab ride to office with discount Routine transport item,Uber cab ride to office with discount,Routine transport item,transport,1266.2,27,5,1
Txn: Skillshare creative subscription urgent,Txn: Skillshare creative subscription urgent,,education,1613.42,19,0,0
Quick Dental clinic root canal visit with card,Quick Dental clinic root canal visit with card,,health,6677.89,9,3,0
Bill for Kitchen cookware set for home Paid via UPI for shopping,Bill for Kitchen cookware set for home,Paid via UPI for shopping,shopping,11578.99,9,1,0
Txn: Amusement park entry ticket with discount Routine entertainment item,Txn: Amusement park entry ticket with discount,Routine entertainment item,entertainment,2885.14,1,5,1
Online Uber cab ride to office Personal spending on transport,Online Uber cab ride to office,Personal spending on transport,transport,4061.43,14,4,0
Paid for House cleaning service Urban Company with card Paid via UPI for other,Paid for House cleaning service Urban Company with card,Paid via UPI for other,other,3278.03,22,0,0
Bill for Club weekend party entry today Monthly entertainment budget expense,Bill for Club weekend party entry today,Monthly entertainment budget expense,entertainment,695.3,4,3,0
Online PlayStation PS Plus subscription Monthly entertainment budget expense,Online PlayStation PS Plus subscription,Monthly entertainment budget expense,entertainment,819.48,25,2,0
Paid for PlayStation PS Plus subscription urgent Personal spending on entertainment,Paid for PlayStation PS Plus subscription urgent,Personal spending on entertainment,entertainment,2463.37,8,3,0
Purchase at Spotify premium music renewal with discount,Purchase at Spotify premium music renewal with discount,,entertainment,2732.53,7,0,0
Paid for Perfume & cosmetics store urgent Paid via UPI for shopping,Paid for Perfume & cosmetics store urgent,Paid via UPI for shopping,shopping,10416.2,6,4,0
Spent on Sunglasses purchase with card Monthly shopping budget expense,Spent on Sunglasses purchase with card,Monthly shopping budget expense,shopping,10751.7,5,2,0
Purchase at Backpack for travel at store Monthly shopping budget expense,Purchase at Backpack for travel at store,Monthly shopping budget expense,shopping,15318.94,23,5,1
Protein powder supplement today Monthly health budget expense,Protein powder supplement today,Monthly health budget expense,health,5199.54,28,2,0
Quick Academic journal access fee urgent,Quick Academic journal access fee urgent,,education,3481.21,15,3,0
Txn: Spotify premium music renewal Paid via UPI for entertainment,Txn: Spotify premium music renewal,Paid via UPI for entertainment,entertainment,977.49,18,3,0
Quick Netflix monthly subscription at store,Quick Netflix monthly subscription at store,,entertainment,1136.51,26,0,0
Paid for Watch purchase at Titan at store Routine shopping item,Paid for Watch purchase at Titan at store,Routine shopping item,shopping,3865.03,10,0,0
Online Monthly apartment rent today,Online Monthly apartment rent today,,rent,37322.36,26,5,1
Txn: Concert musical event pass with card Routine entertainment item,Txn: Concert musical event pass with card,Routine entertainment item,entertainment,1525.49,27,0,0
Paid for Steam video game purchase with discount Paid via UPI for entertainment,Paid for Steam video game purchase with discount,Paid via UPI for entertainment,entertainment,2339.24,19,0,0
Monthly apartment rent today Monthly rent budget expense,Monthly apartment rent today,Monthly rent budget expense,rent,17531.18,26,1,0
Juice center fresh juice urgent Paid via UPI for food,Juice center fresh juice urgent,Paid via UPI for food,food,2184.3,3,0,0
Purchase at McDonald's burger meal today,Purchase at McDonald's burger meal today,,food,1477.69,25,3,0
Kitchen cookware set with discount Paid via UPI for shopping,Kitchen cookware set with discount,Paid via UPI for shopping,shopping,7156.99,20,4,0
Room rent for current month with discount,Room rent for current month with discount,,rent,25688.52,7,0,0
Paid for Monthly apartment rent at store Personal spending on rent,Paid for Monthly apartment rent at store,Personal spending on rent,rent,41174.8,21,4,0
Quick Vitamin D & Calcium tablets with discount Paid via UPI for health,Quick Vitamin D & Calcium tablets with discount,Paid via UPI for health,health,5852.06,6,1,0
Ola auto ride via GPay Paid via UPI for transport,Ola auto ride via GPay,Paid via UPI for transport,transport,1436.92,17,5,1
Spent on Bowling & gaming arcade via GPay,Spent on Bowling & gaming arcade via GPay,,entertainment,1514.14,11,2,0
Spent on Netflix monthly subscription,Spent on Netflix monthly subscription,,entertainment,863.92,28,0,0
Txn: Skillshare creative subscription at store Personal spending on education,Txn: Skillshare creative subscription at store,Personal spending on education,education,16193.23,26,0,0
Online PlayStation PS Plus subscription with discount Routine entertainment item,Online PlayStation PS Plus subscription with discount,Routine entertainment item,entertainment,1878.93,28,4,0
Quick Bowling & gaming arcade for home Paid via UPI for entertainment,Quick Bowling & gaming arcade for home,Paid via UPI for entertainment,entertainment,653.55,26,0,0
Bank transaction charge at store Paid via UPI for other,Bank transaction charge at store,Paid via UPI for other,other,4190.0,20,1,0
Bill for Winter jacket shopping today Personal spending on shopping,Bill for Winter jacket shopping today,Personal spending on shopping,shopping,4013.57,27,0,0
Paid for Netflix monthly subscription for home Monthly entertainment budget expense,Paid for Netflix monthly subscription for home,Monthly entertainment budget expense,entertainment,283.08,5,2,0
Bill for Gift for friend birthday Personal spending on other,Bill for Gift for friend birthday,Personal spending on other,other,5854.32,7,2,0
Purchase at Train ticket booking IRCTC via GPay,Purchase at Train ticket booking IRCTC via GPay,,transport,1562.19,8,1,0
Spent on Amazon online purchase urgent Monthly shopping budget expense,Spent on Amazon online purchase urgent,Monthly shopping budget expense,shopping,16427.42,27,5,1
Paid for Airport cab taxi fare for home Routine transport item,Paid for Airport cab taxi fare for home,Routine transport item,transport,4215.71,15,1,0
Spent on YouTube Premium family plan today Monthly entertainment budget expense,Spent on YouTube Premium family plan today,Monthly entertainment budget expense,entertainment,2659.36,4,1,0
Txn: Bus pass monthly renewal today Routine transport item,Txn: Bus pass monthly renewal today,Routine transport item,transport,3139.87,20,3,0
Txn: Flipkart electronics sale urgent Routine shopping item,Txn: Flipkart electronics sale urgent,Routine shopping item,shopping,14296.75,8,0,0
Online Gym membership monthly renewal at store Paid via UPI for health,Online Gym membership monthly renewal at store,Paid via UPI for health,health,5872.93,26,5,1
Quick PG accommodation fee for home Paid via UPI for rent,Quick PG accommodation fee for home,Paid via UPI for rent,rent,24943.51,6,2,0
Online Audible audiobooks with discount Paid via UPI for entertainment,Online Audible audiobooks with discount,Paid via UPI for entertainment,entertainment,950.61,21,6,1
Txn: Supermarket food supplies at store Personal spending on food,Txn: Supermarket food supplies at store,Personal spending on food,food,1648.03,13,1,0
Quick Yoga class subscription via GPay Routine health item,Quick Yoga class subscription via GPay,Routine health item,health,7496.89,9,4,0
Paid for PG accommodation fee urgent Routine rent item,Paid for PG accommodation fee urgent,Routine rent item,rent,22780.21,8,4,0
Bill for Midnight food delivery today Paid via UPI for food,Bill for Midnight food delivery today,Paid via UPI for food,food,1644.89,14,2,0
Purchase at Laundry dry cleaning today Paid via UPI for other,Purchase at Laundry dry cleaning today,Paid via UPI for other,other,245.84,8,2,0
Paid for Room rent for current month urgent,Paid for Room rent for current month urgent,,rent,38704.14,18,5,1
Purchase at Parking space monthly rent at store Monthly rent budget expense,Purchase at Parking space monthly rent at store,Monthly rent budget expense,rent,8936.36,12,0,0
Txn: Sneakers purchase for home Routine shopping item,Txn: Sneakers purchase for home,Routine shopping item,shopping,4800.42,7,5,1
Purchase at Interstate Volvo bus ticket Routine transport item,Purchase at Interstate Volvo bus ticket,Routine transport item,transport,3476.84,27,2,0
GRE / TOEFL exam registration with discount Personal spending on education,GRE / TOEFL exam registration with discount,Personal spending on education,education,16524.88,28,3,0
Txn: IKEA home furniture with discount,Txn: IKEA home furniture with discount,,shopping,4513.53,26,4,0
Bill for ATM cash withdrawal unaccounted with card Personal spending on other,Bill for ATM cash withdrawal unaccounted with card,Personal spending on other,other,1947.14,14,6,1
Online Books and stationery store with discount Monthly education budget expense,Online Books and stationery store with discount,Monthly education budget expense,education,21396.98,12,1,0
Toll plaza FASTag recharge with discount Routine transport item,Toll plaza FASTag recharge with discount,Routine transport item,transport,3656.29,11,1,0
Quick GRE / TOEFL exam registration urgent Monthly education budget expense,Quick GRE / TOEFL exam registration urgent,Monthly education budget expense,education,8488.27,19,6,1
Spent on KFC chicken bucket for home,Spent on KFC chicken bucket for home,,food,2040.49,20,4,0
Txn: GRE / TOEFL exam registration today Paid via UPI for education,Txn: GRE / TOEFL exam registration today,Paid via UPI for education,education,2059.94,7,3,0
Online Room rent for current month urgent Monthly rent budget expense,Online Room rent for current month urgent,Monthly rent budget expense,rent,8729.66,22,4,0
Online Ola auto ride Monthly transport budget expense,Online Ola auto ride,Monthly transport budget expense,transport,880.78,13,2,0
Purchase at IKEA home furniture with card Routine shopping item,Purchase at IKEA home furniture with card,Routine shopping item,shopping,8402.08,17,0,0
Quick Car servicing & oil change today Monthly transport budget expense,Quick Car servicing & oil change today,Monthly transport budget expense,transport,748.81,5,4,0
Paid for Coding bootcamp installment today Personal spending on education,Paid for Coding bootcamp installment today,Personal spending on education,education,23899.83,5,6,1
Quick Ajio discount clothes with discount,Quick Ajio discount clothes with discount,,shopping,3194.55,10,4,0
Online Backpack for travel urgent Personal spending on shopping,Online Backpack for travel urgent,Personal spending on shopping,shopping,3949.97,15,0,0
Txn: Language learning app subscription for home Paid via UPI for education,Txn: Language learning app subscription for home,Paid via UPI for education,education,22802.32,15,3,0
Purchase at BigBasket weekly vegetables with discount Routine food item,Purchase at BigBasket weekly vegetables with discount,Routine food item,food,1292.12,13,4,0
Txn: Parking fee at mall via GPay Paid via UPI for transport,Txn: Parking fee at mall via GPay,Paid via UPI for transport,transport,4054.84,15,3,0
Paid for Car wash & detailing today Monthly transport budget expense,Paid for Car wash & detailing today,Monthly transport budget expense,transport,3158.97,8,6,1
Purchase at Flight ticket Indigo to Mumbai with card Personal spending on transport,Purchase at Flight ticket Indigo to Mumbai with card,Personal spending on transport,transport,3156.3,16,3,0
Paid for Room rent for current month with card Routine rent item,Paid for Room rent for current month with card,Routine rent item,rent,25175.79,14,3,0
Txn: Flight ticket Indigo to Mumbai Monthly transport budget expense,Txn: Flight ticket Indigo to Mumbai,Monthly transport budget expense,transport,2106.65,21,5,1
Bill for House cleaning service Urban Company today Paid via UPI for other,Bill for House cleaning service Urban Company today,Paid via UPI for other,other,5149.06,2,0,0
Spent on Blood test and full body checkup for home Paid via UPI for health,Spent on Blood test and full body checkup for home,Paid via UPI for health,health,5428.31,16,3,0
Txn: House rent payment via UPI with discount Routine rent item,Txn: House rent payment via UPI with discount,Routine rent item,rent,10610.23,27,1,0
Paid for Uber cab ride to office via GPay,Paid for Uber cab ride to office via GPay,,transport,1358.94,24,3,0
Metro card monthly recharge urgent Routine transport item,Metro card monthly recharge urgent,Routine transport item,transport,733.06,6,1,0
Online Supermarket food supplies,Online Supermarket food supplies,,food,2947.37,21,5,1
Purchase at Hostel fees payment with discount Monthly rent budget expense,Purchase at Hostel fees payment with discount,Monthly rent budget expense,rent,7096.61,2,6,1
Txn: Web development workshop fee at store Personal spending on education,Txn: Web development workshop fee at store,Personal spending on education,education,9678.17,7,0,0
Oatmeal and cereal pack Personal spending on food,Oatmeal and cereal pack,Personal spending on food,food,1259.45,22,5,1
Paid for Flat maintenance charge via GPay Monthly rent budget expense,Paid for Flat maintenance charge via GPay,Monthly rent budget expense,rent,33960.46,14,4,0
Bill for Brokerage fee for apartment for home Personal spending on rent,Bill for Brokerage fee for apartment for home,Personal spending on rent,rent,27482.16,20,1,0
Paid for GRE / TOEFL exam registration at store Routine education item,Paid for GRE / TOEFL exam registration at store,Routine education item,education,5736.82,11,1,0
Bill for Street food evening snacks Paid via UPI for food,Bill for Street food evening snacks,Paid via UPI for food,food,1435.45,8,0,0
Vitamin D & Calcium tablets with card Paid via UPI for health,Vitamin D & Calcium tablets with card,Paid via UPI for health,health,7106.59,10,6,1
Spent on Water utility bill urgent,Spent on Water utility bill urgent,,other,5758.3,11,5,1
Spent on Notebooks and pens set for home Routine education item,Spent on Notebooks and pens set for home,Routine education item,education,4794.79,28,5,1
Bill for Mobile postpaid monthly bill,Bill for Mobile postpaid monthly bill,,other,3690.35,15,3,0
Backpack for travel at store Monthly shopping budget expense,Backpack for travel at store,Monthly shopping budget expense,shopping,773.36,10,1,0
Txn: Web development workshop fee with card Routine education item,Txn: Web development workshop fee with card,Routine education item,education,1967.17,16,2,0
Quick H&M summer collection at store Personal spending on shopping,Quick H&M summer collection at store,Personal spending on shopping,shopping,11699.88,24,4,0
Spent on Laundry dry cleaning urgent Monthly other budget expense,Spent on Laundry dry cleaning urgent,Monthly other budget expense,other,1973.48,17,6,1
Purchase at Notebooks and pens set Routine education item,Purchase at Notebooks and pens set,Routine education item,education,6109.97,11,1,0
Croma electronics cable & charger at store Personal spending on shopping,Croma electronics cable & charger at store,Personal spending on shopping,shopping,14505.55,20,6,1
Bill for Technical reference book via GPay Monthly education budget expense,Bill for Technical reference book via GPay,Monthly education budget expense,education,11337.28,3,6,1
Txn: Mobile postpaid monthly bill Personal spending on other,Txn: Mobile postpaid monthly bill,Personal spending on other,other,3842.77,7,1,0
Txn: PG accommodation fee at store Paid via UPI for rent,Txn: PG accommodation fee at store,Paid via UPI for rent,rent,25296.98,24,3,0
Txn: Cult.fit fitness pass at store,Txn: Cult.fit fitness pass at store,,health,3507.33,8,2,0
Txn: Protein powder supplement urgent Paid via UPI for health,Txn: Protein powder supplement urgent,Paid via UPI for health,health,6926.92,3,2,0
Spent on GRE / TOEFL exam registration with discount,Spent on GRE / TOEFL exam registration with discount,,education,11313.16,20,5,1
Spent on Web development workshop fee with discount Paid via UPI for education,Spent on Web development workshop fee with discount,Paid via UPI for education,education,984.39,14,6,1
Purchase at Parking space monthly rent via GPay Personal spending on rent,Purchase at Parking space monthly rent via GPay,Personal spending on rent,rent,27114.09,9,3,0
Online Courier speed post delivery urgent,Online Courier speed post delivery urgent,,other,2313.37,16,0,0
Online Amazon Prime annual membership at store Personal spending on entertainment,Online Amazon Prime annual membership at store,Personal spending on entertainment,entertainment,632.38,1,0,0
Quick Audible audiobooks today Routine entertainment item,Quick Audible audiobooks today,Routine entertainment item,entertainment,2832.74,13,3,0
Quick Dental clinic root canal visit Monthly health budget expense,Quick Dental clinic root canal visit,Monthly health budget expense,health,7941.29,13,4,0
Quick Bus pass monthly renewal urgent Routine transport item,Quick Bus pass monthly renewal urgent,Routine transport item,transport,3482.15,17,5,1
Pet food and veterinary care today Personal spending on other,Pet food and veterinary care today,Personal spending on other,other,5566.46,8,3,0
Groceries at Reliance Smart via GPay Paid via UPI for food,Groceries at Reliance Smart via GPay,Paid via UPI for food,food,1003.3,22,1,0
Spent on Eye checkup and new glasses Monthly health budget expense,Spent on Eye checkup and new glasses,Monthly health budget expense,health,1110.5,21,5,1
Paid for GRE / TOEFL exam registration at store Personal spending on education,Paid for GRE / TOEFL exam registration at store,Personal spending on education,education,21962.03,27,3,0
Quick Physiotherapy session urgent Monthly health budget expense,Quick Physiotherapy session urgent,Monthly health budget expense,health,5924.68,4,5,1
Purchase at Amazon Prime annual membership at store Paid via UPI for entertainment,Purchase at Amazon Prime annual membership at store,Paid via UPI for entertainment,entertainment,2803.98,23,2,0
Online Local bakery bread and cake Paid via UPI for food,Online Local bakery bread and cake,Paid via UPI for food,food,447.42,17,3,0
Spent on Yoga class subscription via GPay Personal spending on health,Spent on Yoga class subscription via GPay,Personal spending on health,health,3122.28,7,3,0
Paid for Auto rickshaw cash fare with discount Personal spending on transport,Paid for Auto rickshaw cash fare with discount,Personal spending on transport,transport,2573.56,6,1,0
Txn: Cafe Coffee Day latte urgent Paid via UPI for food,Txn: Cafe Coffee Day latte urgent,Paid via UPI for food,food,3442.36,15,5,1
Spent on Brokerage fee for apartment with card Paid via UPI for rent,Spent on Brokerage fee for apartment with card,Paid via UPI for rent,rent,16725.02,4,2,0
Room rent for current month at store Monthly rent budget expense,Room rent for current month at store,Monthly rent budget expense,rent,24115.88,1,0,0
Apollo Pharmacy medicines with card Monthly health budget expense,Apollo Pharmacy medicines with card,Monthly health budget expense,health,1846.33,13,4,0
Online Dermatologist skin treatment for home Routine health item,Online Dermatologist skin treatment for home,Routine health item,health,4914.1,12,5,1
Txn: Amusement park entry ticket for home Paid via UPI for entertainment,Txn: Amusement park entry ticket for home,Paid via UPI for entertainment,entertainment,2061.88,20,0,0
Paid for Amusement park entry ticket Paid via UPI for entertainment,Paid for Amusement park entry ticket,Paid via UPI for entertainment,entertainment,1478.83,24,6,1
Paid for Uber cab ride to office urgent Personal spending on transport,Paid for Uber cab ride to office urgent,Personal spending on transport,transport,4282.23,12,3,0
Quick Tax filing CA consultancy fee at store Routine other item,Quick Tax filing CA consultancy fee at store,Routine other item,other,118.46,1,5,1
Bill for Spotify premium music renewal with discount Paid via UPI for entertainment,Bill for Spotify premium music renewal with discount,Paid via UPI for entertainment,entertainment,853.2,13,5,1
Quick Room rent for current month with discount Monthly rent budget expense,Quick Room rent for current month with discount,Monthly rent budget expense,rent,44474.86,24,3,0
Spent on Medplus health supplements Monthly health budget expense,Spent on Medplus health supplements,Monthly health budget expense,health,1197.32,10,6,1
Online Charity donation to NGO with card,Online Charity donation to NGO with card,,other,2944.79,8,1,0
Paid for Nike running shoes with card Monthly shopping budget expense,Paid for Nike running shoes with card,Monthly shopping budget expense,shopping,8054.12,6,2,0
Purchase at Web development workshop fee at store Paid via UPI for education,Purchase at Web development workshop fee at store,Paid via UPI for education,education,18119.51,22,0,0
Online Interstate Volvo bus ticket with card Routine transport item,Online Interstate Volvo bus ticket with card,Routine transport item,transport,3590.16,28,1,0
Bill for Office space rent share today Paid via UPI for rent,Bill for Office space rent share today,Paid via UPI for rent,rent,41406.69,21,5,1
Txn: Web development workshop fee at store Routine education item,Txn: Web development workshop fee at store,Routine education item,education,6847.06,3,0,0
Txn: Room rent for current month with card Personal spending on rent,Txn: Room rent for current month with card,Personal spending on rent,rent,27913.56,28,2,0
Language learning app subscription urgent,Language learning app subscription urgent,,education,2015.24,7,6,1
Bill for GRE / TOEFL exam registration for home Personal spending on education,Bill for GRE / TOEFL exam registration for home,Personal spending on education,education,20038.99,17,5,1
Quick Zara shirt and jeans Paid via UPI for shopping,Quick Zara shirt and jeans,Paid via UPI for shopping,shopping,9873.96,11,1,0
Online Eye checkup and new glasses with discount Routine health item,Online Eye checkup and new glasses with discount,Routine health item,health,1349.92,5,5,1
Purchase at Lunch thali at office canteen with card,Purchase at Lunch thali at office canteen with card,,food,1044.27,16,5,1
Purchase at Winter jacket shopping today Routine shopping item,Purchase at Winter jacket shopping today,Routine shopping item,shopping,1435.1,5,6,1
IKEA home furniture via GPay Paid via UPI for shopping,IKEA home furniture via GPay,Paid via UPI for shopping,shopping,15479.31,10,6,1
Quick Uber cab ride to office for home Paid via UPI for transport,Quick Uber cab ride to office for home,Paid via UPI for transport,transport,1929.85,12,6,1
Paid for GRE / TOEFL exam registration urgent Personal spending on education,Paid for GRE / TOEFL exam registration urgent,Personal spending on education,education,7417.2,23,6,1
Spent on Coursera specialization certification for home,Spent on Coursera specialization certification for home,,education,18930.28,28,6,1
Online Dinner with friends at restaurant via GPay Paid via UPI for food,Online Dinner with friends at restaurant via GPay,Paid via UPI for food,food,2070.79,23,3,0
Txn: Gym membership monthly renewal at store Personal spending on health,Txn: Gym membership monthly renewal at store,Personal spending on health,health,6474.0,24,5,1
Paid for Groceries at Reliance Smart via GPay Paid via UPI for food,Paid for Groceries at Reliance Smart via GPay,Paid via UPI for food,food,1392.76,22,6,1
Paid for Ola auto ride for home Personal spending on transport,Paid for Ola auto ride for home,Personal spending on transport,transport,4385.01,2,0,0
Spent on Board game cafe bill today Monthly entertainment budget expense,Spent on Board game cafe bill today,Monthly entertainment budget expense,entertainment,885.25,8,3,0
Spent on Courier speed post delivery today Monthly other budget expense,Spent on Courier speed post delivery today,Monthly other budget expense,other,4677.51,25,3,0
Online Kindle e-book purchase for home Monthly education budget expense,Online Kindle e-book purchase for home,Monthly education budget expense,education,783.27,3,0,0
Txn: Tax filing CA consultancy fee,Txn: Tax filing CA consultancy fee,,other,3562.42,16,2,0
Spent on Parking space monthly rent today Paid via UPI for rent,Spent on Parking space monthly rent today,Paid via UPI for rent,rent,24367.66,10,4,0
Bill for Petrol pump fuel refill with card,Bill for Petrol pump fuel refill with card,,transport,3226.27,6,3,0
Online Street food evening snacks with card,Online Street food evening snacks with card,,food,1873.89,18,5,1
Txn: Parking space monthly rent with card,Txn: Parking space monthly rent with card,,rent,12226.57,23,1,0
Bill for Juice center fresh juice with card,Bill for Juice center fresh juice with card,,food,252.3,7,5,1
Purchase at Metro card monthly recharge Monthly transport budget expense,Purchase at Metro card monthly recharge,Monthly transport budget expense,transport,426.52,17,2,0
Quick Hotstar subscription plan Monthly entertainment budget expense,Quick Hotstar subscription plan,Monthly entertainment budget expense,entertainment,894.59,17,6,1
Spent on Protein powder supplement with discount,Spent on Protein powder supplement with discount,,health,5621.79,12,4,0
Zara shirt and jeans at store Personal spending on shopping,Zara shirt and jeans at store,Personal spending on shopping,shopping,1046.52,10,6,1
Txn: H&M summer collection for home,Txn: H&M summer collection for home,,shopping,5282.16,14,0,0
Quick Ayurvedic medicines purchase via GPay Monthly health budget expense,Quick Ayurvedic medicines purchase via GPay,Monthly health budget expense,health,3320.46,9,5,1
Spent on Online test series subscription at store Routine education item,Spent on Online test series subscription at store,Routine education item,education,2227.74,21,5,1
Spent on Casual t-shirt and hoodie today Routine shopping item,Spent on Casual t-shirt and hoodie today,Routine shopping item,shopping,14859.59,26,3,0
Txn: Udemy online programming course with card,Txn: Udemy online programming course with card,,education,7117.34,4,5,1
Bill for Coursera specialization certification with card Routine education item,Bill for Coursera specialization certification with card,Routine education item,education,9388.44,25,2,0
Purchase at Train ticket booking IRCTC Personal spending on transport,Purchase at Train ticket booking IRCTC,Personal spending on transport,transport,485.86,13,0,0
Purchase at PG accommodation fee with discount Routine rent item,Purchase at PG accommodation fee with discount,Routine rent item,rent,8821.62,23,4,0
Paid for Ayurvedic medicines purchase Paid via UPI for health,Paid for Ayurvedic medicines purchase,Paid via UPI for health,health,1531.83,6,2,0
Spent on Coding bootcamp installment urgent,Spent on Coding bootcamp installment urgent,,education,731.7,23,1,0
Quick Diesel filling for car urgent Routine transport item,Quick Diesel filling for car urgent,Routine transport item,transport,285.25,23,6,1
Quick Kitchen cookware set with discount Routine shopping item,Quick Kitchen cookware set with discount,Routine shopping item,shopping,3622.64,26,3,0
Quick Ayurvedic medicines purchase at store Monthly health budget expense,Quick Ayurvedic medicines purchase at store,Monthly health budget expense,health,2580.46,10,3,0
Paid for BookMyShow movie tickets with card Monthly entertainment budget expense,Paid for BookMyShow movie tickets with card,Monthly entertainment budget expense,entertainment,2243.6,6,4,0
Purchase at BigBasket weekly vegetables with discount Monthly food budget expense,Purchase at BigBasket weekly vegetables with discount,Monthly food budget expense,food,2852.21,14,5,1
Online Cycle repair & parts with card,Online Cycle repair & parts with card,,transport,1854.35,7,6,1
Bill for Biryani takeaway at store,Bill for Biryani takeaway at store,,food,3480.47,22,4,0
Spent on Juice center fresh juice at store Routine food item,Spent on Juice center fresh juice at store,Routine food item,food,710.87,27,1,0
Quick Spotify premium music renewal with discount Routine entertainment item,Quick Spotify premium music renewal with discount,Routine entertainment item,entertainment,1260.84,4,2,0
Paid for Croma electronics cable & charger urgent Routine shopping item,Paid for Croma electronics cable & charger urgent,Routine shopping item,shopping,5665.53,9,1,0
Txn: Street food evening snacks urgent,Txn: Street food evening snacks urgent,,food,3260.39,27,0,0
Gardening plants and soil for home Paid via UPI for other,Gardening plants and soil for home,Paid via UPI for other,other,134.76,11,2,0
PVR cinemas IMAX tickets for home Personal spending on entertainment,PVR cinemas IMAX tickets for home,Personal spending on entertainment,entertainment,2692.44,13,2,0
Quick Blinkit instant grocery with discount,Quick Blinkit instant grocery with discount,,food,787.7,17,1,0
Online Coursera specialization certification Routine education item,Online Coursera specialization certification,Routine education item,education,4312.1,8,3,0
Purchase at Skillshare creative subscription for home Personal spending on education,Purchase at Skillshare creative subscription for home,Personal spending on education,education,10993.79,18,6,1
Online Blood test and full body checkup with discount Routine health item,Online Blood test and full body checkup with discount,Routine health item,health,1462.31,24,3,0
Txn: Ice cream at Baskin Robbins with card Monthly food budget expense,Txn: Ice cream at Baskin Robbins with card,Monthly food budget expense,food,760.74,5,3,0
Bill for Online test series subscription Personal spending on education,Bill for Online test series subscription,Personal spending on education,education,4426.82,16,5,1
Quick Blood test and full body checkup with discount Personal spending on health,Quick Blood test and full body checkup with discount,Personal spending on health,health,4490.96,11,6,1
Quick Technical reference book via GPay Monthly education budget expense,Quick Technical reference book via GPay,Monthly education budget expense,education,3187.56,26,0,0
Bill for Diesel filling for car Personal spending on transport,Bill for Diesel filling for car,Personal spending on transport,transport,3464.86,2,5,1
Board game cafe bill today Routine entertainment item,Board game cafe bill today,Routine entertainment item,entertainment,1544.02,16,0,0
Spent on Books and stationery store via GPay Monthly education budget expense,Spent on Books and stationery store via GPay,Monthly education budget expense,education,6611.19,28,2,0
Txn: Watch purchase at Titan with discount Monthly shopping budget expense,Txn: Watch purchase at Titan with discount,Monthly shopping budget expense,shopping,12833.71,23,5,1
Spent on Bus pass monthly renewal at store Paid via UPI for transport,Spent on Bus pass monthly renewal at store,Paid via UPI for transport,transport,586.05,2,2,0
Quick H&M summer collection Monthly shopping budget expense,Quick H&M summer collection,Monthly shopping budget expense,shopping,11249.83,28,0,0
Purchase at GRE / TOEFL exam registration at store Paid via UPI for education,Purchase at GRE / TOEFL exam registration at store,Paid via UPI for education,education,5932.72,16,0,0
Notebooks and pens set urgent Routine education item,Notebooks and pens set urgent,Routine education item,education,3195.46,9,2,0
Bill for Books and stationery store Monthly education budget expense,Bill for Books and stationery store,Monthly education budget expense,education,4952.1,2,5,1
Purchase at PlayStation PS Plus subscription with discount,Purchase at PlayStation PS Plus subscription with discount,,entertainment,983.73,4,3,0
Online Flight ticket Indigo to Mumbai for home Monthly transport budget expense,Online Flight ticket Indigo to Mumbai for home,Monthly transport budget expense,transport,1537.56,4,5,1
Bill for KFC chicken bucket for home Routine food item,Bill for KFC chicken bucket for home,Routine food item,food,2625.57,24,6,1
Purchase at Steam video game purchase at store Monthly entertainment budget expense,Purchase at Steam video game purchase at store,Monthly entertainment budget expense,entertainment,1835.7,4,1,0
Txn: Monthly apartment rent at store Monthly rent budget expense,Txn: Monthly apartment rent at store,Monthly rent budget expense,rent,33186.4,3,4,0
Online Bowling & gaming arcade at store Personal spending on entertainment,Online Bowling & gaming arcade at store,Personal spending on entertainment,entertainment,1693.49,2,1,0
Purchase at Watch purchase at Titan for home Paid via UPI for shopping,Purchase at Watch purchase at Titan for home,Paid via UPI for shopping,shopping,16150.47,21,5,1
Quick Water tanker for society with card,Quick Water tanker for society with card,,rent,24312.82,17,6,1
Purchase at Local bakery bread and cake via GPay,Purchase at Local bakery bread and cake via GPay,,food,1099.04,2,6,1
Online Perfume & cosmetics store with card,Online Perfume & cosmetics store with card,,shopping,3313.12,13,4,0
Purchase at GRE / TOEFL exam registration at store Personal spending on education,Purchase at GRE / TOEFL exam registration at store,Personal spending on education,education,5008.81,19,1,0
Purchase at Midnight food delivery urgent Routine food item,Purchase at Midnight food delivery urgent,Routine food item,food,3001.37,23,2,0
Txn: PG accommodation fee Routine rent item,Txn: PG accommodation fee,Routine rent item,rent,26342.63,2,5,1
Spent on Flight ticket Indigo to Mumbai urgent Monthly transport budget expense,Spent on Flight ticket Indigo to Mumbai urgent,Monthly transport budget expense,transport,3936.55,21,1,0
Paid for Croma electronics cable & charger,Paid for Croma electronics cable & charger,,shopping,11816.16,12,2,0
Purchase at Storage locker monthly rental via GPay,Purchase at Storage locker monthly rental via GPay,,rent,21333.72,10,2,0
Bill for Swiggy order for dinner at store Routine food item,Bill for Swiggy order for dinner at store,Routine food item,food,2589.01,6,2,0
Quick Blinkit instant grocery urgent,Quick Blinkit instant grocery urgent,,food,3060.69,18,1,0
Bill for Bank transaction charge urgent Paid via UPI for other,Bill for Bank transaction charge urgent,Paid via UPI for other,other,1303.12,5,3,0
Bill for Watch purchase at Titan via GPay Monthly shopping budget expense,Bill for Watch purchase at Titan via GPay,Monthly shopping budget expense,shopping,16278.16,16,1,0
Spent on Charity donation to NGO at store Personal spending on other,Spent on Charity donation to NGO at store,Personal spending on other,other,3460.98,21,2,0
Spent on Dinner with friends at restaurant via GPay,Spent on Dinner with friends at restaurant via GPay,,food,2883.15,7,0,0
Quick Metro card monthly recharge at store Paid via UPI for transport,Quick Metro card monthly recharge at store,Paid via UPI for transport,transport,2074.86,4,5,1
Paid for Uber cab ride to office today Monthly transport budget expense,Paid for Uber cab ride to office today,Monthly transport budget expense,transport,1758.76,27,0,0
Txn: KFC chicken bucket with card,Txn: KFC chicken bucket with card,,food,1024.68,1,6,1
Bill for Blinkit instant grocery with card Paid via UPI for food,Bill for Blinkit instant grocery with card,Paid via UPI for food,food,803.85,25,4,0
Purchase at Charity donation to NGO for home Personal spending on other,Purchase at Charity donation to NGO for home,Personal spending on other,other,2925.56,2,4,0
Blood test and full body checkup Routine health item,Blood test and full body checkup,Routine health item,health,1001.96,4,4,0
College semester tuition fee at store Paid via UPI for education,College semester tuition fee at store,Paid via UPI for education,education,1087.05,13,1,0
Txn: Bowling & gaming arcade today Monthly entertainment budget expense,Txn: Bowling & gaming arcade today,Monthly entertainment budget expense,entertainment,2122.63,16,1,0
Paid for Flat maintenance charge urgent,Paid for Flat maintenance charge urgent,,rent,19292.32,11,0,0
BookMyShow movie tickets via GPay,BookMyShow movie tickets via GPay,,entertainment,697.77,11,4,0
Spent on Parking fee at mall urgent Routine transport item,Spent on Parking fee at mall urgent,Routine transport item,transport,2830.17,12,0,0
Bill for Dermatologist skin treatment urgent Monthly health budget expense,Bill for Dermatologist skin treatment urgent,Monthly health budget expense,health,6523.61,26,0,0
Bill for Diesel filling for car via GPay Paid via UPI for transport,Bill for Diesel filling for car via GPay,Paid via UPI for transport,transport,1788.17,27,0,0
Quick Quarterly rent transfer to landlord urgent Routine rent item,Quick Quarterly rent transfer to landlord urgent,Routine rent item,rent,10786.71,5,1,0
Bill for Skillshare creative subscription with discount Paid via UPI for education,Bill for Skillshare creative subscription with discount,Paid via UPI for education,education,10883.31,20,6,1
Txn: Amazon Prime annual membership today Paid via UPI for entertainment,Txn: Amazon Prime annual membership today,Paid via UPI for entertainment,entertainment,1371.67,18,4,0
Quick Bank transaction charge with card Paid via UPI for other,Quick Bank transaction charge with card,Paid via UPI for other,other,3527.69,17,4,0
Txn: Myntra clothes shopping for home Monthly shopping budget expense,Txn: Myntra clothes shopping for home,Monthly shopping budget expense,shopping,450.44,12,4,0
Paid for LPG gas cylinder refill Routine other item,Paid for LPG gas cylinder refill,Routine other item,other,5477.04,28,6,1
Online Toll plaza FASTag recharge via GPay,Online Toll plaza FASTag recharge via GPay,,transport,3766.87,14,1,0
IKEA home furniture via GPay Personal spending on shopping,IKEA home furniture via GPay,Personal spending on shopping,shopping,2463.35,13,5,1
Bill for Biryani takeaway,Bill for Biryani takeaway,,food,2490.74,3,3,0
Spent on Uber cab ride to office for home Personal spending on transport,Spent on Uber cab ride to office for home,Personal spending on transport,transport,678.68,3,0,0
Spent on College semester tuition fee with discount,Spent on College semester tuition fee with discount,,education,18716.91,23,2,0
Bill for Legal notary & document stamps with discount Monthly other budget expense,Bill for Legal notary & document stamps with discount,Monthly other budget expense,other,4710.24,10,0,0
Ola auto ride via GPay Monthly transport budget expense,Ola auto ride via GPay,Monthly transport budget expense,transport,2289.66,13,6,1
Online Notebooks and pens set urgent,Online Notebooks and pens set urgent,,education,23019.1,10,5,1
Spent on Watch purchase at Titan urgent,Spent on Watch purchase at Titan urgent,,shopping,17526.95,13,1,0
Perfume & cosmetics store at store,Perfume & cosmetics store at store,,shopping,7304.32,20,6,1
Online Brokerage fee for apartment with discount Paid via UPI for rent,Online Brokerage fee for apartment with discount,Paid via UPI for rent,rent,17527.59,27,3,0
Bill for Ola auto ride today Monthly transport budget expense,Bill for Ola auto ride today,Monthly transport budget expense,transport,916.55,4,0,0
Amusement park entry ticket at store,Amusement park entry ticket at store,,entertainment,989.46,4,0,0
Kitchen cookware set urgent Personal spending on shopping,Kitchen cookware set urgent,Personal spending on shopping,shopping,3704.29,21,0,0
Paid for Decathlon sportswear and gear Paid via UPI for shopping,Paid for Decathlon sportswear and gear,Paid via UPI for shopping,shopping,10321.81,2,0,0
Purchase at BookMyShow movie tickets Routine entertainment item,Purchase at BookMyShow movie tickets,Routine entertainment item,entertainment,2945.5,13,4,0
Quick Sneakers purchase for home Monthly shopping budget expense,Quick Sneakers purchase for home,Monthly shopping budget expense,shopping,17539.77,11,3,0
Spent on Security deposit installment Paid via UPI for rent,Spent on Security deposit installment,Paid via UPI for rent,rent,28487.02,16,4,0
Spent on Nature's Basket gourmet items via GPay Monthly food budget expense,Spent on Nature's Basket gourmet items via GPay,Monthly food budget expense,food,2426.42,21,0,0
Spent on Apple store accessories via GPay,Spent on Apple store accessories via GPay,,shopping,17884.13,17,5,1
Spent on Standup comedy show ticket for home,Spent on Standup comedy show ticket for home,,entertainment,1013.65,28,3,0
Txn: Fresh meat and fish store at store,Txn: Fresh meat and fish store at store,,food,3489.89,3,1,0
Water utility bill via GPay Routine other item,Water utility bill via GPay,Routine other item,other,4621.27,18,6,1
Paid for Co-living monthly rent with discount Routine rent item,Paid for Co-living monthly rent with discount,Routine rent item,rent,17548.75,6,0,0
Bill for Vitamin D & Calcium tablets with card Paid via UPI for health,Bill for Vitamin D & Calcium tablets with card,Paid via UPI for health,health,754.84,9,3,0
Spent on Protein powder supplement with card Paid via UPI for health,Spent on Protein powder supplement with card,Paid via UPI for health,health,7779.11,2,2,0
Quick First aid kit supplies via GPay,Quick First aid kit supplies via GPay,,health,3638.46,28,4,0
Paid for YouTube Premium family plan today Routine entertainment item,Paid for YouTube Premium family plan today,Routine entertainment item,entertainment,1616.14,22,0,0
Haldirams snacks & sweets via GPay Routine food item,Haldirams snacks & sweets via GPay,Routine food item,food,3003.34,13,1,0
Paid for Academic journal access fee at store Paid via UPI for education,Paid for Academic journal access fee at store,Paid via UPI for education,education,10010.85,22,0,0
Online Standup comedy show ticket with discount Personal spending on entertainment,Online Standup comedy show ticket with discount,Personal spending on entertainment,entertainment,504.64,24,0,0
Quick Web development workshop fee at store Monthly education budget expense,Quick Web development workshop fee at store,Monthly education budget expense,education,10336.65,11,2,0
Online Gift for friend birthday with card Monthly other budget expense,Online Gift for friend birthday with card,Monthly other budget expense,other,1742.41,18,1,0
Txn: LPG gas cylinder refill for home,Txn: LPG gas cylinder refill for home,,other,3452.42,25,3,0
Quick Groceries at Reliance Smart with discount Personal spending on food,Quick Groceries at Reliance Smart with discount,Personal spending on food,food,841.36,28,0,0
Purchase at Kindle e-book purchase via GPay Monthly education budget expense,Purchase at Kindle e-book purchase via GPay,Monthly education budget expense,education,2547.07,9,3,0
Online Society maintenance bill today Routine rent item,Online Society maintenance bill today,Routine rent item,rent,25991.12,6,6,1
Quick BigBasket weekly vegetables for home Routine food item,Quick BigBasket weekly vegetables for home,Routine food item,food,3376.18,6,1,0
Online Board game cafe bill with discount Personal spending on entertainment,Online Board game cafe bill with discount,Personal spending on entertainment,entertainment,1698.95,23,3,0
Club weekend party entry at store,Club weekend party entry at store,,entertainment,416.94,20,1,0
Amusement park entry ticket via GPay Personal spending on entertainment,Amusement park entry ticket via GPay,Personal spending on entertainment,entertainment,2710.1,16,6,1
Quick PVR cinemas IMAX tickets urgent Monthly entertainment budget expense,Quick PVR cinemas IMAX tickets urgent,Monthly entertainment budget expense,entertainment,1657.46,15,6,1
Paid for EV charging station fee Personal spending on transport,Paid for EV charging station fee,Personal spending on transport,transport,1022.87,14,5,1
Txn: Airport cab taxi fare for home Personal spending on transport,Txn: Airport cab taxi fare for home,Personal spending on transport,transport,983.45,22,4,0
Bill for Groceries at Reliance Smart Routine food item,Bill for Groceries at Reliance Smart,Routine food item,food,1140.57,17,6,1
Online Storage locker monthly rental with discount Routine rent item,Online Storage locker monthly rental with discount,Routine rent item,rent,21562.15,12,6,1
Bill for Technical reference book with card Paid via UPI for education,Bill for Technical reference book with card,Paid via UPI for education,education,23195.47,14,2,0
Spent on Interstate Volvo bus ticket today Paid via UPI for transport,Spent on Interstate Volvo bus ticket today,Paid via UPI for transport,transport,1747.96,21,2,0
Paid for House rent payment via UPI with card,Paid for House rent payment via UPI with card,,rent,30984.98,14,0,0
Online Water utility bill Paid via UPI for other,Online Water utility bill,Paid via UPI for other,other,4039.49,7,1,0
Paid for House cleaning service Urban Company at store Monthly other budget expense,Paid for House cleaning service Urban Company at store,Monthly other budget expense,other,5152.42,12,6,1
Quick Legal notary & document stamps Personal spending on other,Quick Legal notary & document stamps,Personal spending on other,other,5643.74,17,2,0
Purchase at Ayurvedic medicines purchase today Monthly health budget expense,Purchase at Ayurvedic medicines purchase today,Monthly health budget expense,health,5451.75,14,0,0
Spent on Zomato lunch delivery for home,Spent on Zomato lunch delivery for home,,food,2961.8,27,5,1
Spent on Amusement park entry ticket today Paid via UPI for entertainment,Spent on Amusement park entry ticket today,Paid via UPI for entertainment,entertainment,876.37,7,4,0
Academic journal access fee today Paid via UPI for education,Academic journal access fee today,Paid via UPI for education,education,3656.46,24,1,0
Bill for Tuition fee for coaching via GPay Monthly education budget expense,Bill for Tuition fee for coaching via GPay,Monthly education budget expense,education,11215.78,23,6,1
Paid for Auto rickshaw cash fare today Routine transport item,Paid for Auto rickshaw cash fare today,Routine transport item,transport,3801.49,27,4,0
Txn: Car servicing & oil change with card Paid via UPI for transport,Txn: Car servicing & oil change with card,Paid via UPI for transport,transport,465.03,1,5,1
Paid for Uber cab ride to office today Personal spending on transport,Paid for Uber cab ride to office today,Personal spending on transport,transport,162.54,15,5,1
Txn: Hotstar subscription plan at store,Txn: Hotstar subscription plan at store,,entertainment,1030.68,27,1,0
Purchase at Web development workshop fee Personal spending on education,Purchase at Web development workshop fee,Personal spending on education,education,7235.91,21,0,0
Online House rent payment via UPI with card Routine rent item,Online House rent payment via UPI with card,Routine rent item,rent,9283.07,9,1,0
Online House rent payment via UPI for home Personal spending on rent,Online House rent payment via UPI for home,Personal spending on rent,rent,41508.77,13,0,0
Quick Electricity bill payment with card Monthly other budget expense,Quick Electricity bill payment with card,Monthly other budget expense,other,2970.45,7,5,1
Bill for GRE / TOEFL exam registration with discount Personal spending on education,Bill for GRE / TOEFL exam registration with discount,Personal spending on education,education,20309.26,10,0,0
Car wash & detailing with card Routine transport item,Car wash & detailing with card,Routine transport item,transport,4392.83,16,4,0
Purchase at Local bakery bread and cake with card Monthly food budget expense,Purchase at Local bakery bread and cake with card,Monthly food budget expense,food,771.82,18,0,0
Bill for Bus pass monthly renewal with card Monthly transport budget expense,Bill for Bus pass monthly renewal with card,Monthly transport budget expense,transport,4048.65,11,1,0
Spent on Myntra clothes shopping urgent Personal spending on shopping,Spent on Myntra clothes shopping urgent,Personal spending on shopping,shopping,5216.53,3,2,0
Online Protein powder supplement today Paid via UPI for health,Online Protein powder supplement today,Paid via UPI for health,health,4198.72,7,2,0
Purchase at Bus pass monthly renewal today,Purchase at Bus pass monthly renewal today,,transport,507.88,10,1,0
Quick Winter jacket shopping with discount Routine shopping item,Quick Winter jacket shopping with discount,Routine shopping item,shopping,7857.78,27,2,0
Quick Quarterly rent transfer to landlord today Routine rent item,Quick Quarterly rent transfer to landlord today,Routine rent item,rent,12988.83,12,5,1
Spent on Co-living monthly rent Routine rent item,Spent on Co-living monthly rent,Routine rent item,rent,43323.9,19,3,0
Bill for Hospital OPD registration today Personal spending on health,Bill for Hospital OPD registration today,Personal spending on health,health,433.53,26,2,0
Spent on Web development workshop fee for home Personal spending on education,Spent on Web development workshop fee for home,Personal spending on education,education,6509.54,22,2,0
Bill for Amazon Prime annual membership with card Monthly entertainment budget expense,Bill for Amazon Prime annual membership with card,Monthly entertainment budget expense,entertainment,225.98,23,2,0
Bill for Bedsheet and pillow covers at store Paid via UPI for shopping,Bill for Bedsheet and pillow covers at store,Paid via UPI for shopping,shopping,10284.87,10,4,0
Txn: Backpack for travel with card,Txn: Backpack for travel with card,,shopping,10272.87,26,6,1
Quick Quarterly rent transfer to landlord today Routine rent item,Quick Quarterly rent transfer to landlord today,Routine rent item,rent,17711.33,7,1,0
Online Coffee beans purchase Paid via UPI for food,Online Coffee beans purchase,Paid via UPI for food,food,3467.08,4,0,0
Bill for Charity donation to NGO today Monthly other budget expense,Bill for Charity donation to NGO today,Monthly other budget expense,other,1494.89,10,0,0
Purchase at Midnight food delivery via GPay Paid via UPI for food,Purchase at Midnight food delivery via GPay,Paid via UPI for food,food,2964.75,2,4,0
Pizza Hut dinner with card Paid via UPI for food,Pizza Hut dinner with card,Paid via UPI for food,food,1708.24,24,2,0
Bill for Health insurance premium today Routine health item,Bill for Health insurance premium today,Routine health item,health,822.18,16,4,0
Purchase at Street food evening snacks with discount Monthly food budget expense,Purchase at Street food evening snacks with discount,Monthly food budget expense,food,1787.48,27,2,0
Txn: Monthly apartment rent Personal spending on rent,Txn: Monthly apartment rent,Personal spending on rent,rent,38018.26,4,2,0
Spent on Books and stationery store with card Routine education item,Spent on Books and stationery store with card,Routine education item,education,5182.6,27,4,0
Purchase at McDonald's burger meal Routine food item,Purchase at McDonald's burger meal,Routine food item,food,494.52,3,2,0
Purchase at Club weekend party entry via GPay,Purchase at Club weekend party entry via GPay,,entertainment,2789.53,15,0,0
Spent on Car servicing & oil change today Monthly transport budget expense,Spent on Car servicing & oil change today,Monthly transport budget expense,transport,2884.22,17,4,0
Online Sunglasses purchase with discount Routine shopping item,Online Sunglasses purchase with discount,Routine shopping item,shopping,17583.75,25,5,1
Paid for Bank transaction charge urgent Monthly other budget expense,Paid for Bank transaction charge urgent,Monthly other budget expense,other,4620.59,12,4,0
Paid for Apple store accessories with card Monthly shopping budget expense,Paid for Apple store accessories with card,Monthly shopping budget expense,shopping,17503.07,7,0,0
Quick Bedsheet and pillow covers at store Routine shopping item,Quick Bedsheet and pillow covers at store,Routine shopping item,shopping,8982.56,7,6,1
Online Bowling & gaming arcade via GPay Monthly entertainment budget expense,Online Bowling & gaming arcade via GPay,Monthly entertainment budget expense,entertainment,2573.71,5,1,0
Online Club weekend party entry at store Personal spending on entertainment,Online Club weekend party entry at store,Personal spending on entertainment,entertainment,2383.84,3,2,0
Purchase at College semester tuition fee with card Monthly education budget expense,Purchase at College semester tuition fee with card,Monthly education budget expense,education,4107.75,24,0,0
Online Amazon online purchase via GPay Paid via UPI for shopping,Online Amazon online purchase via GPay,Paid via UPI for shopping,shopping,5094.92,22,4,0
Purchase at Pet food and veterinary care with card Monthly other budget expense,Purchase at Pet food and veterinary care with card,Monthly other budget expense,other,5568.87,12,3,0
Quick H&M summer collection today Monthly shopping budget expense,Quick H&M summer collection today,Monthly shopping budget expense,shopping,9339.51,15,2,0
PVR cinemas IMAX tickets today Paid via UPI for entertainment,PVR cinemas IMAX tickets today,Paid via UPI for entertainment,entertainment,2249.34,7,2,0
Spent on Perfume & cosmetics store urgent Paid via UPI for shopping,Spent on Perfume & cosmetics store urgent,Paid via UPI for shopping,shopping,9720.3,17,3,0
Office space rent share at store Personal spending on rent,Office space rent share at store,Personal spending on rent,rent,43358.87,4,0,0
Txn: Zepto milk and eggs with card Routine food item,Txn: Zepto milk and eggs with card,Routine food item,food,1918.61,8,4,0
Quick GRE / TOEFL exam registration with card Routine education item,Quick GRE / TOEFL exam registration with card,Routine education item,education,5886.48,16,1,0
Bill for Bus pass monthly renewal urgent Routine transport item,Bill for Bus pass monthly renewal urgent,Routine transport item,transport,3191.05,24,0,0
Online PG accommodation fee urgent Personal spending on rent,Online PG accommodation fee urgent,Personal spending on rent,rent,39102.56,6,2,0
Spent on PG accommodation fee for home Personal spending on rent,Spent on PG accommodation fee for home,Personal spending on rent,rent,40994.77,1,5,1
Bill for Legal notary & document stamps Routine other item,Bill for Legal notary & document stamps,Routine other item,other,1147.34,3,1,0
Online Ice cream at Baskin Robbins Personal spending on food,Online Ice cream at Baskin Robbins,Personal spending on food,food,1770.48,16,0,0
Purchase at Zomato lunch delivery at store Personal spending on food,Purchase at Zomato lunch delivery at store,Personal spending on food,food,1895.41,25,1,0
Purchase at House rent payment via UPI for home Routine rent item,Purchase at House rent payment via UPI for home,Routine rent item,rent,23104.65,18,2,0
Bill for Home repair and plumbing with discount Routine other item,Bill for Home repair and plumbing with discount,Routine other item,other,180.01,10,5,1
Paid for Audible audiobooks urgent Monthly entertainment budget expense,Paid for Audible audiobooks urgent,Monthly entertainment budget expense,entertainment,2119.88,5,3,0
Bill for H&M summer collection with discount,Bill for H&M summer collection with discount,,shopping,943.92,24,5,1
Txn: Skillshare creative subscription with card Paid via UPI for education,Txn: Skillshare creative subscription with card,Paid via UPI for education,education,5248.33,21,0,0
Spent on Protein powder supplement urgent Routine health item,Spent on Protein powder supplement urgent,Routine health item,health,7300.55,11,3,0
Purchase at Kindle e-book purchase at store,Purchase at Kindle e-book purchase at store,,education,1505.99,23,2,0
Online Hostel fees payment for home Monthly rent budget expense,Online Hostel fees payment for home,Monthly rent budget expense,rent,16536.34,16,5,1
Spent on EV charging station fee urgent Personal spending on transport,Spent on EV charging station fee urgent,Personal spending on transport,transport,2825.89,10,3,0
Purchase at Dental clinic root canal visit Personal spending on health,Purchase at Dental clinic root canal visit,Personal spending on health,health,3740.09,10,6,1
Online Monthly apartment rent urgent Routine rent item,Online Monthly apartment rent urgent,Routine rent item,rent,5203.61,22,6,1
Purchase at McDonald's burger meal via GPay Routine food item,Purchase at McDonald's burger meal via GPay,Routine food item,food,1303.74,26,6,1
Purchase at Metro card monthly recharge via GPay Personal spending on transport,Purchase at Metro card monthly recharge via GPay,Personal spending on transport,transport,4481.82,14,4,0
Txn: Society maintenance bill Routine rent item,Txn: Society maintenance bill,Routine rent item,rent,23927.11,8,6,1
Quick GRE / TOEFL exam registration with card Routine education item,Quick GRE / TOEFL exam registration with card,Routine education item,education,22379.22,20,2,0
Quick Car wash & detailing for home Personal spending on transport,Quick Car wash & detailing for home,Personal spending on transport,transport,3629.49,22,6,1
Spent on Decathlon sportswear and gear today Routine shopping item,Spent on Decathlon sportswear and gear today,Routine shopping item,shopping,10155.39,10,0,0
Spent on Protein powder supplement today Paid via UPI for health,Spent on Protein powder supplement today,Paid via UPI for health,health,6302.76,4,1,0
Bill for Laundry dry cleaning with discount Paid via UPI for other,Bill for Laundry dry cleaning with discount,Paid via UPI for other,other,2189.74,14,3,0
Electricity bill payment today Personal spending on other,Electricity bill payment today,Personal spending on other,other,621.73,20,2,0
Bill for Sunglasses purchase via GPay,Bill for Sunglasses purchase via GPay,,shopping,11327.66,10,0,0
Quick College semester tuition fee,Quick College semester tuition fee,,education,11838.25,15,6,1
BigBasket weekly vegetables urgent Monthly food budget expense,BigBasket weekly vegetables urgent,Monthly food budget expense,food,2925.04,11,4,0
Purchase at Brokerage fee for apartment with discount Monthly rent budget expense,Purchase at Brokerage fee for apartment with discount,Monthly rent budget expense,rent,32623.72,4,5,1
Spent on Supermarket food supplies with discount Personal spending on food,Spent on Supermarket food supplies with discount,Personal spending on food,food,581.04,10,5,1
Online Apollo Pharmacy medicines at store Monthly health budget expense,Online Apollo Pharmacy medicines at store,Monthly health budget expense,health,1094.73,5,4,0
Paid for Security deposit installment at store Paid via UPI for rent,Paid for Security deposit installment at store,Paid via UPI for rent,rent,13171.75,1,6,1
House cleaning service Urban Company with card Paid via UPI for other,House cleaning service Urban Company with card,Paid via UPI for other,other,1869.55,6,6,1
Purchase at Croma electronics cable & charger with discount,Purchase at Croma electronics cable & charger with discount,,shopping,15523.92,4,3,0
Spent on Uber cab ride to office via GPay Personal spending on transport,Spent on Uber cab ride to office via GPay,Personal spending on transport,transport,3692.55,6,4,0
Online Winter jacket shopping urgent Monthly shopping budget expense,Online Winter jacket shopping urgent,Monthly shopping budget expense,shopping,5494.3,19,3,0
Quick Concert musical event pass today Monthly entertainment budget expense,Quick Concert musical event pass today,Monthly entertainment budget expense,entertainment,2153.13,15,3,0
College semester tuition fee urgent,College semester tuition fee urgent,,education,11697.97,13,0,0
Online Doctor consultation fee Routine health item,Online Doctor consultation fee,Routine health item,health,7283.25,5,3,0
Home repair and plumbing via GPay,Home repair and plumbing via GPay,,other,2210.71,7,2,0
Paid for Technical reference book via GPay Routine education item,Paid for Technical reference book via GPay,Routine education item,education,16569.68,21,5,1
Spent on Standup comedy show ticket urgent Routine entertainment item,Spent on Standup comedy show ticket urgent,Routine entertainment item,entertainment,2397.68,13,0,0
Online House cleaning service Urban Company via GPay,Online House cleaning service Urban Company via GPay,,other,3498.63,25,5,1
Bill for Gym membership monthly renewal for home Paid via UPI for health,Bill for Gym membership monthly renewal for home,Paid via UPI for health,health,4759.05,3,0,0
Txn: Local bakery bread and cake with card Paid via UPI for food,Txn: Local bakery bread and cake with card,Paid via UPI for food,food,2368.58,22,3,0
Txn: Steam video game purchase with card Personal spending on entertainment,Txn: Steam video game purchase with card,Personal spending on entertainment,entertainment,2719.32,24,3,0
Paid for Tuition fee for coaching Monthly education budget expense,Paid for Tuition fee for coaching,Monthly education budget expense,education,15491.25,2,6,1
Bill for Co-living monthly rent Routine rent item,Bill for Co-living monthly rent,Routine rent item,rent,41942.03,4,5,1
Spent on House cleaning service Urban Company at store Paid via UPI for other,Spent on House cleaning service Urban Company at store,Paid via UPI for other,other,1254.74,15,5,1
Txn: Eye checkup and new glasses via GPay,Txn: Eye checkup and new glasses via GPay,,health,3585.69,26,6,1
Myntra clothes shopping with card Personal spending on shopping,Myntra clothes shopping with card,Personal spending on shopping,shopping,3982.3,1,2,0
Paid for Language learning app subscription for home,Paid for Language learning app subscription for home,,education,5039.14,16,1,0
Online Sunglasses purchase for home,Online Sunglasses purchase for home,,shopping,6674.14,28,1,0
Quick Co-living monthly rent today,Quick Co-living monthly rent today,,rent,39959.08,3,1,0
Paid for Blood test and full body checkup with discount,Paid for Blood test and full body checkup with discount,,health,1998.47,18,2,0
Purchase at Organic fruit market urgent Routine food item,Purchase at Organic fruit market urgent,Routine food item,food,1439.64,3,6,1
Paid for Toll plaza FASTag recharge at store,Paid for Toll plaza FASTag recharge at store,,transport,3846.72,17,2,0
Language learning app subscription with card Routine education item,Language learning app subscription with card,Routine education item,education,14777.51,21,0,0
Quick Pizza Hut dinner urgent Monthly food budget expense,Quick Pizza Hut dinner urgent,Monthly food budget expense,food,797.73,5,1,0
Txn: Spotify premium music renewal with discount,Txn: Spotify premium music renewal with discount,,entertainment,403.23,20,5,1
Paid for Ice cream at Baskin Robbins today,Paid for Ice cream at Baskin Robbins today,,food,2141.74,3,4,0
Purchase at LPG gas cylinder refill Paid via UPI for other,Purchase at LPG gas cylinder refill,Paid via UPI for other,other,713.96,17,1,0
Online Board game cafe bill urgent Personal spending on entertainment,Online Board game cafe bill urgent,Personal spending on entertainment,entertainment,2388.1,1,0,0
Quick Chai Point tea with biscuits Monthly food budget expense,Quick Chai Point tea with biscuits,Monthly food budget expense,food,1987.44,13,6,1
Spent on Online test series subscription today,Spent on Online test series subscription today,,education,17682.48,5,0,0
Bill for Water utility bill for home Paid via UPI for other,Bill for Water utility bill for home,Paid via UPI for other,other,1242.51,2,1,0
Myntra clothes shopping at store,Myntra clothes shopping at store,,shopping,7669.95,19,0,0
Haldirams snacks & sweets with card Paid via UPI for food,Haldirams snacks & sweets with card,Paid via UPI for food,food,311.49,6,2,0
Bill for Lunch thali at office canteen at store Personal spending on food,Bill for Lunch thali at office canteen at store,Personal spending on food,food,3493.54,20,3,0
Paid for Water utility bill with card,Paid for Water utility bill with card,,other,1576.17,7,3,0
Online Steam video game purchase urgent,Online Steam video game purchase urgent,,entertainment,2835.94,10,6,1
Purchase at Backpack for travel for home,Purchase at Backpack for travel for home,,shopping,12680.78,4,0,0
Online Board game cafe bill urgent Personal spending on entertainment,Online Board game cafe bill urgent,Personal spending on entertainment,entertainment,418.73,27,4,0
Txn: Ajio discount clothes with card Personal spending on shopping,Txn: Ajio discount clothes with card,Personal spending on shopping,shopping,6954.06,2,1,0
Paid for ATM cash withdrawal unaccounted Monthly other budget expense,Paid for ATM cash withdrawal unaccounted,Monthly other budget expense,other,3043.55,9,2,0
Paid for Kindle e-book purchase,Paid for Kindle e-book purchase,,education,7337.04,13,3,0
Quick Fresh meat and fish store with discount Personal spending on food,Quick Fresh meat and fish store with discount,Personal spending on food,food,270.12,13,1,0
Technical reference book urgent Routine education item,Technical reference book urgent,Routine education item,education,1266.03,1,4,0
Txn: Concert musical event pass,Txn: Concert musical event pass,,entertainment,1153.99,14,6,1
Web development workshop fee with card Routine education item,Web development workshop fee with card,Routine education item,education,14055.26,28,4,0
Purchase at Legal notary & document stamps via GPay Paid via UPI for other,Purchase at Legal notary & document stamps via GPay,Paid via UPI for other,other,5765.8,24,1,0
Purchase at Uber cab ride to office urgent Personal spending on transport,Purchase at Uber cab ride to office urgent,Personal spending on transport,transport,430.64,25,4,0
Quick Health insurance premium Routine health item,Quick Health insurance premium,Routine health item,health,5001.27,9,5,1
Paid for Apollo Pharmacy medicines urgent Routine health item,Paid for Apollo Pharmacy medicines urgent,Routine health item,health,4633.84,27,2,0
Online EV charging station fee Paid via UPI for transport,Online EV charging station fee,Paid via UPI for transport,transport,2007.6,2,2,0
Quick Gift for friend birthday Monthly other budget expense,Quick Gift for friend birthday,Monthly other budget expense,other,3519.46,9,4,0
Online BookMyShow movie tickets via GPay Routine entertainment item,Online BookMyShow movie tickets via GPay,Routine entertainment item,entertainment,921.68,9,6,1
Txn: LPG gas cylinder refill via GPay,Txn: LPG gas cylinder refill via GPay,,other,966.72,21,0,0
Zara shirt and jeans via GPay Paid via UPI for shopping,Zara shirt and jeans via GPay,Paid via UPI for shopping,shopping,12446.17,19,2,0
Organic fruit market urgent Monthly food budget expense,Organic fruit market urgent,Monthly food budget expense,food,3416.45,22,6,1
Txn: Spotify premium music renewal for home,Txn: Spotify premium music renewal for home,,entertainment,504.77,15,0,0
Txn: Flat maintenance charge for home Paid via UPI for rent,Txn: Flat maintenance charge for home,Paid via UPI for rent,rent,27814.64,3,5,1
Purchase at Tuition fee for coaching via GPay,Purchase at Tuition fee for coaching via GPay,,education,1104.04,26,2,0
Bill for Board game cafe bill with discount Routine entertainment item,Bill for Board game cafe bill with discount,Routine entertainment item,entertainment,2838.89,20,0,0
Bike maintenance and repair urgent,Bike maintenance and repair urgent,,transport,4189.87,1,0,0
Bill for Sneakers purchase at store,Bill for Sneakers purchase at store,,shopping,7067.58,2,5,1
Paid for Airport cab taxi fare with card Personal spending on transport,Paid for Airport cab taxi fare with card,Personal spending on transport,transport,4315.88,19,4,0
Paid for Technical reference book,Paid for Technical reference book,,education,15373.61,17,3,0
Txn: Concert musical event pass urgent Routine entertainment item,Txn: Concert musical event pass urgent,Routine entertainment item,entertainment,2750.91,8,6,1
Online Steam video game purchase for home Monthly entertainment budget expense,Online Steam video game purchase for home,Monthly entertainment budget expense,entertainment,2294.68,23,1,0
Bill for Legal notary & document stamps with card,Bill for Legal notary & document stamps with card,,other,2176.71,3,2,0
Online Bank transaction charge today Personal spending on other,Online Bank transaction charge today,Personal spending on other,other,1455.6,18,1,0
Spent on Notebooks and pens set urgent Routine education item,Spent on Notebooks and pens set urgent,Routine education item,education,19998.27,11,0,0
Quick Hostel fees payment via GPay Personal spending on rent,Quick Hostel fees payment via GPay,Personal spending on rent,rent,28040.47,6,3,0
Paid for Local bakery bread and cake today,Paid for Local bakery bread and cake today,,food,1010.21,23,3,0
PG accommodation fee today Personal spending on rent,PG accommodation fee today,Personal spending on rent,rent,5957.26,3,1,0
Quick Tuition fee for coaching for home,Quick Tuition fee for coaching for home,,education,3621.73,8,5,1
Bill for Blood test and full body checkup for home,Bill for Blood test and full body checkup for home,,health,4813.53,4,5,1
Bill for Grocery shopping at DMart with discount Paid via UPI for food,Bill for Grocery shopping at DMart with discount,Paid via UPI for food,food,3198.08,24,6,1
Online Kindle e-book purchase via GPay,Online Kindle e-book purchase via GPay,,education,18469.09,27,4,0
PG accommodation fee for home Paid via UPI for rent,PG accommodation fee for home,Paid via UPI for rent,rent,31956.28,13,2,0
Purchase at Charity donation to NGO with card Paid via UPI for other,Purchase at Charity donation to NGO with card,Paid via UPI for other,other,1470.35,11,0,0
Bill for Kindle e-book purchase today Personal spending on education,Bill for Kindle e-book purchase today,Personal spending on education,education,8304.49,5,0,0
Purchase at Watch purchase at Titan for home Routine shopping item,Purchase at Watch purchase at Titan for home,Routine shopping item,shopping,2150.61,6,0,0
Online Ayurvedic medicines purchase with discount Personal spending on health,Online Ayurvedic medicines purchase with discount,Personal spending on health,health,1944.34,10,2,0
Txn: Water tanker for society urgent Personal spending on rent,Txn: Water tanker for society urgent,Personal spending on rent,rent,10640.13,18,6,1
Uber cab ride to office at store Monthly transport budget expense,Uber cab ride to office at store,Monthly transport budget expense,transport,79.66,12,1,0
Online Yoga class subscription via GPay Routine health item,Online Yoga class subscription via GPay,Routine health item,health,6682.09,4,5,1
Quick Co-living monthly rent with discount Personal spending on rent,Quick Co-living monthly rent with discount,Personal spending on rent,rent,15522.26,9,5,1
Paid for Room rent for current month at store Routine rent item,Paid for Room rent for current month at store,Routine rent item,rent,34094.46,6,4,0
Online Concert musical event pass with card Routine entertainment item,Online Concert musical event pass with card,Routine entertainment item,entertainment,2178.77,2,3,0
Bill for Water tanker for society at store Monthly rent budget expense,Bill for Water tanker for society at store,Monthly rent budget expense,rent,38657.24,21,5,1
Spent on Haldirams snacks & sweets today Personal spending on food,Spent on Haldirams snacks & sweets today,Personal spending on food,food,3067.75,22,1,0
Spent on Dermatologist skin treatment with discount Paid via UPI for health,Spent on Dermatologist skin treatment with discount,Paid via UPI for health,health,6548.18,10,1,0
Txn: Myntra clothes shopping Paid via UPI for shopping,Txn: Myntra clothes shopping,Paid via UPI for shopping,shopping,8044.01,18,4,0
Nike running shoes today,Nike running shoes today,,shopping,12508.48,13,5,1
Online Casual t-shirt and hoodie via GPay Personal spending on shopping,Online Casual t-shirt and hoodie via GPay,Personal spending on shopping,shopping,15850.86,10,5,1
Quick Gardening plants and soil for home Routine other item,Quick Gardening plants and soil for home,Routine other item,other,3306.14,4,1,0
Purchase at Water tanker for society today Routine rent item,Purchase at Water tanker for society today,Routine rent item,rent,43774.49,8,5,1
Spent on Coursera specialization certification with discount Monthly education budget expense,Spent on Coursera specialization certification with discount,Monthly education budget expense,education,23929.69,12,5,1
Spent on Online test series subscription with discount Paid via UPI for education,Spent on Online test series subscription with discount,Paid via UPI for education,education,21082.8,20,3,0
Purchase at Amazon online purchase urgent Paid via UPI for shopping,Purchase at Amazon online purchase urgent,Paid via UPI for shopping,shopping,9331.78,2,4,0
Bill for Concert musical event pass today Paid via UPI for entertainment,Bill for Concert musical event pass today,Paid via UPI for entertainment,entertainment,1295.25,14,3,0
Purchase at Doctor consultation fee with discount Routine health item,Purchase at Doctor consultation fee with discount,Routine health item,health,5879.86,21,6,1
Online Dinner with friends at restaurant today Personal spending on food,Online Dinner with friends at restaurant today,Personal spending on food,food,868.03,18,1,0
Bill for Quarterly rent transfer to landlord via GPay Monthly rent budget expense,Bill for Quarterly rent transfer to landlord via GPay,Monthly rent budget expense,rent,29198.45,24,0,0
Bill for Coursera specialization certification for home,Bill for Coursera specialization certification for home,,education,19287.4,3,5,1
Bill for Supermarket food supplies at store,Bill for Supermarket food supplies at store,,food,3450.03,13,6,1
Spent on Ajio discount clothes for home Personal spending on shopping,Spent on Ajio discount clothes for home,Personal spending on shopping,shopping,6234.44,18,5,1
Amazon online purchase,Amazon online purchase,,shopping,13690.14,4,4,0
Online Web development workshop fee Routine education item,Online Web development workshop fee,Routine education item,education,4344.32,1,1,0
Purchase at Flipkart electronics sale with card Paid via UPI for shopping,Purchase at Flipkart electronics sale with card,Paid via UPI for shopping,shopping,14708.73,21,3,0
Paid for Flight ticket Indigo to Mumbai with card Paid via UPI for transport,Paid for Flight ticket Indigo to Mumbai with card,Paid via UPI for transport,transport,378.81,1,0,0
Quick Petrol pump fuel refill at store Routine transport item,Quick Petrol pump fuel refill at store,Routine transport item,transport,3750.05,26,2,0
Technical reference book urgent Personal spending on education,Technical reference book urgent,Personal spending on education,education,7213.49,4,2,0
Purchase at House cleaning service Urban Company today Paid via UPI for other,Purchase at House cleaning service Urban Company today,Paid via UPI for other,other,649.07,18,2,0
Txn: Courier speed post delivery today Paid via UPI for other,Txn: Courier speed post delivery today,Paid via UPI for other,other,201.55,24,3,0
Online PVR cinemas IMAX tickets at store Monthly entertainment budget expense,Online PVR cinemas IMAX tickets at store,Monthly entertainment budget expense,entertainment,1817.64,13,6,1
Bill for Bedsheet and pillow covers with discount Routine shopping item,Bill for Bedsheet and pillow covers with discount,Routine shopping item,shopping,10311.5,11,1,0
Spent on House rent payment via UPI at store Paid via UPI for rent,Spent on House rent payment via UPI at store,Paid via UPI for rent,rent,39593.11,19,1,0
Quick PG accommodation fee with discount,Quick PG accommodation fee with discount,,rent,25936.23,25,1,0
Purchase at Coffee beans purchase today Routine food item,Purchase at Coffee beans purchase today,Routine food item,food,1172.72,27,1,0
Quick Lunch thali at office canteen Personal spending on food,Quick Lunch thali at office canteen,Personal spending on food,food,1026.33,25,4,0
Bill for Gardening plants and soil at store Paid via UPI for other,Bill for Gardening plants and soil at store,Paid via UPI for other,other,1998.84,17,4,0
Paid for Water tanker for society today Paid via UPI for rent,Paid for Water tanker for society today,Paid via UPI for rent,rent,32970.22,5,6,1
Paid for Local bakery bread and cake via GPay Monthly food budget expense,Paid for Local bakery bread and cake via GPay,Monthly food budget expense,food,787.1,2,3,0
Online Charity donation to NGO via GPay,Online Charity donation to NGO via GPay,,other,4519.06,14,3,0
Paid for Nature's Basket gourmet items today Routine food item,Paid for Nature's Basket gourmet items today,Routine food item,food,3485.62,17,2,0
Spent on Hotstar subscription plan urgent Personal spending on entertainment,Spent on Hotstar subscription plan urgent,Personal spending on entertainment,entertainment,1664.63,26,4,0
Online Concert musical event pass with discount Routine entertainment item,Online Concert musical event pass with discount,Routine entertainment item,entertainment,788.94,24,5,1
Online Rapido bike taxi Personal spending on transport,Online Rapido bike taxi,Personal spending on transport,transport,1463.71,5,3,0
Purchase at Monthly apartment rent at store Monthly rent budget expense,Purchase at Monthly apartment rent at store,Monthly rent budget expense,rent,12970.71,18,3,0
PVR cinemas IMAX tickets with discount Monthly entertainment budget expense,PVR cinemas IMAX tickets with discount,Monthly entertainment budget expense,entertainment,1864.07,12,5,1
Casual t-shirt and hoodie at store Paid via UPI for shopping,Casual t-shirt and hoodie at store,Paid via UPI for shopping,shopping,5232.62,19,5,1
Quick Vitamin D & Calcium tablets urgent Personal spending on health,Quick Vitamin D & Calcium tablets urgent,Personal spending on health,health,4576.68,3,4,0
Txn: Petrol pump fuel refill urgent,Txn: Petrol pump fuel refill urgent,,transport,843.55,4,1,0
Purchase at Skillshare creative subscription with discount Monthly education budget expense,Purchase at Skillshare creative subscription with discount,Monthly education budget expense,education,5627.22,26,1,0
Spent on Myntra clothes shopping via GPay Monthly shopping budget expense,Spent on Myntra clothes shopping via GPay,Monthly shopping budget expense,shopping,3300.8,11,0,0
Online KFC chicken bucket today Routine food item,Online KFC chicken bucket today,Routine food item,food,2367.17,10,4,0
Quick Flat maintenance charge today Paid via UPI for rent,Quick Flat maintenance charge today,Paid via UPI for rent,rent,35956.78,12,2,0
Txn: BookMyShow movie tickets via GPay Routine entertainment item,Txn: BookMyShow movie tickets via GPay,Routine entertainment item,entertainment,2847.32,23,1,0
Online Technical reference book with discount Routine education item,Online Technical reference book with discount,Routine education item,education,17529.64,22,0,0
Bill for Notebooks and pens set via GPay Routine education item,Bill for Notebooks and pens set via GPay,Routine education item,education,1118.77,28,3,0
Txn: Board game cafe bill at store Personal spending on entertainment,Txn: Board game cafe bill at store,Personal spending on entertainment,entertainment,1270.26,24,0,0
Bill for Bedsheet and pillow covers at store Routine shopping item,Bill for Bedsheet and pillow covers at store,Routine shopping item,shopping,498.82,11,0,0
Concert musical event pass urgent Routine entertainment item,Concert musical event pass urgent,Routine entertainment item,entertainment,292.91,21,3,0
Purchase at Udemy online programming course urgent,Purchase at Udemy online programming course urgent,,education,15818.75,27,0,0
Online ATM cash withdrawal unaccounted via GPay,Online ATM cash withdrawal unaccounted via GPay,,other,2893.35,26,0,0
Groceries at Reliance Smart via GPay Personal spending on food,Groceries at Reliance Smart via GPay,Personal spending on food,food,2505.06,28,6,1
Quick Metro card monthly recharge with card Monthly transport budget expense,Quick Metro card monthly recharge with card,Monthly transport budget expense,transport,299.41,11,0,0
Medplus health supplements for home Routine health item,Medplus health supplements for home,Routine health item,health,6730.73,23,1,0
Quick Netflix monthly subscription today Monthly entertainment budget expense,Quick Netflix monthly subscription today,Monthly entertainment budget expense,entertainment,2545.44,3,1,0
Paid for Flight ticket Indigo to Mumbai via GPay Routine transport item,Paid for Flight ticket Indigo to Mumbai via GPay,Routine transport item,transport,2023.12,20,1,0
College semester tuition fee urgent Routine education item,College semester tuition fee urgent,Routine education item,education,7206.47,4,2,0
Online Mobile postpaid monthly bill with card Monthly other budget expense,Online Mobile postpaid monthly bill with card,Monthly other budget expense,other,785.94,6,5,1
Bill for PG accommodation fee Monthly rent budget expense,Bill for PG accommodation fee,Monthly rent budget expense,rent,35668.9,7,5,1
Paid for Standup comedy show ticket at store Personal spending on entertainment,Paid for Standup comedy show ticket at store,Personal spending on entertainment,entertainment,1061.1,24,6,1
Toll plaza FASTag recharge today Personal spending on transport,Toll plaza FASTag recharge today,Personal spending on transport,transport,3191.32,9,1,0
Txn: Board game cafe bill at store Personal spending on entertainment,Txn: Board game cafe bill at store,Personal spending on entertainment,entertainment,963.11,6,2,0
Purchase at Protein powder supplement with card,Purchase at Protein powder supplement with card,,health,4021.11,12,2,0
Charity donation to NGO today,Charity donation to NGO today,,other,1018.65,7,5,1
Purchase at Skillshare creative subscription at store,Purchase at Skillshare creative subscription at store,,education,8882.78,18,6,1
Txn: Dental clinic root canal visit urgent Routine health item,Txn: Dental clinic root canal visit urgent,Routine health item,health,1902.39,2,0,0
Spent on Cycle repair & parts with discount Routine transport item,Spent on Cycle repair & parts with discount,Routine transport item,transport,2661.35,19,3,0
Paid for Lunch thali at office canteen for home Monthly food budget expense,Paid for Lunch thali at office canteen for home,Monthly food budget expense,food,3058.33,6,3,0
Bill for Laundry dry cleaning with card Routine other item,Bill for Laundry dry cleaning with card,Routine other item,other,1203.96,10,1,0
Charity donation to NGO with discount Paid via UPI for other,Charity donation to NGO with discount,Paid via UPI for other,other,4874.41,19,4,0
Quick Online test series subscription with discount Routine education item,Quick Online test series subscription with discount,Routine education item,education,20935.2,24,2,0
Quick Audible audiobooks urgent Personal spending on entertainment,Quick Audible audiobooks urgent,Personal spending on entertainment,entertainment,311.4,25,4,0
Quick Hostel fees payment urgent Paid via UPI for rent,Quick Hostel fees payment urgent,Paid via UPI for rent,rent,43159.28,19,0,0
Spent on Auto rickshaw cash fare urgent,Spent on Auto rickshaw cash fare urgent,,transport,3995.35,7,4,0
Bill for Diesel filling for car Routine transport item,Bill for Diesel filling for car,Routine transport item,transport,4367.95,26,6,1
Online Bike maintenance and repair today Monthly transport budget expense,Online Bike maintenance and repair today,Monthly transport budget expense,transport,785.77,22,1,0
Purchase at Nike running shoes urgent Personal spending on shopping,Purchase at Nike running shoes urgent,Personal spending on shopping,shopping,1814.6,28,1,0
Txn: Coursera specialization certification via GPay Routine education item,Txn: Coursera specialization certification via GPay,Routine education item,education,17275.17,1,3,0
Paid for Bike maintenance and repair with discount Paid via UPI for transport,Paid for Bike maintenance and repair with discount,Paid via UPI for transport,transport,2496.74,23,1,0
Online House cleaning service Urban Company at store Monthly other budget expense,Online House cleaning service Urban Company at store,Monthly other budget expense,other,4602.03,13,1,0
Quick Amazon Prime annual membership for home Paid via UPI for entertainment,Quick Amazon Prime annual membership for home,Paid via UPI for entertainment,entertainment,2714.36,20,3,0
Online Room rent for current month,Online Room rent for current month,,rent,13867.76,6,6,1
Bill for Casual t-shirt and hoodie for home Monthly shopping budget expense,Bill for Casual t-shirt and hoodie for home,Monthly shopping budget expense,shopping,9225.62,20,4,0
Paid for Tuition fee for coaching at store Personal spending on education,Paid for Tuition fee for coaching at store,Personal spending on education,education,3882.1,2,1,0
Paid for Yoga class subscription for home Personal spending on health,Paid for Yoga class subscription for home,Personal spending on health,health,3195.72,14,1,0
Quick Physiotherapy session with discount Paid via UPI for health,Quick Physiotherapy session with discount,Paid via UPI for health,health,471.65,6,1,0
Paid for Notebooks and pens set with discount Routine education item,Paid for Notebooks and pens set with discount,Routine education item,education,20252.42,22,5,1
Quick Office space rent share Personal spending on rent,Quick Office space rent share,Personal spending on rent,rent,11435.35,19,4,0
Online Notebooks and pens set Paid via UPI for education,Online Notebooks and pens set,Paid via UPI for education,education,12409.9,14,6,1
Quick Dinner with friends at restaurant urgent Monthly food budget expense,Quick Dinner with friends at restaurant urgent,Monthly food budget expense,food,2628.18,20,6,1
Bill for Tax filing CA consultancy fee with discount,Bill for Tax filing CA consultancy fee with discount,,other,4300.94,12,0,0
Quick Parking fee at mall with card Routine transport item,Quick Parking fee at mall with card,Routine transport item,transport,719.22,23,4,0
Online Medplus health supplements today Routine health item,Online Medplus health supplements today,Routine health item,health,578.64,2,0,0
Bill for ATM cash withdrawal unaccounted Routine other item,Bill for ATM cash withdrawal unaccounted,Routine other item,other,5346.08,9,3,0
Bowling & gaming arcade urgent Routine entertainment item,Bowling & gaming arcade urgent,Routine entertainment item,entertainment,699.62,14,0,0
Purchase at Laundry dry cleaning Routine other item,Purchase at Laundry dry cleaning,Routine other item,other,3615.1,24,0,0
Spent on Books and stationery store with card Personal spending on education,Spent on Books and stationery store with card,Personal spending on education,education,13606.67,24,1,0
Purchase at Legal notary & document stamps for home,Purchase at Legal notary & document stamps for home,,other,5833.93,8,6,1
Paid for Broadband WiFi internet bill for home Personal spending on other,Paid for Broadband WiFi internet bill for home,Personal spending on other,other,2299.49,20,5,1
Paid for Hostel fees payment for home Routine rent item,Paid for Hostel fees payment for home,Routine rent item,rent,42097.62,14,3,0
Purchase at Cafe Coffee Day latte with card Paid via UPI for food,Purchase at Cafe Coffee Day latte with card,Paid via UPI for food,food,2948.56,4,6,1
Purchase at Sunglasses purchase urgent,Purchase at Sunglasses purchase urgent,,shopping,11234.23,28,6,1
Bill for Flipkart electronics sale with discount Paid via UPI for shopping,Bill for Flipkart electronics sale with discount,Paid via UPI for shopping,shopping,4187.68,9,5,1
Flight ticket Indigo to Mumbai today Routine transport item,Flight ticket Indigo to Mumbai today,Routine transport item,transport,4098.37,9,0,0
Books and stationery store today Routine education item,Books and stationery store today,Routine education item,education,16601.37,9,3,0
Txn: PVR cinemas IMAX tickets at store Routine entertainment item,Txn: PVR cinemas IMAX tickets at store,Routine entertainment item,entertainment,249.62,8,0,0
Quick Protein powder supplement for home Paid via UPI for health,Quick Protein powder supplement for home,Paid via UPI for health,health,4423.37,18,0,0
Bill for Amusement park entry ticket for home Personal spending on entertainment,Bill for Amusement park entry ticket for home,Personal spending on entertainment,entertainment,2503.18,15,6,1
Spent on Gift for friend birthday today Monthly other budget expense,Spent on Gift for friend birthday today,Monthly other budget expense,other,1608.59,22,6,1
Online Office space rent share for home,Online Office space rent share for home,,rent,8323.68,12,2,0
Online Health insurance premium with discount,Online Health insurance premium with discount,,health,430.6,19,1,0
Quick Board game cafe bill Routine entertainment item,Quick Board game cafe bill,Routine entertainment item,entertainment,2303.64,18,5,1
Quick Bank transaction charge via GPay Monthly other budget expense,Quick Bank transaction charge via GPay,Monthly other budget expense,other,2332.73,4,3,0
Paid for Apple store accessories urgent Personal spending on shopping,Paid for Apple store accessories urgent,Personal spending on shopping,shopping,3543.75,25,6,1
Quick Technical reference book for home Paid via UPI for education,Quick Technical reference book for home,Paid via UPI for education,education,18906.13,20,2,0
Paid for YouTube Premium family plan for home,Paid for YouTube Premium family plan for home,,entertainment,1605.96,13,1,0
Online Coding bootcamp installment urgent Paid via UPI for education,Online Coding bootcamp installment urgent,Paid via UPI for education,education,20740.22,6,6,1
Purchase at Airport cab taxi fare Routine transport item,Purchase at Airport cab taxi fare,Routine transport item,transport,2420.36,25,3,0
Quick Petrol pump fuel refill today Paid via UPI for transport,Quick Petrol pump fuel refill today,Paid via UPI for transport,transport,4385.4,7,5,1
Spent on Organic fruit market with card Paid via UPI for food,Spent on Organic fruit market with card,Paid via UPI for food,food,2146.54,1,2,0
Online Nike running shoes with card Monthly shopping budget expense,Online Nike running shoes with card,Monthly shopping budget expense,shopping,17152.49,24,4,0
Txn: Technical reference book via GPay Personal spending on education,Txn: Technical reference book via GPay,Personal spending on education,education,11714.8,6,3,0
Spent on Sneakers purchase urgent Monthly shopping budget expense,Spent on Sneakers purchase urgent,Monthly shopping budget expense,shopping,1540.71,7,4,0
Txn: ATM cash withdrawal unaccounted with discount Personal spending on other,Txn: ATM cash withdrawal unaccounted with discount,Personal spending on other,other,5939.31,15,4,0
Bill for Parking space monthly rent via GPay Monthly rent budget expense,Bill for Parking space monthly rent via GPay,Monthly rent budget expense,rent,14794.54,1,5,1
Online Oatmeal and cereal pack today Paid via UPI for food,Online Oatmeal and cereal pack today,Paid via UPI for food,food,357.84,9,5,1
Storage locker monthly rental with discount Monthly rent budget expense,Storage locker monthly rental with discount,Monthly rent budget expense,rent,24232.3,10,6,1
Academic journal access fee for home,Academic journal access fee for home,,education,10285.42,21,5,1
Paid for Legal notary & document stamps with card Routine other item,Paid for Legal notary & document stamps with card,Routine other item,other,961.3,25,6,1
Spent on Storage locker monthly rental for home Routine rent item,Spent on Storage locker monthly rental for home,Routine rent item,rent,21515.72,5,1,0
Purchase at Gift for friend birthday with card Monthly other budget expense,Purchase at Gift for friend birthday with card,Monthly other budget expense,other,2047.15,15,5,1
Purchase at Bank transaction charge for home Paid via UPI for other,Purchase at Bank transaction charge for home,Paid via UPI for other,other,1842.22,11,6,1
Purchase at Home repair and plumbing Personal spending on other,Purchase at Home repair and plumbing,Personal spending on other,other,4591.8,17,2,0
Bill for Organic fruit market for home Routine food item,Bill for Organic fruit market for home,Routine food item,food,2532.65,23,1,0
Online Dermatologist skin treatment urgent Personal spending on health,Online Dermatologist skin treatment urgent,Personal spending on health,health,1404.64,5,4,0
Purchase at First aid kit supplies at store Personal spending on health,Purchase at First aid kit supplies at store,Personal spending on health,health,418.44,19,2,0
Car wash & detailing urgent,Car wash & detailing urgent,,transport,1670.52,24,6,1
Spent on Coding bootcamp installment for home,Spent on Coding bootcamp installment for home,,education,16274.01,28,4,0
Quick YouTube Premium family plan with discount,Quick YouTube Premium family plan with discount,,entertainment,2015.1,16,1,0
House cleaning service Urban Company with card Routine other item,House cleaning service Urban Company with card,Routine other item,other,2119.97,7,1,0
Paid for Flight ticket Indigo to Mumbai at store Paid via UPI for transport,Paid for Flight ticket Indigo to Mumbai at store,Paid via UPI for transport,transport,1636.43,19,5,1
Txn: Organic fruit market for home Paid via UPI for food,Txn: Organic fruit market for home,Paid via UPI for food,food,2365.15,21,0,0
Purchase at BookMyShow movie tickets with card Monthly entertainment budget expense,Purchase at BookMyShow movie tickets with card,Monthly entertainment budget expense,entertainment,2917.19,15,4,0
Purchase at IKEA home furniture via GPay Personal spending on shopping,Purchase at IKEA home furniture via GPay,Personal spending on shopping,shopping,12538.7,8,5,1
Charity donation to NGO urgent Monthly other budget expense,Charity donation to NGO urgent,Monthly other budget expense,other,3356.66,24,1,0
Spent on Water tanker for society urgent Personal spending on rent,Spent on Water tanker for society urgent,Personal spending on rent,rent,7434.6,8,4,0
Paid for ATM cash withdrawal unaccounted Monthly other budget expense,Paid for ATM cash withdrawal unaccounted,Monthly other budget expense,other,1981.26,7,3,0
Paid for Co-living monthly rent with discount,Paid for Co-living monthly rent with discount,,rent,12895.85,19,1,0
Courier speed post delivery today Monthly other budget expense,Courier speed post delivery today,Monthly other budget expense,other,5180.72,24,3,0
Online Sunglasses purchase Paid via UPI for shopping,Online Sunglasses purchase,Paid via UPI for shopping,shopping,4830.76,20,2,0
Bill for Charity donation to NGO with discount Routine other item,Bill for Charity donation to NGO with discount,Routine other item,other,3133.78,9,6,1
Purchase at Sneakers purchase urgent Monthly shopping budget expense,Purchase at Sneakers purchase urgent,Monthly shopping budget expense,shopping,11416.22,25,1,0
Bill for Electricity bill payment with discount Personal spending on other,Bill for Electricity bill payment with discount,Personal spending on other,other,3025.15,3,6,1
Purchase at Notebooks and pens set with card Paid via UPI for education,Purchase at Notebooks and pens set with card,Paid via UPI for education,education,23169.66,11,5,1
Paid for Bus pass monthly renewal at store,Paid for Bus pass monthly renewal at store,,transport,998.81,10,2,0
Purchase at Water utility bill at store Personal spending on other,Purchase at Water utility bill at store,Personal spending on other,other,3468.95,11,1,0
Spent on Perfume & cosmetics store via GPay Personal spending on shopping,Spent on Perfume & cosmetics store via GPay,Personal spending on shopping,shopping,11138.17,11,4,0
Purchase at Legal notary & document stamps at store Paid via UPI for other,Purchase at Legal notary & document stamps at store,Paid via UPI for other,other,5603.78,28,6,1
Spent on Vitamin D & Calcium tablets urgent Routine health item,Spent on Vitamin D & Calcium tablets urgent,Routine health item,health,2803.03,27,5,1
Purchase at Standup comedy show ticket today Paid via UPI for entertainment,Purchase at Standup comedy show ticket today,Paid via UPI for entertainment,entertainment,1776.77,1,6,1
Quick Udemy online programming course for home Personal spending on education,Quick Udemy online programming course for home,Personal spending on education,education,16321.57,15,6,1
Txn: Apollo Pharmacy medicines at store Routine health item,Txn: Apollo Pharmacy medicines at store,Routine health item,health,5364.03,10,6,1
Bill for Netflix monthly subscription today Routine entertainment item,Bill for Netflix monthly subscription today,Routine entertainment item,entertainment,2414.37,18,4,0
Online Apple store accessories urgent Personal spending on shopping,Online Apple store accessories urgent,Personal spending on shopping,shopping,2280.29,6,2,0
Gardening plants and soil today Paid via UPI for other,Gardening plants and soil today,Paid via UPI for other,other,4158.03,8,2,0
Paid for Udemy online programming course Routine education item,Paid for Udemy online programming course,Routine education item,education,16170.54,18,2,0
Paid for Courier speed post delivery with discount Monthly other budget expense,Paid for Courier speed post delivery with discount,Monthly other budget expense,other,892.28,11,6,1
Spent on Academic journal access fee via GPay,Spent on Academic journal access fee via GPay,,education,14949.89,7,4,0
Txn: Co-living monthly rent for home Routine rent item,Txn: Co-living monthly rent for home,Routine rent item,rent,27909.33,18,4,0
Spent on Apollo Pharmacy medicines with card Routine health item,Spent on Apollo Pharmacy medicines with card,Routine health item,health,6991.66,28,2,0
Spent on Gift for friend birthday for home Paid via UPI for other,Spent on Gift for friend birthday for home,Paid via UPI for other,other,2863.13,12,2,0
Purchase at Decathlon sportswear and gear Paid via UPI for shopping,Purchase at Decathlon sportswear and gear,Paid via UPI for shopping,shopping,2868.75,14,3,0
Broadband WiFi internet bill for home Paid via UPI for other,Broadband WiFi internet bill for home,Paid via UPI for other,other,195.59,2,4,0
Purchase at Audible audiobooks for home Monthly entertainment budget expense,Purchase at Audible audiobooks for home,Monthly entertainment budget expense,entertainment,1975.88,19,0,0
Spent on Security deposit installment with card Paid via UPI for rent,Spent on Security deposit installment with card,Paid via UPI for rent,rent,27957.01,20,5,1
Quick Myntra clothes shopping urgent Personal spending on shopping,Quick Myntra clothes shopping urgent,Personal spending on shopping,shopping,8596.59,21,2,0
Bill for PG accommodation fee with discount Paid via UPI for rent,Bill for PG accommodation fee with discount,Paid via UPI for rent,rent,26108.56,1,3,0
Quick Apollo Pharmacy medicines Routine health item,Quick Apollo Pharmacy medicines,Routine health item,health,266.6,14,1,0
Bill for Eye checkup and new glasses with discount Personal spending on health,Bill for Eye checkup and new glasses with discount,Personal spending on health,health,5298.18,25,6,1
Txn: Amazon Prime annual membership via GPay Personal spending on entertainment,Txn: Amazon Prime annual membership via GPay,Personal spending on entertainment,entertainment,776.41,4,0,0
Bill for KFC chicken bucket with card Routine food item,Bill for KFC chicken bucket with card,Routine food item,food,1226.82,8,5,1
Purchase at Apple store accessories via GPay Routine shopping item,Purchase at Apple store accessories via GPay,Routine shopping item,shopping,7867.39,8,1,0
Spent on Netflix monthly subscription with discount Paid via UPI for entertainment,Spent on Netflix monthly subscription with discount,Paid via UPI for entertainment,entertainment,543.83,1,3,0
Perfume & cosmetics store with discount Personal spending on shopping,Perfume & cosmetics store with discount,Personal spending on shopping,shopping,8118.42,7,6,1
Paid for Language learning app subscription with card,Paid for Language learning app subscription with card,,education,24246.44,19,5,1
Txn: PG accommodation fee with card,Txn: PG accommodation fee with card,,rent,42627.83,12,5,1
Txn: Board game cafe bill at store,Txn: Board game cafe bill at store,,entertainment,2958.41,12,3,0
Paid for Hospital OPD registration with discount Paid via UPI for health,Paid for Hospital OPD registration with discount,Paid via UPI for health,health,325.93,26,3,0
Paid for Academic journal access fee for home Routine education item,Paid for Academic journal access fee for home,Routine education item,education,9328.98,27,0,0
Purchase at Academic journal access fee at store Monthly education budget expense,Purchase at Academic journal access fee at store,Monthly education budget expense,education,24992.81,21,5,1
Online Tuition fee for coaching Routine education item,Online Tuition fee for coaching,Routine education item,education,23807.03,24,5,1
Spent on Spotify premium music renewal at store Monthly entertainment budget expense,Spent on Spotify premium music renewal at store,Monthly entertainment budget expense,entertainment,695.78,5,4,0
Online Diesel filling for car Personal spending on transport,Online Diesel filling for car,Personal spending on transport,transport,322.26,28,5,1
Quick Vitamin D & Calcium tablets via GPay Personal spending on health,Quick Vitamin D & Calcium tablets via GPay,Personal spending on health,health,3470.07,17,1,0
Paid for Bike maintenance and repair via GPay Personal spending on transport,Paid for Bike maintenance and repair via GPay,Personal spending on transport,transport,183.41,10,3,0
Bill for Concert musical event pass Routine entertainment item,Bill for Concert musical event pass,Routine entertainment item,entertainment,2392.94,1,3,0
Quick Subway sub & drink,Quick Subway sub & drink,,food,1943.43,24,4,0
Paid for Rapido bike taxi Personal spending on transport,Paid for Rapido bike taxi,Personal spending on transport,transport,1601.57,3,3,0
Online House rent payment via UPI with discount,Online House rent payment via UPI with discount,,rent,44334.75,15,1,0
Online Dinner with friends at restaurant with discount Routine food item,Online Dinner with friends at restaurant with discount,Routine food item,food,3160.48,5,2,0
Online PVR cinemas IMAX tickets with discount,Online PVR cinemas IMAX tickets with discount,,entertainment,2296.16,7,1,0
Spent on Backpack for travel via GPay Monthly shopping budget expense,Spent on Backpack for travel via GPay,Monthly shopping budget expense,shopping,4369.71,24,0,0
Paid for Kindle e-book purchase at store Personal spending on education,Paid for Kindle e-book purchase at store,Personal spending on education,education,6041.7,24,5,1
Online Health insurance premium urgent Personal spending on health,Online Health insurance premium urgent,Personal spending on health,health,6127.17,11,3,0
Amazon Prime annual membership today Personal spending on entertainment,Amazon Prime annual membership today,Personal spending on entertainment,entertainment,1968.9,6,0,0
Txn: Ola auto ride via GPay Monthly transport budget expense,Txn: Ola auto ride via GPay,Monthly transport budget expense,transport,1815.6,19,3,0
Txn: Pet food and veterinary care today Personal spending on other,Txn: Pet food and veterinary care today,Personal spending on other,other,2767.41,15,4,0
Paid for Protein powder supplement urgent,Paid for Protein powder supplement urgent,,health,5312.59,11,2,0
Bill for Flight ticket Indigo to Mumbai with discount Paid via UPI for transport,Bill for Flight ticket Indigo to Mumbai with discount,Paid via UPI for transport,transport,3485.43,22,0,0
Paid for Concert musical event pass for home Monthly entertainment budget expense,Paid for Concert musical event pass for home,Monthly entertainment budget expense,entertainment,1393.67,18,1,0
Online Flat maintenance charge with card Routine rent item,Online Flat maintenance charge with card,Routine rent item,rent,9811.11,5,6,1
Online Bowling & gaming arcade today Monthly entertainment budget expense,Online Bowling & gaming arcade today,Monthly entertainment budget expense,entertainment,1748.79,28,4,0
Txn: Airport cab taxi fare via GPay Personal spending on transport,Txn: Airport cab taxi fare via GPay,Personal spending on transport,transport,3788.06,25,0,0
Spent on Casual t-shirt and hoodie Routine shopping item,Spent on Casual t-shirt and hoodie,Routine shopping item,shopping,14484.58,18,1,0
Spent on Bike maintenance and repair with card,Spent on Bike maintenance and repair with card,,transport,3077.77,8,6,1
Quick Interstate Volvo bus ticket at store Paid via UPI for transport,Quick Interstate Volvo bus ticket at store,Paid via UPI for transport,transport,1288.98,10,3,0
Online Tuition fee for coaching with discount Routine education item,Online Tuition fee for coaching with discount,Routine education item,education,8386.39,1,0,0
Txn: Physiotherapy session with card Paid via UPI for health,Txn: Physiotherapy session with card,Paid via UPI for health,health,661.93,5,1,0
Txn: Charity donation to NGO today Paid via UPI for other,Txn: Charity donation to NGO today,Paid via UPI for other,other,4739.25,13,4,0
Bill for IKEA home furniture with card Routine shopping item,Bill for IKEA home furniture with card,Routine shopping item,shopping,4382.97,5,3,0
Spent on Storage locker monthly rental at store Routine rent item,Spent on Storage locker monthly rental at store,Routine rent item,rent,22735.25,25,2,0
Purchase at Dominos pizza party with card,Purchase at Dominos pizza party with card,,food,2728.2,16,1,0
Paid for Courier speed post delivery with discount Routine other item,Paid for Courier speed post delivery with discount,Routine other item,other,1006.69,9,0,0
Purchase at Academic journal access fee with card Paid via UPI for education,Purchase at Academic journal access fee with card,Paid via UPI for education,education,15858.64,19,1,0
Txn: Courier speed post delivery with card,Txn: Courier speed post delivery with card,,other,622.58,20,6,1
Online Steam video game purchase today Monthly entertainment budget expense,Online Steam video game purchase today,Monthly entertainment budget expense,entertainment,1380.11,28,6,1
Purchase at Ayurvedic medicines purchase for home Routine health item,Purchase at Ayurvedic medicines purchase for home,Routine health item,health,3473.23,12,0,0
Online Blinkit instant grocery at store Personal spending on food,Online Blinkit instant grocery at store,Personal spending on food,food,2099.95,19,3,0
Online Blood test and full body checkup today Paid via UPI for health,Online Blood test and full body checkup today,Paid via UPI for health,health,4931.7,2,4,0
Paid for Quarterly rent transfer to landlord with card Personal spending on rent,Paid for Quarterly rent transfer to landlord with card,Personal spending on rent,rent,9698.93,12,4,0
Quick Academic journal access fee Paid via UPI for education,Quick Academic journal access fee,Paid via UPI for education,education,9008.31,28,3,0
Quick Street food evening snacks Personal spending on food,Quick Street food evening snacks,Personal spending on food,food,850.21,1,5,1
Purchase at PVR cinemas IMAX tickets today Paid via UPI for entertainment,Purchase at PVR cinemas IMAX tickets today,Paid via UPI for entertainment,entertainment,2445.11,28,2,0
Bill for YouTube Premium family plan at store Monthly entertainment budget expense,Bill for YouTube Premium family plan at store,Monthly entertainment budget expense,entertainment,973.85,11,3,0
Txn: Cult.fit fitness pass for home Routine health item,Txn: Cult.fit fitness pass for home,Routine health item,health,5977.5,25,6,1
Paid for Cycle repair & parts for home,Paid for Cycle repair & parts for home,,transport,1615.53,24,6,1
Purchase at Sneakers purchase with card Monthly shopping budget expense,Purchase at Sneakers purchase with card,Monthly shopping budget expense,shopping,16489.42,21,3,0
Spent on Audible audiobooks today Paid via UPI for entertainment,Spent on Audible audiobooks today,Paid via UPI for entertainment,entertainment,765.22,12,2,0
Spent on Pet food and veterinary care via GPay Monthly other budget expense,Spent on Pet food and veterinary care via GPay,Monthly other budget expense,other,2004.28,7,4,0
Purchase at Hospital OPD registration via GPay Monthly health budget expense,Purchase at Hospital OPD registration via GPay,Monthly health budget expense,health,3304.18,7,0,0
Quick Storage locker monthly rental urgent Routine rent item,Quick Storage locker monthly rental urgent,Routine rent item,rent,10830.62,18,2,0
Quick College semester tuition fee with card Routine education item,Quick College semester tuition fee with card,Routine education item,education,21202.58,20,4,0
Txn: Room rent for current month with discount Personal spending on rent,Txn: Room rent for current month with discount,Personal spending on rent,rent,38045.36,18,1,0
Online Apollo Pharmacy medicines at store Personal spending on health,Online Apollo Pharmacy medicines at store,Personal spending on health,health,6699.33,8,1,0
Spent on Gift for friend birthday Monthly other budget expense,Spent on Gift for friend birthday,Monthly other budget expense,other,1851.08,28,4,0
Quick ATM cash withdrawal unaccounted at store,Quick ATM cash withdrawal unaccounted at store,,other,2532.71,19,3,0
Purchase at Online test series subscription for home Routine education item,Purchase at Online test series subscription for home,Routine education item,education,20183.74,14,2,0
Bill for Steam video game purchase for home Personal spending on entertainment,Bill for Steam video game purchase for home,Personal spending on entertainment,entertainment,414.79,11,6,1
Spent on Croma electronics cable & charger with card,Spent on Croma electronics cable & charger with card,,shopping,17665.79,23,3,0
Txn: PVR cinemas IMAX tickets for home,Txn: PVR cinemas IMAX tickets for home,,entertainment,2208.9,27,1,0
Home repair and plumbing with discount Paid via UPI for other,Home repair and plumbing with discount,Paid via UPI for other,other,3750.96,19,3,0
PG accommodation fee with discount Monthly rent budget expense,PG accommodation fee with discount,Monthly rent budget expense,rent,27359.84,12,3,0
Bill for Metro card monthly recharge with card Routine transport item,Bill for Metro card monthly recharge with card,Routine transport item,transport,4298.57,19,2,0
Quick Coffee beans purchase via GPay Personal spending on food,Quick Coffee beans purchase via GPay,Personal spending on food,food,3453.38,22,3,0
Bill for Physiotherapy session at store,Bill for Physiotherapy session at store,,health,4644.89,14,1,0
Netflix monthly subscription for home Monthly entertainment budget expense,Netflix monthly subscription for home,Monthly entertainment budget expense,entertainment,1844.44,20,0,0
Spent on Online test series subscription at store,Spent on Online test series subscription at store,,education,6594.84,25,6,1
Rapido bike taxi with discount Routine transport item,Rapido bike taxi with discount,Routine transport item,transport,3292.57,3,0,0
Quick Language learning app subscription today Paid via UPI for education,Quick Language learning app subscription today,Paid via UPI for education,education,9841.0,5,6,1
Paid for Hotstar subscription plan urgent Paid via UPI for entertainment,Paid for Hotstar subscription plan urgent,Paid via UPI for entertainment,entertainment,1193.79,9,3,0
Purchase at PG accommodation fee today Routine rent item,Purchase at PG accommodation fee today,Routine rent item,rent,13024.29,21,5,1
Online Room rent for current month with card Monthly rent budget expense,Online Room rent for current month with card,Monthly rent budget expense,rent,25954.69,20,0,0
Paid for Groceries at Reliance Smart via GPay,Paid for Groceries at Reliance Smart via GPay,,food,125.84,1,0,0
Purchase at Club weekend party entry,Purchase at Club weekend party entry,,entertainment,2439.91,19,2,0
Txn: PG accommodation fee with discount Personal spending on rent,Txn: PG accommodation fee with discount,Personal spending on rent,rent,12271.47,12,0,0
Spent on Bike maintenance and repair with discount Personal spending on transport,Spent on Bike maintenance and repair with discount,Personal spending on transport,transport,3193.34,17,1,0
Electricity bill payment with card Routine other item,Electricity bill payment with card,Routine other item,other,4862.51,10,0,0
Spent on Hotstar subscription plan with card,Spent on Hotstar subscription plan with card,,entertainment,1592.92,5,4,0
Quick Standup comedy show ticket with discount,Quick Standup comedy show ticket with discount,,entertainment,2843.18,3,2,0
Spent on Casual t-shirt and hoodie at store Paid via UPI for shopping,Spent on Casual t-shirt and hoodie at store,Paid via UPI for shopping,shopping,17302.81,7,6,1
Bill for Udemy online programming course Paid via UPI for education,Bill for Udemy online programming course,Paid via UPI for education,education,22956.87,26,6,1
Paid for Brokerage fee for apartment for home,Paid for Brokerage fee for apartment for home,,rent,41474.68,19,5,1
Txn: Web development workshop fee urgent Paid via UPI for education,Txn: Web development workshop fee urgent,Paid via UPI for education,education,8347.07,25,1,0
Quick Yoga class subscription today Paid via UPI for health,Quick Yoga class subscription today,Paid via UPI for health,health,3141.12,1,3,0
Online Room rent for current month today Routine rent item,Online Room rent for current month today,Routine rent item,rent,17235.9,25,5,1
Txn: Starbucks coffee & snack with card,Txn: Starbucks coffee & snack with card,,food,1158.07,24,4,0
Car servicing & oil change Routine transport item,Car servicing & oil change,Routine transport item,transport,260.07,13,1,0
Quick Spotify premium music renewal via GPay Monthly entertainment budget expense,Quick Spotify premium music renewal via GPay,Monthly entertainment budget expense,entertainment,1624.0,7,0,0
Txn: Charity donation to NGO for home Personal spending on other,Txn: Charity donation to NGO for home,Personal spending on other,other,530.48,16,1,0
Quick Starbucks coffee & snack at store Monthly food budget expense,Quick Starbucks coffee & snack at store,Monthly food budget expense,food,3163.08,10,0,0
Spent on Sneakers purchase today Routine shopping item,Spent on Sneakers purchase today,Routine shopping item,shopping,14947.67,27,3,0
Spent on Subway sub & drink at store Routine food item,Spent on Subway sub & drink at store,Routine food item,food,2221.56,14,5,1
Purchase at Medplus health supplements today Paid via UPI for health,Purchase at Medplus health supplements today,Paid via UPI for health,health,5584.19,27,3,0
Txn: Kindle e-book purchase with discount Monthly education budget expense,Txn: Kindle e-book purchase with discount,Monthly education budget expense,education,6708.18,21,5,1
Online Udemy online programming course via GPay Personal spending on education,Online Udemy online programming course via GPay,Personal spending on education,education,16742.26,3,5,1
Spent on House rent payment via UPI with discount,Spent on House rent payment via UPI with discount,,rent,7660.01,11,1,0
Purchase at First aid kit supplies urgent,Purchase at First aid kit supplies urgent,,health,2420.7,9,0,0
Txn: Hostel fees payment with card Paid via UPI for rent,Txn: Hostel fees payment with card,Paid via UPI for rent,rent,27190.0,7,1,0
Online Breakfast at Saravana Bhavan with card Monthly food budget expense,Online Breakfast at Saravana Bhavan with card,Monthly food budget expense,food,496.55,27,3,0
Paid for Metro card monthly recharge at store Routine transport item,Paid for Metro card monthly recharge at store,Routine transport item,transport,1989.97,15,5,1
EV charging station fee at store Routine transport item,EV charging station fee at store,Routine transport item,transport,3470.04,2,4,0
Bill for Subway sub & drink urgent Routine food item,Bill for Subway sub & drink urgent,Routine food item,food,3235.82,15,1,0
Quick Street food evening snacks via GPay,Quick Street food evening snacks via GPay,,food,3320.26,3,1,0
Bill for Bus pass monthly renewal with discount Paid via UPI for transport,Bill for Bus pass monthly renewal with discount,Paid via UPI for transport,transport,162.63,3,6,1
Purchase at Kitchen cookware set via GPay Routine shopping item,Purchase at Kitchen cookware set via GPay,Routine shopping item,shopping,2923.2,2,0,0
Hostel fees payment via GPay Routine rent item,Hostel fees payment via GPay,Routine rent item,rent,33963.17,12,0,0
Txn: Petrol pump fuel refill,Txn: Petrol pump fuel refill,,transport,1746.4,2,6,1
Paid for Web development workshop fee at store Monthly education budget expense,Paid for Web development workshop fee at store,Monthly education budget expense,education,19173.08,19,4,0
Online Monthly apartment rent today,Online Monthly apartment rent today,,rent,16298.74,13,3,0
Purchase at Winter jacket shopping for home Paid via UPI for shopping,Purchase at Winter jacket shopping for home,Paid via UPI for shopping,shopping,17650.31,16,1,0
Txn: Pet food and veterinary care via GPay Personal spending on other,Txn: Pet food and veterinary care via GPay,Personal spending on other,other,1792.49,13,2,0
Bike maintenance and repair today Personal spending on transport,Bike maintenance and repair today,Personal spending on transport,transport,3634.25,2,3,0
Txn: Online test series subscription today Routine education item,Txn: Online test series subscription today,Routine education item,education,3562.22,7,3,0
Quick Tuition fee for coaching with discount Paid via UPI for education,Quick Tuition fee for coaching with discount,Paid via UPI for education,education,18469.24,13,3,0
Bill for Amusement park entry ticket today,Bill for Amusement park entry ticket today,,entertainment,571.85,7,1,0
Txn: Apple store accessories for home,Txn: Apple store accessories for home,,shopping,16246.24,28,6,1
Purchase at Skillshare creative subscription at store Paid via UPI for education,Purchase at Skillshare creative subscription at store,Paid via UPI for education,education,10123.72,4,4,0
Quick Courier speed post delivery Routine other item,Quick Courier speed post delivery,Routine other item,other,1276.52,18,1,0
Quick Tuition fee for coaching via GPay Monthly education budget expense,Quick Tuition fee for coaching via GPay,Monthly education budget expense,education,23608.33,23,1,0
Spent on Language learning app subscription urgent,Spent on Language learning app subscription urgent,,education,24598.98,25,1,0
Txn: Language learning app subscription via GPay Paid via UPI for education,Txn: Language learning app subscription via GPay,Paid via UPI for education,education,10576.01,8,6,1
Bill for Cycle repair & parts Monthly transport budget expense,Bill for Cycle repair & parts,Monthly transport budget expense,transport,3059.04,3,0,0
Bill for McDonald's burger meal with card Routine food item,Bill for McDonald's burger meal with card,Routine food item,food,1178.93,7,5,1
Purchase at Bus pass monthly renewal with card Routine transport item,Purchase at Bus pass monthly renewal with card,Routine transport item,transport,1665.08,19,6,1
Bill for Gardening plants and soil via GPay Monthly other budget expense,Bill for Gardening plants and soil via GPay,Monthly other budget expense,other,1809.47,26,4,0
Spent on Diesel filling for car today,Spent on Diesel filling for car today,,transport,577.06,14,1,0
Txn: Home repair and plumbing with card Personal spending on other,Txn: Home repair and plumbing with card,Personal spending on other,other,4016.83,15,0,0
Quick KFC chicken bucket with discount Personal spending on food,Quick KFC chicken bucket with discount,Personal spending on food,food,1402.27,25,0,0
Spent on Standup comedy show ticket with discount Paid via UPI for entertainment,Spent on Standup comedy show ticket with discount,Paid via UPI for entertainment,entertainment,2703.06,22,4,0
Paid for Amusement park entry ticket for home Personal spending on entertainment,Paid for Amusement park entry ticket for home,Personal spending on entertainment,entertainment,391.96,20,2,0
Spent on Tuition fee for coaching with card Personal spending on education,Spent on Tuition fee for coaching with card,Personal spending on education,education,24825.96,21,2,0
Bill for Dental clinic root canal visit with discount,Bill for Dental clinic root canal visit with discount,,health,324.45,14,1,0
Txn: Concert musical event pass urgent Monthly entertainment budget expense,Txn: Concert musical event pass urgent,Monthly entertainment budget expense,entertainment,2949.68,16,2,0
Txn: Ola auto ride urgent Paid via UPI for transport,Txn: Ola auto ride urgent,Paid via UPI for transport,transport,1220.85,11,0,0
Paid for Protein powder supplement for home Personal spending on health,Paid for Protein powder supplement for home,Personal spending on health,health,4499.94,28,4,0
Purchase at Zomato lunch delivery today Paid via UPI for food,Purchase at Zomato lunch delivery today,Paid via UPI for food,food,794.79,13,3,0
Quick Zepto milk and eggs for home,Quick Zepto milk and eggs for home,,food,1359.76,28,6,1
Bill for GRE / TOEFL exam registration via GPay Routine education item,Bill for GRE / TOEFL exam registration via GPay,Routine education item,education,23601.15,18,1,0
Purchase at Courier speed post delivery with card Monthly other budget expense,Purchase at Courier speed post delivery with card,Monthly other budget expense,other,5488.81,26,5,1
PVR cinemas IMAX tickets via GPay Monthly entertainment budget expense,PVR cinemas IMAX tickets via GPay,Monthly entertainment budget expense,entertainment,2457.24,8,0,0
Paid for Bike maintenance and repair via GPay Personal spending on transport,Paid for Bike maintenance and repair via GPay,Personal spending on transport,transport,2594.99,25,0,0
Monthly apartment rent for home,Monthly apartment rent for home,,rent,39806.38,3,1,0
Paid for Laundry dry cleaning with card Personal spending on other,Paid for Laundry dry cleaning with card,Personal spending on other,other,431.38,7,5,1
Paid for PG accommodation fee with card Personal spending on rent,Paid for PG accommodation fee with card,Personal spending on rent,rent,5153.65,7,0,0
Bill for Hostel fees payment at store Personal spending on rent,Bill for Hostel fees payment at store,Personal spending on rent,rent,24041.76,23,3,0
Purchase at Cycle repair & parts,Purchase at Cycle repair & parts,,transport,2019.2,1,0,0
Purchase at Bus pass monthly renewal via GPay,Purchase at Bus pass monthly renewal via GPay,,transport,3957.89,7,5,1
Paid for Storage locker monthly rental at store Routine rent item,Paid for Storage locker monthly rental at store,Routine rent item,rent,12481.92,25,1,0
Purchase at Airport cab taxi fare today Routine transport item,Purchase at Airport cab taxi fare today,Routine transport item,transport,2304.61,7,3,0
Txn: Vitamin D & Calcium tablets Routine health item,Txn: Vitamin D & Calcium tablets,Routine health item,health,5307.77,10,6,1
Metro card monthly recharge with card Monthly transport budget expense,Metro card monthly recharge with card,Monthly transport budget expense,transport,2247.96,20,6,1
Online Coursera specialization certification Monthly education budget expense,Online Coursera specialization certification,Monthly education budget expense,education,24440.58,11,4,0
Purchase at BookMyShow movie tickets for home Paid via UPI for entertainment,Purchase at BookMyShow movie tickets for home,Paid via UPI for entertainment,entertainment,1461.65,12,3,0
Bill for Dermatologist skin treatment at store Personal spending on health,Bill for Dermatologist skin treatment at store,Personal spending on health,health,1979.27,2,5,1
Online Board game cafe bill with discount Paid via UPI for entertainment,Online Board game cafe bill with discount,Paid via UPI for entertainment,entertainment,1107.55,15,6,1
Spent on ATM cash withdrawal unaccounted via GPay Paid via UPI for other,Spent on ATM cash withdrawal unaccounted via GPay,Paid via UPI for other,other,4453.37,14,0,0
Quick Car servicing & oil change via GPay Monthly transport budget expense,Quick Car servicing & oil change via GPay,Monthly transport budget expense,transport,1827.41,14,6,1
Spent on Diesel filling for car at store Paid via UPI for transport,Spent on Diesel filling for car at store,Paid via UPI for transport,transport,472.07,16,1,0
Txn: Health insurance premium Personal spending on health,Txn: Health insurance premium,Personal spending on health,health,4079.11,10,6,1
Txn: Eye checkup and new glasses with discount Paid via UPI for health,Txn: Eye checkup and new glasses with discount,Paid via UPI for health,health,4933.23,14,3,0
Cycle repair & parts for home Monthly transport budget expense,Cycle repair & parts for home,Monthly transport budget expense,transport,4328.41,11,5,1
Spent on Courier speed post delivery at store Paid via UPI for other,Spent on Courier speed post delivery at store,Paid via UPI for other,other,3160.7,26,1,0
Coding bootcamp installment urgent Routine education item,Coding bootcamp installment urgent,Routine education item,education,15971.59,21,2,0
Paid for Language learning app subscription via GPay Routine education item,Paid for Language learning app subscription via GPay,Routine education item,education,13475.63,24,2,0
Online Bike maintenance and repair with card Routine transport item,Online Bike maintenance and repair with card,Routine transport item,transport,128.81,14,1,0
Txn: Sneakers purchase for home Paid via UPI for shopping,Txn: Sneakers purchase for home,Paid via UPI for shopping,shopping,11556.14,26,2,0
Txn: Amusement park entry ticket via GPay,Txn: Amusement park entry ticket via GPay,,entertainment,2903.29,8,5,1
Online IKEA home furniture with discount Routine shopping item,Online IKEA home furniture with discount,Routine shopping item,shopping,16073.8,17,0,0
Spent on Web development workshop fee for home Paid via UPI for education,Spent on Web development workshop fee for home,Paid via UPI for education,education,2491.12,15,4,0
Online Dental clinic root canal visit today Routine health item,Online Dental clinic root canal visit today,Routine health item,health,6263.98,23,1,0
Online Spotify premium music renewal at store Monthly entertainment budget expense,Online Spotify premium music renewal at store,Monthly entertainment budget expense,entertainment,824.56,11,2,0
Purchase at LPG gas cylinder refill for home Routine other item,Purchase at LPG gas cylinder refill for home,Routine other item,other,2959.72,20,4,0
Paid for Apple store accessories urgent Personal spending on shopping,Paid for Apple store accessories urgent,Personal spending on shopping,shopping,13308.19,17,6,1
Quick Eye checkup and new glasses today Monthly health budget expense,Quick Eye checkup and new glasses today,Monthly health budget expense,health,5665.04,10,2,0
Purchase at H&M summer collection Paid via UPI for shopping,Purchase at H&M summer collection,Paid via UPI for shopping,shopping,907.25,3,2,0
Online LPG gas cylinder refill today,Online LPG gas cylinder refill today,,other,3376.06,15,6,1
Purchase at PVR cinemas IMAX tickets with discount,Purchase at PVR cinemas IMAX tickets with discount,,entertainment,971.93,15,2,0
Spent on Car wash & detailing for home Monthly transport budget expense,Spent on Car wash & detailing for home,Monthly transport budget expense,transport,4304.67,2,6,1
Bill for Audible audiobooks via GPay Paid via UPI for entertainment,Bill for Audible audiobooks via GPay,Paid via UPI for entertainment,entertainment,1082.07,18,0,0
Bill for Notebooks and pens set today,Bill for Notebooks and pens set today,,education,4860.14,27,6,1
Bill for Nature's Basket gourmet items Monthly food budget expense,Bill for Nature's Basket gourmet items,Monthly food budget expense,food,3105.42,24,5,1
Paid for Cycle repair & parts with card Monthly transport budget expense,Paid for Cycle repair & parts with card,Monthly transport budget expense,transport,672.61,17,1,0
Bill for Myntra clothes shopping for home Paid via UPI for shopping,Bill for Myntra clothes shopping for home,Paid via UPI for shopping,shopping,6351.58,11,6,1
Quick Co-living monthly rent Paid via UPI for rent,Quick Co-living monthly rent,Paid via UPI for rent,rent,25987.17,23,1,0
Txn: Brokerage fee for apartment with discount Routine rent item,Txn: Brokerage fee for apartment with discount,Routine rent item,rent,11362.42,8,1,0
Zomato lunch delivery at store Monthly food budget expense,Zomato lunch delivery at store,Monthly food budget expense,food,1737.98,8,6,1
Spent on H&M summer collection for home Paid via UPI for shopping,Spent on H&M summer collection for home,Paid via UPI for shopping,shopping,6083.92,1,4,0
Dermatologist skin treatment today Monthly health budget expense,Dermatologist skin treatment today,Monthly health budget expense,health,4490.24,7,4,0
Txn: Supermarket food supplies with discount Monthly food budget expense,Txn: Supermarket food supplies with discount,Monthly food budget expense,food,144.18,19,2,0
Txn: Airport cab taxi fare via GPay,Txn: Airport cab taxi fare via GPay,,transport,2436.22,10,2,0
Spent on Club weekend party entry at store Routine entertainment item,Spent on Club weekend party entry at store,Routine entertainment item,entertainment,2311.43,11,1,0
Quick Concert musical event pass with card Paid via UPI for entertainment,Quick Concert musical event pass with card,Paid via UPI for entertainment,entertainment,2020.95,1,3,0
Spent on Books and stationery store with card Monthly education budget expense,Spent on Books and stationery store with card,Monthly education budget expense,education,1519.71,24,6,1
Purchase at Apple store accessories at store Routine shopping item,Purchase at Apple store accessories at store,Routine shopping item,shopping,16005.08,12,3,0
Purchase at Organic fruit market at store Routine food item,Purchase at Organic fruit market at store,Routine food item,food,1847.52,1,1,0
Txn: Car servicing & oil change with discount Paid via UPI for transport,Txn: Car servicing & oil change with discount,Paid via UPI for transport,transport,4263.24,24,2,0
Spent on House cleaning service Urban Company with discount,Spent on House cleaning service Urban Company with discount,,other,2933.04,10,6,1
Paid for Myntra clothes shopping,Paid for Myntra clothes shopping,,shopping,15407.19,2,6,1
Zepto milk and eggs urgent,Zepto milk and eggs urgent,,food,1624.3,6,0,0
Txn: Groceries at Reliance Smart at store Routine food item,Txn: Groceries at Reliance Smart at store,Routine food item,food,3401.78,3,2,0
Notebooks and pens set urgent Monthly education budget expense,Notebooks and pens set urgent,Monthly education budget expense,education,19375.64,10,1,0
Txn: Protein powder supplement with card Monthly health budget expense,Txn: Protein powder supplement with card,Monthly health budget expense,health,7371.37,16,1,0
Paid for Dominos pizza party at store,Paid for Dominos pizza party at store,,food,1658.73,23,4,0
Ayurvedic medicines purchase with discount Personal spending on health,Ayurvedic medicines purchase with discount,Personal spending on health,health,693.61,7,0,0
Quick Notebooks and pens set Paid via UPI for education,Quick Notebooks and pens set,Paid via UPI for education,education,1409.49,27,3,0
College semester tuition fee Routine education item,College semester tuition fee,Routine education item,education,16586.6,23,2,0
Purchase at Gift for friend birthday Personal spending on other,Purchase at Gift for friend birthday,Personal spending on other,other,4060.33,8,5,1
Electricity bill payment today Paid via UPI for other,Electricity bill payment today,Paid via UPI for other,other,3397.77,26,1,0
Bill for Nature's Basket gourmet items with card Paid via UPI for food,Bill for Nature's Basket gourmet items with card,Paid via UPI for food,food,2141.41,27,3,0
Bill for Bike maintenance and repair via GPay Routine transport item,Bill for Bike maintenance and repair via GPay,Routine transport item,transport,1477.17,14,1,0
Online Skillshare creative subscription for home Personal spending on education,Online Skillshare creative subscription for home,Personal spending on education,education,19298.94,27,5,1
Bill for Legal notary & document stamps today Routine other item,Bill for Legal notary & document stamps today,Routine other item,other,610.03,5,2,0
Online Standup comedy show ticket via GPay Routine entertainment item,Online Standup comedy show ticket via GPay,Routine entertainment item,entertainment,2691.16,17,6,1
Spent on Car servicing & oil change via GPay Personal spending on transport,Spent on Car servicing & oil change via GPay,Personal spending on transport,transport,4398.68,27,5,1
Quick Coursera specialization certification with card,Quick Coursera specialization certification with card,,education,24767.34,2,4,0
Quarterly rent transfer to landlord urgent Personal spending on rent,Quarterly rent transfer to landlord urgent,Personal spending on rent,rent,42380.21,24,1,0
Paid for Audible audiobooks for home Routine entertainment item,Paid for Audible audiobooks for home,Routine entertainment item,entertainment,2248.93,18,3,0
Bill for Books and stationery store today Monthly education budget expense,Bill for Books and stationery store today,Monthly education budget expense,education,17350.81,8,5,1
Txn: LPG gas cylinder refill,Txn: LPG gas cylinder refill,,other,5369.78,26,0,0
Paid for LPG gas cylinder refill urgent Paid via UPI for other,Paid for LPG gas cylinder refill urgent,Paid via UPI for other,other,1526.82,10,6,1
Paid for Croma electronics cable & charger at store Monthly shopping budget expense,Paid for Croma electronics cable & charger at store,Monthly shopping budget expense,shopping,813.7,10,0,0
Paid for Nike running shoes with card Monthly shopping budget expense,Paid for Nike running shoes with card,Monthly shopping budget expense,shopping,4860.44,14,2,0
Purchase at Udemy online programming course for home Personal spending on education,Purchase at Udemy online programming course for home,Personal spending on education,education,9999.2,10,3,0
Online Broadband WiFi internet bill Routine other item,Online Broadband WiFi internet bill,Routine other item,other,3049.97,1,2,0
Paid for House cleaning service Urban Company today,Paid for House cleaning service Urban Company today,,other,4162.69,12,5,1
Quick Electricity bill payment Monthly other budget expense,Quick Electricity bill payment,Monthly other budget expense,other,5780.33,16,2,0
Txn: House rent payment via UPI with card Routine rent item,Txn: House rent payment via UPI with card,Routine rent item,rent,23187.45,8,4,0
Bill for Broadband WiFi internet bill urgent Paid via UPI for other,Bill for Broadband WiFi internet bill urgent,Paid via UPI for other,other,3360.49,7,4,0
Coursera specialization certification via GPay Monthly education budget expense,Coursera specialization certification via GPay,Monthly education budget expense,education,15038.61,17,3,0
Spent on Security deposit installment with discount,Spent on Security deposit installment with discount,,rent,15989.65,13,6,1
Paid for Barbeque Nation buffet with discount Paid via UPI for food,Paid for Barbeque Nation buffet with discount,Paid via UPI for food,food,707.85,10,6,1
Purchase at Ola auto ride for home Personal spending on transport,Purchase at Ola auto ride for home,Personal spending on transport,transport,1948.96,27,0,0
Online Winter jacket shopping at store Personal spending on shopping,Online Winter jacket shopping at store,Personal spending on shopping,shopping,500.19,25,3,0
Spent on Dinner with friends at restaurant at store,Spent on Dinner with friends at restaurant at store,,food,1269.44,28,3,0
Paid for Bedsheet and pillow covers with card Personal spending on shopping,Paid for Bedsheet and pillow covers with card,Personal spending on shopping,shopping,3294.03,24,4,0
Online Juice center fresh juice for home Paid via UPI for food,Online Juice center fresh juice for home,Paid via UPI for food,food,2804.86,1,5,1
Quick PVR cinemas IMAX tickets with discount Paid via UPI for entertainment,Quick PVR cinemas IMAX tickets with discount,Paid via UPI for entertainment,entertainment,292.94,18,5,1
Paid for Coursera specialization certification with card Routine education item,Paid for Coursera specialization certification with card,Routine education item,education,6937.26,16,3,0
Paid for H&M summer collection,Paid for H&M summer collection,,shopping,3251.12,6,5,1
Bill for Bedsheet and pillow covers urgent Personal spending on shopping,Bill for Bedsheet and pillow covers urgent,Personal spending on shopping,shopping,8810.68,19,3,0
Security deposit installment at store Routine rent item,Security deposit installment at store,Routine rent item,rent,13097.89,5,5,1
Bill for Udemy online programming course Monthly education budget expense,Bill for Udemy online programming course,Monthly education budget expense,education,12999.31,4,4,0
Hospital OPD registration urgent Personal spending on health,Hospital OPD registration urgent,Personal spending on health,health,7067.0,11,1,0
Txn: Gift for friend birthday with discount Personal spending on other,Txn: Gift for friend birthday with discount,Personal spending on other,other,2921.83,4,1,0
Paid for Technical reference book via GPay,Paid for Technical reference book via GPay,,education,16843.18,5,6,1
Paid for Co-living monthly rent via GPay Paid via UPI for rent,Paid for Co-living monthly rent via GPay,Paid via UPI for rent,rent,14882.71,27,5,1
Purchase at Steam video game purchase today Paid via UPI for entertainment,Purchase at Steam video game purchase today,Paid via UPI for entertainment,entertainment,366.14,2,6,1
Club weekend party entry at store Routine entertainment item,Club weekend party entry at store,Routine entertainment item,entertainment,2080.31,13,3,0
Online H&M summer collection today Personal spending on shopping,Online H&M summer collection today,Personal spending on shopping,shopping,11770.32,8,4,0
Paid for Dermatologist skin treatment today Paid via UPI for health,Paid for Dermatologist skin treatment today,Paid via UPI for health,health,4878.61,3,4,0
Spent on Storage locker monthly rental Paid via UPI for rent,Spent on Storage locker monthly rental,Paid via UPI for rent,rent,19780.85,9,3,0
Bill for Bowling & gaming arcade urgent Paid via UPI for entertainment,Bill for Bowling & gaming arcade urgent,Paid via UPI for entertainment,entertainment,2594.92,17,3,0
Spent on Web development workshop fee with discount Paid via UPI for education,Spent on Web development workshop fee with discount,Paid via UPI for education,education,8757.68,11,4,0
Purchase at Society maintenance bill urgent,Purchase at Society maintenance bill urgent,,rent,39990.06,17,1,0
Txn: Amusement park entry ticket at store Routine entertainment item,Txn: Amusement park entry ticket at store,Routine entertainment item,entertainment,1175.19,7,6,1
Purchase at Board game cafe bill urgent Personal spending on entertainment,Purchase at Board game cafe bill urgent,Personal spending on entertainment,entertainment,1873.33,25,4,0
Txn: Toll plaza FASTag recharge for home,Txn: Toll plaza FASTag recharge for home,,transport,3221.16,11,1,0
Spent on Tax filing CA consultancy fee with card Routine other item,Spent on Tax filing CA consultancy fee with card,Routine other item,other,4375.1,21,1,0
Bill for Kitchen cookware set via GPay Paid via UPI for shopping,Bill for Kitchen cookware set via GPay,Paid via UPI for shopping,shopping,16016.01,12,1,0
Purchase at Coding bootcamp installment with discount Personal spending on education,Purchase at Coding bootcamp installment with discount,Personal spending on education,education,13666.05,9,4,0
Paid for Society maintenance bill today Paid via UPI for rent,Paid for Society maintenance bill today,Paid via UPI for rent,rent,37524.58,1,0,0
Online Decathlon sportswear and gear with discount,Online Decathlon sportswear and gear with discount,,shopping,16851.62,19,6,1
Quick Hospital OPD registration at store Paid via UPI for health,Quick Hospital OPD registration at store,Paid via UPI for health,health,2272.47,21,3,0
Quick Co-living monthly rent today Personal spending on rent,Quick Co-living monthly rent today,Personal spending on rent,rent,17525.68,6,0,0
Spotify premium music renewal with card,Spotify premium music renewal with card,,entertainment,975.87,18,2,0
Quick Petrol pump fuel refill at store,Quick Petrol pump fuel refill at store,,transport,227.72,2,0,0
Purchase at Room rent for current month urgent Personal spending on rent,Purchase at Room rent for current month urgent,Personal spending on rent,rent,22192.11,8,4,0
Txn: Vitamin D & Calcium tablets via GPay,Txn: Vitamin D & Calcium tablets via GPay,,health,379.04,11,6,1
Quick Nike running shoes at store Monthly shopping budget expense,Quick Nike running shoes at store,Monthly shopping budget expense,shopping,9934.12,6,0,0
Paid for Dermatologist skin treatment with card Paid via UPI for health,Paid for Dermatologist skin treatment with card,Paid via UPI for health,health,2120.31,8,1,0
Spent on Charity donation to NGO at store Monthly other budget expense,Spent on Charity donation to NGO at store,Monthly other budget expense,other,1748.88,8,5,1
Quick Yoga class subscription with discount Monthly health budget expense,Quick Yoga class subscription with discount,Monthly health budget expense,health,1864.42,28,0,0
Online Online test series subscription with discount Paid via UPI for education,Online Online test series subscription with discount,Paid via UPI for education,education,4183.6,28,4,0
Purchase at Udemy online programming course at store Paid via UPI for education,Purchase at Udemy online programming course at store,Paid via UPI for education,education,22104.14,14,6,1
Amusement park entry ticket with discount Paid via UPI for entertainment,Amusement park entry ticket with discount,Paid via UPI for entertainment,entertainment,1620.67,27,3,0
Spent on Casual t-shirt and hoodie with card Paid via UPI for shopping,Spent on Casual t-shirt and hoodie with card,Paid via UPI for shopping,shopping,10976.78,6,6,1
Txn: Books and stationery store for home Routine education item,Txn: Books and stationery store for home,Routine education item,education,9154.36,8,5,1
Quick Eye checkup and new glasses with discount,Quick Eye checkup and new glasses with discount,,health,7693.11,8,5,1
Co-living monthly rent today Routine rent item,Co-living monthly rent today,Routine rent item,rent,27866.26,13,0,0
Online Legal notary & document stamps today Routine other item,Online Legal notary & document stamps today,Routine other item,other,627.82,12,1,0
Purchase at Vitamin D & Calcium tablets with discount Personal spending on health,Purchase at Vitamin D & Calcium tablets with discount,Personal spending on health,health,1433.17,28,4,0
Quick Flipkart electronics sale for home Personal spending on shopping,Quick Flipkart electronics sale for home,Personal spending on shopping,shopping,1244.42,3,5,1
Metro card monthly recharge urgent Routine transport item,Metro card monthly recharge urgent,Routine transport item,transport,402.69,15,1,0
Quick Gym membership monthly renewal urgent Personal spending on health,Quick Gym membership monthly renewal urgent,Personal spending on health,health,6993.87,8,3,0
Paid for Cult.fit fitness pass at store,Paid for Cult.fit fitness pass at store,,health,7000.12,2,4,0
Online Toll plaza FASTag recharge today Personal spending on transport,Online Toll plaza FASTag recharge today,Personal spending on transport,transport,4032.4,1,6,1
Paid for Kitchen cookware set with card Routine shopping item,Paid for Kitchen cookware set with card,Routine shopping item,shopping,14001.92,27,6,1
Paid for Interstate Volvo bus ticket with discount Routine transport item,Paid for Interstate Volvo bus ticket with discount,Routine transport item,transport,2512.8,24,1,0
Spent on Interstate Volvo bus ticket at store Routine transport item,Spent on Interstate Volvo bus ticket at store,Routine transport item,transport,3551.74,28,1,0
Hospital OPD registration Personal spending on health,Hospital OPD registration,Personal spending on health,health,3271.68,2,3,0
Txn: Diesel filling for car for home Routine transport item,Txn: Diesel filling for car for home,Routine transport item,transport,2603.7,15,1,0
Paid for Charity donation to NGO at store,Paid for Charity donation to NGO at store,,other,1056.31,25,0,0
Spent on Hostel fees payment,Spent on Hostel fees payment,,rent,16488.1,26,3,0
Quick Technical reference book with discount,Quick Technical reference book with discount,,education,24071.53,12,6,1
Purchase at Web development workshop fee today Paid via UPI for education,Purchase at Web development workshop fee today,Paid via UPI for education,education,4588.11,5,6,1
Paid for Supermarket food supplies for home Monthly food budget expense,Paid for Supermarket food supplies for home,Monthly food budget expense,food,2965.78,20,3,0
Purchase at GRE / TOEFL exam registration for home Paid via UPI for education,Purchase at GRE / TOEFL exam registration for home,Paid via UPI for education,education,1083.98,7,6,1
Quick Supermarket food supplies via GPay,Quick Supermarket food supplies via GPay,,food,1640.8,26,6,1
Quick Toll plaza FASTag recharge at store Personal spending on transport,Quick Toll plaza FASTag recharge at store,Personal spending on transport,transport,683.3,15,2,0
Online House cleaning service Urban Company with discount Personal spending on other,Online House cleaning service Urban Company with discount,Personal spending on other,other,2292.25,15,1,0
Txn: Udemy online programming course via GPay Monthly education budget expense,Txn: Udemy online programming course via GPay,Monthly education budget expense,education,22477.35,10,2,0
Online Ice cream at Baskin Robbins today Paid via UPI for food,Online Ice cream at Baskin Robbins today,Paid via UPI for food,food,3118.22,3,4,0
Online Vitamin D & Calcium tablets Paid via UPI for health,Online Vitamin D & Calcium tablets,Paid via UPI for health,health,7485.02,3,2,0
Purchase at PlayStation PS Plus subscription via GPay Monthly entertainment budget expense,Purchase at PlayStation PS Plus subscription via GPay,Monthly entertainment budget expense,entertainment,229.97,5,5,1
Doctor consultation fee at store Routine health item,Doctor consultation fee at store,Routine health item,health,5119.26,1,3,0
Online Skillshare creative subscription for home Routine education item,Online Skillshare creative subscription for home,Routine education item,education,15733.05,12,0,0
Online Water tanker for society with discount,Online Water tanker for society with discount,,rent,22336.33,2,5,1
Quick PG accommodation fee for home Paid via UPI for rent,Quick PG accommodation fee for home,Paid via UPI for rent,rent,31424.65,24,5,1
Spent on Gym membership monthly renewal at store Paid via UPI for health,Spent on Gym membership monthly renewal at store,Paid via UPI for health,health,926.88,9,3,0
Flipkart electronics sale urgent Personal spending on shopping,Flipkart electronics sale urgent,Personal spending on shopping,shopping,613.22,7,3,0
Spent on Watch purchase at Titan today Routine shopping item,Spent on Watch purchase at Titan today,Routine shopping item,shopping,10028.19,7,0,0
PG accommodation fee urgent Monthly rent budget expense,PG accommodation fee urgent,Monthly rent budget expense,rent,34089.52,8,3,0
Paid for Cycle repair & parts with card Routine transport item,Paid for Cycle repair & parts with card,Routine transport item,transport,3028.91,20,5,1
Purchase at Audible audiobooks for home Routine entertainment item,Purchase at Audible audiobooks for home,Routine entertainment item,entertainment,1967.9,17,1,0
Txn: Eye checkup and new glasses Routine health item,Txn: Eye checkup and new glasses,Routine health item,health,3584.21,11,4,0
Quick Dermatologist skin treatment Routine health item,Quick Dermatologist skin treatment,Routine health item,health,7626.38,26,6,1
Spent on Blood test and full body checkup at store Personal spending on health,Spent on Blood test and full body checkup at store,Personal spending on health,health,6787.01,8,3,0
Bill for Petrol pump fuel refill today Paid via UPI for transport,Bill for Petrol pump fuel refill today,Paid via UPI for transport,transport,3354.23,19,2,0
Txn: Dental clinic root canal visit via GPay Monthly health budget expense,Txn: Dental clinic root canal visit via GPay,Monthly health budget expense,health,5059.85,25,2,0
Quick Biryani takeaway today Paid via UPI for food,Quick Biryani takeaway today,Paid via UPI for food,food,640.68,1,2,0
Purchase at PVR cinemas IMAX tickets at store Paid via UPI for entertainment,Purchase at PVR cinemas IMAX tickets at store,Paid via UPI for entertainment,entertainment,1561.74,13,4,0
Quick Perfume & cosmetics store at store,Quick Perfume & cosmetics store at store,,shopping,5441.83,26,1,0
Bill for Hotstar subscription plan today Monthly entertainment budget expense,Bill for Hotstar subscription plan today,Monthly entertainment budget expense,entertainment,2588.81,3,0,0
Quick Subway sub & drink with discount Personal spending on food,Quick Subway sub & drink with discount,Personal spending on food,food,3150.44,2,0,0
Charity donation to NGO via GPay Routine other item,Charity donation to NGO via GPay,Routine other item,other,1819.4,22,5,1
BookMyShow movie tickets via GPay Routine entertainment item,BookMyShow movie tickets via GPay,Routine entertainment item,entertainment,2699.96,4,0,0
Monthly apartment rent at store Paid via UPI for rent,Monthly apartment rent at store,Paid via UPI for rent,rent,36581.71,27,3,0
Purchase at Society maintenance bill with card Routine rent item,Purchase at Society maintenance bill with card,Routine rent item,rent,38272.09,5,0,0
Spent on Home repair and plumbing with card Personal spending on other,Spent on Home repair and plumbing with card,Personal spending on other,other,3028.85,23,2,0
Bill for Street food evening snacks via GPay Paid via UPI for food,Bill for Street food evening snacks via GPay,Paid via UPI for food,food,2468.79,12,4,0
Quick Physiotherapy session today Personal spending on health,Quick Physiotherapy session today,Personal spending on health,health,6494.33,26,6,1
Txn: Health insurance premium at store Personal spending on health,Txn: Health insurance premium at store,Personal spending on health,health,3798.04,2,0,0
Spent on Dominos pizza party with card Personal spending on food,Spent on Dominos pizza party with card,Personal spending on food,food,3494.0,5,5,1
Bill for Society maintenance bill for home Paid via UPI for rent,Bill for Society maintenance bill for home,Paid via UPI for rent,rent,28170.81,14,3,0
Purchase at Water tanker for society at store Monthly rent budget expense,Purchase at Water tanker for society at store,Monthly rent budget expense,rent,40823.59,12,1,0
Bill for Books and stationery store with card Routine education item,Bill for Books and stationery store with card,Routine education item,education,1697.4,13,1,0
Quick ATM cash withdrawal unaccounted for home Routine other item,Quick ATM cash withdrawal unaccounted for home,Routine other item,other,2752.71,24,5,1
Bill for Notebooks and pens set via GPay Personal spending on education,Bill for Notebooks and pens set via GPay,Personal spending on education,education,681.26,9,3,0
Bill for Co-living monthly rent via GPay Personal spending on rent,Bill for Co-living monthly rent via GPay,Personal spending on rent,rent,6681.02,8,4,0
Txn: Home repair and plumbing via GPay Monthly other budget expense,Txn: Home repair and plumbing via GPay,Monthly other budget expense,other,2565.43,21,2,0
Bill for YouTube Premium family plan,Bill for YouTube Premium family plan,,entertainment,491.98,7,1,0
Purchase at Car servicing & oil change today,Purchase at Car servicing & oil change today,,transport,4008.66,20,4,0
Watch purchase at Titan with discount,Watch purchase at Titan with discount,,shopping,17368.91,18,2,0
Purchase at Broadband WiFi internet bill for home,Purchase at Broadband WiFi internet bill for home,,other,205.7,21,6,1
Quick Co-living monthly rent with discount,Quick Co-living monthly rent with discount,,rent,41564.21,19,1,0
Online Steam video game purchase urgent Monthly entertainment budget expense,Online Steam video game purchase urgent,Monthly entertainment budget expense,entertainment,1040.09,27,1,0
Purchase at First aid kit supplies Monthly health budget expense,Purchase at First aid kit supplies,Monthly health budget expense,health,4339.79,8,6,1
Quick Bank transaction charge Monthly other budget expense,Quick Bank transaction charge,Monthly other budget expense,other,2637.06,26,6,1
Yoga class subscription urgent Monthly health budget expense,Yoga class subscription urgent,Monthly health budget expense,health,6197.43,16,4,0
Purchase at Croma electronics cable & charger with card Paid via UPI for shopping,Purchase at Croma electronics cable & charger with card,Paid via UPI for shopping,shopping,15452.12,18,5,1
Txn: Hotstar subscription plan Monthly entertainment budget expense,Txn: Hotstar subscription plan,Monthly entertainment budget expense,entertainment,2117.92,11,5,1
Winter jacket shopping with card Routine shopping item,Winter jacket shopping with card,Routine shopping item,shopping,2685.84,6,5,1
Quick Ayurvedic medicines purchase via GPay Personal spending on health,Quick Ayurvedic medicines purchase via GPay,Personal spending on health,health,7266.45,24,1,0
Purchase at PVR cinemas IMAX tickets urgent,Purchase at PVR cinemas IMAX tickets urgent,,entertainment,2994.08,21,0,0
Paid for PG accommodation fee Monthly rent budget expense,Paid for PG accommodation fee,Monthly rent budget expense,rent,43143.42,25,6,1
Paid for Cult.fit fitness pass with discount,Paid for Cult.fit fitness pass with discount,,health,2832.73,25,6,1
Paid for Tax filing CA consultancy fee with discount Routine other item,Paid for Tax filing CA consultancy fee with discount,Routine other item,other,4041.19,26,0,0
Bill for BookMyShow movie tickets via GPay Personal spending on entertainment,Bill for BookMyShow movie tickets via GPay,Personal spending on entertainment,entertainment,1285.45,18,2,0
Paid for BigBasket weekly vegetables via GPay Personal spending on food,Paid for BigBasket weekly vegetables via GPay,Personal spending on food,food,612.85,17,6,1
Bill for Winter jacket shopping Paid via UPI for shopping,Bill for Winter jacket shopping,Paid via UPI for shopping,shopping,6387.18,26,6,1
Quick Coursera specialization certification at store,Quick Coursera specialization certification at store,,education,4603.48,21,3,0
Txn: Storage locker monthly rental with discount Paid via UPI for rent,Txn: Storage locker monthly rental with discount,Paid via UPI for rent,rent,27298.31,13,2,0
PlayStation PS Plus subscription Monthly entertainment budget expense,PlayStation PS Plus subscription,Monthly entertainment budget expense,entertainment,1467.6,19,2,0
Bill for Groceries at Reliance Smart today Monthly food budget expense,Bill for Groceries at Reliance Smart today,Monthly food budget expense,food,2654.1,11,6,1
Spent on Mobile postpaid monthly bill with card,Spent on Mobile postpaid monthly bill with card,,other,3608.43,25,0,0
Online Cycle repair & parts for home Monthly transport budget expense,Online Cycle repair & parts for home,Monthly transport budget expense,transport,582.9,26,6,1
Purchase at Steam video game purchase today Monthly entertainment budget expense,Purchase at Steam video game purchase today,Monthly entertainment budget expense,entertainment,1020.96,2,2,0
Quick Flight ticket Indigo to Mumbai via GPay Paid via UPI for transport,Quick Flight ticket Indigo to Mumbai via GPay,Paid via UPI for transport,transport,1298.97,3,4,0
Online BookMyShow movie tickets urgent Paid via UPI for entertainment,Online BookMyShow movie tickets urgent,Paid via UPI for entertainment,entertainment,2267.9,1,0,0
Spent on Health insurance premium with card,Spent on Health insurance premium with card,,health,6982.14,20,4,0
Paid for Room rent for current month with card Routine rent item,Paid for Room rent for current month with card,Routine rent item,rent,43985.56,11,0,0
Txn: Car wash & detailing with card Routine transport item,Txn: Car wash & detailing with card,Routine transport item,transport,1080.26,10,6,1
Purchase at Parking space monthly rent urgent Paid via UPI for rent,Purchase at Parking space monthly rent urgent,Paid via UPI for rent,rent,9017.43,25,0,0
Paid for Yoga class subscription for home Monthly health budget expense,Paid for Yoga class subscription for home,Monthly health budget expense,health,2298.58,5,0,0
Quarterly rent transfer to landlord with card Monthly rent budget expense,Quarterly rent transfer to landlord with card,Monthly rent budget expense,rent,40656.09,16,6,1
Paid for Club weekend party entry urgent,Paid for Club weekend party entry urgent,,entertainment,643.82,26,1,0
Spent on Room rent for current month via GPay,Spent on Room rent for current month via GPay,,rent,30939.43,23,6,1
Office space rent share with discount Personal spending on rent,Office space rent share with discount,Personal spending on rent,rent,13736.72,6,5,1
Watch purchase at Titan urgent Personal spending on shopping,Watch purchase at Titan urgent,Personal spending on shopping,shopping,10549.76,16,4,0
Quick Flipkart electronics sale at store Paid via UPI for shopping,Quick Flipkart electronics sale at store,Paid via UPI for shopping,shopping,11193.34,7,6,1
Spent on Vitamin D & Calcium tablets today Paid via UPI for health,Spent on Vitamin D & Calcium tablets today,Paid via UPI for health,health,7795.03,19,2,0
Paid for Eye checkup and new glasses today,Paid for Eye checkup and new glasses today,,health,2188.99,16,0,0
Txn: Hostel fees payment urgent,Txn: Hostel fees payment urgent,,rent,32652.0,6,6,1
Txn: Office space rent share via GPay Personal spending on rent,Txn: Office space rent share via GPay,Personal spending on rent,rent,33442.73,8,5,1
Quick Grocery shopping at DMart via GPay Routine food item,Quick Grocery shopping at DMart via GPay,Routine food item,food,3382.44,4,4,0
Paid for Supermarket food supplies Routine food item,Paid for Supermarket food supplies,Routine food item,food,1517.14,7,3,0
Paid for Diesel filling for car for home Paid via UPI for transport,Paid for Diesel filling for car for home,Paid via UPI for transport,transport,1496.75,13,5,1
Txn: Protein powder supplement via GPay Routine health item,Txn: Protein powder supplement via GPay,Routine health item,health,1812.9,7,6,1
Online Winter jacket shopping urgent Routine shopping item,Online Winter jacket shopping urgent,Routine shopping item,shopping,8099.13,1,3,0
Charity donation to NGO,Charity donation to NGO,,other,4515.11,10,1,0
Purchase at Coursera specialization certification via GPay Personal spending on education,Purchase at Coursera specialization certification via GPay,Personal spending on education,education,7443.71,14,6,1
Paid for Breakfast at Saravana Bhavan with discount Personal spending on food,Paid for Breakfast at Saravana Bhavan with discount,Personal spending on food,food,1295.71,15,1,0
Quick Dermatologist skin treatment urgent Personal spending on health,Quick Dermatologist skin treatment urgent,Personal spending on health,health,1451.57,15,1,0
Online Haldirams snacks & sweets today,Online Haldirams snacks & sweets today,,food,859.79,17,5,1
Purchase at Petrol pump fuel refill for home Monthly transport budget expense,Purchase at Petrol pump fuel refill for home,Monthly transport budget expense,transport,2373.03,9,6,1
First aid kit supplies with card Monthly health budget expense,First aid kit supplies with card,Monthly health budget expense,health,4623.82,8,2,0
Spent on Eye checkup and new glasses with discount Monthly health budget expense,Spent on Eye checkup and new glasses with discount,Monthly health budget expense,health,7824.12,5,0,0
Bill for Board game cafe bill Personal spending on entertainment,Bill for Board game cafe bill,Personal spending on entertainment,entertainment,1546.33,4,5,1
Purchase at Yoga class subscription urgent Paid via UPI for health,Purchase at Yoga class subscription urgent,Paid via UPI for health,health,4772.3,22,6,1
Quick PVR cinemas IMAX tickets with discount Personal spending on entertainment,Quick PVR cinemas IMAX tickets with discount,Personal spending on entertainment,entertainment,1948.56,11,0,0
Online YouTube Premium family plan at store Paid via UPI for entertainment,Online YouTube Premium family plan at store,Paid via UPI for entertainment,entertainment,1690.49,8,3,0
Paid for Grocery shopping at DMart via GPay Monthly food budget expense,Paid for Grocery shopping at DMart via GPay,Monthly food budget expense,food,901.81,7,3,0
Paid for Technical reference book with card,Paid for Technical reference book with card,,education,17183.22,15,5,1
Txn: Train ticket booking IRCTC at store Monthly transport budget expense,Txn: Train ticket booking IRCTC at store,Monthly transport budget expense,transport,1700.4,9,0,0
Purchase at Coursera specialization certification with discount Monthly education budget expense,Purchase at Coursera specialization certification with discount,Monthly education budget expense,education,22380.91,11,1,0
Purchase at House rent payment via UPI at store Routine rent item,Purchase at House rent payment via UPI at store,Routine rent item,rent,6766.82,18,1,0
Txn: Coffee beans purchase today Monthly food budget expense,Txn: Coffee beans purchase today,Monthly food budget expense,food,3119.64,3,4,0
Purchase at Sunglasses purchase Routine shopping item,Purchase at Sunglasses purchase,Routine shopping item,shopping,7917.06,12,6,1
Charity donation to NGO with card,Charity donation to NGO with card,,other,5886.16,1,5,1
Spent on Medplus health supplements via GPay Monthly health budget expense,Spent on Medplus health supplements via GPay,Monthly health budget expense,health,2026.91,24,1,0
Txn: Apple store accessories via GPay Monthly shopping budget expense,Txn: Apple store accessories via GPay,Monthly shopping budget expense,shopping,5592.0,22,3,0
Spent on Kitchen cookware set Personal spending on shopping,Spent on Kitchen cookware set,Personal spending on shopping,shopping,2474.62,12,5,1
Spent on Yoga class subscription with card Personal spending on health,Spent on Yoga class subscription with card,Personal spending on health,health,6702.23,16,3,0
Bill for Local bakery bread and cake Paid via UPI for food,Bill for Local bakery bread and cake,Paid via UPI for food,food,1921.64,4,0,0
Paid for Bus pass monthly renewal via GPay Paid via UPI for transport,Paid for Bus pass monthly renewal via GPay,Paid via UPI for transport,transport,1896.99,8,5,1
Bill for Flight ticket Indigo to Mumbai with discount,Bill for Flight ticket Indigo to Mumbai with discount,,transport,750.42,18,5,1
Quick Bedsheet and pillow covers via GPay Paid via UPI for shopping,Quick Bedsheet and pillow covers via GPay,Paid via UPI for shopping,shopping,11152.7,9,2,0
Medplus health supplements at store Paid via UPI for health,Medplus health supplements at store,Paid via UPI for health,health,3365.37,25,4,0
Paid for Mobile postpaid monthly bill via GPay Personal spending on other,Paid for Mobile postpaid monthly bill via GPay,Personal spending on other,other,5414.9,24,5,1
Online Security deposit installment today,Online Security deposit installment today,,rent,41373.32,23,5,1
Spent on Ola auto ride at store Personal spending on transport,Spent on Ola auto ride at store,Personal spending on transport,transport,3605.3,2,4,0
Paid for Flat maintenance charge for home Monthly rent budget expense,Paid for Flat maintenance charge for home,Monthly rent budget expense,rent,26003.03,9,2,0
Spent on Amazon Prime annual membership Personal spending on entertainment,Spent on Amazon Prime annual membership,Personal spending on entertainment,entertainment,1397.05,5,6,1
Spent on Myntra clothes shopping with discount,Spent on Myntra clothes shopping with discount,,shopping,1657.26,3,5,1
Spent on Standup comedy show ticket urgent Routine entertainment item,Spent on Standup comedy show ticket urgent,Routine entertainment item,entertainment,2979.7,1,0,0
Zomato lunch delivery Personal spending on food,Zomato lunch delivery,Personal spending on food,food,402.68,25,5,1
Txn: House rent payment via UPI with discount Monthly rent budget expense,Txn: House rent payment via UPI with discount,Monthly rent budget expense,rent,43123.55,15,6,1
Spotify premium music renewal via GPay Routine entertainment item,Spotify premium music renewal via GPay,Routine entertainment item,entertainment,2967.52,13,5,1
Purchase at Parking space monthly rent urgent Monthly rent budget expense,Purchase at Parking space monthly rent urgent,Monthly rent budget expense,rent,15432.16,18,6,1
Online Car wash & detailing urgent Monthly transport budget expense,Online Car wash & detailing urgent,Monthly transport budget expense,transport,2235.57,5,1,0
Hospital OPD registration for home Monthly health budget expense,Hospital OPD registration for home,Monthly health budget expense,health,3159.67,17,3,0
Electricity bill payment Routine other item,Electricity bill payment,Routine other item,other,116.49,8,3,0
Paid for Amusement park entry ticket for home Routine entertainment item,Paid for Amusement park entry ticket for home,Routine entertainment item,entertainment,2226.64,17,1,0
Paid for GRE / TOEFL exam registration at store Routine education item,Paid for GRE / TOEFL exam registration at store,Routine education item,education,10617.24,17,1,0
YouTube Premium family plan for home Personal spending on entertainment,YouTube Premium family plan for home,Personal spending on entertainment,entertainment,1067.66,26,4,0
Online test series subscription Monthly education budget expense,Online test series subscription,Monthly education budget expense,education,15812.54,14,1,0
Online Watch purchase at Titan for home Monthly shopping budget expense,Online Watch purchase at Titan for home,Monthly shopping budget expense,shopping,14242.81,25,4,0
Paid for Diesel filling for car Monthly transport budget expense,Paid for Diesel filling for car,Monthly transport budget expense,transport,1241.76,4,6,1
Paid for Kindle e-book purchase Routine education item,Paid for Kindle e-book purchase,Routine education item,education,6908.65,28,5,1
Online Interstate Volvo bus ticket with discount Personal spending on transport,Online Interstate Volvo bus ticket with discount,Personal spending on transport,transport,3968.02,17,1,0
Txn: Online test series subscription with card Personal spending on education,Txn: Online test series subscription with card,Personal spending on education,education,10292.26,5,5,1
Quick PG accommodation fee urgent,Quick PG accommodation fee urgent,,rent,34039.58,19,5,1
Purchase at Yoga class subscription via GPay Paid via UPI for health,Purchase at Yoga class subscription via GPay,Paid via UPI for health,health,361.53,25,5,1
Quick Bike maintenance and repair at store Routine transport item,Quick Bike maintenance and repair at store,Routine transport item,transport,513.21,3,3,0
Purchase at Fresh meat and fish store today Routine food item,Purchase at Fresh meat and fish store today,Routine food item,food,649.55,25,2,0
Quick Cafe Coffee Day latte at store Routine food item,Quick Cafe Coffee Day latte at store,Routine food item,food,2557.4,11,4,0
Txn: Toll plaza FASTag recharge Paid via UPI for transport,Txn: Toll plaza FASTag recharge,Paid via UPI for transport,transport,3025.56,13,2,0
Purchase at Web development workshop fee urgent,Purchase at Web development workshop fee urgent,,education,13067.53,17,0,0
Bill for Zara shirt and jeans at store,Bill for Zara shirt and jeans at store,,shopping,10187.19,17,1,0
Spent on Health insurance premium with discount Monthly health budget expense,Spent on Health insurance premium with discount,Monthly health budget expense,health,4958.74,22,5,1
Purchase at Spotify premium music renewal Routine entertainment item,Purchase at Spotify premium music renewal,Routine entertainment item,entertainment,2980.75,8,1,0
Bill for Apple store accessories at store Routine shopping item,Bill for Apple store accessories at store,Routine shopping item,shopping,14982.05,19,2,0
Txn: Hostel fees payment via GPay Monthly rent budget expense,Txn: Hostel fees payment via GPay,Monthly rent budget expense,rent,37237.92,4,5,1
Online Tax filing CA consultancy fee with card,Online Tax filing CA consultancy fee with card,,other,3311.83,7,1,0
Txn: Office space rent share with discount Paid via UPI for rent,Txn: Office space rent share with discount,Paid via UPI for rent,rent,13671.29,21,2,0
Quick Flipkart electronics sale Monthly shopping budget expense,Quick Flipkart electronics sale,Monthly shopping budget expense,shopping,13131.15,25,4,0
Quick Laundry dry cleaning with card,Quick Laundry dry cleaning with card,,other,2824.11,28,3,0
Spent on Swiggy order for dinner at store Monthly food budget expense,Spent on Swiggy order for dinner at store,Monthly food budget expense,food,2892.78,19,0,0
Paid for Board game cafe bill via GPay,Paid for Board game cafe bill via GPay,,entertainment,2545.11,1,1,0
Online Skillshare creative subscription with discount Routine education item,Online Skillshare creative subscription with discount,Routine education item,education,6964.5,27,4,0
Quick Storage locker monthly rental Personal spending on rent,Quick Storage locker monthly rental,Personal spending on rent,rent,40291.25,13,2,0
Amazon Prime annual membership with card Monthly entertainment budget expense,Amazon Prime annual membership with card,Monthly entertainment budget expense,entertainment,1070.75,26,0,0
Purchase at Blood test and full body checkup at store,Purchase at Blood test and full body checkup at store,,health,2004.53,16,2,0
Quick KFC chicken bucket at store Personal spending on food,Quick KFC chicken bucket at store,Personal spending on food,food,696.63,7,4,0
Txn: Metro card monthly recharge with discount Routine transport item,Txn: Metro card monthly recharge with discount,Routine transport item,transport,1273.84,14,0,0
Society maintenance bill urgent,Society maintenance bill urgent,,rent,10202.1,14,5,1
Groceries at Reliance Smart for home Paid via UPI for food,Groceries at Reliance Smart for home,Paid via UPI for food,food,923.25,14,3,0
Paid for Blinkit instant grocery via GPay Monthly food budget expense,Paid for Blinkit instant grocery via GPay,Monthly food budget expense,food,1561.62,2,1,0
Bill for Supermarket food supplies today,Bill for Supermarket food supplies today,,food,1464.67,3,6,1
Spent on Fresh meat and fish store with discount Personal spending on food,Spent on Fresh meat and fish store with discount,Personal spending on food,food,365.66,4,1,0
Bill for Decathlon sportswear and gear for home Paid via UPI for shopping,Bill for Decathlon sportswear and gear for home,Paid via UPI for shopping,shopping,1316.12,17,4,0
Paid for Parking fee at mall with discount Paid via UPI for transport,Paid for Parking fee at mall with discount,Paid via UPI for transport,transport,2837.38,14,6,1
Purchase at Bus pass monthly renewal urgent Monthly transport budget expense,Purchase at Bus pass monthly renewal urgent,Monthly transport budget expense,transport,3386.0,4,1,0
Online Apollo Pharmacy medicines at store Personal spending on health,Online Apollo Pharmacy medicines at store,Personal spending on health,health,2872.35,16,6,1
Parking fee at mall at store Routine transport item,Parking fee at mall at store,Routine transport item,transport,1090.18,20,5,1
Paid for Monthly apartment rent for home Monthly rent budget expense,Paid for Monthly apartment rent for home,Monthly rent budget expense,rent,23061.36,20,6,1
Paid for Groceries at Reliance Smart urgent Personal spending on food,Paid for Groceries at Reliance Smart urgent,Personal spending on food,food,1085.88,1,5,1
Spent on Home repair and plumbing today,Spent on Home repair and plumbing today,,other,4561.69,20,5,1
Quick Web development workshop fee urgent,Quick Web development workshop fee urgent,,education,20841.74,25,4,0
Purchase at Mobile postpaid monthly bill via GPay Routine other item,Purchase at Mobile postpaid monthly bill via GPay,Routine other item,other,3258.06,19,3,0
Bill for H&M summer collection with card,Bill for H&M summer collection with card,,shopping,5581.57,10,4,0
Txn: Nike running shoes with card Personal spending on shopping,Txn: Nike running shoes with card,Personal spending on shopping,shopping,3655.2,10,6,1
Quick Parking fee at mall Monthly transport budget expense,Quick Parking fee at mall,Monthly transport budget expense,transport,1864.8,18,3,0
Paid for Airport cab taxi fare with discount Monthly transport budget expense,Paid for Airport cab taxi fare with discount,Monthly transport budget expense,transport,3448.87,21,3,0
Purchase at Bus pass monthly renewal at store Personal spending on transport,Purchase at Bus pass monthly renewal at store,Personal spending on transport,transport,2363.97,11,5,1
Spent on Steam video game purchase Routine entertainment item,Spent on Steam video game purchase,Routine entertainment item,entertainment,2540.56,27,0,0
Paid for Board game cafe bill via GPay,Paid for Board game cafe bill via GPay,,entertainment,2726.2,20,3,0
Spent on Netflix monthly subscription today Routine entertainment item,Spent on Netflix monthly subscription today,Routine entertainment item,entertainment,1853.02,18,5,1
Purchase at Parking fee at mall with card Paid via UPI for transport,Purchase at Parking fee at mall with card,Paid via UPI for transport,transport,3537.02,19,3,0
Paid for Board game cafe bill at store Paid via UPI for entertainment,Paid for Board game cafe bill at store,Paid via UPI for entertainment,entertainment,240.83,26,3,0
Spent on Office space rent share at store Routine rent item,Spent on Office space rent share at store,Routine rent item,rent,37289.3,19,2,0
Txn: Society maintenance bill urgent Personal spending on rent,Txn: Society maintenance bill urgent,Personal spending on rent,rent,20946.82,8,4,0
Purchase at Hospital OPD registration Personal spending on health,Purchase at Hospital OPD registration,Personal spending on health,health,6866.17,16,6,1
Amazon online purchase today Paid via UPI for shopping,Amazon online purchase today,Paid via UPI for shopping,shopping,10966.91,3,0,0
Quick Brokerage fee for apartment at store Personal spending on rent,Quick Brokerage fee for apartment at store,Personal spending on rent,rent,8002.27,27,4,0
Netflix monthly subscription with card Monthly entertainment budget expense,Netflix monthly subscription with card,Monthly entertainment budget expense,entertainment,1249.91,20,5,1
Purchase at Dental clinic root canal visit with card Routine health item,Purchase at Dental clinic root canal visit with card,Routine health item,health,6891.13,2,3,0
Spent on Web development workshop fee at store Paid via UPI for education,Spent on Web development workshop fee at store,Paid via UPI for education,education,21859.97,21,3,0
Bill for Ola auto ride at store Routine transport item,Bill for Ola auto ride at store,Routine transport item,transport,2886.89,1,3,0
Purchase at ATM cash withdrawal unaccounted today Paid via UPI for other,Purchase at ATM cash withdrawal unaccounted today,Paid via UPI for other,other,1057.64,5,5,1
Quick Web development workshop fee via GPay Routine education item,Quick Web development workshop fee via GPay,Routine education item,education,15109.24,1,4,0
Online Storage locker monthly rental with discount Monthly rent budget expense,Online Storage locker monthly rental with discount,Monthly rent budget expense,rent,41913.16,6,4,0
Purchase at Parking space monthly rent,Purchase at Parking space monthly rent,,rent,20891.16,22,4,0
Txn: Dental clinic root canal visit at store Personal spending on health,Txn: Dental clinic root canal visit at store,Personal spending on health,health,1780.8,3,1,0
Spent on YouTube Premium family plan at store Paid via UPI for entertainment,Spent on YouTube Premium family plan at store,Paid via UPI for entertainment,entertainment,1164.62,4,3,0
Co-living monthly rent at store Personal spending on rent,Co-living monthly rent at store,Personal spending on rent,rent,38981.82,22,0,0
Spent on Quarterly rent transfer to landlord Personal spending on rent,Spent on Quarterly rent transfer to landlord,Personal spending on rent,rent,20193.18,25,3,0
Bill for Backpack for travel via GPay,Bill for Backpack for travel via GPay,,shopping,8632.01,19,2,0
Txn: Coursera specialization certification at store,Txn: Coursera specialization certification at store,,education,11462.94,10,2,0
Spent on Doctor consultation fee for home Paid via UPI for health,Spent on Doctor consultation fee for home,Paid via UPI for health,health,572.73,10,4,0
Quick Blinkit instant grocery urgent Monthly food budget expense,Quick Blinkit instant grocery urgent,Monthly food budget expense,food,1082.49,8,3,0
Paid for Decathlon sportswear and gear today Monthly shopping budget expense,Paid for Decathlon sportswear and gear today,Monthly shopping budget expense,shopping,8679.01,5,3,0
Spent on Tax filing CA consultancy fee via GPay Personal spending on other,Spent on Tax filing CA consultancy fee via GPay,Personal spending on other,other,543.55,21,0,0
Paid for Charity donation to NGO at store Paid via UPI for other,Paid for Charity donation to NGO at store,Paid via UPI for other,other,1640.48,6,4,0
Online Audible audiobooks at store Personal spending on entertainment,Online Audible audiobooks at store,Personal spending on entertainment,entertainment,2321.82,28,6,1
Spent on Zara shirt and jeans for home Routine shopping item,Spent on Zara shirt and jeans for home,Routine shopping item,shopping,7588.28,8,4,0
Online Electricity bill payment today Monthly other budget expense,Online Electricity bill payment today,Monthly other budget expense,other,2476.41,15,3,0
Online Street food evening snacks at store,Online Street food evening snacks at store,,food,3163.06,25,6,1
Bill for Uber cab ride to office Personal spending on transport,Bill for Uber cab ride to office,Personal spending on transport,transport,1723.72,3,5,1
Txn: Rapido bike taxi for home Personal spending on transport,Txn: Rapido bike taxi for home,Personal spending on transport,transport,1509.11,3,3,0
Bill for Netflix monthly subscription with discount Routine entertainment item,Bill for Netflix monthly subscription with discount,Routine entertainment item,entertainment,2823.7,13,4,0
Spent on Metro card monthly recharge with card Personal spending on transport,Spent on Metro card monthly recharge with card,Personal spending on transport,transport,4418.57,11,4,0
Coding bootcamp installment urgent,Coding bootcamp installment urgent,,education,6262.11,20,4,0
Spent on Apollo Pharmacy medicines via GPay Monthly health budget expense,Spent on Apollo Pharmacy medicines via GPay,Monthly health budget expense,health,7158.98,28,2,0
Quick Organic fruit market urgent Routine food item,Quick Organic fruit market urgent,Routine food item,food,1834.88,21,1,0
Paid for Health insurance premium with card Paid via UPI for health,Paid for Health insurance premium with card,Paid via UPI for health,health,2411.81,21,4,0
Online Broadband WiFi internet bill with card Personal spending on other,Online Broadband WiFi internet bill with card,Personal spending on other,other,2205.93,8,4,0
Quick Coding bootcamp installment with discount Personal spending on education,Quick Coding bootcamp installment with discount,Personal spending on education,education,5300.92,1,4,0
Quick Home repair and plumbing with card Monthly other budget expense,Quick Home repair and plumbing with card,Monthly other budget expense,other,5784.79,24,5,1
Online Gardening plants and soil today,Online Gardening plants and soil today,,other,3297.66,19,3,0
Spent on LPG gas cylinder refill for home Personal spending on other,Spent on LPG gas cylinder refill for home,Personal spending on other,other,3145.09,16,5,1
Lunch thali at office canteen today Personal spending on food,Lunch thali at office canteen today,Personal spending on food,food,2295.2,12,0,0
Bill for Apollo Pharmacy medicines today,Bill for Apollo Pharmacy medicines today,,health,3171.33,11,5,1
Broadband WiFi internet bill with card,Broadband WiFi internet bill with card,,other,1090.73,6,6,1
Purchase at YouTube Premium family plan urgent,Purchase at YouTube Premium family plan urgent,,entertainment,710.34,13,3,0
Spent on Books and stationery store for home,Spent on Books and stationery store for home,,education,20748.3,10,1,0
Purchase at H&M summer collection today Personal spending on shopping,Purchase at H&M summer collection today,Personal spending on shopping,shopping,15013.43,28,1,0
Quick Room rent for current month via GPay Routine rent item,Quick Room rent for current month via GPay,Routine rent item,rent,15429.14,6,4,0
Spent on Audible audiobooks for home,Spent on Audible audiobooks for home,,entertainment,1288.8,6,3,0
Bill for IKEA home furniture for home,Bill for IKEA home furniture for home,,shopping,2199.08,4,4,0
Bill for Skillshare creative subscription Paid via UPI for education,Bill for Skillshare creative subscription,Paid via UPI for education,education,23814.85,17,2,0
Bill for Academic journal access fee Paid via UPI for education,Bill for Academic journal access fee,Paid via UPI for education,education,15441.76,25,5,1
Txn: Ayurvedic medicines purchase,Txn: Ayurvedic medicines purchase,,health,1714.44,4,5,1
Paid for Water tanker for society with discount Personal spending on rent,Paid for Water tanker for society with discount,Personal spending on rent,rent,28960.04,2,1,0
Purchase at Steam video game purchase Routine entertainment item,Purchase at Steam video game purchase,Routine entertainment item,entertainment,439.91,7,3,0
Bill for Dental clinic root canal visit urgent Routine health item,Bill for Dental clinic root canal visit urgent,Routine health item,health,3738.68,27,2,0
Txn: Zara shirt and jeans via GPay Personal spending on shopping,Txn: Zara shirt and jeans via GPay,Personal spending on shopping,shopping,6843.54,27,3,0
Paid for Tax filing CA consultancy fee at store Paid via UPI for other,Paid for Tax filing CA consultancy fee at store,Paid via UPI for other,other,4812.94,28,2,0
Purchase at Zomato lunch delivery via GPay Monthly food budget expense,Purchase at Zomato lunch delivery via GPay,Monthly food budget expense,food,2476.29,10,6,1
Bill for Monthly apartment rent via GPay,Bill for Monthly apartment rent via GPay,,rent,23265.32,17,0,0
Spent on Broadband WiFi internet bill with discount Routine other item,Spent on Broadband WiFi internet bill with discount,Routine other item,other,139.69,5,1,0
Spent on Club weekend party entry via GPay,Spent on Club weekend party entry via GPay,,entertainment,2818.42,26,6,1
GRE / TOEFL exam registration for home,GRE / TOEFL exam registration for home,,education,21668.71,17,3,0
Purchase at ATM cash withdrawal unaccounted urgent Personal spending on other,Purchase at ATM cash withdrawal unaccounted urgent,Personal spending on other,other,5189.3,16,5,1
Purchase at Amusement park entry ticket for home Paid via UPI for entertainment,Purchase at Amusement park entry ticket for home,Paid via UPI for entertainment,entertainment,2251.82,12,6,1
Spent on Bowling & gaming arcade via GPay,Spent on Bowling & gaming arcade via GPay,,entertainment,1052.02,4,0,0
Skillshare creative subscription via GPay Monthly education budget expense,Skillshare creative subscription via GPay,Monthly education budget expense,education,23348.01,2,0,0
Bill for Toll plaza FASTag recharge at store Personal spending on transport,Bill for Toll plaza FASTag recharge at store,Personal spending on transport,transport,2659.17,3,1,0
Bill for Petrol pump fuel refill for home Monthly transport budget expense,Bill for Petrol pump fuel refill for home,Monthly transport budget expense,transport,358.13,11,2,0
Txn: Broadband WiFi internet bill today Personal spending on other,Txn: Broadband WiFi internet bill today,Personal spending on other,other,3377.72,22,0,0
Purchase at Physiotherapy session today,Purchase at Physiotherapy session today,,health,3209.44,23,3,0
Txn: Cycle repair & parts today Paid via UPI for transport,Txn: Cycle repair & parts today,Paid via UPI for transport,transport,2048.07,24,2,0
College semester tuition fee via GPay,College semester tuition fee via GPay,,education,9473.57,24,5,1
Purchase at Bike maintenance and repair at store Monthly transport budget expense,Purchase at Bike maintenance and repair at store,Monthly transport budget expense,transport,4276.18,17,1,0
Paid for Interstate Volvo bus ticket via GPay Monthly transport budget expense,Paid for Interstate Volvo bus ticket via GPay,Monthly transport budget expense,transport,897.39,5,1,0
Purchase at Uber cab ride to office with card Monthly transport budget expense,Purchase at Uber cab ride to office with card,Monthly transport budget expense,transport,312.48,3,4,0
Purchase at Watch purchase at Titan with discount,Purchase at Watch purchase at Titan with discount,,shopping,3218.65,15,2,0
Online Local bakery bread and cake today Monthly food budget expense,Online Local bakery bread and cake today,Monthly food budget expense,food,1873.14,22,3,0
Bill for Rapido bike taxi with discount Routine transport item,Bill for Rapido bike taxi with discount,Routine transport item,transport,2115.96,24,2,0
Spent on Dermatologist skin treatment today,Spent on Dermatologist skin treatment today,,health,1407.09,2,2,0
Online Metro card monthly recharge today,Online Metro card monthly recharge today,,transport,4053.45,8,5,1
Hostel fees payment via GPay Monthly rent budget expense,Hostel fees payment via GPay,Monthly rent budget expense,rent,33731.56,21,3,0
Online Metro card monthly recharge at store Personal spending on transport,Online Metro card monthly recharge at store,Personal spending on transport,transport,932.53,19,5,1
Bill for Uber cab ride to office via GPay,Bill for Uber cab ride to office via GPay,,transport,817.82,19,4,0
Spent on Watch purchase at Titan with card Routine shopping item,Spent on Watch purchase at Titan with card,Routine shopping item,shopping,13297.37,22,6,1
Purchase at Office space rent share at store Personal spending on rent,Purchase at Office space rent share at store,Personal spending on rent,rent,27125.46,8,1,0
Txn: YouTube Premium family plan at store Routine entertainment item,Txn: YouTube Premium family plan at store,Routine entertainment item,entertainment,1095.89,9,3,0
Online Co-living monthly rent with discount Paid via UPI for rent,Online Co-living monthly rent with discount,Paid via UPI for rent,rent,13754.64,10,1,0
Purchase at Pizza Hut dinner urgent Paid via UPI for food,Purchase at Pizza Hut dinner urgent,Paid via UPI for food,food,2072.32,20,5,1
Online PG accommodation fee with discount,Online PG accommodation fee with discount,,rent,5107.52,6,3,0
PG accommodation fee for home,PG accommodation fee for home,,rent,14859.57,15,6,1
Txn: Water utility bill with discount Routine other item,Txn: Water utility bill with discount,Routine other item,other,4276.72,5,4,0
Spent on H&M summer collection Monthly shopping budget expense,Spent on H&M summer collection,Monthly shopping budget expense,shopping,14696.85,5,6,1
Club weekend party entry at store Monthly entertainment budget expense,Club weekend party entry at store,Monthly entertainment budget expense,entertainment,684.32,9,6,1
Online ATM cash withdrawal unaccounted for home Routine other item,Online ATM cash withdrawal unaccounted for home,Routine other item,other,4133.22,22,4,0
Txn: Hotstar subscription plan today Monthly entertainment budget expense,Txn: Hotstar subscription plan today,Monthly entertainment budget expense,entertainment,2787.97,7,0,0
Txn: Physiotherapy session today,Txn: Physiotherapy session today,,health,5234.17,28,6,1
Online PVR cinemas IMAX tickets with card Personal spending on entertainment,Online PVR cinemas IMAX tickets with card,Personal spending on entertainment,entertainment,1170.63,7,6,1
Spent on Monthly apartment rent via GPay,Spent on Monthly apartment rent via GPay,,rent,36168.82,24,2,0
Purchase at BigBasket weekly vegetables at store,Purchase at BigBasket weekly vegetables at store,,food,1735.53,7,0,0
Quick Amazon online purchase with discount,Quick Amazon online purchase with discount,,shopping,1854.6,16,0,0
Quick PG accommodation fee Personal spending on rent,Quick PG accommodation fee,Personal spending on rent,rent,30331.63,4,1,0
Online Petrol pump fuel refill today Personal spending on transport,Online Petrol pump fuel refill today,Personal spending on transport,transport,2126.16,2,0,0
Paid for House rent payment via UPI today Personal spending on rent,Paid for House rent payment via UPI today,Personal spending on rent,rent,21107.85,6,0,0
Quarterly rent transfer to landlord with discount Routine rent item,Quarterly rent transfer to landlord with discount,Routine rent item,rent,10439.47,22,5,1
Txn: Bank transaction charge at store,Txn: Bank transaction charge at store,,other,318.44,7,3,0
Txn: Skillshare creative subscription Paid via UPI for education,Txn: Skillshare creative subscription,Paid via UPI for education,education,16677.92,21,5,1
Paid for Hospital OPD registration via GPay Routine health item,Paid for Hospital OPD registration via GPay,Routine health item,health,6162.01,6,0,0
Society maintenance bill today Personal spending on rent,Society maintenance bill today,Personal spending on rent,rent,30013.94,11,6,1
Spent on Lunch thali at office canteen via GPay Paid via UPI for food,Spent on Lunch thali at office canteen via GPay,Paid via UPI for food,food,2135.57,5,0,0
Bill for Casual t-shirt and hoodie today Monthly shopping budget expense,Bill for Casual t-shirt and hoodie today,Monthly shopping budget expense,shopping,15177.77,26,5,1
Bill for Supermarket food supplies via GPay,Bill for Supermarket food supplies via GPay,,food,2753.76,16,6,1
Txn: Blinkit instant grocery with discount Routine food item,Txn: Blinkit instant grocery with discount,Routine food item,food,521.04,7,3,0
Bill for Amusement park entry ticket today Personal spending on entertainment,Bill for Amusement park entry ticket today,Personal spending on entertainment,entertainment,1058.75,7,6,1
Paid for Barbeque Nation buffet via GPay Paid via UPI for food,Paid for Barbeque Nation buffet via GPay,Paid via UPI for food,food,206.68,2,3,0
Spent on Room rent for current month with discount Paid via UPI for rent,Spent on Room rent for current month with discount,Paid via UPI for rent,rent,14232.27,9,0,0
Online Ola auto ride with card,Online Ola auto ride with card,,transport,1968.94,1,3,0
Spent on H&M summer collection urgent Monthly shopping budget expense,Spent on H&M summer collection urgent,Monthly shopping budget expense,shopping,9746.43,11,2,0
Cult.fit fitness pass at store Routine health item,Cult.fit fitness pass at store,Routine health item,health,5669.37,2,1,0
Dominos pizza party for home Paid via UPI for food,Dominos pizza party for home,Paid via UPI for food,food,3188.97,16,4,0
Quick Pet food and veterinary care urgent Routine other item,Quick Pet food and veterinary care urgent,Routine other item,other,3775.15,15,4,0
Purchase at YouTube Premium family plan today Personal spending on entertainment,Purchase at YouTube Premium family plan today,Personal spending on entertainment,entertainment,2561.66,9,3,0
Purchase at PG accommodation fee with discount Monthly rent budget expense,Purchase at PG accommodation fee with discount,Monthly rent budget expense,rent,22367.39,2,4,0
Paid for Dominos pizza party Paid via UPI for food,Paid for Dominos pizza party,Paid via UPI for food,food,820.4,18,1,0
Quick Co-living monthly rent urgent Monthly rent budget expense,Quick Co-living monthly rent urgent,Monthly rent budget expense,rent,35537.77,16,1,0
Technical reference book Routine education item,Technical reference book,Routine education item,education,13162.39,15,0,0
Car wash & detailing with card Monthly transport budget expense,Car wash & detailing with card,Monthly transport budget expense,transport,4385.2,15,0,0
Backpack for travel today Personal spending on shopping,Backpack for travel today,Personal spending on shopping,shopping,8372.15,2,3,0
Paid for Sneakers purchase Routine shopping item,Paid for Sneakers purchase,Routine shopping item,shopping,14708.75,12,4,0
Purchase at Dermatologist skin treatment at store Personal spending on health,Purchase at Dermatologist skin treatment at store,Personal spending on health,health,6448.01,4,5,1
Amazon online purchase today,Amazon online purchase today,,shopping,3598.38,28,4,0
Quick Standup comedy show ticket today Paid via UPI for entertainment,Quick Standup comedy show ticket today,Paid via UPI for entertainment,entertainment,1868.84,1,1,0
Security deposit installment for home Personal spending on rent,Security deposit installment for home,Personal spending on rent,rent,12958.59,20,3,0
Purchase at EV charging station fee today Paid via UPI for transport,Purchase at EV charging station fee today,Paid via UPI for transport,transport,4008.88,27,1,0
Paid for Room rent for current month at store Paid via UPI for rent,Paid for Room rent for current month at store,Paid via UPI for rent,rent,38227.72,1,0,0
Quick Zepto milk and eggs today Routine food item,Quick Zepto milk and eggs today,Routine food item,food,1558.4,11,5,1
Paid for Grocery shopping at DMart Paid via UPI for food,Paid for Grocery shopping at DMart,Paid via UPI for food,food,1630.63,22,3,0
Purchase at Water tanker for society Routine rent item,Purchase at Water tanker for society,Routine rent item,rent,5785.91,19,1,0
Purchase at Brokerage fee for apartment Monthly rent budget expense,Purchase at Brokerage fee for apartment,Monthly rent budget expense,rent,17601.88,11,6,1
Purchase at Ola auto ride Routine transport item,Purchase at Ola auto ride,Routine transport item,transport,3644.85,21,6,1
Online House cleaning service Urban Company at store Personal spending on other,Online House cleaning service Urban Company at store,Personal spending on other,other,3923.36,15,4,0
Quick Water utility bill today Routine other item,Quick Water utility bill today,Routine other item,other,3657.62,4,3,0
Spent on Coursera specialization certification at store Monthly education budget expense,Spent on Coursera specialization certification at store,Monthly education budget expense,education,12380.89,16,3,0
Txn: Eye checkup and new glasses via GPay Paid via UPI for health,Txn: Eye checkup and new glasses via GPay,Paid via UPI for health,health,6145.12,6,1,0
Online Blood test and full body checkup Routine health item,Online Blood test and full body checkup,Routine health item,health,722.57,6,3,0
Txn: Uber cab ride to office with discount Paid via UPI for transport,Txn: Uber cab ride to office with discount,Paid via UPI for transport,transport,276.86,27,4,0
Paid for Petrol pump fuel refill today Personal spending on transport,Paid for Petrol pump fuel refill today,Personal spending on transport,transport,294.4,22,5,1
Paid for Barbeque Nation buffet with card,Paid for Barbeque Nation buffet with card,,food,915.01,19,4,0
Paid for LPG gas cylinder refill with card Monthly other budget expense,Paid for LPG gas cylinder refill with card,Monthly other budget expense,other,5858.47,24,6,1
Hospital OPD registration with card Paid via UPI for health,Hospital OPD registration with card,Paid via UPI for health,health,7769.96,9,2,0
Paid for Rapido bike taxi with discount Routine transport item,Paid for Rapido bike taxi with discount,Routine transport item,transport,4263.27,17,4,0
Online Sunglasses purchase for home Monthly shopping budget expense,Online Sunglasses purchase for home,Monthly shopping budget expense,shopping,8102.95,18,1,0
Purchase at Zomato lunch delivery Routine food item,Purchase at Zomato lunch delivery,Routine food item,food,1535.5,16,5,1
Spent on Brokerage fee for apartment at store Monthly rent budget expense,Spent on Brokerage fee for apartment at store,Monthly rent budget expense,rent,20210.0,10,4,0
Paid for Coursera specialization certification via GPay Paid via UPI for education,Paid for Coursera specialization certification via GPay,Paid via UPI for education,education,13016.52,22,6,1
Quick Cult.fit fitness pass via GPay Paid via UPI for health,Quick Cult.fit fitness pass via GPay,Paid via UPI for health,health,3814.2,19,5,1
Purchase at Broadband WiFi internet bill Personal spending on other,Purchase at Broadband WiFi internet bill,Personal spending on other,other,3574.17,23,0,0
Quick Dental clinic root canal visit with card Monthly health budget expense,Quick Dental clinic root canal visit with card,Monthly health budget expense,health,2965.96,16,4,0
Online Nike running shoes urgent,Online Nike running shoes urgent,,shopping,12265.79,18,1,0
Bill for Club weekend party entry with card Paid via UPI for entertainment,Bill for Club weekend party entry with card,Paid via UPI for entertainment,entertainment,2381.06,19,6,1
Purchase at College semester tuition fee Paid via UPI for education,Purchase at College semester tuition fee,Paid via UPI for education,education,22176.69,23,5,1
Quick First aid kit supplies at store,Quick First aid kit supplies at store,,health,5818.77,14,0,0
Purchase at Protein powder supplement via GPay Monthly health budget expense,Purchase at Protein powder supplement via GPay,Monthly health budget expense,health,705.13,5,4,0
Quick PVR cinemas IMAX tickets via GPay Routine entertainment item,Quick PVR cinemas IMAX tickets via GPay,Routine entertainment item,entertainment,646.62,19,6,1
Purchase at Watch purchase at Titan via GPay,Purchase at Watch purchase at Titan via GPay,,shopping,406.04,26,6,1
Quick Decathlon sportswear and gear at store Paid via UPI for shopping,Quick Decathlon sportswear and gear at store,Paid via UPI for shopping,shopping,11207.81,5,2,0
Spent on Coding bootcamp installment with discount Monthly education budget expense,Spent on Coding bootcamp installment with discount,Monthly education budget expense,education,15247.19,14,0,0
Purchase at House rent payment via UPI with card Monthly rent budget expense,Purchase at House rent payment via UPI with card,Monthly rent budget expense,rent,13578.07,19,6,1
Spent on Casual t-shirt and hoodie at store Monthly shopping budget expense,Spent on Casual t-shirt and hoodie at store,Monthly shopping budget expense,shopping,12979.33,8,1,0
Legal notary & document stamps for home Personal spending on other,Legal notary & document stamps for home,Personal spending on other,other,1200.82,2,2,0
Quick PVR cinemas IMAX tickets for home Monthly entertainment budget expense,Quick PVR cinemas IMAX tickets for home,Monthly entertainment budget expense,entertainment,2383.1,6,2,0
Online Physiotherapy session via GPay,Online Physiotherapy session via GPay,,health,2245.03,4,3,0
Txn: Spotify premium music renewal urgent,Txn: Spotify premium music renewal urgent,,entertainment,965.35,14,3,0
Online Co-living monthly rent with card Personal spending on rent,Online Co-living monthly rent with card,Personal spending on rent,rent,35895.99,23,2,0
Quick Swiggy order for dinner with discount Personal spending on food,Quick Swiggy order for dinner with discount,Personal spending on food,food,2936.65,4,2,0
Purchase at Co-living monthly rent today Monthly rent budget expense,Purchase at Co-living monthly rent today,Monthly rent budget expense,rent,25678.86,26,1,0
Quick Hotstar subscription plan today,Quick Hotstar subscription plan today,,entertainment,2852.06,14,4,0
Quick Sunglasses purchase with discount,Quick Sunglasses purchase with discount,,shopping,5884.44,13,4,0
Bill for Dental clinic root canal visit for home Routine health item,Bill for Dental clinic root canal visit for home,Routine health item,health,4789.15,26,5,1
Paid for Dominos pizza party via GPay Personal spending on food,Paid for Dominos pizza party via GPay,Personal spending on food,food,2561.65,2,6,1
Txn: Pet food and veterinary care today Monthly other budget expense,Txn: Pet food and veterinary care today,Monthly other budget expense,other,5346.01,12,0,0
Paid for Co-living monthly rent today Monthly rent budget expense,Paid for Co-living monthly rent today,Monthly rent budget expense,rent,32310.64,8,6,1
Quick Books and stationery store for home Personal spending on education,Quick Books and stationery store for home,Personal spending on education,education,6588.79,4,4,0
Bill for Health insurance premium Monthly health budget expense,Bill for Health insurance premium,Monthly health budget expense,health,3156.07,2,0,0
Purchase at Gym membership monthly renewal urgent Routine health item,Purchase at Gym membership monthly renewal urgent,Routine health item,health,1595.63,13,3,0
Quick Yoga class subscription with discount Routine health item,Quick Yoga class subscription with discount,Routine health item,health,3401.59,26,3,0
Cult.fit fitness pass urgent Routine health item,Cult.fit fitness pass urgent,Routine health item,health,2655.03,16,6,1
Laundry dry cleaning with discount Routine other item,Laundry dry cleaning with discount,Routine other item,other,4716.85,25,2,0
Apple store accessories today Routine shopping item,Apple store accessories today,Routine shopping item,shopping,2703.06,9,6,1
Quick Tuition fee for coaching via GPay Personal spending on education,Quick Tuition fee for coaching via GPay,Personal spending on education,education,21429.92,25,3,0
Bowling & gaming arcade with card Routine entertainment item,Bowling & gaming arcade with card,Routine entertainment item,entertainment,1309.57,20,4,0
Steam video game purchase Paid via UPI for entertainment,Steam video game purchase,Paid via UPI for entertainment,entertainment,2145.11,6,6,1
Spent on Petrol pump fuel refill via GPay Paid via UPI for transport,Spent on Petrol pump fuel refill via GPay,Paid via UPI for transport,transport,1358.8,14,3,0
Quick Courier speed post delivery via GPay,Quick Courier speed post delivery via GPay,,other,4606.47,3,3,0
Paid for Blinkit instant grocery via GPay Monthly food budget expense,Paid for Blinkit instant grocery via GPay,Monthly food budget expense,food,1069.55,3,2,0
Quick Hospital OPD registration,Quick Hospital OPD registration,,health,247.73,1,0,0
Quick Tax filing CA consultancy fee with discount,Quick Tax filing CA consultancy fee with discount,,other,4294.71,5,1,0
Bill for PG accommodation fee with discount Monthly rent budget expense,Bill for PG accommodation fee with discount,Monthly rent budget expense,rent,42229.01,26,2,0
Quick LPG gas cylinder refill urgent Paid via UPI for other,Quick LPG gas cylinder refill urgent,Paid via UPI for other,other,5131.18,3,1,0
Spent on Water tanker for society Routine rent item,Spent on Water tanker for society,Routine rent item,rent,13155.64,8,5,1
Txn: Laundry dry cleaning today,Txn: Laundry dry cleaning today,,other,2139.74,24,3,0
Bill for Midnight food delivery via GPay Routine food item,Bill for Midnight food delivery via GPay,Routine food item,food,1365.52,17,1,0
Paid for Gym membership monthly renewal at store Routine health item,Paid for Gym membership monthly renewal at store,Routine health item,health,4127.01,12,6,1
Doctor consultation fee today Routine health item,Doctor consultation fee today,Routine health item,health,2184.82,10,5,1
Spent on Laundry dry cleaning at store Monthly other budget expense,Spent on Laundry dry cleaning at store,Monthly other budget expense,other,5088.51,4,1,0
Online H&M summer collection urgent,Online H&M summer collection urgent,,shopping,13947.62,25,5,1
Online Mobile postpaid monthly bill with discount Paid via UPI for other,Online Mobile postpaid monthly bill with discount,Paid via UPI for other,other,5416.91,25,1,0
Spent on Ajio discount clothes with discount Personal spending on shopping,Spent on Ajio discount clothes with discount,Personal spending on shopping,shopping,3387.09,28,6,1
Spent on Notebooks and pens set with card Routine education item,Spent on Notebooks and pens set with card,Routine education item,education,22494.51,23,0,0
Quick Grocery shopping at DMart at store Routine food item,Quick Grocery shopping at DMart at store,Routine food item,food,2914.25,11,5,1
Quick Flipkart electronics sale at store,Quick Flipkart electronics sale at store,,shopping,6119.99,17,6,1
Txn: Flight ticket Indigo to Mumbai for home Routine transport item,Txn: Flight ticket Indigo to Mumbai for home,Routine transport item,transport,3822.58,1,0,0
Paid for Security deposit installment today,Paid for Security deposit installment today,,rent,22621.66,10,4,0
Quick Brokerage fee for apartment for home Routine rent item,Quick Brokerage fee for apartment for home,Routine rent item,rent,44555.94,9,2,0
Purchase at Concert musical event pass today,Purchase at Concert musical event pass today,,entertainment,348.82,7,6,1
Online BookMyShow movie tickets at store,Online BookMyShow movie tickets at store,,entertainment,1460.39,4,0,0
Paid for Steam video game purchase via GPay,Paid for Steam video game purchase via GPay,,entertainment,1702.1,17,5,1
Quick First aid kit supplies via GPay,Quick First aid kit supplies via GPay,,health,7101.43,2,2,0
Spent on Audible audiobooks with discount Paid via UPI for entertainment,Spent on Audible audiobooks with discount,Paid via UPI for entertainment,entertainment,492.14,22,1,0
Txn: First aid kit supplies,Txn: First aid kit supplies,,health,6519.75,18,5,1
Purchase at Online test series subscription via GPay Personal spending on education,Purchase at Online test series subscription via GPay,Personal spending on education,education,7060.36,27,4,0
Online Sunglasses purchase via GPay Personal spending on shopping,Online Sunglasses purchase via GPay,Personal spending on shopping,shopping,9577.76,19,6,1
Paid for PG accommodation fee with discount Personal spending on rent,Paid for PG accommodation fee with discount,Personal spending on rent,rent,6203.34,19,1,0
Auto rickshaw cash fare at store Monthly transport budget expense,Auto rickshaw cash fare at store,Monthly transport budget expense,transport,796.64,2,6,1
Spent on Monthly apartment rent at store Monthly rent budget expense,Spent on Monthly apartment rent at store,Monthly rent budget expense,rent,12029.17,1,0,0
Quick Coding bootcamp installment today Monthly education budget expense,Quick Coding bootcamp installment today,Monthly education budget expense,education,3307.17,17,6,1
Paid for House cleaning service Urban Company Routine other item,Paid for House cleaning service Urban Company,Routine other item,other,3331.67,7,2,0
Paid for Web development workshop fee urgent Personal spending on education,Paid for Web development workshop fee urgent,Personal spending on education,education,2011.0,18,2,0
Paid for Steam video game purchase Routine entertainment item,Paid for Steam video game purchase,Routine entertainment item,entertainment,2401.06,14,6,1
Bill for Bus pass monthly renewal urgent,Bill for Bus pass monthly renewal urgent,,transport,1868.57,11,6,1
Monthly apartment rent at store Monthly rent budget expense,Monthly apartment rent at store,Monthly rent budget expense,rent,34333.41,15,6,1
Spent on Tuition fee for coaching Routine education item,Spent on Tuition fee for coaching,Routine education item,education,9565.8,11,5,1
Paid for Coding bootcamp installment for home Monthly education budget expense,Paid for Coding bootcamp installment for home,Monthly education budget expense,education,977.88,14,3,0
Purchase at GRE / TOEFL exam registration with card Paid via UPI for education,Purchase at GRE / TOEFL exam registration with card,Paid via UPI for education,education,2307.8,12,2,0
Paid for Storage locker monthly rental at store Monthly rent budget expense,Paid for Storage locker monthly rental at store,Monthly rent budget expense,rent,44471.26,26,3,0
Quick PVR cinemas IMAX tickets urgent Paid via UPI for entertainment,Quick PVR cinemas IMAX tickets urgent,Paid via UPI for entertainment,entertainment,2362.57,2,4,0
Txn: Groceries at Reliance Smart today Personal spending on food,Txn: Groceries at Reliance Smart today,Personal spending on food,food,1538.55,10,4,0
Quick Airport cab taxi fare via GPay Paid via UPI for transport,Quick Airport cab taxi fare via GPay,Paid via UPI for transport,transport,1778.44,26,0,0
Quick Croma electronics cable & charger with card Paid via UPI for shopping,Quick Croma electronics cable & charger with card,Paid via UPI for shopping,shopping,8715.62,26,4,0
Room rent for current month for home Paid via UPI for rent,Room rent for current month for home,Paid via UPI for rent,rent,37114.03,6,2,0
Online Mobile postpaid monthly bill today,Online Mobile postpaid monthly bill today,,other,237.9,8,1,0
Spent on BigBasket weekly vegetables today Routine food item,Spent on BigBasket weekly vegetables today,Routine food item,food,3098.39,15,6,1
Airport cab taxi fare urgent,Airport cab taxi fare urgent,,transport,4401.11,28,0,0
Paid for Amazon Prime annual membership with discount,Paid for Amazon Prime annual membership with discount,,entertainment,1210.74,11,0,0
Online Gardening plants and soil urgent Personal spending on other,Online Gardening plants and soil urgent,Personal spending on other,other,4265.79,16,2,0
Spent on Language learning app subscription with card,Spent on Language learning app subscription with card,,education,2865.11,5,2,0
Quick Quarterly rent transfer to landlord via GPay Personal spending on rent,Quick Quarterly rent transfer to landlord via GPay,Personal spending on rent,rent,22429.7,6,1,0
Paid for Laundry dry cleaning with discount Routine other item,Paid for Laundry dry cleaning with discount,Routine other item,other,415.03,24,5,1
Spent on Concert musical event pass with card Routine entertainment item,Spent on Concert musical event pass with card,Routine entertainment item,entertainment,2505.08,22,2,0
Audible audiobooks for home,Audible audiobooks for home,,entertainment,1417.76,5,0,0
Bill for Diesel filling for car with discount,Bill for Diesel filling for car with discount,,transport,3745.75,1,5,1
Quick Grocery shopping at DMart at store Routine food item,Quick Grocery shopping at DMart at store,Routine food item,food,3247.65,14,2,0
Spent on Midnight food delivery at store Routine food item,Spent on Midnight food delivery at store,Routine food item,food,2916.21,28,6,1
Spent on Charity donation to NGO for home Routine other item,Spent on Charity donation to NGO for home,Routine other item,other,5335.8,1,0,0
Spent on Co-living monthly rent via GPay Paid via UPI for rent,Spent on Co-living monthly rent via GPay,Paid via UPI for rent,rent,32553.89,8,0,0
Paid for Parking fee at mall today,Paid for Parking fee at mall today,,transport,4240.11,26,6,1
Online Netflix monthly subscription with card Routine entertainment item,Online Netflix monthly subscription with card,Routine entertainment item,entertainment,364.03,18,5,1
Paid for BigBasket weekly vegetables for home,Paid for BigBasket weekly vegetables for home,,food,3414.57,6,6,1
Paid for Water utility bill for home Monthly other budget expense,Paid for Water utility bill for home,Monthly other budget expense,other,1196.99,24,0,0
Online Steam video game purchase Personal spending on entertainment,Online Steam video game purchase,Personal spending on entertainment,entertainment,2498.1,7,0,0
Paid for Midnight food delivery today Monthly food budget expense,Paid for Midnight food delivery today,Monthly food budget expense,food,2126.53,1,3,0
Purchase at Dental clinic root canal visit for home Personal spending on health,Purchase at Dental clinic root canal visit for home,Personal spending on health,health,5653.19,26,5,1
Online Car wash & detailing today,Online Car wash & detailing today,,transport,2689.29,7,6,1
Spent on Skillshare creative subscription urgent Paid via UPI for education,Spent on Skillshare creative subscription urgent,Paid via UPI for education,education,7335.48,25,0,0
Paid for Academic journal access fee via GPay Personal spending on education,Paid for Academic journal access fee via GPay,Personal spending on education,education,24446.38,26,2,0
Paid for Flat maintenance charge Monthly rent budget expense,Paid for Flat maintenance charge,Monthly rent budget expense,rent,15312.68,5,2,0
Spent on Books and stationery store with card Routine education item,Spent on Books and stationery store with card,Routine education item,education,11972.13,7,6,1
Purchase at Standup comedy show ticket at store Personal spending on entertainment,Purchase at Standup comedy show ticket at store,Personal spending on entertainment,entertainment,1144.04,14,4,0
Purchase at Street food evening snacks today Paid via UPI for food,Purchase at Street food evening snacks today,Paid via UPI for food,food,251.54,15,1,0
Purchase at Decathlon sportswear and gear at store Personal spending on shopping,Purchase at Decathlon sportswear and gear at store,Personal spending on shopping,shopping,10030.06,11,6,1
Purchase at Perfume & cosmetics store today,Purchase at Perfume & cosmetics store today,,shopping,16504.08,2,2,0
Online Spotify premium music renewal with discount Monthly entertainment budget expense,Online Spotify premium music renewal with discount,Monthly entertainment budget expense,entertainment,2795.56,13,2,0
Bill for Laundry dry cleaning with card Paid via UPI for other,Bill for Laundry dry cleaning with card,Paid via UPI for other,other,2248.91,6,1,0
Uber cab ride to office for home Routine transport item,Uber cab ride to office for home,Routine transport item,transport,4065.29,4,0,0
Courier speed post delivery with card Monthly other budget expense,Courier speed post delivery with card,Monthly other budget expense,other,5347.95,3,0,0
Quick Tax filing CA consultancy fee with card Monthly other budget expense,Quick Tax filing CA consultancy fee with card,Monthly other budget expense,other,3646.06,5,2,0
Quick Protein powder supplement Personal spending on health,Quick Protein powder supplement,Personal spending on health,health,5556.55,6,5,1
Bill for Street food evening snacks at store Routine food item,Bill for Street food evening snacks at store,Routine food item,food,1185.13,23,0,0
Paid for Uber cab ride to office via GPay Routine transport item,Paid for Uber cab ride to office via GPay,Routine transport item,transport,860.97,26,6,1
Spotify premium music renewal via GPay Monthly entertainment budget expense,Spotify premium music renewal via GPay,Monthly entertainment budget expense,entertainment,2607.67,3,2,0
Txn: Room rent for current month via GPay Routine rent item,Txn: Room rent for current month via GPay,Routine rent item,rent,41260.22,26,5,1
Bill for Protein powder supplement Monthly health budget expense,Bill for Protein powder supplement,Monthly health budget expense,health,3616.88,27,3,0
Online Parking space monthly rent at store Paid via UPI for rent,Online Parking space monthly rent at store,Paid via UPI for rent,rent,38780.99,20,4,0
Bill for Ice cream at Baskin Robbins Monthly food budget expense,Bill for Ice cream at Baskin Robbins,Monthly food budget expense,food,3207.48,2,0,0
Txn: Kindle e-book purchase urgent Monthly education budget expense,Txn: Kindle e-book purchase urgent,Monthly education budget expense,education,19434.88,7,5,1
Purchase at Monthly apartment rent for home Monthly rent budget expense,Purchase at Monthly apartment rent for home,Monthly rent budget expense,rent,10042.26,7,3,0
Paid for Nature's Basket gourmet items with card,Paid for Nature's Basket gourmet items with card,,food,1954.53,4,1,0
Bill for Hotstar subscription plan for home Personal spending on entertainment,Bill for Hotstar subscription plan for home,Personal spending on entertainment,entertainment,2327.66,12,5,1
Amazon Prime annual membership for home Monthly entertainment budget expense,Amazon Prime annual membership for home,Monthly entertainment budget expense,entertainment,1285.57,2,3,0
Electricity bill payment today,Electricity bill payment today,,other,3470.04,2,0,0
Online Online test series subscription with discount Personal spending on education,Online Online test series subscription with discount,Personal spending on education,education,6937.08,16,4,0
Txn: Gym membership monthly renewal at store Routine health item,Txn: Gym membership monthly renewal at store,Routine health item,health,4648.15,10,4,0
Steam video game purchase Paid via UPI for entertainment,Steam video game purchase,Paid via UPI for entertainment,entertainment,1298.76,13,6,1
Bill for Car servicing & oil change Routine transport item,Bill for Car servicing & oil change,Routine transport item,transport,1019.95,27,0,0
Txn: Co-living monthly rent today Personal spending on rent,Txn: Co-living monthly rent today,Personal spending on rent,rent,17524.14,13,1,0
Online Blood test and full body checkup urgent Monthly health budget expense,Online Blood test and full body checkup urgent,Monthly health budget expense,health,1633.41,21,1,0
Txn: Train ticket booking IRCTC urgent Monthly transport budget expense,Txn: Train ticket booking IRCTC urgent,Monthly transport budget expense,transport,1523.08,3,0,0
Quick Starbucks coffee & snack Monthly food budget expense,Quick Starbucks coffee & snack,Monthly food budget expense,food,1323.85,21,6,1
Purchase at Technical reference book at store Monthly education budget expense,Purchase at Technical reference book at store,Monthly education budget expense,education,840.65,3,3,0
Txn: Coding bootcamp installment via GPay Monthly education budget expense,Txn: Coding bootcamp installment via GPay,Monthly education budget expense,education,15598.14,10,5,1
Bill for Standup comedy show ticket with discount,Bill for Standup comedy show ticket with discount,,entertainment,1104.5,28,1,0
Quick PG accommodation fee urgent Monthly rent budget expense,Quick PG accommodation fee urgent,Monthly rent budget expense,rent,11699.48,8,6,1
Spent on Watch purchase at Titan Personal spending on shopping,Spent on Watch purchase at Titan,Personal spending on shopping,shopping,15971.5,15,2,0
Paid for Hotstar subscription plan urgent Paid via UPI for entertainment,Paid for Hotstar subscription plan urgent,Paid via UPI for entertainment,entertainment,1492.9,1,5,1
Online Uber cab ride to office with card Routine transport item,Online Uber cab ride to office with card,Routine transport item,transport,454.21,27,1,0
Croma electronics cable & charger via GPay Personal spending on shopping,Croma electronics cable & charger via GPay,Personal spending on shopping,shopping,3727.19,4,5,1
Bill for Metro card monthly recharge with card Paid via UPI for transport,Bill for Metro card monthly recharge with card,Paid via UPI for transport,transport,2374.03,24,0,0
Quick PVR cinemas IMAX tickets with card,Quick PVR cinemas IMAX tickets with card,,entertainment,2363.62,14,1,0
Paid for Amusement park entry ticket for home Paid via UPI for entertainment,Paid for Amusement park entry ticket for home,Paid via UPI for entertainment,entertainment,1792.7,23,3,0
Quick Petrol pump fuel refill Routine transport item,Quick Petrol pump fuel refill,Routine transport item,transport,3204.29,8,3,0
Quick Myntra clothes shopping via GPay,Quick Myntra clothes shopping via GPay,,shopping,9349.96,16,1,0
Purchase at Health insurance premium,Purchase at Health insurance premium,,health,5327.38,5,1,0
Charity donation to NGO Personal spending on other,Charity donation to NGO,Personal spending on other,other,1148.03,20,2,0
Spent on Train ticket booking IRCTC via GPay Monthly transport budget expense,Spent on Train ticket booking IRCTC via GPay,Monthly transport budget expense,transport,313.26,9,2,0
Txn: Home repair and plumbing via GPay,Txn: Home repair and plumbing via GPay,,other,5554.87,24,0,0
Bill for Hostel fees payment at store Personal spending on rent,Bill for Hostel fees payment at store,Personal spending on rent,rent,33044.03,24,5,1
KFC chicken bucket at store Routine food item,KFC chicken bucket at store,Routine food item,food,3427.92,23,5,1
Spent on Train ticket booking IRCTC via GPay Paid via UPI for transport,Spent on Train ticket booking IRCTC via GPay,Paid via UPI for transport,transport,3240.38,12,6,1
Txn: Petrol pump fuel refill for home Monthly transport budget expense,Txn: Petrol pump fuel refill for home,Monthly transport budget expense,transport,3244.44,25,6,1
Paid for Auto rickshaw cash fare today Monthly transport budget expense,Paid for Auto rickshaw cash fare today,Monthly transport budget expense,transport,1542.82,14,2,0
Books and stationery store,Books and stationery store,,education,8937.99,8,6,1
Online ATM cash withdrawal unaccounted for home,Online ATM cash withdrawal unaccounted for home,,other,2447.51,4,4,0
Paid for H&M summer collection,Paid for H&M summer collection,,shopping,11871.0,3,3,0
Purchase at Co-living monthly rent today Monthly rent budget expense,Purchase at Co-living monthly rent today,Monthly rent budget expense,rent,39607.56,28,1,0
Zara shirt and jeans urgent,Zara shirt and jeans urgent,,shopping,4763.77,27,2,0
Quick Quarterly rent transfer to landlord today,Quick Quarterly rent transfer to landlord today,,rent,11488.09,3,6,1
Quick Zara shirt and jeans with discount Monthly shopping budget expense,Quick Zara shirt and jeans with discount,Monthly shopping budget expense,shopping,646.26,12,3,0
Quick Board game cafe bill with discount Monthly entertainment budget expense,Quick Board game cafe bill with discount,Monthly entertainment budget expense,entertainment,2871.28,13,1,0
Spent on Tuition fee for coaching with card Paid via UPI for education,Spent on Tuition fee for coaching with card,Paid via UPI for education,education,14472.6,12,2,0
Purchase at Dinner with friends at restaurant urgent Monthly food budget expense,Purchase at Dinner with friends at restaurant urgent,Monthly food budget expense,food,1135.7,15,3,0
Purchase at Books and stationery store at store,Purchase at Books and stationery store at store,,education,18073.07,14,2,0
Quick Dinner with friends at restaurant via GPay Personal spending on food,Quick Dinner with friends at restaurant via GPay,Personal spending on food,food,1653.22,28,1,0
Quick College semester tuition fee with card Personal spending on education,Quick College semester tuition fee with card,Personal spending on education,education,2666.35,9,1,0
Spent on Notebooks and pens set for home,Spent on Notebooks and pens set for home,,education,23550.48,23,2,0
Paid for Gym membership monthly renewal Paid via UPI for health,Paid for Gym membership monthly renewal,Paid via UPI for health,health,4363.65,20,5,1
Quick Storage locker monthly rental via GPay Routine rent item,Quick Storage locker monthly rental via GPay,Routine rent item,rent,30578.8,27,5,1
Quick Office space rent share urgent,Quick Office space rent share urgent,,rent,13824.13,11,6,1
Purchase at H&M summer collection with discount Personal spending on shopping,Purchase at H&M summer collection with discount,Personal spending on shopping,shopping,17544.31,12,5,1
Txn: Groceries at Reliance Smart at store Personal spending on food,Txn: Groceries at Reliance Smart at store,Personal spending on food,food,949.87,27,0,0
Paid for Myntra clothes shopping for home,Paid for Myntra clothes shopping for home,,shopping,15330.77,16,3,0
Purchase at Groceries at Reliance Smart for home Paid via UPI for food,Purchase at Groceries at Reliance Smart for home,Paid via UPI for food,food,3038.86,23,4,0
Bill for Dermatologist skin treatment with discount Routine health item,Bill for Dermatologist skin treatment with discount,Routine health item,health,3330.74,24,6,1
Bill for PlayStation PS Plus subscription at store,Bill for PlayStation PS Plus subscription at store,,entertainment,1421.88,16,6,1
Quick First aid kit supplies today Monthly health budget expense,Quick First aid kit supplies today,Monthly health budget expense,health,7705.75,14,1,0
Paid for Gym membership monthly renewal via GPay Routine health item,Paid for Gym membership monthly renewal via GPay,Routine health item,health,2877.41,1,4,0
Purchase at Pizza Hut dinner with card Personal spending on food,Purchase at Pizza Hut dinner with card,Personal spending on food,food,2873.91,25,3,0
Bill for Car servicing & oil change today Paid via UPI for transport,Bill for Car servicing & oil change today,Paid via UPI for transport,transport,1816.98,6,0,0
Online Amazon online purchase urgent Routine shopping item,Online Amazon online purchase urgent,Routine shopping item,shopping,2806.08,25,5,1
Spent on Society maintenance bill today Routine rent item,Spent on Society maintenance bill today,Routine rent item,rent,9901.59,2,5,1
Txn: Medplus health supplements via GPay Monthly health budget expense,Txn: Medplus health supplements via GPay,Monthly health budget expense,health,7539.48,10,6,1
Txn: Bowling & gaming arcade Paid via UPI for entertainment,Txn: Bowling & gaming arcade,Paid via UPI for entertainment,entertainment,1467.31,8,5,1
Paid for Bank transaction charge Monthly other budget expense,Paid for Bank transaction charge,Monthly other budget expense,other,276.93,16,4,0
Spent on Hotstar subscription plan with card,Spent on Hotstar subscription plan with card,,entertainment,421.4,15,0,0
Spent on Health insurance premium at store Routine health item,Spent on Health insurance premium at store,Routine health item,health,3029.44,24,1,0
Online Tuition fee for coaching urgent Paid via UPI for education,Online Tuition fee for coaching urgent,Paid via UPI for education,education,7042.22,2,0,0
Spent on Gift for friend birthday Paid via UPI for other,Spent on Gift for friend birthday,Paid via UPI for other,other,4179.86,26,2,0
Online Train ticket booking IRCTC with discount,Online Train ticket booking IRCTC with discount,,transport,2065.7,14,3,0
Txn: Board game cafe bill at store Monthly entertainment budget expense,Txn: Board game cafe bill at store,Monthly entertainment budget expense,entertainment,1509.95,9,0,0
Spent on Ice cream at Baskin Robbins with discount Monthly food budget expense,Spent on Ice cream at Baskin Robbins with discount,Monthly food budget expense,food,3271.61,1,2,0
Spotify premium music renewal Paid via UPI for entertainment,Spotify premium music renewal,Paid via UPI for entertainment,entertainment,2778.09,28,5,1
Paid for Diesel filling for car urgent Paid via UPI for transport,Paid for Diesel filling for car urgent,Paid via UPI for transport,transport,879.07,22,6,1
Quick Zara shirt and jeans Personal spending on shopping,Quick Zara shirt and jeans,Personal spending on shopping,shopping,11034.19,19,5,1
Txn: Parking space monthly rent today Monthly rent budget expense,Txn: Parking space monthly rent today,Monthly rent budget expense,rent,26163.46,16,1,0
Paid for Chai Point tea with biscuits at store Routine food item,Paid for Chai Point tea with biscuits at store,Routine food item,food,1397.92,12,5,1
Quick Auto rickshaw cash fare via GPay Monthly transport budget expense,Quick Auto rickshaw cash fare via GPay,Monthly transport budget expense,transport,4083.85,20,5,1
Online Car wash & detailing at store Routine transport item,Online Car wash & detailing at store,Routine transport item,transport,1580.66,20,2,0
Spent on IKEA home furniture via GPay Paid via UPI for shopping,Spent on IKEA home furniture via GPay,Paid via UPI for shopping,shopping,3053.66,8,5,1
Spent on Backpack for travel Paid via UPI for shopping,Spent on Backpack for travel,Paid via UPI for shopping,shopping,5457.0,23,5,1
Txn: Casual t-shirt and hoodie via GPay Paid via UPI for shopping,Txn: Casual t-shirt and hoodie via GPay,Paid via UPI for shopping,shopping,4388.81,3,4,0
Online Spotify premium music renewal today Monthly entertainment budget expense,Online Spotify premium music renewal today,Monthly entertainment budget expense,entertainment,455.68,18,3,0
Quick Cafe Coffee Day latte with discount Monthly food budget expense,Quick Cafe Coffee Day latte with discount,Monthly food budget expense,food,2783.14,25,4,0
Quick Bus pass monthly renewal Paid via UPI for transport,Quick Bus pass monthly renewal,Paid via UPI for transport,transport,489.08,4,1,0
Bill for Coursera specialization certification at store,Bill for Coursera specialization certification at store,,education,22377.13,22,4,0
Online Metro card monthly recharge today Routine transport item,Online Metro card monthly recharge today,Routine transport item,transport,4157.54,18,6,1
Online First aid kit supplies at store Routine health item,Online First aid kit supplies at store,Routine health item,health,2729.63,5,1,0
Spent on Apple store accessories via GPay,Spent on Apple store accessories via GPay,,shopping,17160.2,1,5,1
Purchase at Parking space monthly rent urgent Routine rent item,Purchase at Parking space monthly rent urgent,Routine rent item,rent,44885.53,18,5,1
Spent on Rapido bike taxi for home Paid via UPI for transport,Spent on Rapido bike taxi for home,Paid via UPI for transport,transport,1852.37,6,6,1
Bill for PlayStation PS Plus subscription Personal spending on entertainment,Bill for PlayStation PS Plus subscription,Personal spending on entertainment,entertainment,2720.51,27,5,1
Paid for Bank transaction charge with card Routine other item,Paid for Bank transaction charge with card,Routine other item,other,3236.28,13,5,1
Paid for Home repair and plumbing at store Routine other item,Paid for Home repair and plumbing at store,Routine other item,other,137.25,8,6,1
Bill for Blood test and full body checkup via GPay Monthly health budget expense,Bill for Blood test and full body checkup via GPay,Monthly health budget expense,health,305.71,8,6,1
Quick College semester tuition fee Routine education item,Quick College semester tuition fee,Routine education item,education,12963.1,22,3,0
Online Sunglasses purchase for home Routine shopping item,Online Sunglasses purchase for home,Routine shopping item,shopping,7195.65,24,2,0
Bill for Broadband WiFi internet bill for home Monthly other budget expense,Bill for Broadband WiFi internet bill for home,Monthly other budget expense,other,1583.42,26,1,0
Paid for Room rent for current month today Routine rent item,Paid for Room rent for current month today,Routine rent item,rent,44094.16,3,0,0
Quick Amusement park entry ticket urgent Monthly entertainment budget expense,Quick Amusement park entry ticket urgent,Monthly entertainment budget expense,entertainment,246.36,19,5,1
Txn: Language learning app subscription for home Paid via UPI for education,Txn: Language learning app subscription for home,Paid via UPI for education,education,11545.5,12,6,1
Online Ola auto ride Monthly transport budget expense,Online Ola auto ride,Monthly transport budget expense,transport,3659.86,9,1,0
College semester tuition fee with card Paid via UPI for education,College semester tuition fee with card,Paid via UPI for education,education,15756.98,4,1,0
Purchase at PG accommodation fee with card,Purchase at PG accommodation fee with card,,rent,42632.03,8,6,1
Quick Tuition fee for coaching with discount Paid via UPI for education,Quick Tuition fee for coaching with discount,Paid via UPI for education,education,13533.05,13,0,0
Paid for Gift for friend birthday via GPay Paid via UPI for other,Paid for Gift for friend birthday via GPay,Paid via UPI for other,other,2615.54,8,0,0
Online Diesel filling for car today Monthly transport budget expense,Online Diesel filling for car today,Monthly transport budget expense,transport,3053.53,15,2,0
Bill for Legal notary & document stamps at store Personal spending on other,Bill for Legal notary & document stamps at store,Personal spending on other,other,5059.89,21,5,1
Paid for Medplus health supplements with card Paid via UPI for health,Paid for Medplus health supplements with card,Paid via UPI for health,health,5113.73,11,2,0
Bill for Amazon online purchase via GPay Personal spending on shopping,Bill for Amazon online purchase via GPay,Personal spending on shopping,shopping,4503.88,2,1,0
Paid for Quarterly rent transfer to landlord for home Routine rent item,Paid for Quarterly rent transfer to landlord for home,Routine rent item,rent,38686.6,16,6,1
Purchase at Kindle e-book purchase with discount Routine education item,Purchase at Kindle e-book purchase with discount,Routine education item,education,20088.55,16,0,0
Spent on Swiggy order for dinner today Paid via UPI for food,Spent on Swiggy order for dinner today,Paid via UPI for food,food,3392.41,13,2,0
Online Yoga class subscription today Paid via UPI for health,Online Yoga class subscription today,Paid via UPI for health,health,2522.4,19,3,0
Quick Dental clinic root canal visit at store Routine health item,Quick Dental clinic root canal visit at store,Routine health item,health,3208.12,14,5,1
Bill for Barbeque Nation buffet Personal spending on food,Bill for Barbeque Nation buffet,Personal spending on food,food,197.92,12,2,0
Txn: Winter jacket shopping Paid via UPI for shopping,Txn: Winter jacket shopping,Paid via UPI for shopping,shopping,10763.99,9,4,0
Spent on Language learning app subscription with discount Monthly education budget expense,Spent on Language learning app subscription with discount,Monthly education budget expense,education,11313.24,21,4,0
Quick Amazon Prime annual membership at store Monthly entertainment budget expense,Quick Amazon Prime annual membership at store,Monthly entertainment budget expense,entertainment,1098.39,23,2,0
Spent on Electricity bill payment for home Personal spending on other,Spent on Electricity bill payment for home,Personal spending on other,other,2163.61,17,1,0
Txn: Legal notary & document stamps today Monthly other budget expense,Txn: Legal notary & document stamps today,Monthly other budget expense,other,1868.29,28,2,0
Bill for Hospital OPD registration today Routine health item,Bill for Hospital OPD registration today,Routine health item,health,2919.71,14,5,1
Purchase at Books and stationery store for home Routine education item,Purchase at Books and stationery store for home,Routine education item,education,18965.88,24,1,0
Paid for Ayurvedic medicines purchase urgent Paid via UPI for health,Paid for Ayurvedic medicines purchase urgent,Paid via UPI for health,health,4973.5,19,4,0
Txn: Kitchen cookware set urgent Paid via UPI for shopping,Txn: Kitchen cookware set urgent,Paid via UPI for shopping,shopping,5253.87,10,1,0
Purchase at Yoga class subscription,Purchase at Yoga class subscription,,health,4301.43,6,1,0
Bill for Flipkart electronics sale today Paid via UPI for shopping,Bill for Flipkart electronics sale today,Paid via UPI for shopping,shopping,2658.15,24,1,0
Txn: Blood test and full body checkup via GPay Monthly health budget expense,Txn: Blood test and full body checkup via GPay,Monthly health budget expense,health,1008.17,25,4,0
LPG gas cylinder refill via GPay Paid via UPI for other,LPG gas cylinder refill via GPay,Paid via UPI for other,other,779.35,25,0,0
Purchase at Laundry dry cleaning for home Paid via UPI for other,Purchase at Laundry dry cleaning for home,Paid via UPI for other,other,1237.03,12,2,0
Spent on LPG gas cylinder refill Monthly other budget expense,Spent on LPG gas cylinder refill,Monthly other budget expense,other,1542.16,10,2,0
Purchase at Academic journal access fee today Personal spending on education,Purchase at Academic journal access fee today,Personal spending on education,education,23257.99,24,4,0
Sunglasses purchase Routine shopping item,Sunglasses purchase,Routine shopping item,shopping,2889.26,4,1,0
Online Flat maintenance charge for home Routine rent item,Online Flat maintenance charge for home,Routine rent item,rent,39338.87,17,5,1
Bill for Books and stationery store for home Paid via UPI for education,Bill for Books and stationery store for home,Paid via UPI for education,education,15885.74,1,4,0
Paid for Web development workshop fee at store Routine education item,Paid for Web development workshop fee at store,Routine education item,education,23637.3,23,2,0
Purchase at Medplus health supplements for home Personal spending on health,Purchase at Medplus health supplements for home,Personal spending on health,health,3293.08,3,0,0
Bill for Croma electronics cable & charger Routine shopping item,Bill for Croma electronics cable & charger,Routine shopping item,shopping,15976.32,6,1,0
Spent on College semester tuition fee Personal spending on education,Spent on College semester tuition fee,Personal spending on education,education,21520.25,10,3,0
Purchase at Cult.fit fitness pass today Monthly health budget expense,Purchase at Cult.fit fitness pass today,Monthly health budget expense,health,1821.72,1,2,0
Quick Bedsheet and pillow covers today,Quick Bedsheet and pillow covers today,,shopping,14153.18,27,0,0
Spent on Lunch thali at office canteen urgent,Spent on Lunch thali at office canteen urgent,,food,1409.23,2,1,0
Online Office space rent share with discount Monthly rent budget expense,Online Office space rent share with discount,Monthly rent budget expense,rent,40570.74,15,2,0
Purchase at Flipkart electronics sale at store Monthly shopping budget expense,Purchase at Flipkart electronics sale at store,Monthly shopping budget expense,shopping,15209.91,5,1,0
Spent on Spotify premium music renewal via GPay,Spent on Spotify premium music renewal via GPay,,entertainment,2482.0,9,3,0
Spent on Skillshare creative subscription with discount Personal spending on education,Spent on Skillshare creative subscription with discount,Personal spending on education,education,18914.11,7,1,0
Spent on Auto rickshaw cash fare at store Monthly transport budget expense,Spent on Auto rickshaw cash fare at store,Monthly transport budget expense,transport,91.47,5,2,0
Paid for Language learning app subscription at store Monthly education budget expense,Paid for Language learning app subscription at store,Monthly education budget expense,education,5507.28,8,0,0
Purchase at Apple store accessories today Monthly shopping budget expense,Purchase at Apple store accessories today,Monthly shopping budget expense,shopping,8644.65,24,5,1
Quick Office space rent share with discount Monthly rent budget expense,Quick Office space rent share with discount,Monthly rent budget expense,rent,19608.0,15,6,1
Online College semester tuition fee for home Routine education item,Online College semester tuition fee for home,Routine education item,education,18896.89,8,5,1
Purchase at Cafe Coffee Day latte for home Monthly food budget expense,Purchase at Cafe Coffee Day latte for home,Monthly food budget expense,food,831.86,6,1,0
Spent on Dermatologist skin treatment at store Routine health item,Spent on Dermatologist skin treatment at store,Routine health item,health,426.54,23,6,1
Spent on Ola auto ride urgent,Spent on Ola auto ride urgent,,transport,2090.11,26,5,1
Online BigBasket weekly vegetables via GPay Personal spending on food,Online BigBasket weekly vegetables via GPay,Personal spending on food,food,3356.73,10,0,0
Online Spotify premium music renewal today Routine entertainment item,Online Spotify premium music renewal today,Routine entertainment item,entertainment,2765.53,22,4,0
Online Water utility bill with discount Routine other item,Online Water utility bill with discount,Routine other item,other,1994.58,14,0,0
Flight ticket Indigo to Mumbai today,Flight ticket Indigo to Mumbai today,,transport,1650.94,8,4,0
Online LPG gas cylinder refill via GPay Monthly other budget expense,Online LPG gas cylinder refill via GPay,Monthly other budget expense,other,2102.92,6,1,0
Bill for Spotify premium music renewal today,Bill for Spotify premium music renewal today,,entertainment,1303.16,10,5,1
Spent on Hospital OPD registration at store Personal spending on health,Spent on Hospital OPD registration at store,Personal spending on health,health,3986.65,15,4,0
Spent on Parking space monthly rent with card Monthly rent budget expense,Spent on Parking space monthly rent with card,Monthly rent budget expense,rent,10199.63,2,0,0
Tax filing CA consultancy fee at store,Tax filing CA consultancy fee at store,,other,4211.65,14,6,1
Online Grocery shopping at DMart Paid via UPI for food,Online Grocery shopping at DMart,Paid via UPI for food,food,3036.78,10,5,1
Spent on Organic fruit market for home,Spent on Organic fruit market for home,,food,470.06,20,2,0
Bill for Hotstar subscription plan with card Personal spending on entertainment,Bill for Hotstar subscription plan with card,Personal spending on entertainment,entertainment,1582.67,6,1,0
Purchase at House cleaning service Urban Company at store Paid via UPI for other,Purchase at House cleaning service Urban Company at store,Paid via UPI for other,other,1399.84,6,1,0
Purchase at Groceries at Reliance Smart via GPay Paid via UPI for food,Purchase at Groceries at Reliance Smart via GPay,Paid via UPI for food,food,607.88,6,3,0
Quick Concert musical event pass at store Monthly entertainment budget expense,Quick Concert musical event pass at store,Monthly entertainment budget expense,entertainment,2744.47,23,4,0
Purchase at Apple store accessories urgent Monthly shopping budget expense,Purchase at Apple store accessories urgent,Monthly shopping budget expense,shopping,5715.94,10,4,0
Bill for Tax filing CA consultancy fee Monthly other budget expense,Bill for Tax filing CA consultancy fee,Monthly other budget expense,other,1698.68,26,1,0
Quick Groceries at Reliance Smart for home Routine food item,Quick Groceries at Reliance Smart for home,Routine food item,food,361.24,7,6,1
Purchase at Gardening plants and soil via GPay Personal spending on other,Purchase at Gardening plants and soil via GPay,Personal spending on other,other,2443.84,6,4,0
Txn: Board game cafe bill urgent Paid via UPI for entertainment,Txn: Board game cafe bill urgent,Paid via UPI for entertainment,entertainment,717.15,16,2,0
Bill for Rapido bike taxi via GPay Monthly transport budget expense,Bill for Rapido bike taxi via GPay,Monthly transport budget expense,transport,128.04,13,2,0
Spent on PG accommodation fee,Spent on PG accommodation fee,,rent,31164.79,24,1,0
Purchase at Car wash & detailing with card Paid via UPI for transport,Purchase at Car wash & detailing with card,Paid via UPI for transport,transport,367.44,7,0,0
Bill for Car wash & detailing for home,Bill for Car wash & detailing for home,,transport,3420.66,13,1,0
Online Books and stationery store via GPay Personal spending on education,Online Books and stationery store via GPay,Personal spending on education,education,16320.58,27,4,0
Cult.fit fitness pass today Routine health item,Cult.fit fitness pass today,Routine health item,health,3140.47,22,2,0
Paid for Pizza Hut dinner at store Monthly food budget expense,Paid for Pizza Hut dinner at store,Monthly food budget expense,food,812.1,8,5,1
Purchase at Starbucks coffee & snack at store Personal spending on food,Purchase at Starbucks coffee & snack at store,Personal spending on food,food,2500.78,3,6,1
Spent on PG accommodation fee with card Personal spending on rent,Spent on PG accommodation fee with card,Personal spending on rent,rent,42990.27,26,0,0
Paid for Bowling & gaming arcade for home Paid via UPI for entertainment,Paid for Bowling & gaming arcade for home,Paid via UPI for entertainment,entertainment,1706.85,18,3,0
Purchase at House cleaning service Urban Company,Purchase at House cleaning service Urban Company,,other,713.49,4,4,0
Concert musical event pass today Routine entertainment item,Concert musical event pass today,Routine entertainment item,entertainment,1065.36,25,1,0
Quick Starbucks coffee & snack via GPay,Quick Starbucks coffee & snack via GPay,,food,2046.66,16,3,0
Bill for Bank transaction charge for home Paid via UPI for other,Bill for Bank transaction charge for home,Paid via UPI for other,other,4678.04,21,3,0
Purchase at First aid kit supplies with card Personal spending on health,Purchase at First aid kit supplies with card,Personal spending on health,health,4847.19,7,2,0
Spent on Petrol pump fuel refill today Personal spending on transport,Spent on Petrol pump fuel refill today,Personal spending on transport,transport,3648.55,3,1,0
Purchase at Uber cab ride to office with card Personal spending on transport,Purchase at Uber cab ride to office with card,Personal spending on transport,transport,252.35,20,2,0
Purchase at Zara shirt and jeans with discount,Purchase at Zara shirt and jeans with discount,,shopping,16902.83,25,6,1
Online House rent payment via UPI with discount Paid via UPI for rent,Online House rent payment via UPI with discount,Paid via UPI for rent,rent,11136.97,19,4,0
Paid for Hospital OPD registration via GPay Personal spending on health,Paid for Hospital OPD registration via GPay,Personal spending on health,health,4206.76,4,5,1
Txn: McDonald's burger meal today Monthly food budget expense,Txn: McDonald's burger meal today,Monthly food budget expense,food,1547.2,24,5,1
Uber cab ride to office Personal spending on transport,Uber cab ride to office,Personal spending on transport,transport,1597.87,24,1,0
Quick PlayStation PS Plus subscription at store Monthly entertainment budget expense,Quick PlayStation PS Plus subscription at store,Monthly entertainment budget expense,entertainment,2644.18,11,5,1
Spent on Lunch thali at office canteen urgent,Spent on Lunch thali at office canteen urgent,,food,945.64,8,4,0
Spent on Ice cream at Baskin Robbins today,Spent on Ice cream at Baskin Robbins today,,food,2967.49,6,5,1
Online McDonald's burger meal today Paid via UPI for food,Online McDonald's burger meal today,Paid via UPI for food,food,1924.86,6,6,1
Txn: Legal notary & document stamps at store,Txn: Legal notary & document stamps at store,,other,1146.13,7,6,1
Txn: Notebooks and pens set at store Paid via UPI for education,Txn: Notebooks and pens set at store,Paid via UPI for education,education,20456.47,24,0,0
Quick PVR cinemas IMAX tickets via GPay Monthly entertainment budget expense,Quick PVR cinemas IMAX tickets via GPay,Monthly entertainment budget expense,entertainment,1312.82,8,3,0
Blood test and full body checkup with card,Blood test and full body checkup with card,,health,1681.0,26,1,0
Spent on IKEA home furniture with card,Spent on IKEA home furniture with card,,shopping,12245.27,24,1,0
Online Hotstar subscription plan with card Routine entertainment item,Online Hotstar subscription plan with card,Routine entertainment item,entertainment,1678.92,23,6,1
Online Street food evening snacks with discount Monthly food budget expense,Online Street food evening snacks with discount,Monthly food budget expense,food,1423.47,14,6,1
Hotstar subscription plan with card Routine entertainment item,Hotstar subscription plan with card,Routine entertainment item,entertainment,2597.5,8,6,1
Spent on Quarterly rent transfer to landlord with discount Paid via UPI for rent,Spent on Quarterly rent transfer to landlord with discount,Paid via UPI for rent,rent,29267.95,4,3,0
Quick Room rent for current month at store Routine rent item,Quick Room rent for current month at store,Routine rent item,rent,26640.71,12,5,1
Charity donation to NGO via GPay Paid via UPI for other,Charity donation to NGO via GPay,Paid via UPI for other,other,4238.82,12,5,1
Quick Technical reference book via GPay Routine education item,Quick Technical reference book via GPay,Routine education item,education,15484.68,19,6,1
Bill for PG accommodation fee with discount,Bill for PG accommodation fee with discount,,rent,13165.6,17,4,0
Bill for Car servicing & oil change at store Paid via UPI for transport,Bill for Car servicing & oil change at store,Paid via UPI for transport,transport,2730.43,21,5,1
Purchase at Juice center fresh juice via GPay,Purchase at Juice center fresh juice via GPay,,food,2078.14,1,3,0
Spent on Dermatologist skin treatment today Routine health item,Spent on Dermatologist skin treatment today,Routine health item,health,3499.8,3,6,1
Online House cleaning service Urban Company,Online House cleaning service Urban Company,,other,3418.37,26,4,0
Online Courier speed post delivery urgent,Online Courier speed post delivery urgent,,other,3398.98,28,4,0
Purchase at First aid kit supplies with card Personal spending on health,Purchase at First aid kit supplies with card,Personal spending on health,health,7638.14,26,4,0
Quick Blood test and full body checkup with discount Paid via UPI for health,Quick Blood test and full body checkup with discount,Paid via UPI for health,health,2091.75,17,5,1
Quick PlayStation PS Plus subscription with card Routine entertainment item,Quick PlayStation PS Plus subscription with card,Routine entertainment item,entertainment,2992.27,25,4,0
Purchase at Barbeque Nation buffet for home,Purchase at Barbeque Nation buffet for home,,food,153.38,6,5,1
Tuition fee for coaching for home Monthly education budget expense,Tuition fee for coaching for home,Monthly education budget expense,education,24138.85,27,0,0
Spent on Airport cab taxi fare with discount Paid via UPI for transport,Spent on Airport cab taxi fare with discount,Paid via UPI for transport,transport,223.93,10,4,0
Spent on Zomato lunch delivery urgent Routine food item,Spent on Zomato lunch delivery urgent,Routine food item,food,1927.09,12,4,0
Txn: Parking space monthly rent,Txn: Parking space monthly rent,,rent,27251.28,19,4,0
Bill for Flipkart electronics sale with discount,Bill for Flipkart electronics sale with discount,,shopping,5770.13,18,1,0
Paid for Home repair and plumbing for home Personal spending on other,Paid for Home repair and plumbing for home,Personal spending on other,other,2554.36,1,1,0
Pet food and veterinary care Monthly other budget expense,Pet food and veterinary care,Monthly other budget expense,other,103.73,22,2,0
Quick Web development workshop fee with card,Quick Web development workshop fee with card,,education,15007.85,12,5,1
Bill for Amazon online purchase today,Bill for Amazon online purchase today,,shopping,5553.0,9,6,1
Purchase at Bedsheet and pillow covers today Monthly shopping budget expense,Purchase at Bedsheet and pillow covers today,Monthly shopping budget expense,shopping,8299.33,17,6,1
Paid for Electricity bill payment with discount Monthly other budget expense,Paid for Electricity bill payment with discount,Monthly other budget expense,other,1055.77,1,0,0
Bill for Watch purchase at Titan with card Routine shopping item,Bill for Watch purchase at Titan with card,Routine shopping item,shopping,1237.86,10,2,0
Gym membership monthly renewal today Routine health item,Gym membership monthly renewal today,Routine health item,health,3974.79,14,4,0
Bill for Academic journal access fee via GPay Monthly education budget expense,Bill for Academic journal access fee via GPay,Monthly education budget expense,education,7870.95,13,1,0
Bill for Petrol pump fuel refill for home Paid via UPI for transport,Bill for Petrol pump fuel refill for home,Paid via UPI for transport,transport,2770.2,28,3,0
Quick Car servicing & oil change via GPay Personal spending on transport,Quick Car servicing & oil change via GPay,Personal spending on transport,transport,869.85,4,4,0
Txn: Pizza Hut dinner at store Routine food item,Txn: Pizza Hut dinner at store,Routine food item,food,3269.72,15,6,1
Online Barbeque Nation buffet urgent Paid via UPI for food,Online Barbeque Nation buffet urgent,Paid via UPI for food,food,1743.75,10,4,0
Bill for Health insurance premium at store Routine health item,Bill for Health insurance premium at store,Routine health item,health,4886.1,6,0,0
Txn: Croma electronics cable & charger for home Monthly shopping budget expense,Txn: Croma electronics cable & charger for home,Monthly shopping budget expense,shopping,507.48,5,2,0
Txn: YouTube Premium family plan with card,Txn: YouTube Premium family plan with card,,entertainment,664.59,2,0,0
Spent on Perfume & cosmetics store via GPay Monthly shopping budget expense,Spent on Perfume & cosmetics store via GPay,Monthly shopping budget expense,shopping,17058.49,23,6,1
Spent on Bank transaction charge with discount Paid via UPI for other,Spent on Bank transaction charge with discount,Paid via UPI for other,other,3018.46,25,2,0
Bill for Kitchen cookware set for home Routine shopping item,Bill for Kitchen cookware set for home,Routine shopping item,shopping,12937.63,18,2,0
Purchase at Rapido bike taxi via GPay Routine transport item,Purchase at Rapido bike taxi via GPay,Routine transport item,transport,3081.64,5,5,1
Quick PVR cinemas IMAX tickets with card Routine entertainment item,Quick PVR cinemas IMAX tickets with card,Routine entertainment item,entertainment,2936.97,16,2,0
Paid for Co-living monthly rent Monthly rent budget expense,Paid for Co-living monthly rent,Monthly rent budget expense,rent,18439.53,17,6,1
Purchase at Groceries at Reliance Smart with card Paid via UPI for food,Purchase at Groceries at Reliance Smart with card,Paid via UPI for food,food,993.14,10,2,0
Bill for Bank transaction charge at store Personal spending on other,Bill for Bank transaction charge at store,Personal spending on other,other,2204.07,10,3,0
Online Blood test and full body checkup with card Routine health item,Online Blood test and full body checkup with card,Routine health item,health,2979.98,23,6,1
Purchase at Gift for friend birthday urgent,Purchase at Gift for friend birthday urgent,,other,5099.69,7,0,0
Online Steam video game purchase Monthly entertainment budget expense,Online Steam video game purchase,Monthly entertainment budget expense,entertainment,821.51,17,1,0
Paid for Coursera specialization certification at store,Paid for Coursera specialization certification at store,,education,6370.56,20,1,0
Tuition fee for coaching with discount Personal spending on education,Tuition fee for coaching with discount,Personal spending on education,education,12897.18,26,4,0
Spent on Room rent for current month with discount Personal spending on rent,Spent on Room rent for current month with discount,Personal spending on rent,rent,26732.2,1,2,0
Bill for College semester tuition fee with card Monthly education budget expense,Bill for College semester tuition fee with card,Monthly education budget expense,education,8179.11,15,5,1
Bill for Yoga class subscription at store Personal spending on health,Bill for Yoga class subscription at store,Personal spending on health,health,7427.34,16,6,1
Paid for Blinkit instant grocery for home Paid via UPI for food,Paid for Blinkit instant grocery for home,Paid via UPI for food,food,1556.01,7,2,0
Online First aid kit supplies with card Paid via UPI for health,Online First aid kit supplies with card,Paid via UPI for health,health,5934.72,24,3,0
Quick Car wash & detailing with card Personal spending on transport,Quick Car wash & detailing with card,Personal spending on transport,transport,4441.87,7,6,1
Purchase at College semester tuition fee today Paid via UPI for education,Purchase at College semester tuition fee today,Paid via UPI for education,education,15912.7,9,2,0
Zomato lunch delivery with card,Zomato lunch delivery with card,,food,283.0,18,2,0
Bank transaction charge at store Routine other item,Bank transaction charge at store,Routine other item,other,5012.7,6,0,0
Quick Security deposit installment urgent Personal spending on rent,Quick Security deposit installment urgent,Personal spending on rent,rent,41184.08,21,2,0
Purchase at Kindle e-book purchase with discount Paid via UPI for education,Purchase at Kindle e-book purchase with discount,Paid via UPI for education,education,14779.14,6,4,0
Bill for Audible audiobooks for home Personal spending on entertainment,Bill for Audible audiobooks for home,Personal spending on entertainment,entertainment,2311.61,17,5,1
Brokerage fee for apartment via GPay Paid via UPI for rent,Brokerage fee for apartment via GPay,Paid via UPI for rent,rent,10738.37,24,4,0
Spent on Mobile postpaid monthly bill urgent Personal spending on other,Spent on Mobile postpaid monthly bill urgent,Personal spending on other,other,3220.02,21,4,0
Online Mobile postpaid monthly bill,Online Mobile postpaid monthly bill,,other,5564.76,17,2,0
Paid for Health insurance premium urgent Personal spending on health,Paid for Health insurance premium urgent,Personal spending on health,health,6399.48,14,3,0
Quick Auto rickshaw cash fare with card Personal spending on transport,Quick Auto rickshaw cash fare with card,Personal spending on transport,transport,419.35,21,0,0
Bill for Backpack for travel today Monthly shopping budget expense,Bill for Backpack for travel today,Monthly shopping budget expense,shopping,15341.01,25,0,0
Online Kitchen cookware set with card Routine shopping item,Online Kitchen cookware set with card,Routine shopping item,shopping,5241.8,19,0,0
Paid for Local bakery bread and cake with discount Monthly food budget expense,Paid for Local bakery bread and cake with discount,Monthly food budget expense,food,1701.87,12,2,0
Quick Interstate Volvo bus ticket today Personal spending on transport,Quick Interstate Volvo bus ticket today,Personal spending on transport,transport,2654.14,27,6,1
Bill for BookMyShow movie tickets Paid via UPI for entertainment,Bill for BookMyShow movie tickets,Paid via UPI for entertainment,entertainment,2312.48,24,0,0
Spent on PlayStation PS Plus subscription today Monthly entertainment budget expense,Spent on PlayStation PS Plus subscription today,Monthly entertainment budget expense,entertainment,254.95,4,4,0
Paid for Sunglasses purchase,Paid for Sunglasses purchase,,shopping,4775.71,5,6,1
Spent on Courier speed post delivery for home Personal spending on other,Spent on Courier speed post delivery for home,Personal spending on other,other,2162.41,24,3,0
Bill for McDonald's burger meal with card Monthly food budget expense,Bill for McDonald's burger meal with card,Monthly food budget expense,food,3011.88,2,2,0
Spent on Spotify premium music renewal urgent Paid via UPI for entertainment,Spent on Spotify premium music renewal urgent,Paid via UPI for entertainment,entertainment,793.31,7,3,0
Bill for Water tanker for society with discount Paid via UPI for rent,Bill for Water tanker for society with discount,Paid via UPI for rent,rent,13225.66,5,3,0
Bill for Flat maintenance charge today Personal spending on rent,Bill for Flat maintenance charge today,Personal spending on rent,rent,27734.0,12,1,0
Bill for Swiggy order for dinner for home Paid via UPI for food,Bill for Swiggy order for dinner for home,Paid via UPI for food,food,3416.95,3,2,0
Txn: Protein powder supplement with card Paid via UPI for health,Txn: Protein powder supplement with card,Paid via UPI for health,health,5275.16,27,3,0
Online Sunglasses purchase via GPay Monthly shopping budget expense,Online Sunglasses purchase via GPay,Monthly shopping budget expense,shopping,6684.4,4,3,0
Quick Eye checkup and new glasses,Quick Eye checkup and new glasses,,health,5348.19,8,3,0
Online Charity donation to NGO,Online Charity donation to NGO,,other,5146.04,20,3,0
GRE / TOEFL exam registration for home Routine education item,GRE / TOEFL exam registration for home,Routine education item,education,22895.67,6,4,0
Purchase at Hostel fees payment urgent Paid via UPI for rent,Purchase at Hostel fees payment urgent,Paid via UPI for rent,rent,7747.52,3,0,0
Online Quarterly rent transfer to landlord for home Personal spending on rent,Online Quarterly rent transfer to landlord for home,Personal spending on rent,rent,30384.24,11,4,0
Purchase at Yoga class subscription Monthly health budget expense,Purchase at Yoga class subscription,Monthly health budget expense,health,7807.44,2,1,0
Online KFC chicken bucket at store Personal spending on food,Online KFC chicken bucket at store,Personal spending on food,food,147.96,16,3,0
Spent on Watch purchase at Titan with card Routine shopping item,Spent on Watch purchase at Titan with card,Routine shopping item,shopping,5034.03,22,2,0
Txn: Water utility bill for home Monthly other budget expense,Txn: Water utility bill for home,Monthly other budget expense,other,4786.06,19,3,0
Online Oatmeal and cereal pack today,Online Oatmeal and cereal pack today,,food,999.23,21,5,1
Spent on Cafe Coffee Day latte urgent,Spent on Cafe Coffee Day latte urgent,,food,3292.08,15,6,1
Bill for Health insurance premium with card Personal spending on health,Bill for Health insurance premium with card,Personal spending on health,health,6874.29,27,6,1
Spent on Standup comedy show ticket with discount Routine entertainment item,Spent on Standup comedy show ticket with discount,Routine entertainment item,entertainment,544.32,7,0,0
Paid for Web development workshop fee with card Routine education item,Paid for Web development workshop fee with card,Routine education item,education,19059.95,25,5,1
Purchase at Chai Point tea with biscuits at store,Purchase at Chai Point tea with biscuits at store,,food,2116.39,3,4,0
Online Gift for friend birthday with discount Routine other item,Online Gift for friend birthday with discount,Routine other item,other,3946.21,17,1,0
Quick Apple store accessories urgent Paid via UPI for shopping,Quick Apple store accessories urgent,Paid via UPI for shopping,shopping,13793.26,1,6,1
Txn: Blood test and full body checkup,Txn: Blood test and full body checkup,,health,4919.33,4,2,0
Quick Backpack for travel Personal spending on shopping,Quick Backpack for travel,Personal spending on shopping,shopping,3678.7,13,1,0
Spent on Concert musical event pass Monthly entertainment budget expense,Spent on Concert musical event pass,Monthly entertainment budget expense,entertainment,2786.65,21,6,1
Paid for Train ticket booking IRCTC Routine transport item,Paid for Train ticket booking IRCTC,Routine transport item,transport,3272.52,15,3,0
Purchase at Uber cab ride to office urgent Monthly transport budget expense,Purchase at Uber cab ride to office urgent,Monthly transport budget expense,transport,344.97,23,5,1
Paid for Home repair and plumbing at store Routine other item,Paid for Home repair and plumbing at store,Routine other item,other,1041.41,25,1,0
Online Monthly apartment rent urgent Personal spending on rent,Online Monthly apartment rent urgent,Personal spending on rent,rent,8951.63,5,6,1
Protein powder supplement with discount Paid via UPI for health,Protein powder supplement with discount,Paid via UPI for health,health,1377.98,9,6,1
Spent on Books and stationery store via GPay Paid via UPI for education,Spent on Books and stationery store via GPay,Paid via UPI for education,education,9642.63,27,2,0
Purchase at Rapido bike taxi Personal spending on transport,Purchase at Rapido bike taxi,Personal spending on transport,transport,1229.32,6,3,0
House rent payment via UPI Paid via UPI for rent,House rent payment via UPI,Paid via UPI for rent,rent,12696.76,17,3,0
Quick Storage locker monthly rental at store Monthly rent budget expense,Quick Storage locker monthly rental at store,Monthly rent budget expense,rent,7010.42,5,4,0
Spent on Coding bootcamp installment Personal spending on education,Spent on Coding bootcamp installment,Personal spending on education,education,23389.06,25,0,0
Txn: Pizza Hut dinner today Paid via UPI for food,Txn: Pizza Hut dinner today,Paid via UPI for food,food,3139.23,24,1,0
Bill for Quarterly rent transfer to landlord at store,Bill for Quarterly rent transfer to landlord at store,,rent,21370.81,19,0,0
Online Pizza Hut dinner with discount Monthly food budget expense,Online Pizza Hut dinner with discount,Monthly food budget expense,food,2164.61,2,0,0
Spent on Bank transaction charge for home,Spent on Bank transaction charge for home,,other,5736.36,1,0,0
Online Gift for friend birthday with card Monthly other budget expense,Online Gift for friend birthday with card,Monthly other budget expense,other,1218.09,21,3,0
Paid for Rapido bike taxi with card Paid via UPI for transport,Paid for Rapido bike taxi with card,Paid via UPI for transport,transport,958.66,19,0,0
Quick Mobile postpaid monthly bill with discount Monthly other budget expense,Quick Mobile postpaid monthly bill with discount,Monthly other budget expense,other,940.96,1,6,1
Purchase at Health insurance premium today Paid via UPI for health,Purchase at Health insurance premium today,Paid via UPI for health,health,6380.31,4,4,0
Paid for Interstate Volvo bus ticket with discount Paid via UPI for transport,Paid for Interstate Volvo bus ticket with discount,Paid via UPI for transport,transport,3762.34,9,2,0
Watch purchase at Titan via GPay Routine shopping item,Watch purchase at Titan via GPay,Routine shopping item,shopping,14920.93,10,6,1
Bill for Rapido bike taxi via GPay Paid via UPI for transport,Bill for Rapido bike taxi via GPay,Paid via UPI for transport,transport,463.15,1,1,0
Txn: Hotstar subscription plan urgent Personal spending on entertainment,Txn: Hotstar subscription plan urgent,Personal spending on entertainment,entertainment,2314.68,24,5,1
Purchase at Zepto milk and eggs with discount Paid via UPI for food,Purchase at Zepto milk and eggs with discount,Paid via UPI for food,food,2816.69,6,3,0
Spent on Supermarket food supplies today Routine food item,Spent on Supermarket food supplies today,Routine food item,food,2288.45,11,0,0
Online H&M summer collection today Paid via UPI for shopping,Online H&M summer collection today,Paid via UPI for shopping,shopping,1788.69,20,6,1
Spent on Apollo Pharmacy medicines urgent Routine health item,Spent on Apollo Pharmacy medicines urgent,Routine health item,health,7594.55,19,4,0
Quick PVR cinemas IMAX tickets Monthly entertainment budget expense,Quick PVR cinemas IMAX tickets,Monthly entertainment budget expense,entertainment,567.09,19,5,1
Paid for Room rent for current month via GPay,Paid for Room rent for current month via GPay,,rent,37216.93,13,6,1
Purchase at Yoga class subscription with discount,Purchase at Yoga class subscription with discount,,health,4536.82,22,3,0
Online Bus pass monthly renewal today Monthly transport budget expense,Online Bus pass monthly renewal today,Monthly transport budget expense,transport,4496.12,17,4,0
Online Physiotherapy session urgent Personal spending on health,Online Physiotherapy session urgent,Personal spending on health,health,384.36,15,6,1
Paid for Quarterly rent transfer to landlord,Paid for Quarterly rent transfer to landlord,,rent,24627.83,28,4,0
Quick Metro card monthly recharge urgent Paid via UPI for transport,Quick Metro card monthly recharge urgent,Paid via UPI for transport,transport,244.07,19,5,1
Spent on Perfume & cosmetics store at store Personal spending on shopping,Spent on Perfume & cosmetics store at store,Personal spending on shopping,shopping,14223.45,9,4,0
Quick Hospital OPD registration urgent Monthly health budget expense,Quick Hospital OPD registration urgent,Monthly health budget expense,health,3702.57,17,1,0
Quick Flat maintenance charge for home Personal spending on rent,Quick Flat maintenance charge for home,Personal spending on rent,rent,15972.84,5,5,1
Paid for Local bakery bread and cake via GPay Paid via UPI for food,Paid for Local bakery bread and cake via GPay,Paid via UPI for food,food,793.64,22,5,1
Bill for Uber cab ride to office for home Personal spending on transport,Bill for Uber cab ride to office for home,Personal spending on transport,transport,56.63,25,1,0
McDonald's burger meal Paid via UPI for food,McDonald's burger meal,Paid via UPI for food,food,1974.08,8,6,1
Online First aid kit supplies at store,Online First aid kit supplies at store,,health,4831.2,1,0,0
Purchase at House rent payment via UPI with card Monthly rent budget expense,Purchase at House rent payment via UPI with card,Monthly rent budget expense,rent,21247.75,1,4,0
Spent on Hostel fees payment at store Paid via UPI for rent,Spent on Hostel fees payment at store,Paid via UPI for rent,rent,10554.55,7,3,0
Quick Broadband WiFi internet bill Routine other item,Quick Broadband WiFi internet bill,Routine other item,other,3296.48,10,4,0
Quick Brokerage fee for apartment with discount Paid via UPI for rent,Quick Brokerage fee for apartment with discount,Paid via UPI for rent,rent,44999.0,8,0,0
Purchase at Zomato lunch delivery at store Monthly food budget expense,Purchase at Zomato lunch delivery at store,Monthly food budget expense,food,961.76,4,5,1
Paid for Bedsheet and pillow covers with card Monthly shopping budget expense,Paid for Bedsheet and pillow covers with card,Monthly shopping budget expense,shopping,9611.69,11,0,0
Bill for Concert musical event pass via GPay Routine entertainment item,Bill for Concert musical event pass via GPay,Routine entertainment item,entertainment,2325.6,5,0,0
Decathlon sportswear and gear with card Routine shopping item,Decathlon sportswear and gear with card,Routine shopping item,shopping,6789.13,25,1,0
Quick Yoga class subscription Paid via UPI for health,Quick Yoga class subscription,Paid via UPI for health,health,3682.53,19,4,0
Purchase at Physiotherapy session today Personal spending on health,Purchase at Physiotherapy session today,Personal spending on health,health,3569.15,23,0,0
Spent on Monthly apartment rent urgent Monthly rent budget expense,Spent on Monthly apartment rent urgent,Monthly rent budget expense,rent,40249.38,26,1,0
Spent on Storage locker monthly rental via GPay,Spent on Storage locker monthly rental via GPay,,rent,31104.73,15,4,0
Spent on Apollo Pharmacy medicines today,Spent on Apollo Pharmacy medicines today,,health,1297.76,12,4,0
Purchase at Co-living monthly rent for home Paid via UPI for rent,Purchase at Co-living monthly rent for home,Paid via UPI for rent,rent,41193.38,8,6,1
Quick PlayStation PS Plus subscription urgent Personal spending on entertainment,Quick PlayStation PS Plus subscription urgent,Personal spending on entertainment,entertainment,646.51,12,3,0
Purchase at Swiggy order for dinner with card Monthly food budget expense,Purchase at Swiggy order for dinner with card,Monthly food budget expense,food,659.01,25,4,0
Bill for Interstate Volvo bus ticket with card Paid via UPI for transport,Bill for Interstate Volvo bus ticket with card,Paid via UPI for transport,transport,2492.84,3,5,1
Bill for Car servicing & oil change Paid via UPI for transport,Bill for Car servicing & oil change,Paid via UPI for transport,transport,1326.55,4,0,0
Spent on Midnight food delivery at store Paid via UPI for food,Spent on Midnight food delivery at store,Paid via UPI for food,food,307.19,14,0,0
Spent on BigBasket weekly vegetables at store Paid via UPI for food,Spent on BigBasket weekly vegetables at store,Paid via UPI for food,food,1885.62,3,0,0
Spent on Storage locker monthly rental at store Personal spending on rent,Spent on Storage locker monthly rental at store,Personal spending on rent,rent,44344.37,19,5,1
Bill for Coursera specialization certification with card Routine education item,Bill for Coursera specialization certification with card,Routine education item,education,3563.91,18,5,1
Online Netflix monthly subscription today Routine entertainment item,Online Netflix monthly subscription today,Routine entertainment item,entertainment,1418.07,8,6,1
Quick Physiotherapy session Routine health item,Quick Physiotherapy session,Routine health item,health,7771.03,21,1,0
Quick EV charging station fee at store Routine transport item,Quick EV charging station fee at store,Routine transport item,transport,3841.98,13,6,1
Paid for Blinkit instant grocery for home Routine food item,Paid for Blinkit instant grocery for home,Routine food item,food,919.7,16,5,1
Online Ajio discount clothes via GPay Routine shopping item,Online Ajio discount clothes via GPay,Routine shopping item,shopping,4966.72,18,3,0
Quick Co-living monthly rent via GPay Routine rent item,Quick Co-living monthly rent via GPay,Routine rent item,rent,11527.28,25,0,0
Spent on EV charging station fee today Monthly transport budget expense,Spent on EV charging station fee today,Monthly transport budget expense,transport,2066.13,17,3,0
Quick Online test series subscription for home Paid via UPI for education,Quick Online test series subscription for home,Paid via UPI for education,education,23331.05,5,6,1
Paid for Flight ticket Indigo to Mumbai with discount Paid via UPI for transport,Paid for Flight ticket Indigo to Mumbai with discount,Paid via UPI for transport,transport,3983.24,28,4,0
Purchase at Tax filing CA consultancy fee urgent Monthly other budget expense,Purchase at Tax filing CA consultancy fee urgent,Monthly other budget expense,other,2892.5,22,1,0
Bill for Supermarket food supplies Monthly food budget expense,Bill for Supermarket food supplies,Monthly food budget expense,food,243.37,26,4,0
Online Hospital OPD registration urgent Personal spending on health,Online Hospital OPD registration urgent,Personal spending on health,health,7793.72,8,2,0
Purchase at Medplus health supplements Paid via UPI for health,Purchase at Medplus health supplements,Paid via UPI for health,health,2596.46,24,6,1
Spent on Technical reference book with card Routine education item,Spent on Technical reference book with card,Routine education item,education,4194.14,26,5,1
Purchase at Academic journal access fee for home Routine education item,Purchase at Academic journal access fee for home,Routine education item,education,4508.02,19,6,1
Quick Uber cab ride to office urgent Monthly transport budget expense,Quick Uber cab ride to office urgent,Monthly transport budget expense,transport,3614.58,25,0,0
Online Office space rent share at store Monthly rent budget expense,Online Office space rent share at store,Monthly rent budget expense,rent,26868.08,17,1,0
Bank transaction charge today Personal spending on other,Bank transaction charge today,Personal spending on other,other,1477.66,11,5,1
Spent on Hospital OPD registration with card Routine health item,Spent on Hospital OPD registration with card,Routine health item,health,4320.23,19,6,1
Technical reference book today Monthly education budget expense,Technical reference book today,Monthly education budget expense,education,10425.62,12,6,1
Paid for Brokerage fee for apartment Personal spending on rent,Paid for Brokerage fee for apartment,Personal spending on rent,rent,12269.79,27,2,0
Purchase at Medplus health supplements with card Personal spending on health,Purchase at Medplus health supplements with card,Personal spending on health,health,6456.75,8,6,1
Quick Dominos pizza party,Quick Dominos pizza party,,food,1171.03,14,0,0
Spent on Winter jacket shopping with card,Spent on Winter jacket shopping with card,,shopping,12958.13,13,0,0
Spent on Chai Point tea with biscuits Personal spending on food,Spent on Chai Point tea with biscuits,Personal spending on food,food,3498.32,4,4,0
Paid for Broadband WiFi internet bill with card Monthly other budget expense,Paid for Broadband WiFi internet bill with card,Monthly other budget expense,other,4864.77,1,1,0
Paid for Dermatologist skin treatment at store Paid via UPI for health,Paid for Dermatologist skin treatment at store,Paid via UPI for health,health,1034.12,24,0,0
Legal notary & document stamps with card Paid via UPI for other,Legal notary & document stamps with card,Paid via UPI for other,other,5319.29,5,6,1
Purchase at Spotify premium music renewal with card Routine entertainment item,Purchase at Spotify premium music renewal with card,Routine entertainment item,entertainment,1828.72,28,5,1
Bill for Tax filing CA consultancy fee for home Monthly other budget expense,Bill for Tax filing CA consultancy fee for home,Monthly other budget expense,other,5535.46,3,1,0
Txn: Laundry dry cleaning for home Monthly other budget expense,Txn: Laundry dry cleaning for home,Monthly other budget expense,other,3227.64,1,3,0
Online Interstate Volvo bus ticket Paid via UPI for transport,Online Interstate Volvo bus ticket,Paid via UPI for transport,transport,2148.95,20,6,1
Online Organic fruit market with card Monthly food budget expense,Online Organic fruit market with card,Monthly food budget expense,food,3315.77,14,0,0
Online Parking space monthly rent via GPay Personal spending on rent,Online Parking space monthly rent via GPay,Personal spending on rent,rent,10191.14,22,4,0
Online Kindle e-book purchase with discount,Online Kindle e-book purchase with discount,,education,19484.68,7,3,0
Steam video game purchase with discount,Steam video game purchase with discount,,entertainment,2659.14,28,0,0
Purchase at Cafe Coffee Day latte,Purchase at Cafe Coffee Day latte,,food,2397.23,12,6,1
Standup comedy show ticket Routine entertainment item,Standup comedy show ticket,Routine entertainment item,entertainment,674.38,22,6,1
Spent on Medplus health supplements at store Personal spending on health,Spent on Medplus health supplements at store,Personal spending on health,health,7035.44,6,6,1
Hostel fees payment today Paid via UPI for rent,Hostel fees payment today,Paid via UPI for rent,rent,29098.59,18,2,0
Quick Home repair and plumbing with discount Paid via UPI for other,Quick Home repair and plumbing with discount,Paid via UPI for other,other,217.55,22,5,1
Quick BookMyShow movie tickets with card Routine entertainment item,Quick BookMyShow movie tickets with card,Routine entertainment item,entertainment,887.79,23,5,1
Bill for Metro card monthly recharge Paid via UPI for transport,Bill for Metro card monthly recharge,Paid via UPI for transport,transport,3324.31,10,6,1
Paid for Airport cab taxi fare Monthly transport budget expense,Paid for Airport cab taxi fare,Monthly transport budget expense,transport,2187.53,7,1,0
Purchase at Spotify premium music renewal via GPay Personal spending on entertainment,Purchase at Spotify premium music renewal via GPay,Personal spending on entertainment,entertainment,989.08,23,5,1
Txn: Quarterly rent transfer to landlord via GPay Routine rent item,Txn: Quarterly rent transfer to landlord via GPay,Routine rent item,rent,16542.34,17,0,0
Amazon online purchase urgent Paid via UPI for shopping,Amazon online purchase urgent,Paid via UPI for shopping,shopping,16466.6,20,6,1
Brokerage fee for apartment for home Monthly rent budget expense,Brokerage fee for apartment for home,Monthly rent budget expense,rent,39326.07,5,0,0
Quick BookMyShow movie tickets with discount,Quick BookMyShow movie tickets with discount,,entertainment,2214.87,13,5,1
Txn: First aid kit supplies at store,Txn: First aid kit supplies at store,,health,5408.42,28,2,0
Paid for Ajio discount clothes with card Monthly shopping budget expense,Paid for Ajio discount clothes with card,Monthly shopping budget expense,shopping,455.27,27,0,0
Quick Dermatologist skin treatment urgent Personal spending on health,Quick Dermatologist skin treatment urgent,Personal spending on health,health,6195.92,16,4,0
Paid for Academic journal access fee for home,Paid for Academic journal access fee for home,,education,12074.71,11,2,0
Paid for PG accommodation fee with discount Routine rent item,Paid for PG accommodation fee with discount,Routine rent item,rent,41304.29,26,0,0
Bill for Train ticket booking IRCTC with discount Routine transport item,Bill for Train ticket booking IRCTC with discount,Routine transport item,transport,2304.77,12,2,0
Airport cab taxi fare with discount Paid via UPI for transport,Airport cab taxi fare with discount,Paid via UPI for transport,transport,765.45,1,1,0
Quick Physiotherapy session for home Paid via UPI for health,Quick Physiotherapy session for home,Paid via UPI for health,health,6219.27,25,3,0
LPG gas cylinder refill for home Monthly other budget expense,LPG gas cylinder refill for home,Monthly other budget expense,other,481.48,1,3,0
Online Flipkart electronics sale with card Routine shopping item,Online Flipkart electronics sale with card,Routine shopping item,shopping,6765.11,25,5,1
Online Bank transaction charge Paid via UPI for other,Online Bank transaction charge,Paid via UPI for other,other,1377.43,11,2,0
Backpack for travel via GPay Routine shopping item,Backpack for travel via GPay,Routine shopping item,shopping,16040.54,27,0,0
Bill for Hospital OPD registration with discount Paid via UPI for health,Bill for Hospital OPD registration with discount,Paid via UPI for health,health,5439.41,2,1,0
Purchase at Car servicing & oil change today Paid via UPI for transport,Purchase at Car servicing & oil change today,Paid via UPI for transport,transport,3099.37,5,3,0
Purchase at Interstate Volvo bus ticket Paid via UPI for transport,Purchase at Interstate Volvo bus ticket,Paid via UPI for transport,transport,2046.69,9,1,0
Quick Juice center fresh juice at store Monthly food budget expense,Quick Juice center fresh juice at store,Monthly food budget expense,food,606.1,28,6,1
Txn: Sneakers purchase today Personal spending on shopping,Txn: Sneakers purchase today,Personal spending on shopping,shopping,8775.63,12,4,0
Quick Bus pass monthly renewal with discount Paid via UPI for transport,Quick Bus pass monthly renewal with discount,Paid via UPI for transport,transport,2752.85,22,5,1
Quick Barbeque Nation buffet at store Routine food item,Quick Barbeque Nation buffet at store,Routine food item,food,716.11,25,2,0
Decathlon sportswear and gear for home,Decathlon sportswear and gear for home,,shopping,14272.44,27,4,0
Txn: Cycle repair & parts today Routine transport item,Txn: Cycle repair & parts today,Routine transport item,transport,3352.81,20,6,1
Purchase at Legal notary & document stamps Routine other item,Purchase at Legal notary & document stamps,Routine other item,other,1954.2,14,3,0
Online Breakfast at Saravana Bhavan with discount Routine food item,Online Breakfast at Saravana Bhavan with discount,Routine food item,food,2522.1,9,1,0
Paid for Academic journal access fee,Paid for Academic journal access fee,,education,6409.62,9,1,0
Txn: Cycle repair & parts today Personal spending on transport,Txn: Cycle repair & parts today,Personal spending on transport,transport,3385.63,15,5,1
Nike running shoes via GPay Personal spending on shopping,Nike running shoes via GPay,Personal spending on shopping,shopping,3487.77,16,0,0
Paid for Parking space monthly rent with discount Paid via UPI for rent,Paid for Parking space monthly rent with discount,Paid via UPI for rent,rent,38205.29,14,4,0
Paid for Co-living monthly rent today Routine rent item,Paid for Co-living monthly rent today,Routine rent item,rent,11575.27,6,4,0
Purchase at PVR cinemas IMAX tickets urgent Paid via UPI for entertainment,Purchase at PVR cinemas IMAX tickets urgent,Paid via UPI for entertainment,entertainment,2543.86,19,4,0
Bill for Flipkart electronics sale via GPay Paid via UPI for shopping,Bill for Flipkart electronics sale via GPay,Paid via UPI for shopping,shopping,16943.95,19,0,0
Spent on Sunglasses purchase via GPay Personal spending on shopping,Spent on Sunglasses purchase via GPay,Personal spending on shopping,shopping,920.75,24,3,0
Purchase at Blinkit instant grocery via GPay Routine food item,Purchase at Blinkit instant grocery via GPay,Routine food item,food,2413.7,16,6,1
Quick Monthly apartment rent Paid via UPI for rent,Quick Monthly apartment rent,Paid via UPI for rent,rent,39734.06,15,6,1
Paid for Supermarket food supplies today Paid via UPI for food,Paid for Supermarket food supplies today,Paid via UPI for food,food,3242.62,25,0,0
Netflix monthly subscription urgent Personal spending on entertainment,Netflix monthly subscription urgent,Personal spending on entertainment,entertainment,1832.83,6,3,0
Purchase at Charity donation to NGO urgent Personal spending on other,Purchase at Charity donation to NGO urgent,Personal spending on other,other,2322.74,28,0,0
Purchase at Charity donation to NGO with discount Personal spending on other,Purchase at Charity donation to NGO with discount,Personal spending on other,other,2656.06,18,0,0
Sunglasses purchase today Routine shopping item,Sunglasses purchase today,Routine shopping item,shopping,13709.68,9,0,0
Bill for Bike maintenance and repair with card Personal spending on transport,Bill for Bike maintenance and repair with card,Personal spending on transport,transport,3160.02,24,4,0
Online H&M summer collection via GPay Paid via UPI for shopping,Online H&M summer collection via GPay,Paid via UPI for shopping,shopping,17846.99,6,4,0
Paid for PG accommodation fee today Monthly rent budget expense,Paid for PG accommodation fee today,Monthly rent budget expense,rent,13888.35,10,6,1
Spent on Udemy online programming course today Paid via UPI for education,Spent on Udemy online programming course today,Paid via UPI for education,education,18103.61,13,5,1
Online Hotstar subscription plan via GPay Routine entertainment item,Online Hotstar subscription plan via GPay,Routine entertainment item,entertainment,1747.85,12,1,0
Bill for Home repair and plumbing Monthly other budget expense,Bill for Home repair and plumbing,Monthly other budget expense,other,2770.6,17,6,1
Kindle e-book purchase today Routine education item,Kindle e-book purchase today,Routine education item,education,18830.25,25,3,0
Local bakery bread and cake Monthly food budget expense,Local bakery bread and cake,Monthly food budget expense,food,2368.06,19,6,1
Spent on Ola auto ride via GPay Routine transport item,Spent on Ola auto ride via GPay,Routine transport item,transport,3483.83,25,6,1
Eye checkup and new glasses urgent,Eye checkup and new glasses urgent,,health,2220.57,2,4,0
Spent on Nike running shoes for home Personal spending on shopping,Spent on Nike running shoes for home,Personal spending on shopping,shopping,17245.28,7,1,0
Txn: Local bakery bread and cake for home Personal spending on food,Txn: Local bakery bread and cake for home,Personal spending on food,food,347.26,26,2,0
YouTube Premium family plan with card Personal spending on entertainment,YouTube Premium family plan with card,Personal spending on entertainment,entertainment,1930.56,11,2,0
Txn: Spotify premium music renewal today,Txn: Spotify premium music renewal today,,entertainment,1826.09,26,4,0
Txn: Medplus health supplements at store Personal spending on health,Txn: Medplus health supplements at store,Personal spending on health,health,1703.44,10,6,1
Spent on Perfume & cosmetics store today,Spent on Perfume & cosmetics store today,,shopping,2727.82,1,2,0
Spent on Zara shirt and jeans urgent Monthly shopping budget expense,Spent on Zara shirt and jeans urgent,Monthly shopping budget expense,shopping,13646.79,6,4,0
Bill for Juice center fresh juice today,Bill for Juice center fresh juice today,,food,1178.13,20,4,0
Paid for Ola auto ride via GPay Paid via UPI for transport,Paid for Ola auto ride via GPay,Paid via UPI for transport,transport,1130.13,13,1,0
Online Co-living monthly rent urgent Routine rent item,Online Co-living monthly rent urgent,Routine rent item,rent,28519.93,6,0,0
Spent on Fresh meat and fish store urgent,Spent on Fresh meat and fish store urgent,,food,2286.3,7,3,0
Spent on PVR cinemas IMAX tickets via GPay Monthly entertainment budget expense,Spent on PVR cinemas IMAX tickets via GPay,Monthly entertainment budget expense,entertainment,1306.86,23,1,0
Bill for Co-living monthly rent at store Personal spending on rent,Bill for Co-living monthly rent at store,Personal spending on rent,rent,33901.88,14,6,1
Bill for Dermatologist skin treatment via GPay,Bill for Dermatologist skin treatment via GPay,,health,5408.68,21,3,0
Paid for First aid kit supplies via GPay,Paid for First aid kit supplies via GPay,,health,5669.51,14,0,0
Bank transaction charge Personal spending on other,Bank transaction charge,Personal spending on other,other,3469.38,22,5,1
Spent on Health insurance premium urgent Personal spending on health,Spent on Health insurance premium urgent,Personal spending on health,health,676.46,23,0,0
Txn: Room rent for current month for home Routine rent item,Txn: Room rent for current month for home,Routine rent item,rent,19185.03,4,2,0
Paid for H&M summer collection with card Monthly shopping budget expense,Paid for H&M summer collection with card,Monthly shopping budget expense,shopping,5671.42,17,6,1
Online Gardening plants and soil via GPay,Online Gardening plants and soil via GPay,,other,1639.48,5,2,0
Spent on Gym membership monthly renewal with card Personal spending on health,Spent on Gym membership monthly renewal with card,Personal spending on health,health,4113.4,23,6,1
Paid for Health insurance premium via GPay Monthly health budget expense,Paid for Health insurance premium via GPay,Monthly health budget expense,health,5940.44,10,6,1
Gardening plants and soil today Paid via UPI for other,Gardening plants and soil today,Paid via UPI for other,other,3006.98,27,4,0
Txn: Apple store accessories via GPay,Txn: Apple store accessories via GPay,,shopping,10764.85,14,2,0
Room rent for current month via GPay,Room rent for current month via GPay,,rent,18611.73,22,2,0
Kindle e-book purchase for home Routine education item,Kindle e-book purchase for home,Routine education item,education,16094.86,24,4,0
Spent on Croma electronics cable & charger for home Paid via UPI for shopping,Spent on Croma electronics cable & charger for home,Paid via UPI for shopping,shopping,12710.69,5,3,0
Purchase at Uber cab ride to office today,Purchase at Uber cab ride to office today,,transport,2196.03,25,1,0
Txn: Bowling & gaming arcade for home Monthly entertainment budget expense,Txn: Bowling & gaming arcade for home,Monthly entertainment budget expense,entertainment,2263.66,26,4,0
Spent on College semester tuition fee via GPay Routine education item,Spent on College semester tuition fee via GPay,Routine education item,education,4996.57,1,6,1
Spent on Security deposit installment for home Paid via UPI for rent,Spent on Security deposit installment for home,Paid via UPI for rent,rent,34173.44,6,6,1
Spent on Protein powder supplement today Routine health item,Spent on Protein powder supplement today,Routine health item,health,1671.88,6,5,1
Spent on BigBasket weekly vegetables via GPay Routine food item,Spent on BigBasket weekly vegetables via GPay,Routine food item,food,950.41,3,2,0
Uber cab ride to office today Paid via UPI for transport,Uber cab ride to office today,Paid via UPI for transport,transport,1805.16,2,1,0
GRE / TOEFL exam registration urgent Routine education item,GRE / TOEFL exam registration urgent,Routine education item,education,23004.66,27,6,1
Quick Groceries at Reliance Smart at store Paid via UPI for food,Quick Groceries at Reliance Smart at store,Paid via UPI for food,food,745.68,27,2,0
Txn: Zomato lunch delivery with card Monthly food budget expense,Txn: Zomato lunch delivery with card,Monthly food budget expense,food,288.67,19,1,0
Txn: Casual t-shirt and hoodie via GPay Routine shopping item,Txn: Casual t-shirt and hoodie via GPay,Routine shopping item,shopping,2766.65,27,3,0
Txn: House rent payment via UPI today Monthly rent budget expense,Txn: House rent payment via UPI today,Monthly rent budget expense,rent,39087.12,14,0,0
Online EV charging station fee Routine transport item,Online EV charging station fee,Routine transport item,transport,1475.65,13,0,0
Academic journal access fee with discount Personal spending on education,Academic journal access fee with discount,Personal spending on education,education,24402.58,13,2,0
Bill for Backpack for travel Routine shopping item,Bill for Backpack for travel,Routine shopping item,shopping,659.17,8,3,0
Purchase at Bus pass monthly renewal today Paid via UPI for transport,Purchase at Bus pass monthly renewal today,Paid via UPI for transport,transport,451.09,22,1,0
Txn: Zara shirt and jeans at store Monthly shopping budget expense,Txn: Zara shirt and jeans at store,Monthly shopping budget expense,shopping,14242.41,1,5,1
Paid for Physiotherapy session today Personal spending on health,Paid for Physiotherapy session today,Personal spending on health,health,2537.43,23,0,0
Purchase at Skillshare creative subscription urgent Personal spending on education,Purchase at Skillshare creative subscription urgent,Personal spending on education,education,3348.57,15,1,0
Quick Gardening plants and soil for home Paid via UPI for other,Quick Gardening plants and soil for home,Paid via UPI for other,other,2911.99,25,0,0
Txn: Academic journal access fee urgent Personal spending on education,Txn: Academic journal access fee urgent,Personal spending on education,education,15307.53,20,0,0
Paid for Yoga class subscription with discount Routine health item,Paid for Yoga class subscription with discount,Routine health item,health,2756.79,4,4,0
Paid for Electricity bill payment with discount,Paid for Electricity bill payment with discount,,other,3756.36,7,1,0
Cult.fit fitness pass via GPay Personal spending on health,Cult.fit fitness pass via GPay,Personal spending on health,health,2438.84,15,2,0
Paid for Ayurvedic medicines purchase with discount Routine health item,Paid for Ayurvedic medicines purchase with discount,Routine health item,health,1512.1,12,3,0
Quick PlayStation PS Plus subscription urgent Monthly entertainment budget expense,Quick PlayStation PS Plus subscription urgent,Monthly entertainment budget expense,entertainment,1455.63,6,2,0
Txn: Vitamin D & Calcium tablets today Personal spending on health,Txn: Vitamin D & Calcium tablets today,Personal spending on health,health,6768.12,14,4,0
Online Zepto milk and eggs via GPay Paid via UPI for food,Online Zepto milk and eggs via GPay,Paid via UPI for food,food,788.77,24,5,1
Dental clinic root canal visit Personal spending on health,Dental clinic root canal visit,Personal spending on health,health,4845.84,17,6,1
Online Amusement park entry ticket urgent Paid via UPI for entertainment,Online Amusement park entry ticket urgent,Paid via UPI for entertainment,entertainment,687.44,24,2,0
Sneakers purchase Personal spending on shopping,Sneakers purchase,Personal spending on shopping,shopping,10635.3,16,4,0
Quick Society maintenance bill Paid via UPI for rent,Quick Society maintenance bill,Paid via UPI for rent,rent,17188.99,24,0,0
Online Eye checkup and new glasses urgent Paid via UPI for health,Online Eye checkup and new glasses urgent,Paid via UPI for health,health,2351.3,2,3,0
Online Coursera specialization certification for home Routine education item,Online Coursera specialization certification for home,Routine education item,education,22022.4,14,6,1
Quick LPG gas cylinder refill at store Monthly other budget expense,Quick LPG gas cylinder refill at store,Monthly other budget expense,other,2484.38,12,5,1
Bill for Dental clinic root canal visit Personal spending on health,Bill for Dental clinic root canal visit,Personal spending on health,health,7519.38,15,3,0
Paid for Car wash & detailing Routine transport item,Paid for Car wash & detailing,Routine transport item,transport,3507.97,11,0,0
House cleaning service Urban Company urgent Routine other item,House cleaning service Urban Company urgent,Routine other item,other,5860.13,14,6,1
Bill for Udemy online programming course Personal spending on education,Bill for Udemy online programming course,Personal spending on education,education,6082.62,15,2,0
Txn: Language learning app subscription at store Paid via UPI for education,Txn: Language learning app subscription at store,Paid via UPI for education,education,1161.75,21,3,0
Quick Amazon online purchase with discount Monthly shopping budget expense,Quick Amazon online purchase with discount,Monthly shopping budget expense,shopping,12734.84,18,1,0
Quick Rapido bike taxi today Paid via UPI for transport,Quick Rapido bike taxi today,Paid via UPI for transport,transport,4000.94,19,5,1
Dental clinic root canal visit with discount,Dental clinic root canal visit with discount,,health,4163.06,14,2,0
Bill for Backpack for travel Personal spending on shopping,Bill for Backpack for travel,Personal spending on shopping,shopping,7214.91,19,3,0
Spent on Ajio discount clothes with discount Monthly shopping budget expense,Spent on Ajio discount clothes with discount,Monthly shopping budget expense,shopping,17778.44,24,6,1
Amusement park entry ticket urgent Personal spending on entertainment,Amusement park entry ticket urgent,Personal spending on entertainment,entertainment,1798.38,27,0,0
Purchase at Broadband WiFi internet bill today Monthly other budget expense,Purchase at Broadband WiFi internet bill today,Monthly other budget expense,other,4613.47,18,6,1
Online Notebooks and pens set Personal spending on education,Online Notebooks and pens set,Personal spending on education,education,10474.21,6,6,1
Quick Grocery shopping at DMart via GPay Monthly food budget expense,Quick Grocery shopping at DMart via GPay,Monthly food budget expense,food,2073.24,16,1,0
Paid for Auto rickshaw cash fare via GPay,Paid for Auto rickshaw cash fare via GPay,,transport,2232.89,5,3,0
Txn: PlayStation PS Plus subscription with discount Monthly entertainment budget expense,Txn: PlayStation PS Plus subscription with discount,Monthly entertainment budget expense,entertainment,452.31,18,3,0
Spent on Ayurvedic medicines purchase today Personal spending on health,Spent on Ayurvedic medicines purchase today,Personal spending on health,health,4781.04,1,1,0
Txn: Myntra clothes shopping for home,Txn: Myntra clothes shopping for home,,shopping,5723.77,23,0,0
Bill for Society maintenance bill today Paid via UPI for rent,Bill for Society maintenance bill today,Paid via UPI for rent,rent,22985.65,20,1,0
Bill for Quarterly rent transfer to landlord with discount Routine rent item,Bill for Quarterly rent transfer to landlord with discount,Routine rent item,rent,12594.04,9,4,0
Txn: Flight ticket Indigo to Mumbai urgent Personal spending on transport,Txn: Flight ticket Indigo to Mumbai urgent,Personal spending on transport,transport,2981.17,26,0,0
Online Metro card monthly recharge with card,Online Metro card monthly recharge with card,,transport,1893.57,28,0,0
Quick Notebooks and pens set urgent Monthly education budget expense,Quick Notebooks and pens set urgent,Monthly education budget expense,education,16751.09,11,5,1
Quick Blinkit instant grocery urgent,Quick Blinkit instant grocery urgent,,food,3102.8,24,5,1
Paid for Auto rickshaw cash fare for home Paid via UPI for transport,Paid for Auto rickshaw cash fare for home,Paid via UPI for transport,transport,56.55,25,0,0
Co-living monthly rent via GPay Routine rent item,Co-living monthly rent via GPay,Routine rent item,rent,21490.65,2,3,0
Supermarket food supplies Monthly food budget expense,Supermarket food supplies,Monthly food budget expense,food,1869.43,15,1,0
Spent on College semester tuition fee today Routine education item,Spent on College semester tuition fee today,Routine education item,education,13981.11,27,2,0
Netflix monthly subscription with discount,Netflix monthly subscription with discount,,entertainment,611.6,22,4,0
Online Hotstar subscription plan urgent Paid via UPI for entertainment,Online Hotstar subscription plan urgent,Paid via UPI for entertainment,entertainment,447.78,18,0,0
Paid for Tuition fee for coaching today Personal spending on education,Paid for Tuition fee for coaching today,Personal spending on education,education,21535.06,26,3,0
Spent on GRE / TOEFL exam registration,Spent on GRE / TOEFL exam registration,,education,14157.56,5,6,1
Paid for Haldirams snacks & sweets with discount Personal spending on food,Paid for Haldirams snacks & sweets with discount,Personal spending on food,food,312.05,14,1,0
Purchase at Ayurvedic medicines purchase at store,Purchase at Ayurvedic medicines purchase at store,,health,2743.3,13,5,1
Bill for Flight ticket Indigo to Mumbai with discount Monthly transport budget expense,Bill for Flight ticket Indigo to Mumbai with discount,Monthly transport budget expense,transport,4054.96,6,0,0
Purchase at Gym membership monthly renewal via GPay Routine health item,Purchase at Gym membership monthly renewal via GPay,Routine health item,health,5329.51,7,3,0
Spent on BigBasket weekly vegetables at store Personal spending on food,Spent on BigBasket weekly vegetables at store,Personal spending on food,food,1669.83,1,1,0
Quick Protein powder supplement Paid via UPI for health,Quick Protein powder supplement,Paid via UPI for health,health,2149.42,21,6,1
Spent on Electricity bill payment urgent Routine other item,Spent on Electricity bill payment urgent,Routine other item,other,1529.47,5,6,1
Bill for Doctor consultation fee for home Paid via UPI for health,Bill for Doctor consultation fee for home,Paid via UPI for health,health,1933.99,9,4,0
Online Storage locker monthly rental for home Routine rent item,Online Storage locker monthly rental for home,Routine rent item,rent,36155.38,22,0,0
Purchase at Perfume & cosmetics store via GPay,Purchase at Perfume & cosmetics store via GPay,,shopping,2491.87,15,3,0
Bill for Backpack for travel urgent Paid via UPI for shopping,Bill for Backpack for travel urgent,Paid via UPI for shopping,shopping,16927.63,14,1,0
Txn: H&M summer collection today Paid via UPI for shopping,Txn: H&M summer collection today,Paid via UPI for shopping,shopping,1076.55,26,3,0
Paid for Kindle e-book purchase via GPay Routine education item,Paid for Kindle e-book purchase via GPay,Routine education item,education,9633.79,19,6,1
Spent on Charity donation to NGO Personal spending on other,Spent on Charity donation to NGO,Personal spending on other,other,5712.76,20,4,0
Spent on College semester tuition fee today Personal spending on education,Spent on College semester tuition fee today,Personal spending on education,education,14309.61,1,3,0
Paid for GRE / TOEFL exam registration with discount,Paid for GRE / TOEFL exam registration with discount,,education,23741.33,19,3,0
Bill for Bus pass monthly renewal today,Bill for Bus pass monthly renewal today,,transport,2765.71,20,5,1
Txn: Car wash & detailing at store,Txn: Car wash & detailing at store,,transport,1476.74,24,3,0
Online Technical reference book with discount Personal spending on education,Online Technical reference book with discount,Personal spending on education,education,11547.48,12,6,1
Purchase at Udemy online programming course with card,Purchase at Udemy online programming course with card,,education,6552.19,6,0,0
Paid for Eye checkup and new glasses for home,Paid for Eye checkup and new glasses for home,,health,1761.11,24,1,0
Spent on PG accommodation fee today Monthly rent budget expense,Spent on PG accommodation fee today,Monthly rent budget expense,rent,5393.74,3,2,0
Online Doctor consultation fee today,Online Doctor consultation fee today,,health,1344.99,24,5,1
Purchase at Parking space monthly rent at store Routine rent item,Purchase at Parking space monthly rent at store,Routine rent item,rent,39116.28,24,4,0
Purchase at Flat maintenance charge with card,Purchase at Flat maintenance charge with card,,rent,5667.31,26,4,0
Spent on Laundry dry cleaning with discount,Spent on Laundry dry cleaning with discount,,other,881.13,20,4,0
Bill for Notebooks and pens set today Personal spending on education,Bill for Notebooks and pens set today,Personal spending on education,education,7778.8,10,0,0
Amazon Prime annual membership via GPay Personal spending on entertainment,Amazon Prime annual membership via GPay,Personal spending on entertainment,entertainment,853.12,1,4,0
Quick Legal notary & document stamps with card Routine other item,Quick Legal notary & document stamps with card,Routine other item,other,3772.07,18,4,0
College semester tuition fee for home Personal spending on education,College semester tuition fee for home,Personal spending on education,education,10355.71,1,0,0
Txn: Pet food and veterinary care Paid via UPI for other,Txn: Pet food and veterinary care,Paid via UPI for other,other,2746.56,14,0,0
Bill for Language learning app subscription with discount Routine education item,Bill for Language learning app subscription with discount,Routine education item,education,4246.07,28,6,1
Txn: Dinner with friends at restaurant urgent Monthly food budget expense,Txn: Dinner with friends at restaurant urgent,Monthly food budget expense,food,1778.74,23,1,0
Paid for Steam video game purchase at store,Paid for Steam video game purchase at store,,entertainment,1549.54,11,6,1
Coursera specialization certification Paid via UPI for education,Coursera specialization certification,Paid via UPI for education,education,12656.41,7,5,1
Online Metro card monthly recharge for home Paid via UPI for transport,Online Metro card monthly recharge for home,Paid via UPI for transport,transport,326.39,3,6,1
Spent on Ola auto ride for home,Spent on Ola auto ride for home,,transport,3758.3,20,5,1
Txn: Quarterly rent transfer to landlord with discount Paid via UPI for rent,Txn: Quarterly rent transfer to landlord with discount,Paid via UPI for rent,rent,12735.05,2,1,0
Purchase at Cult.fit fitness pass urgent Paid via UPI for health,Purchase at Cult.fit fitness pass urgent,Paid via UPI for health,health,2345.48,10,4,0
Online Zepto milk and eggs today,Online Zepto milk and eggs today,,food,206.77,14,6,1
Bill for Train ticket booking IRCTC with card Monthly transport budget expense,Bill for Train ticket booking IRCTC with card,Monthly transport budget expense,transport,4157.37,23,6,1
Bill for Legal notary & document stamps with card,Bill for Legal notary & document stamps with card,,other,4686.61,3,6,1
Bill for Broadband WiFi internet bill with card Personal spending on other,Bill for Broadband WiFi internet bill with card,Personal spending on other,other,2951.6,22,1,0
Purchase at BookMyShow movie tickets for home Routine entertainment item,Purchase at BookMyShow movie tickets for home,Routine entertainment item,entertainment,1273.26,2,4,0
Bill for Security deposit installment,Bill for Security deposit installment,,rent,18772.53,24,0,0
Online Room rent for current month urgent,Online Room rent for current month urgent,,rent,15849.94,13,5,1
Paid for Steam video game purchase today Paid via UPI for entertainment,Paid for Steam video game purchase today,Paid via UPI for entertainment,entertainment,330.34,27,3,0
Purchase at McDonald's burger meal Monthly food budget expense,Purchase at McDonald's burger meal,Monthly food budget expense,food,2106.87,23,2,0
Paid for Bowling & gaming arcade urgent Personal spending on entertainment,Paid for Bowling & gaming arcade urgent,Personal spending on entertainment,entertainment,2957.18,20,6,1
Paid for Rapido bike taxi,Paid for Rapido bike taxi,,transport,3080.33,13,3,0
Txn: Ola auto ride for home,Txn: Ola auto ride for home,,transport,4123.26,18,3,0
Online Apollo Pharmacy medicines Routine health item,Online Apollo Pharmacy medicines,Routine health item,health,1382.1,6,4,0
Quick BookMyShow movie tickets urgent,Quick BookMyShow movie tickets urgent,,entertainment,2137.43,7,6,1
Bill for IKEA home furniture today Monthly shopping budget expense,Bill for IKEA home furniture today,Monthly shopping budget expense,shopping,2725.86,7,4,0
Purchase at Courier speed post delivery,Purchase at Courier speed post delivery,,other,3068.51,2,6,1
Coding bootcamp installment with discount Monthly education budget expense,Coding bootcamp installment with discount,Monthly education budget expense,education,24813.8,20,1,0
Paid for Dominos pizza party urgent Monthly food budget expense,Paid for Dominos pizza party urgent,Monthly food budget expense,food,3045.91,3,1,0
Quick Airport cab taxi fare with card,Quick Airport cab taxi fare with card,,transport,478.31,9,4,0
Bill for Spotify premium music renewal via GPay Personal spending on entertainment,Bill for Spotify premium music renewal via GPay,Personal spending on entertainment,entertainment,2440.76,6,5,1
Quick House rent payment via UPI Paid via UPI for rent,Quick House rent payment via UPI,Paid via UPI for rent,rent,16810.74,26,5,1
Diesel filling for car for home Paid via UPI for transport,Diesel filling for car for home,Paid via UPI for transport,transport,1055.21,22,0,0
Purchase at Gardening plants and soil for home Routine other item,Purchase at Gardening plants and soil for home,Routine other item,other,4295.89,16,5,1
Txn: KFC chicken bucket with card Monthly food budget expense,Txn: KFC chicken bucket with card,Monthly food budget expense,food,1620.02,10,3,0
Bill for Brokerage fee for apartment at store Paid via UPI for rent,Bill for Brokerage fee for apartment at store,Paid via UPI for rent,rent,28063.16,26,3,0
Spent on GRE / TOEFL exam registration today Routine education item,Spent on GRE / TOEFL exam registration today,Routine education item,education,4904.33,23,6,1
Tuition fee for coaching for home Monthly education budget expense,Tuition fee for coaching for home,Monthly education budget expense,education,6185.42,5,5,1
Purchase at Coursera specialization certification Paid via UPI for education,Purchase at Coursera specialization certification,Paid via UPI for education,education,3677.76,27,4,0
Txn: Electricity bill payment today Monthly other budget expense,Txn: Electricity bill payment today,Monthly other budget expense,other,3149.93,11,6,1
Txn: Street food evening snacks Personal spending on food,Txn: Street food evening snacks,Personal spending on food,food,1459.25,14,6,1
Groceries at Reliance Smart via GPay Monthly food budget expense,Groceries at Reliance Smart via GPay,Monthly food budget expense,food,2590.56,21,5,1
Kindle e-book purchase with card Personal spending on education,Kindle e-book purchase with card,Personal spending on education,education,767.26,19,0,0
PG accommodation fee at store Personal spending on rent,PG accommodation fee at store,Personal spending on rent,rent,30563.78,12,1,0
Bill for Barbeque Nation buffet via GPay Paid via UPI for food,Bill for Barbeque Nation buffet via GPay,Paid via UPI for food,food,2447.33,25,2,0
Txn: Pet food and veterinary care with card Personal spending on other,Txn: Pet food and veterinary care with card,Personal spending on other,other,3489.42,13,0,0
Biryani takeaway via GPay Paid via UPI for food,Biryani takeaway via GPay,Paid via UPI for food,food,3037.08,12,6,1
Bill for Courier speed post delivery urgent,Bill for Courier speed post delivery urgent,,other,4886.79,5,0,0
Purchase at Bowling & gaming arcade urgent Personal spending on entertainment,Purchase at Bowling & gaming arcade urgent,Personal spending on entertainment,entertainment,2791.97,17,0,0
Security deposit installment with card,Security deposit installment with card,,rent,33734.65,13,2,0
Purchase at PlayStation PS Plus subscription urgent Paid via UPI for entertainment,Purchase at PlayStation PS Plus subscription urgent,Paid via UPI for entertainment,entertainment,2333.61,13,1,0
Spent on Bike maintenance and repair with card Paid via UPI for transport,Spent on Bike maintenance and repair with card,Paid via UPI for transport,transport,2245.29,2,2,0
GRE / TOEFL exam registration at store Paid via UPI for education,GRE / TOEFL exam registration at store,Paid via UPI for education,education,24252.9,4,6,1
Spent on Academic journal access fee urgent Monthly education budget expense,Spent on Academic journal access fee urgent,Monthly education budget expense,education,13772.68,15,0,0
Spent on Protein powder supplement today Paid via UPI for health,Spent on Protein powder supplement today,Paid via UPI for health,health,7234.02,1,1,0
Paid for Casual t-shirt and hoodie for home Monthly shopping budget expense,Paid for Casual t-shirt and hoodie for home,Monthly shopping budget expense,shopping,9269.83,3,2,0
Paid for Amazon online purchase with discount Monthly shopping budget expense,Paid for Amazon online purchase with discount,Monthly shopping budget expense,shopping,4455.03,14,3,0
Quick Room rent for current month Paid via UPI for rent,Quick Room rent for current month,Paid via UPI for rent,rent,18874.44,19,0,0
Spent on Amazon Prime annual membership urgent Personal spending on entertainment,Spent on Amazon Prime annual membership urgent,Personal spending on entertainment,entertainment,1045.52,8,4,0
Online Bowling & gaming arcade urgent Paid via UPI for entertainment,Online Bowling & gaming arcade urgent,Paid via UPI for entertainment,entertainment,357.58,9,5,1
Paid for PlayStation PS Plus subscription for home Paid via UPI for entertainment,Paid for PlayStation PS Plus subscription for home,Paid via UPI for entertainment,entertainment,2144.0,19,0,0
Paid for Standup comedy show ticket with card,Paid for Standup comedy show ticket with card,,entertainment,2323.48,21,4,0
Purchase at GRE / TOEFL exam registration today Paid via UPI for education,Purchase at GRE / TOEFL exam registration today,Paid via UPI for education,education,14727.62,11,3,0
Txn: Security deposit installment at store,Txn: Security deposit installment at store,,rent,40244.27,16,2,0
House cleaning service Urban Company for home Monthly other budget expense,House cleaning service Urban Company for home,Monthly other budget expense,other,4151.32,25,1,0
Online Winter jacket shopping with card Personal spending on shopping,Online Winter jacket shopping with card,Personal spending on shopping,shopping,9940.27,28,0,0
Spent on Quarterly rent transfer to landlord via GPay Routine rent item,Spent on Quarterly rent transfer to landlord via GPay,Routine rent item,rent,6021.34,14,3,0
Txn: Apple store accessories via GPay,Txn: Apple store accessories via GPay,,shopping,12547.58,23,3,0
Txn: H&M summer collection today Monthly shopping budget expense,Txn: H&M summer collection today,Monthly shopping budget expense,shopping,5488.09,6,6,1
Txn: Car servicing & oil change via GPay Paid via UPI for transport,Txn: Car servicing & oil change via GPay,Paid via UPI for transport,transport,3678.87,13,4,0
Spent on Flight ticket Indigo to Mumbai with discount Personal spending on transport,Spent on Flight ticket Indigo to Mumbai with discount,Personal spending on transport,transport,2156.62,20,5,1
Bill for Train ticket booking IRCTC via GPay Personal spending on transport,Bill for Train ticket booking IRCTC via GPay,Personal spending on transport,transport,257.97,22,1,0
Purchase at Blinkit instant grocery,Purchase at Blinkit instant grocery,,food,340.57,7,1,0
Purchase at Auto rickshaw cash fare urgent Routine transport item,Purchase at Auto rickshaw cash fare urgent,Routine transport item,transport,665.44,16,5,1
Spent on Quarterly rent transfer to landlord Paid via UPI for rent,Spent on Quarterly rent transfer to landlord,Paid via UPI for rent,rent,36987.82,11,6,1
Bill for BookMyShow movie tickets urgent Personal spending on entertainment,Bill for BookMyShow movie tickets urgent,Personal spending on entertainment,entertainment,2131.81,13,0,0
Quick Laundry dry cleaning with card Personal spending on other,Quick Laundry dry cleaning with card,Personal spending on other,other,1290.26,4,0,0
Purchase at Street food evening snacks at store Personal spending on food,Purchase at Street food evening snacks at store,Personal spending on food,food,841.44,6,6,1
Spent on Notebooks and pens set via GPay Paid via UPI for education,Spent on Notebooks and pens set via GPay,Paid via UPI for education,education,12572.19,15,1,0
Quick Myntra clothes shopping Paid via UPI for shopping,Quick Myntra clothes shopping,Paid via UPI for shopping,shopping,17206.97,10,5,1
Online Electricity bill payment Routine other item,Online Electricity bill payment,Routine other item,other,1323.28,2,1,0
Web development workshop fee for home Personal spending on education,Web development workshop fee for home,Personal spending on education,education,15551.5,20,4,0
Purchase at Gym membership monthly renewal with card Monthly health budget expense,Purchase at Gym membership monthly renewal with card,Monthly health budget expense,health,5877.82,21,3,0
Spent on Doctor consultation fee with discount Paid via UPI for health,Spent on Doctor consultation fee with discount,Paid via UPI for health,health,2307.94,16,6,1
Quick Hotstar subscription plan with discount Routine entertainment item,Quick Hotstar subscription plan with discount,Routine entertainment item,entertainment,1376.11,19,0,0
Spent on Academic journal access fee Personal spending on education,Spent on Academic journal access fee,Personal spending on education,education,21147.7,23,3,0
Bill for Backpack for travel today Routine shopping item,Bill for Backpack for travel today,Routine shopping item,shopping,15941.47,14,5,1
Online Society maintenance bill urgent Paid via UPI for rent,Online Society maintenance bill urgent,Paid via UPI for rent,rent,17602.45,21,4,0
Txn: Zara shirt and jeans with discount,Txn: Zara shirt and jeans with discount,,shopping,13574.68,23,2,0
Quick Society maintenance bill,Quick Society maintenance bill,,rent,28571.09,11,6,1
Purchase at Netflix monthly subscription at store Paid via UPI for entertainment,Purchase at Netflix monthly subscription at store,Paid via UPI for entertainment,entertainment,599.33,25,6,1
Txn: Kindle e-book purchase via GPay Personal spending on education,Txn: Kindle e-book purchase via GPay,Personal spending on education,education,3727.94,19,2,0
Spent on Coursera specialization certification with card,Spent on Coursera specialization certification with card,,education,4344.39,19,5,1
Paid for Office space rent share for home,Paid for Office space rent share for home,,rent,29636.71,11,1,0
Apollo Pharmacy medicines with card Paid via UPI for health,Apollo Pharmacy medicines with card,Paid via UPI for health,health,1623.13,14,5,1
Txn: Diesel filling for car urgent Routine transport item,Txn: Diesel filling for car urgent,Routine transport item,transport,4228.76,6,6,1
Quick Car servicing & oil change with discount Paid via UPI for transport,Quick Car servicing & oil change with discount,Paid via UPI for transport,transport,3372.03,3,6,1
Txn: Diesel filling for car with discount,Txn: Diesel filling for car with discount,,transport,2390.08,21,3,0
Purchase at Pizza Hut dinner with card Monthly food budget expense,Purchase at Pizza Hut dinner with card,Monthly food budget expense,food,1431.21,13,5,1
Txn: Storage locker monthly rental urgent Routine rent item,Txn: Storage locker monthly rental urgent,Routine rent item,rent,28021.38,13,2,0
Quick Home repair and plumbing Routine other item,Quick Home repair and plumbing,Routine other item,other,4542.93,17,3,0
Quick Home repair and plumbing at store,Quick Home repair and plumbing at store,,other,5313.2,8,0,0
Txn: LPG gas cylinder refill today Monthly other budget expense,Txn: LPG gas cylinder refill today,Monthly other budget expense,other,4843.51,27,4,0
Quick Subway sub & drink with card Personal spending on food,Quick Subway sub & drink with card,Personal spending on food,food,1418.57,1,0,0
Bill for Skillshare creative subscription for home,Bill for Skillshare creative subscription for home,,education,18444.88,14,2,0
Quick Audible audiobooks for home Routine entertainment item,Quick Audible audiobooks for home,Routine entertainment item,entertainment,1117.11,16,2,0
Purchase at PG accommodation fee with discount Monthly rent budget expense,Purchase at PG accommodation fee with discount,Monthly rent budget expense,rent,22238.14,1,0,0
Online Technical reference book for home Paid via UPI for education,Online Technical reference book for home,Paid via UPI for education,education,13264.5,26,4,0
Toll plaza FASTag recharge for home Paid via UPI for transport,Toll plaza FASTag recharge for home,Paid via UPI for transport,transport,367.25,12,2,0
Spent on PVR cinemas IMAX tickets via GPay Routine entertainment item,Spent on PVR cinemas IMAX tickets via GPay,Routine entertainment item,entertainment,2696.86,9,0,0
Courier speed post delivery via GPay Personal spending on other,Courier speed post delivery via GPay,Personal spending on other,other,4829.89,7,4,0
Quick Tuition fee for coaching Personal spending on education,Quick Tuition fee for coaching,Personal spending on education,education,13057.2,27,2,0
Paid for Broadband WiFi internet bill with discount Personal spending on other,Paid for Broadband WiFi internet bill with discount,Personal spending on other,other,217.29,14,1,0
Purchase at Dinner with friends at restaurant via GPay,Purchase at Dinner with friends at restaurant via GPay,,food,3217.12,21,3,0
Cafe Coffee Day latte for home,Cafe Coffee Day latte for home,,food,2591.87,20,5,1
Purchase at Amazon online purchase with card,Purchase at Amazon online purchase with card,,shopping,4141.6,1,4,0
Paid for Notebooks and pens set with discount,Paid for Notebooks and pens set with discount,,education,15110.82,16,1,0
Spent on Health insurance premium urgent Routine health item,Spent on Health insurance premium urgent,Routine health item,health,1054.22,13,4,0
Hospital OPD registration urgent Monthly health budget expense,Hospital OPD registration urgent,Monthly health budget expense,health,2678.63,15,1,0
Online Club weekend party entry urgent Monthly entertainment budget expense,Online Club weekend party entry urgent,Monthly entertainment budget expense,entertainment,2965.99,19,2,0
Purchase at Bank transaction charge,Purchase at Bank transaction charge,,other,5340.8,27,5,1
Quick KFC chicken bucket,Quick KFC chicken bucket,,food,689.82,9,2,0
Txn: Ola auto ride with card,Txn: Ola auto ride with card,,transport,1624.3,20,6,1
Purchase at Car servicing & oil change Routine transport item,Purchase at Car servicing & oil change,Routine transport item,transport,2135.47,5,0,0
Online Zara shirt and jeans with discount,Online Zara shirt and jeans with discount,,shopping,8692.5,14,3,0
Paid for YouTube Premium family plan urgent Paid via UPI for entertainment,Paid for YouTube Premium family plan urgent,Paid via UPI for entertainment,entertainment,385.81,24,2,0
Bus pass monthly renewal via GPay Routine transport item,Bus pass monthly renewal via GPay,Routine transport item,transport,3783.99,26,5,1
Purchase at Online test series subscription with card Personal spending on education,Purchase at Online test series subscription with card,Personal spending on education,education,14478.08,8,5,1
Quick Nike running shoes Routine shopping item,Quick Nike running shoes,Routine shopping item,shopping,13368.18,24,4,0
Purchase at Online test series subscription via GPay Paid via UPI for education,Purchase at Online test series subscription via GPay,Paid via UPI for education,education,11751.0,10,4,0
Online Zara shirt and jeans at store Paid via UPI for shopping,Online Zara shirt and jeans at store,Paid via UPI for shopping,shopping,12716.37,13,1,0
Bill for Myntra clothes shopping with card,Bill for Myntra clothes shopping with card,,shopping,17678.38,26,6,1
Spent on Co-living monthly rent urgent Paid via UPI for rent,Spent on Co-living monthly rent urgent,Paid via UPI for rent,rent,36157.58,27,2,0
Quick Bowling & gaming arcade Personal spending on entertainment,Quick Bowling & gaming arcade,Personal spending on entertainment,entertainment,2813.91,8,1,0
Txn: LPG gas cylinder refill with discount,Txn: LPG gas cylinder refill with discount,,other,802.38,17,4,0
Spent on Subway sub & drink at store,Spent on Subway sub & drink at store,,food,1713.76,2,0,0
Purchase at Skillshare creative subscription with discount,Purchase at Skillshare creative subscription with discount,,education,1861.96,9,6,1
Bill for ATM cash withdrawal unaccounted urgent Paid via UPI for other,Bill for ATM cash withdrawal unaccounted urgent,Paid via UPI for other,other,516.55,14,3,0
Txn: Amusement park entry ticket with card,Txn: Amusement park entry ticket with card,,entertainment,2968.72,18,4,0
Txn: Juice center fresh juice with discount Routine food item,Txn: Juice center fresh juice with discount,Routine food item,food,1857.96,19,0,0
Audible audiobooks urgent,Audible audiobooks urgent,,entertainment,1234.23,25,5,1
Quick College semester tuition fee at store,Quick College semester tuition fee at store,,education,12884.94,17,3,0
Books and stationery store via GPay Paid via UPI for education,Books and stationery store via GPay,Paid via UPI for education,education,24007.34,13,0,0
Quick Train ticket booking IRCTC with card,Quick Train ticket booking IRCTC with card,,transport,852.81,1,5,1
Paid for BookMyShow movie tickets via GPay,Paid for BookMyShow movie tickets via GPay,,entertainment,2799.44,17,5,1
Paid for Academic journal access fee via GPay Monthly education budget expense,Paid for Academic journal access fee via GPay,Monthly education budget expense,education,20479.06,21,6,1
Quick Electricity bill payment today,Quick Electricity bill payment today,,other,4320.08,2,6,1
Online Monthly apartment rent via GPay Personal spending on rent,Online Monthly apartment rent via GPay,Personal spending on rent,rent,13777.84,19,4,0
Txn: Airport cab taxi fare at store,Txn: Airport cab taxi fare at store,,transport,1273.31,22,6,1
Purchase at Notebooks and pens set with discount Personal spending on education,Purchase at Notebooks and pens set with discount,Personal spending on education,education,23072.27,23,2,0
Online Oatmeal and cereal pack for home,Online Oatmeal and cereal pack for home,,food,1675.62,14,6,1
Bill for Apple store accessories for home Monthly shopping budget expense,Bill for Apple store accessories for home,Monthly shopping budget expense,shopping,12553.1,26,3,0
Paid for Bank transaction charge via GPay Personal spending on other,Paid for Bank transaction charge via GPay,Personal spending on other,other,5055.2,4,2,0
Amusement park entry ticket for home Monthly entertainment budget expense,Amusement park entry ticket for home,Monthly entertainment budget expense,entertainment,1431.38,12,1,0
Online Security deposit installment at store Routine rent item,Online Security deposit installment at store,Routine rent item,rent,25663.13,9,0,0
Txn: Vitamin D & Calcium tablets with card Routine health item,Txn: Vitamin D & Calcium tablets with card,Routine health item,health,7780.5,3,2,0
Paid for Broadband WiFi internet bill via GPay Routine other item,Paid for Broadband WiFi internet bill via GPay,Routine other item,other,5623.63,28,0,0
Online Perfume & cosmetics store with card Paid via UPI for shopping,Online Perfume & cosmetics store with card,Paid via UPI for shopping,shopping,6107.67,27,6,1
Storage locker monthly rental with discount Paid via UPI for rent,Storage locker monthly rental with discount,Paid via UPI for rent,rent,40133.66,20,3,0
Txn: Subway sub & drink urgent Routine food item,Txn: Subway sub & drink urgent,Routine food item,food,2838.52,12,3,0
Quick Ayurvedic medicines purchase with discount Routine health item,Quick Ayurvedic medicines purchase with discount,Routine health item,health,4681.14,1,6,1
Quick Watch purchase at Titan urgent Monthly shopping budget expense,Quick Watch purchase at Titan urgent,Monthly shopping budget expense,shopping,14733.5,14,1,0
Online Car servicing & oil change at store,Online Car servicing & oil change at store,,transport,3424.8,22,1,0
Online Room rent for current month for home Personal spending on rent,Online Room rent for current month for home,Personal spending on rent,rent,23120.24,20,5,1
Txn: EV charging station fee with card,Txn: EV charging station fee with card,,transport,2315.25,25,5,1
Spent on Flipkart electronics sale with card Routine shopping item,Spent on Flipkart electronics sale with card,Routine shopping item,shopping,6233.11,23,5,1
Txn: Cult.fit fitness pass at store Monthly health budget expense,Txn: Cult.fit fitness pass at store,Monthly health budget expense,health,1565.39,13,6,1
Bill for BookMyShow movie tickets urgent,Bill for BookMyShow movie tickets urgent,,entertainment,1704.66,14,6,1
Online Udemy online programming course at store Paid via UPI for education,Online Udemy online programming course at store,Paid via UPI for education,education,7846.63,28,3,0
Spent on First aid kit supplies with card,Spent on First aid kit supplies with card,,health,2893.94,12,4,0
Online Dental clinic root canal visit urgent,Online Dental clinic root canal visit urgent,,health,5977.64,4,3,0
Co-living monthly rent for home Personal spending on rent,Co-living monthly rent for home,Personal spending on rent,rent,5525.12,6,0,0
Paid for Hostel fees payment urgent Monthly rent budget expense,Paid for Hostel fees payment urgent,Monthly rent budget expense,rent,40649.61,8,6,1
Online Ayurvedic medicines purchase today Monthly health budget expense,Online Ayurvedic medicines purchase today,Monthly health budget expense,health,5652.59,23,4,0
Online Medplus health supplements with discount Personal spending on health,Online Medplus health supplements with discount,Personal spending on health,health,2444.85,19,6,1
Quick Interstate Volvo bus ticket urgent Personal spending on transport,Quick Interstate Volvo bus ticket urgent,Personal spending on transport,transport,3006.75,7,6,1
Quick Subway sub & drink for home Monthly food budget expense,Quick Subway sub & drink for home,Monthly food budget expense,food,3396.05,19,5,1
Spent on Online test series subscription with card Personal spending on education,Spent on Online test series subscription with card,Personal spending on education,education,14166.4,14,3,0
Paid for ATM cash withdrawal unaccounted today Paid via UPI for other,Paid for ATM cash withdrawal unaccounted today,Paid via UPI for other,other,5940.69,14,0,0
Bill for KFC chicken bucket today Routine food item,Bill for KFC chicken bucket today,Routine food item,food,3213.61,6,6,1
Spent on KFC chicken bucket via GPay Personal spending on food,Spent on KFC chicken bucket via GPay,Personal spending on food,food,2418.57,9,4,0
Txn: Grocery shopping at DMart with discount,Txn: Grocery shopping at DMart with discount,,food,3405.19,8,3,0
Pet food and veterinary care with card Paid via UPI for other,Pet food and veterinary care with card,Paid via UPI for other,other,2898.68,20,0,0
Purchase at Amazon Prime annual membership urgent Monthly entertainment budget expense,Purchase at Amazon Prime annual membership urgent,Monthly entertainment budget expense,entertainment,2479.72,9,2,0
Txn: Local bakery bread and cake at store Routine food item,Txn: Local bakery bread and cake at store,Routine food item,food,2745.8,3,3,0
Bill for First aid kit supplies today Personal spending on health,Bill for First aid kit supplies today,Personal spending on health,health,7077.12,28,6,1
Academic journal access fee with card Personal spending on education,Academic journal access fee with card,Personal spending on education,education,13964.39,16,6,1
Txn: Airport cab taxi fare with card Routine transport item,Txn: Airport cab taxi fare with card,Routine transport item,transport,2575.87,24,5,1
Bill for Tuition fee for coaching for home Personal spending on education,Bill for Tuition fee for coaching for home,Personal spending on education,education,14774.45,21,1,0
Quick ATM cash withdrawal unaccounted urgent Routine other item,Quick ATM cash withdrawal unaccounted urgent,Routine other item,other,4890.17,20,0,0
Bill for Supermarket food supplies Routine food item,Bill for Supermarket food supplies,Routine food item,food,3408.07,11,0,0
Purchase at Decathlon sportswear and gear urgent Paid via UPI for shopping,Purchase at Decathlon sportswear and gear urgent,Paid via UPI for shopping,shopping,15800.09,16,1,0
Txn: Interstate Volvo bus ticket Personal spending on transport,Txn: Interstate Volvo bus ticket,Personal spending on transport,transport,1388.07,8,0,0
Purchase at Vitamin D & Calcium tablets today Monthly health budget expense,Purchase at Vitamin D & Calcium tablets today,Monthly health budget expense,health,5903.48,12,5,1
Txn: Courier speed post delivery via GPay Monthly other budget expense,Txn: Courier speed post delivery via GPay,Monthly other budget expense,other,2209.83,9,5,1
Online Tax filing CA consultancy fee for home Personal spending on other,Online Tax filing CA consultancy fee for home,Personal spending on other,other,1360.57,28,5,1
Nature's Basket gourmet items for home Paid via UPI for food,Nature's Basket gourmet items for home,Paid via UPI for food,food,1084.7,16,5,1
Paid for GRE / TOEFL exam registration at store,Paid for GRE / TOEFL exam registration at store,,education,1767.36,26,2,0
Paid for McDonald's burger meal with discount Monthly food budget expense,Paid for McDonald's burger meal with discount,Monthly food budget expense,food,3381.8,10,1,0
Paid for Room rent for current month with card Paid via UPI for rent,Paid for Room rent for current month with card,Paid via UPI for rent,rent,15006.83,16,4,0
Paid for College semester tuition fee,Paid for College semester tuition fee,,education,12403.67,3,4,0
Water utility bill today Routine other item,Water utility bill today,Routine other item,other,3822.08,14,2,0
Online Car servicing & oil change,Online Car servicing & oil change,,transport,1859.13,21,6,1
Quick Subway sub & drink at store Monthly food budget expense,Quick Subway sub & drink at store,Monthly food budget expense,food,946.04,12,2,0
Bus pass monthly renewal today Personal spending on transport,Bus pass monthly renewal today,Personal spending on transport,transport,197.92,7,0,0
Quick Auto rickshaw cash fare for home Routine transport item,Quick Auto rickshaw cash fare for home,Routine transport item,transport,4396.79,23,0,0
Spent on Amazon Prime annual membership urgent Monthly entertainment budget expense,Spent on Amazon Prime annual membership urgent,Monthly entertainment budget expense,entertainment,2274.26,10,6,1
Quick Uber cab ride to office today Monthly transport budget expense,Quick Uber cab ride to office today,Monthly transport budget expense,transport,2187.78,11,0,0
Spent on Health insurance premium Paid via UPI for health,Spent on Health insurance premium,Paid via UPI for health,health,944.5,14,1,0
Spent on Backpack for travel via GPay Personal spending on shopping,Spent on Backpack for travel via GPay,Personal spending on shopping,shopping,2788.03,9,0,0
Txn: Lunch thali at office canteen via GPay Personal spending on food,Txn: Lunch thali at office canteen via GPay,Personal spending on food,food,742.56,2,2,0
College semester tuition fee with card,College semester tuition fee with card,,education,24041.53,25,0,0
Txn: House rent payment via UPI urgent Personal spending on rent,Txn: House rent payment via UPI urgent,Personal spending on rent,rent,26367.4,8,4,0
Txn: Flat maintenance charge via GPay,Txn: Flat maintenance charge via GPay,,rent,19544.69,13,0,0
Txn: Nike running shoes urgent Paid via UPI for shopping,Txn: Nike running shoes urgent,Paid via UPI for shopping,shopping,6305.42,22,2,0
Txn: Amazon Prime annual membership urgent Paid via UPI for entertainment,Txn: Amazon Prime annual membership urgent,Paid via UPI for entertainment,entertainment,719.06,10,6,1
Quick Protein powder supplement,Quick Protein powder supplement,,health,1551.45,17,3,0
Purchase at Books and stationery store via GPay,Purchase at Books and stationery store via GPay,,education,18762.61,12,1,0
Online Web development workshop fee with discount Personal spending on education,Online Web development workshop fee with discount,Personal spending on education,education,15814.63,9,5,1
Online Hotstar subscription plan at store Monthly entertainment budget expense,Online Hotstar subscription plan at store,Monthly entertainment budget expense,entertainment,1196.75,11,5,1
Quick Airport cab taxi fare for home,Quick Airport cab taxi fare for home,,transport,3672.63,28,0,0
Quick Dermatologist skin treatment via GPay Personal spending on health,Quick Dermatologist skin treatment via GPay,Personal spending on health,health,3083.91,28,5,1
Quick Oatmeal and cereal pack urgent Paid via UPI for food,Quick Oatmeal and cereal pack urgent,Paid via UPI for food,food,475.67,26,2,0
Quick IKEA home furniture for home Paid via UPI for shopping,Quick IKEA home furniture for home,Paid via UPI for shopping,shopping,3202.87,25,2,0
Bill for GRE / TOEFL exam registration at store,Bill for GRE / TOEFL exam registration at store,,education,8781.9,19,5,1
Bill for College semester tuition fee at store Personal spending on education,Bill for College semester tuition fee at store,Personal spending on education,education,4274.51,23,6,1
Spent on Coding bootcamp installment urgent Paid via UPI for education,Spent on Coding bootcamp installment urgent,Paid via UPI for education,education,3028.92,3,1,0
Txn: Legal notary & document stamps at store Personal spending on other,Txn: Legal notary & document stamps at store,Personal spending on other,other,2011.49,22,2,0
Bill for Technical reference book today,Bill for Technical reference book today,,education,6534.85,1,3,0
Spent on Hostel fees payment urgent,Spent on Hostel fees payment urgent,,rent,27620.27,21,1,0
Paid for Hostel fees payment for home,Paid for Hostel fees payment for home,,rent,39417.77,3,0,0
Txn: Tuition fee for coaching with discount Personal spending on education,Txn: Tuition fee for coaching with discount,Personal spending on education,education,2664.51,1,3,0
Spent on Winter jacket shopping today Personal spending on shopping,Spent on Winter jacket shopping today,Personal spending on shopping,shopping,1437.18,25,6,1
Purchase at Blinkit instant grocery today,Purchase at Blinkit instant grocery today,,food,2873.07,23,0,0
Purchase at Airport cab taxi fare at store Monthly transport budget expense,Purchase at Airport cab taxi fare at store,Monthly transport budget expense,transport,574.32,10,3,0
Purchase at Sunglasses purchase with discount Routine shopping item,Purchase at Sunglasses purchase with discount,Routine shopping item,shopping,7384.75,21,2,0
Spent on Car wash & detailing today Routine transport item,Spent on Car wash & detailing today,Routine transport item,transport,3798.89,12,6,1
Txn: Books and stationery store with card,Txn: Books and stationery store with card,,education,11769.69,28,6,1
Txn: Apollo Pharmacy medicines today Routine health item,Txn: Apollo Pharmacy medicines today,Routine health item,health,6601.14,17,6,1
Paid for Office space rent share via GPay Paid via UPI for rent,Paid for Office space rent share via GPay,Paid via UPI for rent,rent,30681.25,23,2,0
Quick Mobile postpaid monthly bill with discount Monthly other budget expense,Quick Mobile postpaid monthly bill with discount,Monthly other budget expense,other,5938.49,14,5,1
Bill for Apple store accessories at store Monthly shopping budget expense,Bill for Apple store accessories at store,Monthly shopping budget expense,shopping,10961.45,4,3,0
Bill for PG accommodation fee Personal spending on rent,Bill for PG accommodation fee,Personal spending on rent,rent,9543.54,19,4,0
Paid for Doctor consultation fee at store Routine health item,Paid for Doctor consultation fee at store,Routine health item,health,1966.09,9,1,0
Online Legal notary & document stamps at store Routine other item,Online Legal notary & document stamps at store,Routine other item,other,5746.29,18,6,1
Society maintenance bill urgent Monthly rent budget expense,Society maintenance bill urgent,Monthly rent budget expense,rent,8544.44,3,6,1
Txn: Coding bootcamp installment Routine education item,Txn: Coding bootcamp installment,Routine education item,education,2309.95,18,0,0
Hostel fees payment urgent,Hostel fees payment urgent,,rent,28133.68,22,5,1
Parking space monthly rent Personal spending on rent,Parking space monthly rent,Personal spending on rent,rent,38936.83,2,1,0
Quick Academic journal access fee with card,Quick Academic journal access fee with card,,education,10402.26,2,5,1
Water tanker for society at store Monthly rent budget expense,Water tanker for society at store,Monthly rent budget expense,rent,16679.12,28,6,1
Bill for Decathlon sportswear and gear urgent Personal spending on shopping,Bill for Decathlon sportswear and gear urgent,Personal spending on shopping,shopping,10141.9,2,1,0
Paid for PlayStation PS Plus subscription today Paid via UPI for entertainment,Paid for PlayStation PS Plus subscription today,Paid via UPI for entertainment,entertainment,370.93,19,5,1
Paid for Co-living monthly rent at store Paid via UPI for rent,Paid for Co-living monthly rent at store,Paid via UPI for rent,rent,41831.23,2,0,0
Paid for Audible audiobooks with card Monthly entertainment budget expense,Paid for Audible audiobooks with card,Monthly entertainment budget expense,entertainment,2413.79,7,1,0
Purchase at Quarterly rent transfer to landlord Routine rent item,Purchase at Quarterly rent transfer to landlord,Routine rent item,rent,44854.35,15,5,1
Paid for Local bakery bread and cake urgent Personal spending on food,Paid for Local bakery bread and cake urgent,Personal spending on food,food,431.01,27,4,0
Bill for Courier speed post delivery via GPay Monthly other budget expense,Bill for Courier speed post delivery via GPay,Monthly other budget expense,other,5460.97,25,4,0
Online Watch purchase at Titan for home Routine shopping item,Online Watch purchase at Titan for home,Routine shopping item,shopping,9039.13,28,3,0
Paid for Kitchen cookware set at store Monthly shopping budget expense,Paid for Kitchen cookware set at store,Monthly shopping budget expense,shopping,10152.3,2,5,1
Paid for Courier speed post delivery today,Paid for Courier speed post delivery today,,other,820.47,10,1,0
Paid for H&M summer collection for home Monthly shopping budget expense,Paid for H&M summer collection for home,Monthly shopping budget expense,shopping,5397.68,3,5,1
Bill for Myntra clothes shopping at store Paid via UPI for shopping,Bill for Myntra clothes shopping at store,Paid via UPI for shopping,shopping,6234.33,20,5,1
Spent on Notebooks and pens set today,Spent on Notebooks and pens set today,,education,2126.58,9,6,1
Spent on Amusement park entry ticket for home Paid via UPI for entertainment,Spent on Amusement park entry ticket for home,Paid via UPI for entertainment,entertainment,690.58,24,2,0
Spent on Monthly apartment rent for home Monthly rent budget expense,Spent on Monthly apartment rent for home,Monthly rent budget expense,rent,16319.83,23,3,0
Bill for Hospital OPD registration today Routine health item,Bill for Hospital OPD registration today,Routine health item,health,3245.33,17,4,0
Flipkart electronics sale for home Routine shopping item,Flipkart electronics sale for home,Routine shopping item,shopping,2265.02,14,3,0
Txn: Club weekend party entry for home,Txn: Club weekend party entry for home,,entertainment,1218.74,10,1,0
Paid for EV charging station fee with discount Paid via UPI for transport,Paid for EV charging station fee with discount,Paid via UPI for transport,transport,744.48,5,6,1
Bill for Club weekend party entry Monthly entertainment budget expense,Bill for Club weekend party entry,Monthly entertainment budget expense,entertainment,924.43,16,0,0
Purchase at BigBasket weekly vegetables urgent Personal spending on food,Purchase at BigBasket weekly vegetables urgent,Personal spending on food,food,495.96,1,6,1
Quick Technical reference book via GPay,Quick Technical reference book via GPay,,education,6885.85,15,6,1
Water tanker for society Paid via UPI for rent,Water tanker for society,Paid via UPI for rent,rent,43736.59,14,4,0
Paid for Zepto milk and eggs with discount Personal spending on food,Paid for Zepto milk and eggs with discount,Personal spending on food,food,578.25,1,3,0
Txn: College semester tuition fee with card Personal spending on education,Txn: College semester tuition fee with card,Personal spending on education,education,3481.13,5,1,0
Spent on Interstate Volvo bus ticket via GPay Personal spending on transport,Spent on Interstate Volvo bus ticket via GPay,Personal spending on transport,transport,828.7,10,0,0
Bill for Dermatologist skin treatment via GPay Routine health item,Bill for Dermatologist skin treatment via GPay,Routine health item,health,4302.87,20,4,0
Doctor consultation fee urgent,Doctor consultation fee urgent,,health,919.7,9,3,0
Bill for Flat maintenance charge with card Personal spending on rent,Bill for Flat maintenance charge with card,Personal spending on rent,rent,33181.24,12,5,1
Txn: Lunch thali at office canteen for home Paid via UPI for food,Txn: Lunch thali at office canteen for home,Paid via UPI for food,food,3389.08,5,1,0
Quick Uber cab ride to office urgent Routine transport item,Quick Uber cab ride to office urgent,Routine transport item,transport,573.59,16,4,0
Txn: Midnight food delivery,Txn: Midnight food delivery,,food,551.38,1,6,1
Purchase at Monthly apartment rent with card Routine rent item,Purchase at Monthly apartment rent with card,Routine rent item,rent,29882.39,8,2,0
Bill for Quarterly rent transfer to landlord via GPay,Bill for Quarterly rent transfer to landlord via GPay,,rent,36465.73,25,0,0
Online Physiotherapy session today Routine health item,Online Physiotherapy session today,Routine health item,health,6438.97,24,5,1
Interstate Volvo bus ticket via GPay,Interstate Volvo bus ticket via GPay,,transport,428.26,22,4,0
Quick Amazon online purchase at store Paid via UPI for shopping,Quick Amazon online purchase at store,Paid via UPI for shopping,shopping,13705.75,18,5,1
Online Organic fruit market with card Monthly food budget expense,Online Organic fruit market with card,Monthly food budget expense,food,2376.6,8,6,1
Txn: Home repair and plumbing today Monthly other budget expense,Txn: Home repair and plumbing today,Monthly other budget expense,other,3617.94,11,6,1
Bill for Amusement park entry ticket with discount,Bill for Amusement park entry ticket with discount,,entertainment,2395.68,19,2,0
Spent on Zepto milk and eggs,Spent on Zepto milk and eggs,,food,2939.31,14,4,0
Bill for Dinner with friends at restaurant via GPay,Bill for Dinner with friends at restaurant via GPay,,food,1877.0,14,0,0
Coursera specialization certification today Paid via UPI for education,Coursera specialization certification today,Paid via UPI for education,education,8622.54,8,1,0
Bill for Home repair and plumbing with discount Monthly other budget expense,Bill for Home repair and plumbing with discount,Monthly other budget expense,other,5372.71,13,2,0
Quick EV charging station fee with card Paid via UPI for transport,Quick EV charging station fee with card,Paid via UPI for transport,transport,4172.67,22,4,0
Society maintenance bill via GPay Monthly rent budget expense,Society maintenance bill via GPay,Monthly rent budget expense,rent,19308.57,17,2,0
Quick Winter jacket shopping via GPay Paid via UPI for shopping,Quick Winter jacket shopping via GPay,Paid via UPI for shopping,shopping,11666.6,10,2,0
Online Protein powder supplement via GPay Monthly health budget expense,Online Protein powder supplement via GPay,Monthly health budget expense,health,2720.25,18,2,0
Spent on Train ticket booking IRCTC urgent Routine transport item,Spent on Train ticket booking IRCTC urgent,Routine transport item,transport,824.78,17,0,0
Paid for Zepto milk and eggs with discount Routine food item,Paid for Zepto milk and eggs with discount,Routine food item,food,2517.9,4,5,1
Txn: Amusement park entry ticket today Routine entertainment item,Txn: Amusement park entry ticket today,Routine entertainment item,entertainment,1880.59,18,2,0
Purchase at Standup comedy show ticket Paid via UPI for entertainment,Purchase at Standup comedy show ticket,Paid via UPI for entertainment,entertainment,1275.07,19,6,1
Spent on Udemy online programming course urgent Paid via UPI for education,Spent on Udemy online programming course urgent,Paid via UPI for education,education,4530.45,2,1,0
Spent on IKEA home furniture for home Routine shopping item,Spent on IKEA home furniture for home,Routine shopping item,shopping,12291.55,12,1,0
Bill for Myntra clothes shopping via GPay Personal spending on shopping,Bill for Myntra clothes shopping via GPay,Personal spending on shopping,shopping,9646.35,2,2,0
Quick KFC chicken bucket today,Quick KFC chicken bucket today,,food,741.31,20,0,0
Paid for Charity donation to NGO with discount Personal spending on other,Paid for Charity donation to NGO with discount,Personal spending on other,other,1843.4,20,1,0
Purchase at Uber cab ride to office with card,Purchase at Uber cab ride to office with card,,transport,1862.36,25,1,0
Txn: Room rent for current month via GPay Paid via UPI for rent,Txn: Room rent for current month via GPay,Paid via UPI for rent,rent,40993.88,20,1,0
Quick Electricity bill payment at store Routine other item,Quick Electricity bill payment at store,Routine other item,other,5918.59,25,0,0
Txn: Zara shirt and jeans via GPay Routine shopping item,Txn: Zara shirt and jeans via GPay,Routine shopping item,shopping,9201.97,18,6,1
Spent on Netflix monthly subscription via GPay Monthly entertainment budget expense,Spent on Netflix monthly subscription via GPay,Monthly entertainment budget expense,entertainment,325.28,22,4,0
Txn: Blinkit instant grocery at store,Txn: Blinkit instant grocery at store,,food,835.36,8,3,0
Mobile postpaid monthly bill Monthly other budget expense,Mobile postpaid monthly bill,Monthly other budget expense,other,443.0,6,5,1
Paid for Board game cafe bill today Routine entertainment item,Paid for Board game cafe bill today,Routine entertainment item,entertainment,608.58,13,5,1
Paid for Dermatologist skin treatment for home,Paid for Dermatologist skin treatment for home,,health,2960.4,10,0,0
Txn: LPG gas cylinder refill Routine other item,Txn: LPG gas cylinder refill,Routine other item,other,1785.36,24,6,1
Txn: H&M summer collection with card Paid via UPI for shopping,Txn: H&M summer collection with card,Paid via UPI for shopping,shopping,17337.77,15,6,1
Bill for Society maintenance bill today Routine rent item,Bill for Society maintenance bill today,Routine rent item,rent,16585.01,27,1,0
Paid for Electricity bill payment urgent Routine other item,Paid for Electricity bill payment urgent,Routine other item,other,5675.39,7,5,1
Paid for Water tanker for society with discount Paid via UPI for rent,Paid for Water tanker for society with discount,Paid via UPI for rent,rent,43961.4,14,5,1
Skillshare creative subscription for home Paid via UPI for education,Skillshare creative subscription for home,Paid via UPI for education,education,4830.66,21,6,1
Spent on Coursera specialization certification Personal spending on education,Spent on Coursera specialization certification,Personal spending on education,education,19701.74,18,0,0
Audible audiobooks today,Audible audiobooks today,,entertainment,2053.77,2,1,0
Paid for Train ticket booking IRCTC with card,Paid for Train ticket booking IRCTC with card,,transport,1789.02,22,3,0
Online Fresh meat and fish store today Personal spending on food,Online Fresh meat and fish store today,Personal spending on food,food,811.2,5,1,0
Paid for Winter jacket shopping for home Monthly shopping budget expense,Paid for Winter jacket shopping for home,Monthly shopping budget expense,shopping,10709.62,28,1,0
Purchase at Academic journal access fee for home Paid via UPI for education,Purchase at Academic journal access fee for home,Paid via UPI for education,education,10644.5,3,0,0
Purchase at Gym membership monthly renewal at store Monthly health budget expense,Purchase at Gym membership monthly renewal at store,Monthly health budget expense,health,368.27,24,1,0
Txn: Laundry dry cleaning via GPay Monthly other budget expense,Txn: Laundry dry cleaning via GPay,Monthly other budget expense,other,5254.84,7,1,0
Bill for Yoga class subscription today Personal spending on health,Bill for Yoga class subscription today,Personal spending on health,health,3163.92,5,3,0
Online Blood test and full body checkup at store Paid via UPI for health,Online Blood test and full body checkup at store,Paid via UPI for health,health,6451.29,14,2,0
Bill for Water tanker for society at store Personal spending on rent,Bill for Water tanker for society at store,Personal spending on rent,rent,41774.0,2,0,0
Purchase at Parking space monthly rent Routine rent item,Purchase at Parking space monthly rent,Routine rent item,rent,37581.0,6,5,1
Purchase at GRE / TOEFL exam registration via GPay Personal spending on education,Purchase at GRE / TOEFL exam registration via GPay,Personal spending on education,education,11060.95,28,2,0
Spent on Parking space monthly rent with discount Routine rent item,Spent on Parking space monthly rent with discount,Routine rent item,rent,12323.15,11,2,0
Online IKEA home furniture for home Routine shopping item,Online IKEA home furniture for home,Routine shopping item,shopping,12238.49,25,3,0
Purchase at Legal notary & document stamps with discount,Purchase at Legal notary & document stamps with discount,,other,3116.72,14,1,0
Purchase at Flight ticket Indigo to Mumbai for home Monthly transport budget expense,Purchase at Flight ticket Indigo to Mumbai for home,Monthly transport budget expense,transport,3745.55,10,3,0
Car servicing & oil change today,Car servicing & oil change today,,transport,2624.75,14,2,0
Bill for Technical reference book with card Monthly education budget expense,Bill for Technical reference book with card,Monthly education budget expense,education,4002.51,28,3,0
Quick EV charging station fee with discount Personal spending on transport,Quick EV charging station fee with discount,Personal spending on transport,transport,847.99,24,2,0
Txn: Juice center fresh juice urgent Routine food item,Txn: Juice center fresh juice urgent,Routine food item,food,2434.67,28,1,0
Paid for PG accommodation fee urgent Routine rent item,Paid for PG accommodation fee urgent,Routine rent item,rent,22483.45,1,1,0
Purchase at Bus pass monthly renewal with discount Monthly transport budget expense,Purchase at Bus pass monthly renewal with discount,Monthly transport budget expense,transport,2103.54,10,2,0
Spent on ATM cash withdrawal unaccounted for home,Spent on ATM cash withdrawal unaccounted for home,,other,785.68,10,5,1
Midnight food delivery at store,Midnight food delivery at store,,food,898.0,17,1,0
Online Society maintenance bill via GPay Personal spending on rent,Online Society maintenance bill via GPay,Personal spending on rent,rent,35966.85,15,5,1
Purchase at Ola auto ride for home Paid via UPI for transport,Purchase at Ola auto ride for home,Paid via UPI for transport,transport,334.94,16,3,0
Quick Electricity bill payment at store Personal spending on other,Quick Electricity bill payment at store,Personal spending on other,other,2501.28,22,1,0
Books and stationery store with card Personal spending on education,Books and stationery store with card,Personal spending on education,education,2149.48,26,6,1
Uber cab ride to office urgent Routine transport item,Uber cab ride to office urgent,Routine transport item,transport,2290.04,5,3,0
Txn: Medplus health supplements at store Paid via UPI for health,Txn: Medplus health supplements at store,Paid via UPI for health,health,3498.3,22,4,0
Spent on Udemy online programming course today Monthly education budget expense,Spent on Udemy online programming course today,Monthly education budget expense,education,12719.25,23,1,0
Bill for Udemy online programming course urgent Routine education item,Bill for Udemy online programming course urgent,Routine education item,education,15361.05,14,4,0
Bill for Uber cab ride to office today Monthly transport budget expense,Bill for Uber cab ride to office today,Monthly transport budget expense,transport,1295.7,4,6,1
Purchase at H&M summer collection for home Monthly shopping budget expense,Purchase at H&M summer collection for home,Monthly shopping budget expense,shopping,13839.32,19,1,0
Spotify premium music renewal with card Routine entertainment item,Spotify premium music renewal with card,Routine entertainment item,entertainment,502.3,10,3,0
Bill for Co-living monthly rent Monthly rent budget expense,Bill for Co-living monthly rent,Monthly rent budget expense,rent,26635.73,7,4,0
Purchase at Nature's Basket gourmet items with card Monthly food budget expense,Purchase at Nature's Basket gourmet items with card,Monthly food budget expense,food,327.03,9,1,0
Quick Room rent for current month today Routine rent item,Quick Room rent for current month today,Routine rent item,rent,40744.99,3,5,1
Txn: Sneakers purchase with card Personal spending on shopping,Txn: Sneakers purchase with card,Personal spending on shopping,shopping,5230.15,16,2,0
Bill for Laundry dry cleaning,Bill for Laundry dry cleaning,,other,1262.8,21,0,0
Quick Water tanker for society for home Paid via UPI for rent,Quick Water tanker for society for home,Paid via UPI for rent,rent,20257.33,4,3,0
Home repair and plumbing with card,Home repair and plumbing with card,,other,5776.19,2,1,0
Quick Water utility bill at store Monthly other budget expense,Quick Water utility bill at store,Monthly other budget expense,other,2954.02,14,0,0
Quick Room rent for current month today,Quick Room rent for current month today,,rent,44238.1,14,0,0
Online Quarterly rent transfer to landlord today,Online Quarterly rent transfer to landlord today,,rent,22541.63,24,5,1
Spent on Apple store accessories today Monthly shopping budget expense,Spent on Apple store accessories today,Monthly shopping budget expense,shopping,1555.84,24,2,0
Txn: Pizza Hut dinner for home Routine food item,Txn: Pizza Hut dinner for home,Routine food item,food,760.82,21,4,0
Bill for Quarterly rent transfer to landlord today Personal spending on rent,Bill for Quarterly rent transfer to landlord today,Personal spending on rent,rent,18085.96,18,2,0
Txn: Casual t-shirt and hoodie at store,Txn: Casual t-shirt and hoodie at store,,shopping,10581.64,25,6,1
Spent on Toll plaza FASTag recharge today Personal spending on transport,Spent on Toll plaza FASTag recharge today,Personal spending on transport,transport,1830.8,4,3,0
Laundry dry cleaning with card,Laundry dry cleaning with card,,other,4119.78,27,2,0
Online GRE / TOEFL exam registration at store Personal spending on education,Online GRE / TOEFL exam registration at store,Personal spending on education,education,604.37,1,1,0
Spent on PlayStation PS Plus subscription with discount Paid via UPI for entertainment,Spent on PlayStation PS Plus subscription with discount,Paid via UPI for entertainment,entertainment,699.73,14,4,0
Bill for Decathlon sportswear and gear with card Monthly shopping budget expense,Bill for Decathlon sportswear and gear with card,Monthly shopping budget expense,shopping,11628.3,6,2,0
Bill for Auto rickshaw cash fare urgent Personal spending on transport,Bill for Auto rickshaw cash fare urgent,Personal spending on transport,transport,1947.79,1,6,1
Gift for friend birthday with discount Monthly other budget expense,Gift for friend birthday with discount,Monthly other budget expense,other,837.86,21,3,0
Spent on Croma electronics cable & charger with discount Paid via UPI for shopping,Spent on Croma electronics cable & charger with discount,Paid via UPI for shopping,shopping,14363.1,15,5,1
Purchase at House rent payment via UPI via GPay Paid via UPI for rent,Purchase at House rent payment via UPI via GPay,Paid via UPI for rent,rent,17761.58,21,4,0
Books and stationery store Monthly education budget expense,Books and stationery store,Monthly education budget expense,education,710.2,5,0,0
Purchase at Subway sub & drink via GPay Routine food item,Purchase at Subway sub & drink via GPay,Routine food item,food,773.9,16,1,0
Online Ice cream at Baskin Robbins with discount Monthly food budget expense,Online Ice cream at Baskin Robbins with discount,Monthly food budget expense,food,3450.84,25,4,0
Paid for Tuition fee for coaching with discount Routine education item,Paid for Tuition fee for coaching with discount,Routine education item,education,3153.35,23,4,0
Quick Skillshare creative subscription today Paid via UPI for education,Quick Skillshare creative subscription today,Paid via UPI for education,education,19356.57,10,0,0
Txn: Technical reference book at store Routine education item,Txn: Technical reference book at store,Routine education item,education,7544.8,1,0,0
Spent on Amazon Prime annual membership urgent Paid via UPI for entertainment,Spent on Amazon Prime annual membership urgent,Paid via UPI for entertainment,entertainment,2845.88,22,5,1
Online PlayStation PS Plus subscription at store Personal spending on entertainment,Online PlayStation PS Plus subscription at store,Personal spending on entertainment,entertainment,2880.08,5,6,1
Paid for Quarterly rent transfer to landlord urgent,Paid for Quarterly rent transfer to landlord urgent,,rent,14755.09,23,0,0
Bill for Electricity bill payment urgent Personal spending on other,Bill for Electricity bill payment urgent,Personal spending on other,other,2921.62,14,0,0
Online Room rent for current month with card Routine rent item,Online Room rent for current month with card,Routine rent item,rent,8304.64,2,5,1
Paid for Monthly apartment rent today Personal spending on rent,Paid for Monthly apartment rent today,Personal spending on rent,rent,33353.57,14,0,0
Spent on Starbucks coffee & snack today,Spent on Starbucks coffee & snack today,,food,1298.43,23,1,0
Bill for Protein powder supplement with discount Personal spending on health,Bill for Protein powder supplement with discount,Personal spending on health,health,6935.43,8,2,0
Txn: Hospital OPD registration for home Monthly health budget expense,Txn: Hospital OPD registration for home,Monthly health budget expense,health,4037.57,20,1,0
Quick Society maintenance bill with discount Routine rent item,Quick Society maintenance bill with discount,Routine rent item,rent,27805.38,13,1,0
Quick Notebooks and pens set urgent Personal spending on education,Quick Notebooks and pens set urgent,Personal spending on education,education,17129.76,26,1,0
Paid for Supermarket food supplies with discount Paid via UPI for food,Paid for Supermarket food supplies with discount,Paid via UPI for food,food,2461.24,14,2,0
Spent on Auto rickshaw cash fare urgent Routine transport item,Spent on Auto rickshaw cash fare urgent,Routine transport item,transport,1798.16,9,6,1
Spent on Cycle repair & parts urgent Monthly transport budget expense,Spent on Cycle repair & parts urgent,Monthly transport budget expense,transport,61.63,23,5,1
Quick Uber cab ride to office Paid via UPI for transport,Quick Uber cab ride to office,Paid via UPI for transport,transport,434.31,26,0,0
BookMyShow movie tickets for home Personal spending on entertainment,BookMyShow movie tickets for home,Personal spending on entertainment,entertainment,982.73,16,0,0
Txn: Notebooks and pens set Personal spending on education,Txn: Notebooks and pens set,Personal spending on education,education,22038.03,8,2,0
Txn: Academic journal access fee today Personal spending on education,Txn: Academic journal access fee today,Personal spending on education,education,15157.28,26,0,0
Water tanker for society,Water tanker for society,,rent,33895.28,2,4,0
Online Myntra clothes shopping with card Routine shopping item,Online Myntra clothes shopping with card,Routine shopping item,shopping,13197.28,28,6,1
Txn: Cafe Coffee Day latte for home Routine food item,Txn: Cafe Coffee Day latte for home,Routine food item,food,2482.69,3,2,0
Txn: Ola auto ride Personal spending on transport,Txn: Ola auto ride,Personal spending on transport,transport,4159.41,21,3,0
Paid for GRE / TOEFL exam registration at store Paid via UPI for education,Paid for GRE / TOEFL exam registration at store,Paid via UPI for education,education,19372.47,6,4,0
Spent on BigBasket weekly vegetables via GPay Paid via UPI for food,Spent on BigBasket weekly vegetables via GPay,Paid via UPI for food,food,2399.4,17,0,0
Online Bowling & gaming arcade urgent Monthly entertainment budget expense,Online Bowling & gaming arcade urgent,Monthly entertainment budget expense,entertainment,2353.26,28,2,0
Paid for Myntra clothes shopping,Paid for Myntra clothes shopping,,shopping,17638.82,7,5,1
Quick Amazon online purchase with discount,Quick Amazon online purchase with discount,,shopping,16765.69,15,4,0
Paid for Gym membership monthly renewal with card Personal spending on health,Paid for Gym membership monthly renewal with card,Personal spending on health,health,6026.57,22,3,0
Quick Winter jacket shopping for home Monthly shopping budget expense,Quick Winter jacket shopping for home,Monthly shopping budget expense,shopping,11798.44,13,6,1
Online Legal notary & document stamps with card Paid via UPI for other,Online Legal notary & document stamps with card,Paid via UPI for other,other,3103.61,13,6,1
Txn: Auto rickshaw cash fare today Paid via UPI for transport,Txn: Auto rickshaw cash fare today,Paid via UPI for transport,transport,4174.42,18,4,0
Paid for Netflix monthly subscription today Personal spending on entertainment,Paid for Netflix monthly subscription today,Personal spending on entertainment,entertainment,2661.35,15,3,0
Spent on Car wash & detailing via GPay Paid via UPI for transport,Spent on Car wash & detailing via GPay,Paid via UPI for transport,transport,1941.76,15,4,0
Online Chai Point tea with biscuits today Paid via UPI for food,Online Chai Point tea with biscuits today,Paid via UPI for food,food,409.41,27,2,0
Rapido bike taxi with discount,Rapido bike taxi with discount,,transport,1346.88,8,6,1
Spent on PVR cinemas IMAX tickets for home Paid via UPI for entertainment,Spent on PVR cinemas IMAX tickets for home,Paid via UPI for entertainment,entertainment,1155.26,16,3,0
Bill for Parking fee at mall with discount Monthly transport budget expense,Bill for Parking fee at mall with discount,Monthly transport budget expense,transport,1741.81,18,6,1
Bill for Croma electronics cable & charger Monthly shopping budget expense,Bill for Croma electronics cable & charger,Monthly shopping budget expense,shopping,5980.74,23,2,0
Online Parking space monthly rent with card Paid via UPI for rent,Online Parking space monthly rent with card,Paid via UPI for rent,rent,40677.66,11,3,0
Paid for Sunglasses purchase via GPay Routine shopping item,Paid for Sunglasses purchase via GPay,Routine shopping item,shopping,10788.07,28,3,0
Online BookMyShow movie tickets with card Routine entertainment item,Online BookMyShow movie tickets with card,Routine entertainment item,entertainment,2014.85,17,3,0
Bill for McDonald's burger meal,Bill for McDonald's burger meal,,food,134.75,6,2,0
Online Cult.fit fitness pass with discount Paid via UPI for health,Online Cult.fit fitness pass with discount,Paid via UPI for health,health,2926.73,2,5,1
Spent on Amazon online purchase at store Monthly shopping budget expense,Spent on Amazon online purchase at store,Monthly shopping budget expense,shopping,717.11,24,1,0
Paid for Netflix monthly subscription today Monthly entertainment budget expense,Paid for Netflix monthly subscription today,Monthly entertainment budget expense,entertainment,2539.55,16,2,0
Car wash & detailing today,Car wash & detailing today,,transport,2993.98,12,1,0
Txn: Rapido bike taxi at store Personal spending on transport,Txn: Rapido bike taxi at store,Personal spending on transport,transport,1865.93,27,0,0
Spent on Fresh meat and fish store Paid via UPI for food,Spent on Fresh meat and fish store,Paid via UPI for food,food,166.1,21,1,0
Purchase at KFC chicken bucket via GPay Paid via UPI for food,Purchase at KFC chicken bucket via GPay,Paid via UPI for food,food,3177.88,5,2,0
Txn: Pet food and veterinary care with discount Routine other item,Txn: Pet food and veterinary care with discount,Routine other item,other,5676.63,1,5,1
Paid for Audible audiobooks urgent,Paid for Audible audiobooks urgent,,entertainment,1053.52,12,3,0
Home repair and plumbing today Paid via UPI for other,Home repair and plumbing today,Paid via UPI for other,other,3302.23,26,1,0
Purchase at Bowling & gaming arcade for home Routine entertainment item,Purchase at Bowling & gaming arcade for home,Routine entertainment item,entertainment,812.05,24,0,0
Quick First aid kit supplies today,Quick First aid kit supplies today,,health,2960.7,7,5,1
Txn: Hospital OPD registration urgent Personal spending on health,Txn: Hospital OPD registration urgent,Personal spending on health,health,4580.2,22,2,0
Spent on Notebooks and pens set today Personal spending on education,Spent on Notebooks and pens set today,Personal spending on education,education,20886.89,14,3,0
Bill for Hospital OPD registration at store Paid via UPI for health,Bill for Hospital OPD registration at store,Paid via UPI for health,health,1403.21,16,2,0
Purchase at Electricity bill payment at store Paid via UPI for other,Purchase at Electricity bill payment at store,Paid via UPI for other,other,1038.5,25,6,1
Purchase at Decathlon sportswear and gear at store Paid via UPI for shopping,Purchase at Decathlon sportswear and gear at store,Paid via UPI for shopping,shopping,15734.31,20,5,1
Bill for Spotify premium music renewal Routine entertainment item,Bill for Spotify premium music renewal,Routine entertainment item,entertainment,2336.61,11,6,1
Groceries at Reliance Smart via GPay Paid via UPI for food,Groceries at Reliance Smart via GPay,Paid via UPI for food,food,1918.2,15,1,0
Online McDonald's burger meal at store,Online McDonald's burger meal at store,,food,1067.63,25,1,0
Online Midnight food delivery at store Paid via UPI for food,Online Midnight food delivery at store,Paid via UPI for food,food,3211.61,5,6,1
Bill for Concert musical event pass Monthly entertainment budget expense,Bill for Concert musical event pass,Monthly entertainment budget expense,entertainment,875.97,3,3,0
Bill for Car servicing & oil change with card Personal spending on transport,Bill for Car servicing & oil change with card,Personal spending on transport,transport,1626.85,23,5,1
Bill for Dinner with friends at restaurant,Bill for Dinner with friends at restaurant,,food,2343.82,4,2,0
Txn: Sneakers purchase with card Paid via UPI for shopping,Txn: Sneakers purchase with card,Paid via UPI for shopping,shopping,2851.14,20,2,0
Online IKEA home furniture for home Monthly shopping budget expense,Online IKEA home furniture for home,Monthly shopping budget expense,shopping,3710.4,4,1,0
Casual t-shirt and hoodie urgent Personal spending on shopping,Casual t-shirt and hoodie urgent,Personal spending on shopping,shopping,17890.15,13,2,0
Purchase at EV charging station fee via GPay Paid via UPI for transport,Purchase at EV charging station fee via GPay,Paid via UPI for transport,transport,2503.55,6,6,1
PVR cinemas IMAX tickets for home,PVR cinemas IMAX tickets for home,,entertainment,1588.04,7,4,0
Purchase at YouTube Premium family plan for home Routine entertainment item,Purchase at YouTube Premium family plan for home,Routine entertainment item,entertainment,2872.72,21,6,1
Paid for Udemy online programming course at store Monthly education budget expense,Paid for Udemy online programming course at store,Monthly education budget expense,education,8441.71,16,5,1
Bill for Vitamin D & Calcium tablets for home Personal spending on health,Bill for Vitamin D & Calcium tablets for home,Personal spending on health,health,6095.23,23,3,0
Spent on Oatmeal and cereal pack with discount Monthly food budget expense,Spent on Oatmeal and cereal pack with discount,Monthly food budget expense,food,750.29,14,3,0
Online IKEA home furniture urgent Personal spending on shopping,Online IKEA home furniture urgent,Personal spending on shopping,shopping,7180.77,28,0,0
Bill for Audible audiobooks today Personal spending on entertainment,Bill for Audible audiobooks today,Personal spending on entertainment,entertainment,2213.32,25,3,0
Spent on Blood test and full body checkup today Routine health item,Spent on Blood test and full body checkup today,Routine health item,health,424.23,17,0,0
Spent on House cleaning service Urban Company Monthly other budget expense,Spent on House cleaning service Urban Company,Monthly other budget expense,other,3576.02,14,4,0
Quick Myntra clothes shopping at store Personal spending on shopping,Quick Myntra clothes shopping at store,Personal spending on shopping,shopping,755.13,20,4,0
Quick BookMyShow movie tickets with discount Routine entertainment item,Quick BookMyShow movie tickets with discount,Routine entertainment item,entertainment,2834.81,11,0,0
Spent on Amazon Prime annual membership today Monthly entertainment budget expense,Spent on Amazon Prime annual membership today,Monthly entertainment budget expense,entertainment,1433.44,6,6,1
Txn: Decathlon sportswear and gear Routine shopping item,Txn: Decathlon sportswear and gear,Routine shopping item,shopping,5830.95,28,0,0
Gym membership monthly renewal via GPay Personal spending on health,Gym membership monthly renewal via GPay,Personal spending on health,health,3080.52,13,2,0
Spent on Spotify premium music renewal via GPay Personal spending on entertainment,Spent on Spotify premium music renewal via GPay,Personal spending on entertainment,entertainment,2399.0,4,1,0
Online Gym membership monthly renewal for home Paid via UPI for health,Online Gym membership monthly renewal for home,Paid via UPI for health,health,6183.45,13,3,0
Paid for Metro card monthly recharge for home Monthly transport budget expense,Paid for Metro card monthly recharge for home,Monthly transport budget expense,transport,1352.98,24,2,0
Paid for Medplus health supplements at store Personal spending on health,Paid for Medplus health supplements at store,Personal spending on health,health,5245.79,14,4,0
Paid for Steam video game purchase Personal spending on entertainment,Paid for Steam video game purchase,Personal spending on entertainment,entertainment,2119.58,22,4,0
Paid for Gardening plants and soil with card Paid via UPI for other,Paid for Gardening plants and soil with card,Paid via UPI for other,other,1992.09,5,5,1
Online Office space rent share via GPay Routine rent item,Online Office space rent share via GPay,Routine rent item,rent,20593.07,26,0,0
Spent on Gift for friend birthday with card Personal spending on other,Spent on Gift for friend birthday with card,Personal spending on other,other,5066.93,22,4,0
Storage locker monthly rental with discount,Storage locker monthly rental with discount,,rent,14143.52,5,1,0
Txn: Quarterly rent transfer to landlord today Monthly rent budget expense,Txn: Quarterly rent transfer to landlord today,Monthly rent budget expense,rent,27688.0,26,2,0
Online Gift for friend birthday today Monthly other budget expense,Online Gift for friend birthday today,Monthly other budget expense,other,4690.28,25,0,0
Online Amazon Prime annual membership with discount Routine entertainment item,Online Amazon Prime annual membership with discount,Routine entertainment item,entertainment,201.74,12,6,1
Txn: Room rent for current month Routine rent item,Txn: Room rent for current month,Routine rent item,rent,15171.82,2,0,0
Spent on Uber cab ride to office today,Spent on Uber cab ride to office today,,transport,3353.69,8,4,0
Txn: Broadband WiFi internet bill urgent Monthly other budget expense,Txn: Broadband WiFi internet bill urgent,Monthly other budget expense,other,3863.91,6,4,0
Online Club weekend party entry today Monthly entertainment budget expense,Online Club weekend party entry today,Monthly entertainment budget expense,entertainment,331.29,9,0,0
Quick Decathlon sportswear and gear with discount Routine shopping item,Quick Decathlon sportswear and gear with discount,Routine shopping item,shopping,12357.79,21,0,0
Quick Train ticket booking IRCTC with card Personal spending on transport,Quick Train ticket booking IRCTC with card,Personal spending on transport,transport,248.71,27,4,0
Spent on EV charging station fee with card Routine transport item,Spent on EV charging station fee with card,Routine transport item,transport,265.68,4,1,0
Quick Decathlon sportswear and gear Routine shopping item,Quick Decathlon sportswear and gear,Routine shopping item,shopping,2169.68,6,1,0
Txn: Blinkit instant grocery via GPay Personal spending on food,Txn: Blinkit instant grocery via GPay,Personal spending on food,food,1342.42,6,0,0
Quick Myntra clothes shopping with card Paid via UPI for shopping,Quick Myntra clothes shopping with card,Paid via UPI for shopping,shopping,13136.5,8,3,0
Paid for Haldirams snacks & sweets with discount Paid via UPI for food,Paid for Haldirams snacks & sweets with discount,Paid via UPI for food,food,3467.41,20,0,0
Purchase at Tax filing CA consultancy fee with discount Personal spending on other,Purchase at Tax filing CA consultancy fee with discount,Personal spending on other,other,2627.62,2,0,0
Spent on Ice cream at Baskin Robbins with card Monthly food budget expense,Spent on Ice cream at Baskin Robbins with card,Monthly food budget expense,food,988.59,25,0,0
Online Electricity bill payment with card Routine other item,Online Electricity bill payment with card,Routine other item,other,2658.84,18,2,0
Paid for Lunch thali at office canteen via GPay Monthly food budget expense,Paid for Lunch thali at office canteen via GPay,Monthly food budget expense,food,852.42,17,2,0
Paid for Parking space monthly rent with card Routine rent item,Paid for Parking space monthly rent with card,Routine rent item,rent,29888.63,12,2,0
Online Board game cafe bill via GPay Routine entertainment item,Online Board game cafe bill via GPay,Routine entertainment item,entertainment,1926.76,11,3,0
Spent on Quarterly rent transfer to landlord with discount Monthly rent budget expense,Spent on Quarterly rent transfer to landlord with discount,Monthly rent budget expense,rent,22111.44,8,3,0
Quick Water utility bill via GPay Personal spending on other,Quick Water utility bill via GPay,Personal spending on other,other,5094.1,19,2,0
Spent on Coursera specialization certification today Paid via UPI for education,Spent on Coursera specialization certification today,Paid via UPI for education,education,19240.12,25,3,0
Bill for Amazon online purchase for home Paid via UPI for shopping,Bill for Amazon online purchase for home,Paid via UPI for shopping,shopping,9101.77,4,1,0
Courier speed post delivery via GPay Personal spending on other,Courier speed post delivery via GPay,Personal spending on other,other,4403.69,22,5,1
Paid for First aid kit supplies urgent Paid via UPI for health,Paid for First aid kit supplies urgent,Paid via UPI for health,health,2517.53,13,1,0
Txn: Legal notary & document stamps at store Monthly other budget expense,Txn: Legal notary & document stamps at store,Monthly other budget expense,other,105.01,3,6,1
Paid for Legal notary & document stamps urgent Monthly other budget expense,Paid for Legal notary & document stamps urgent,Monthly other budget expense,other,1127.28,12,1,0
Txn: Hospital OPD registration with card,Txn: Hospital OPD registration with card,,health,4887.53,24,3,0
Purchase at Watch purchase at Titan with discount Routine shopping item,Purchase at Watch purchase at Titan with discount,Routine shopping item,shopping,878.95,13,2,0
Quick Technical reference book with discount Personal spending on education,Quick Technical reference book with discount,Personal spending on education,education,23210.76,13,4,0
Amazon online purchase urgent Paid via UPI for shopping,Amazon online purchase urgent,Paid via UPI for shopping,shopping,9926.59,22,4,0
Txn: Perfume & cosmetics store with card,Txn: Perfume & cosmetics store with card,,shopping,13872.94,6,5,1
Spent on Petrol pump fuel refill with discount Paid via UPI for transport,Spent on Petrol pump fuel refill with discount,Paid via UPI for transport,transport,4210.94,11,4,0
Paid for Decathlon sportswear and gear Monthly shopping budget expense,Paid for Decathlon sportswear and gear,Monthly shopping budget expense,shopping,16378.03,13,5,1
Paid for Car wash & detailing with card Personal spending on transport,Paid for Car wash & detailing with card,Personal spending on transport,transport,2467.31,5,4,0
Online Flight ticket Indigo to Mumbai with card Monthly transport budget expense,Online Flight ticket Indigo to Mumbai with card,Monthly transport budget expense,transport,2357.74,3,4,0
Quick Co-living monthly rent Paid via UPI for rent,Quick Co-living monthly rent,Paid via UPI for rent,rent,38919.29,11,5,1
Purchase at Tax filing CA consultancy fee with discount,Purchase at Tax filing CA consultancy fee with discount,,other,5376.9,20,3,0
Spent on Lunch thali at office canteen via GPay Monthly food budget expense,Spent on Lunch thali at office canteen via GPay,Monthly food budget expense,food,479.82,4,2,0
Bill for Web development workshop fee today Monthly education budget expense,Bill for Web development workshop fee today,Monthly education budget expense,education,9220.04,18,4,0
Water tanker for society today Personal spending on rent,Water tanker for society today,Personal spending on rent,rent,8078.78,21,6,1
Txn: Board game cafe bill with card Personal spending on entertainment,Txn: Board game cafe bill with card,Personal spending on entertainment,entertainment,2980.82,27,0,0
Bill for EV charging station fee for home Personal spending on transport,Bill for EV charging station fee for home,Personal spending on transport,transport,2046.41,24,6,1
Quick Coursera specialization certification urgent Personal spending on education,Quick Coursera specialization certification urgent,Personal spending on education,education,15415.27,16,4,0
Txn: House rent payment via UPI Personal spending on rent,Txn: House rent payment via UPI,Personal spending on rent,rent,20678.55,23,0,0
Txn: Parking space monthly rent Paid via UPI for rent,Txn: Parking space monthly rent,Paid via UPI for rent,rent,24983.64,16,2,0
Paid for Nike running shoes today Personal spending on shopping,Paid for Nike running shoes today,Personal spending on shopping,shopping,4303.74,14,0,0
Online Myntra clothes shopping for home Monthly shopping budget expense,Online Myntra clothes shopping for home,Monthly shopping budget expense,shopping,5112.59,25,6,1
Dinner with friends at restaurant at store Personal spending on food,Dinner with friends at restaurant at store,Personal spending on food,food,1729.63,20,2,0
Bill for Vitamin D & Calcium tablets at store Paid via UPI for health,Bill for Vitamin D & Calcium tablets at store,Paid via UPI for health,health,2865.62,27,6,1
Paid for Kitchen cookware set via GPay Routine shopping item,Paid for Kitchen cookware set via GPay,Routine shopping item,shopping,8880.19,24,1,0
Bill for Diesel filling for car for home Routine transport item,Bill for Diesel filling for car for home,Routine transport item,transport,520.99,3,6,1
Paid for Car servicing & oil change urgent Paid via UPI for transport,Paid for Car servicing & oil change urgent,Paid via UPI for transport,transport,3752.72,6,0,0
Quick Bus pass monthly renewal,Quick Bus pass monthly renewal,,transport,590.74,13,1,0
Purchase at Vitamin D & Calcium tablets with card,Purchase at Vitamin D & Calcium tablets with card,,health,6633.55,9,2,0
Bill for Zara shirt and jeans today Monthly shopping budget expense,Bill for Zara shirt and jeans today,Monthly shopping budget expense,shopping,4230.25,20,1,0
Quick Breakfast at Saravana Bhavan for home,Quick Breakfast at Saravana Bhavan for home,,food,2740.07,2,5,1
Purchase at Online test series subscription for home,Purchase at Online test series subscription for home,,education,22107.15,18,3,0
Flight ticket Indigo to Mumbai via GPay Paid via UPI for transport,Flight ticket Indigo to Mumbai via GPay,Paid via UPI for transport,transport,3176.65,16,5,1
Paid for Sneakers purchase today Monthly shopping budget expense,Paid for Sneakers purchase today,Monthly shopping budget expense,shopping,7448.1,3,1,0
Online Kitchen cookware set at store Paid via UPI for shopping,Online Kitchen cookware set at store,Paid via UPI for shopping,shopping,16843.78,1,3,0
Online Petrol pump fuel refill at store Monthly transport budget expense,Online Petrol pump fuel refill at store,Monthly transport budget expense,transport,3194.43,23,1,0
Spent on Gym membership monthly renewal via GPay Routine health item,Spent on Gym membership monthly renewal via GPay,Routine health item,health,5932.81,4,5,1
Quick Flipkart electronics sale at store Personal spending on shopping,Quick Flipkart electronics sale at store,Personal spending on shopping,shopping,3652.96,14,2,0
Paid for Apollo Pharmacy medicines with card Routine health item,Paid for Apollo Pharmacy medicines with card,Routine health item,health,5260.75,10,2,0
Purchase at Toll plaza FASTag recharge via GPay Monthly transport budget expense,Purchase at Toll plaza FASTag recharge via GPay,Monthly transport budget expense,transport,3028.84,6,5,1
Bill for Eye checkup and new glasses Routine health item,Bill for Eye checkup and new glasses,Routine health item,health,5642.11,15,3,0
Paid for BookMyShow movie tickets today Routine entertainment item,Paid for BookMyShow movie tickets today,Routine entertainment item,entertainment,2040.29,14,2,0
Paid for Nature's Basket gourmet items urgent Personal spending on food,Paid for Nature's Basket gourmet items urgent,Personal spending on food,food,1793.08,20,4,0
Txn: Water tanker for society with discount Routine rent item,Txn: Water tanker for society with discount,Routine rent item,rent,6557.26,27,5,1
Bill for Toll plaza FASTag recharge with card,Bill for Toll plaza FASTag recharge with card,,transport,3095.48,2,4,0
Paid for Airport cab taxi fare with card Personal spending on transport,Paid for Airport cab taxi fare with card,Personal spending on transport,transport,170.87,11,3,0
Spent on Concert musical event pass via GPay Personal spending on entertainment,Spent on Concert musical event pass via GPay,Personal spending on entertainment,entertainment,297.69,8,3,0
Quick Online test series subscription today Paid via UPI for education,Quick Online test series subscription today,Paid via UPI for education,education,14785.19,20,1,0
Bill for Car wash & detailing at store Paid via UPI for transport,Bill for Car wash & detailing at store,Paid via UPI for transport,transport,1081.12,3,4,0
Paid for Dental clinic root canal visit at store Monthly health budget expense,Paid for Dental clinic root canal visit at store,Monthly health budget expense,health,4948.87,27,4,0
Spent on Ajio discount clothes urgent Personal spending on shopping,Spent on Ajio discount clothes urgent,Personal spending on shopping,shopping,11905.21,10,0,0
Spent on GRE / TOEFL exam registration at store Personal spending on education,Spent on GRE / TOEFL exam registration at store,Personal spending on education,education,7118.16,7,6,1
Txn: Hospital OPD registration at store Paid via UPI for health,Txn: Hospital OPD registration at store,Paid via UPI for health,health,2207.36,12,0,0
Purchase at GRE / TOEFL exam registration Routine education item,Purchase at GRE / TOEFL exam registration,Routine education item,education,12938.9,26,2,0
Txn: Toll plaza FASTag recharge via GPay,Txn: Toll plaza FASTag recharge via GPay,,transport,1757.55,5,4,0
Amusement park entry ticket with discount Routine entertainment item,Amusement park entry ticket with discount,Routine entertainment item,entertainment,952.44,27,6,1
Spent on Ice cream at Baskin Robbins for home Paid via UPI for food,Spent on Ice cream at Baskin Robbins for home,Paid via UPI for food,food,2177.67,27,5,1
Quick Haldirams snacks & sweets today Personal spending on food,Quick Haldirams snacks & sweets today,Personal spending on food,food,1077.82,11,4,0
Online Brokerage fee for apartment today Routine rent item,Online Brokerage fee for apartment today,Routine rent item,rent,18125.49,15,0,0
Amazon online purchase for home,Amazon online purchase for home,,shopping,5221.85,17,3,0
Purchase at Decathlon sportswear and gear today,Purchase at Decathlon sportswear and gear today,,shopping,12138.53,14,3,0
Online Home repair and plumbing Monthly other budget expense,Online Home repair and plumbing,Monthly other budget expense,other,2510.64,15,5,1
Biryani takeaway with card,Biryani takeaway with card,,food,2980.42,15,0,0
Txn: Monthly apartment rent urgent Paid via UPI for rent,Txn: Monthly apartment rent urgent,Paid via UPI for rent,rent,36844.71,4,2,0
Bill for Coding bootcamp installment today Routine education item,Bill for Coding bootcamp installment today,Routine education item,education,11086.74,1,5,1
Quick BookMyShow movie tickets Paid via UPI for entertainment,Quick BookMyShow movie tickets,Paid via UPI for entertainment,entertainment,2121.12,16,5,1
Spent on Ayurvedic medicines purchase at store Personal spending on health,Spent on Ayurvedic medicines purchase at store,Personal spending on health,health,2415.88,12,4,0
Bill for Language learning app subscription Routine education item,Bill for Language learning app subscription,Routine education item,education,22132.0,11,6,1
Quick Pizza Hut dinner today,Quick Pizza Hut dinner today,,food,3016.23,26,1,0
Purchase at Laundry dry cleaning Routine other item,Purchase at Laundry dry cleaning,Routine other item,other,900.72,6,6,1
Online Coursera specialization certification via GPay Paid via UPI for education,Online Coursera specialization certification via GPay,Paid via UPI for education,education,22537.86,4,2,0
Bill for KFC chicken bucket Personal spending on food,Bill for KFC chicken bucket,Personal spending on food,food,3433.54,18,2,0
Spent on Legal notary & document stamps today Routine other item,Spent on Legal notary & document stamps today,Routine other item,other,5259.81,17,6,1
Quick Office space rent share at store Routine rent item,Quick Office space rent share at store,Routine rent item,rent,25692.07,19,1,0
Academic journal access fee today,Academic journal access fee today,,education,5297.82,12,1,0
BigBasket weekly vegetables with card Personal spending on food,BigBasket weekly vegetables with card,Personal spending on food,food,2993.52,15,4,0
Bill for Language learning app subscription with card,Bill for Language learning app subscription with card,,education,24187.5,21,1,0
Bill for Nature's Basket gourmet items via GPay Paid via UPI for food,Bill for Nature's Basket gourmet items via GPay,Paid via UPI for food,food,3184.14,15,2,0
Online Web development workshop fee Paid via UPI for education,Online Web development workshop fee,Paid via UPI for education,education,22342.46,11,3,0
Txn: Ola auto ride today Routine transport item,Txn: Ola auto ride today,Routine transport item,transport,1009.56,22,2,0
Purchase at Kitchen cookware set today,Purchase at Kitchen cookware set today,,shopping,9352.59,13,5,1
Paid for IKEA home furniture with card Personal spending on shopping,Paid for IKEA home furniture with card,Personal spending on shopping,shopping,12267.07,7,1,0
Quick Standup comedy show ticket with card Monthly entertainment budget expense,Quick Standup comedy show ticket with card,Monthly entertainment budget expense,entertainment,1534.45,15,1,0
Online Water tanker for society urgent Routine rent item,Online Water tanker for society urgent,Routine rent item,rent,16197.62,15,3,0
Quick College semester tuition fee via GPay Paid via UPI for education,Quick College semester tuition fee via GPay,Paid via UPI for education,education,10008.43,15,4,0
Online Spotify premium music renewal with discount Paid via UPI for entertainment,Online Spotify premium music renewal with discount,Paid via UPI for entertainment,entertainment,941.17,25,6,1
Purchase at Concert musical event pass at store,Purchase at Concert musical event pass at store,,entertainment,2834.6,23,2,0
Bill for Car wash & detailing at store Paid via UPI for transport,Bill for Car wash & detailing at store,Paid via UPI for transport,transport,2035.26,26,2,0
Online Haldirams snacks & sweets today,Online Haldirams snacks & sweets today,,food,1694.17,16,2,0
Spent on Barbeque Nation buffet Paid via UPI for food,Spent on Barbeque Nation buffet,Paid via UPI for food,food,3359.05,14,3,0
Purchase at BookMyShow movie tickets with discount Routine entertainment item,Purchase at BookMyShow movie tickets with discount,Routine entertainment item,entertainment,1181.4,3,0,0
Txn: Audible audiobooks at store,Txn: Audible audiobooks at store,,entertainment,365.37,2,6,1
Purchase at Starbucks coffee & snack Routine food item,Purchase at Starbucks coffee & snack,Routine food item,food,2811.52,13,2,0
Purchase at Train ticket booking IRCTC urgent,Purchase at Train ticket booking IRCTC urgent,,transport,1578.15,26,2,0
Txn: Skillshare creative subscription for home Personal spending on education,Txn: Skillshare creative subscription for home,Personal spending on education,education,23868.82,28,5,1
Quick Parking fee at mall Monthly transport budget expense,Quick Parking fee at mall,Monthly transport budget expense,transport,2859.28,28,0,0
Protein powder supplement with card Personal spending on health,Protein powder supplement with card,Personal spending on health,health,747.09,27,2,0
Paid for Board game cafe bill with card,Paid for Board game cafe bill with card,,entertainment,1879.62,17,4,0
Bill for Academic journal access fee with card Monthly education budget expense,Bill for Academic journal access fee with card,Monthly education budget expense,education,2624.8,22,2,0
Purchase at Bedsheet and pillow covers today Routine shopping item,Purchase at Bedsheet and pillow covers today,Routine shopping item,shopping,7904.38,24,2,0
Quick ATM cash withdrawal unaccounted with card Paid via UPI for other,Quick ATM cash withdrawal unaccounted with card,Paid via UPI for other,other,3113.29,17,3,0
Online Zepto milk and eggs today Paid via UPI for food,Online Zepto milk and eggs today,Paid via UPI for food,food,1471.65,18,1,0
Spent on Groceries at Reliance Smart for home,Spent on Groceries at Reliance Smart for home,,food,1485.91,19,2,0
Purchase at Grocery shopping at DMart via GPay Personal spending on food,Purchase at Grocery shopping at DMart via GPay,Personal spending on food,food,2490.68,1,5,1
Spent on Car wash & detailing with discount Routine transport item,Spent on Car wash & detailing with discount,Routine transport item,transport,1931.52,28,0,0
Online Concert musical event pass at store Paid via UPI for entertainment,Online Concert musical event pass at store,Paid via UPI for entertainment,entertainment,1944.42,6,1,0
Society maintenance bill for home Monthly rent budget expense,Society maintenance bill for home,Monthly rent budget expense,rent,7689.31,18,3,0
Purchase at Udemy online programming course with discount Personal spending on education,Purchase at Udemy online programming course with discount,Personal spending on education,education,8033.75,7,4,0
Online Society maintenance bill for home Paid via UPI for rent,Online Society maintenance bill for home,Paid via UPI for rent,rent,11706.38,10,6,1
Gym membership monthly renewal at store Routine health item,Gym membership monthly renewal at store,Routine health item,health,2753.05,10,0,0
Txn: Local bakery bread and cake with discount Routine food item,Txn: Local bakery bread and cake with discount,Routine food item,food,2300.57,3,4,0
Purchase at GRE / TOEFL exam registration with discount Monthly education budget expense,Purchase at GRE / TOEFL exam registration with discount,Monthly education budget expense,education,12236.6,7,0,0
Paid for Casual t-shirt and hoodie at store Routine shopping item,Paid for Casual t-shirt and hoodie at store,Routine shopping item,shopping,552.46,17,2,0
Quick Decathlon sportswear and gear for home Monthly shopping budget expense,Quick Decathlon sportswear and gear for home,Monthly shopping budget expense,shopping,9807.41,12,1,0
Paid for Hotstar subscription plan with discount Routine entertainment item,Paid for Hotstar subscription plan with discount,Routine entertainment item,entertainment,1740.61,11,4,0
Paid for Dinner with friends at restaurant via GPay,Paid for Dinner with friends at restaurant via GPay,,food,3402.4,13,2,0
Quick PVR cinemas IMAX tickets with discount,Quick PVR cinemas IMAX tickets with discount,,entertainment,1165.8,6,1,0
Txn: Zara shirt and jeans urgent,Txn: Zara shirt and jeans urgent,,shopping,9771.89,3,4,0
Txn: McDonald's burger meal with card Paid via UPI for food,Txn: McDonald's burger meal with card,Paid via UPI for food,food,2888.64,7,2,0
Purchase at Rapido bike taxi via GPay,Purchase at Rapido bike taxi via GPay,,transport,507.44,12,4,0
Bank transaction charge with card,Bank transaction charge with card,,other,1122.99,11,1,0
Purchase at Gift for friend birthday with card Routine other item,Purchase at Gift for friend birthday with card,Routine other item,other,5941.86,24,3,0
Txn: Flat maintenance charge with card Routine rent item,Txn: Flat maintenance charge with card,Routine rent item,rent,18293.61,12,1,0
Bill for Grocery shopping at DMart at store Monthly food budget expense,Bill for Grocery shopping at DMart at store,Monthly food budget expense,food,251.79,26,2,0
Online Apollo Pharmacy medicines with discount Monthly health budget expense,Online Apollo Pharmacy medicines with discount,Monthly health budget expense,health,4356.03,2,4,0
Purchase at Skillshare creative subscription for home Paid via UPI for education,Purchase at Skillshare creative subscription for home,Paid via UPI for education,education,8333.6,24,6,1
Purchase at Books and stationery store for home Routine education item,Purchase at Books and stationery store for home,Routine education item,education,24704.84,4,6,1
Paid for Car wash & detailing via GPay,Paid for Car wash & detailing via GPay,,transport,1859.41,28,4,0
Spent on Health insurance premium Monthly health budget expense,Spent on Health insurance premium,Monthly health budget expense,health,3452.41,20,5,1
Quick Monthly apartment rent with card Paid via UPI for rent,Quick Monthly apartment rent with card,Paid via UPI for rent,rent,41708.72,21,3,0
Monthly apartment rent via GPay Routine rent item,Monthly apartment rent via GPay,Routine rent item,rent,11401.49,5,6,1
Spent on Hostel fees payment today Personal spending on rent,Spent on Hostel fees payment today,Personal spending on rent,rent,37969.07,5,5,1
Online Office space rent share for home Paid via UPI for rent,Online Office space rent share for home,Paid via UPI for rent,rent,42114.83,6,5,1
Quick Academic journal access fee via GPay Personal spending on education,Quick Academic journal access fee via GPay,Personal spending on education,education,1245.72,21,2,0
Mobile postpaid monthly bill Personal spending on other,Mobile postpaid monthly bill,Personal spending on other,other,2137.05,5,5,1
Spent on Audible audiobooks via GPay Paid via UPI for entertainment,Spent on Audible audiobooks via GPay,Paid via UPI for entertainment,entertainment,1743.1,2,5,1
Spent on Nike running shoes Paid via UPI for shopping,Spent on Nike running shoes,Paid via UPI for shopping,shopping,1220.63,28,2,0
Spent on Audible audiobooks urgent,Spent on Audible audiobooks urgent,,entertainment,2453.98,15,0,0
Paid for Bike maintenance and repair urgent Monthly transport budget expense,Paid for Bike maintenance and repair urgent,Monthly transport budget expense,transport,1539.31,11,5,1
Quick Subway sub & drink Monthly food budget expense,Quick Subway sub & drink,Monthly food budget expense,food,2844.33,10,4,0
Spent on Cafe Coffee Day latte urgent Routine food item,Spent on Cafe Coffee Day latte urgent,Routine food item,food,163.24,28,2,0
Online Home repair and plumbing today,Online Home repair and plumbing today,,other,4186.28,11,0,0
Paid for Barbeque Nation buffet for home Routine food item,Paid for Barbeque Nation buffet for home,Routine food item,food,1592.5,7,0,0
Quick Water tanker for society for home Routine rent item,Quick Water tanker for society for home,Routine rent item,rent,30080.2,14,6,1
Online Train ticket booking IRCTC with discount Paid via UPI for transport,Online Train ticket booking IRCTC with discount,Paid via UPI for transport,transport,3289.62,12,3,0
Txn: Myntra clothes shopping today Monthly shopping budget expense,Txn: Myntra clothes shopping today,Monthly shopping budget expense,shopping,11998.43,14,5,1
Diesel filling for car with card Personal spending on transport,Diesel filling for car with card,Personal spending on transport,transport,4465.69,18,3,0
Online Zepto milk and eggs urgent Paid via UPI for food,Online Zepto milk and eggs urgent,Paid via UPI for food,food,2369.08,3,6,1
Supermarket food supplies at store Routine food item,Supermarket food supplies at store,Routine food item,food,1232.94,28,4,0
Spent on Steam video game purchase urgent,Spent on Steam video game purchase urgent,,entertainment,1061.82,23,6,1
Online Society maintenance bill Personal spending on rent,Online Society maintenance bill,Personal spending on rent,rent,43281.33,10,3,0
Txn: Interstate Volvo bus ticket for home Paid via UPI for transport,Txn: Interstate Volvo bus ticket for home,Paid via UPI for transport,transport,3978.04,16,1,0
Txn: Pizza Hut dinner via GPay Paid via UPI for food,Txn: Pizza Hut dinner via GPay,Paid via UPI for food,food,2342.38,16,0,0
Quick Hospital OPD registration today Routine health item,Quick Hospital OPD registration today,Routine health item,health,6710.76,13,5,1
Spent on Car wash & detailing for home,Spent on Car wash & detailing for home,,transport,3495.63,22,1,0
Spent on Auto rickshaw cash fare Monthly transport budget expense,Spent on Auto rickshaw cash fare,Monthly transport budget expense,transport,3432.61,17,1,0
Bill for Train ticket booking IRCTC at store,Bill for Train ticket booking IRCTC at store,,transport,235.72,17,2,0
Purchase at Technical reference book today Paid via UPI for education,Purchase at Technical reference book today,Paid via UPI for education,education,12380.97,21,3,0
Purchase at Street food evening snacks for home Personal spending on food,Purchase at Street food evening snacks for home,Personal spending on food,food,2829.78,16,2,0
Online Health insurance premium for home Personal spending on health,Online Health insurance premium for home,Personal spending on health,health,1343.16,12,5,1
Online Myntra clothes shopping for home Routine shopping item,Online Myntra clothes shopping for home,Routine shopping item,shopping,16191.13,20,5,1
Online Auto rickshaw cash fare urgent Paid via UPI for transport,Online Auto rickshaw cash fare urgent,Paid via UPI for transport,transport,2441.65,9,0,0
Purchase at Storage locker monthly rental today Personal spending on rent,Purchase at Storage locker monthly rental today,Personal spending on rent,rent,32356.17,14,3,0
Paid for PVR cinemas IMAX tickets with discount Routine entertainment item,Paid for PVR cinemas IMAX tickets with discount,Routine entertainment item,entertainment,1387.75,8,2,0
Bill for Skillshare creative subscription with card Paid via UPI for education,Bill for Skillshare creative subscription with card,Paid via UPI for education,education,19303.59,10,0,0
Quick Coding bootcamp installment at store Monthly education budget expense,Quick Coding bootcamp installment at store,Monthly education budget expense,education,23416.39,26,0,0
Spent on Casual t-shirt and hoodie Paid via UPI for shopping,Spent on Casual t-shirt and hoodie,Paid via UPI for shopping,shopping,15097.24,26,1,0
Bill for BigBasket weekly vegetables with discount Personal spending on food,Bill for BigBasket weekly vegetables with discount,Personal spending on food,food,2324.46,6,2,0
Purchase at Diesel filling for car at store,Purchase at Diesel filling for car at store,,transport,1408.63,6,3,0
GRE / TOEFL exam registration urgent Monthly education budget expense,GRE / TOEFL exam registration urgent,Monthly education budget expense,education,11178.84,3,6,1
Zepto milk and eggs at store Routine food item,Zepto milk and eggs at store,Routine food item,food,784.29,18,0,0
Bill for Brokerage fee for apartment at store Personal spending on rent,Bill for Brokerage fee for apartment at store,Personal spending on rent,rent,22545.34,12,6,1
Online GRE / TOEFL exam registration with card Routine education item,Online GRE / TOEFL exam registration with card,Routine education item,education,23249.25,9,2,0
Tuition fee for coaching for home Personal spending on education,Tuition fee for coaching for home,Personal spending on education,education,6502.93,13,0,0
Purchase at Coding bootcamp installment today Personal spending on education,Purchase at Coding bootcamp installment today,Personal spending on education,education,16007.94,16,1,0
Txn: Pizza Hut dinner today Routine food item,Txn: Pizza Hut dinner today,Routine food item,food,3247.1,20,4,0
Spent on House rent payment via UPI for home Personal spending on rent,Spent on House rent payment via UPI for home,Personal spending on rent,rent,21350.72,26,4,0
Spent on Spotify premium music renewal with card Routine entertainment item,Spent on Spotify premium music renewal with card,Routine entertainment item,entertainment,2662.42,11,5,1
Txn: Croma electronics cable & charger Paid via UPI for shopping,Txn: Croma electronics cable & charger,Paid via UPI for shopping,shopping,12254.97,11,6,1
Paid for Amazon Prime annual membership via GPay Paid via UPI for entertainment,Paid for Amazon Prime annual membership via GPay,Paid via UPI for entertainment,entertainment,1280.96,9,1,0
Online Club weekend party entry urgent Paid via UPI for entertainment,Online Club weekend party entry urgent,Paid via UPI for entertainment,entertainment,1007.29,1,3,0
Bill for Breakfast at Saravana Bhavan with card,Bill for Breakfast at Saravana Bhavan with card,,food,2372.11,23,4,0
Paid for Quarterly rent transfer to landlord with discount Routine rent item,Paid for Quarterly rent transfer to landlord with discount,Routine rent item,rent,24330.98,3,1,0
Paid for Physiotherapy session urgent Personal spending on health,Paid for Physiotherapy session urgent,Personal spending on health,health,4911.32,11,1,0
Purchase at Hostel fees payment via GPay Personal spending on rent,Purchase at Hostel fees payment via GPay,Personal spending on rent,rent,25800.54,17,6,1
Purchase at Audible audiobooks with discount Routine entertainment item,Purchase at Audible audiobooks with discount,Routine entertainment item,entertainment,1445.28,13,6,1
Online Spotify premium music renewal Routine entertainment item,Online Spotify premium music renewal,Routine entertainment item,entertainment,1211.97,24,4,0
Purchase at Medplus health supplements at store Paid via UPI for health,Purchase at Medplus health supplements at store,Paid via UPI for health,health,7875.13,18,3,0
Bill for Water utility bill today Personal spending on other,Bill for Water utility bill today,Personal spending on other,other,4824.15,5,5,1
Zepto milk and eggs with discount Personal spending on food,Zepto milk and eggs with discount,Personal spending on food,food,1488.61,10,6,1
Txn: Room rent for current month for home Paid via UPI for rent,Txn: Room rent for current month for home,Paid via UPI for rent,rent,28749.69,4,0,0
Paid for Dominos pizza party for home Paid via UPI for food,Paid for Dominos pizza party for home,Paid via UPI for food,food,2294.86,15,6,1
Purchase at Ajio discount clothes at store Routine shopping item,Purchase at Ajio discount clothes at store,Routine shopping item,shopping,12072.54,23,4,0
Spent on LPG gas cylinder refill for home Paid via UPI for other,Spent on LPG gas cylinder refill for home,Paid via UPI for other,other,5661.25,17,2,0
Paid for Kindle e-book purchase at store Paid via UPI for education,Paid for Kindle e-book purchase at store,Paid via UPI for education,education,8893.26,10,0,0
Bill for Technical reference book for home,Bill for Technical reference book for home,,education,11955.5,22,2,0
Spent on Train ticket booking IRCTC for home Routine transport item,Spent on Train ticket booking IRCTC for home,Routine transport item,transport,4351.98,18,0,0
Purchase at Audible audiobooks with discount,Purchase at Audible audiobooks with discount,,entertainment,1213.31,4,5,1
GRE / TOEFL exam registration via GPay,GRE / TOEFL exam registration via GPay,,education,19791.45,25,2,0
Txn: Parking space monthly rent today Personal spending on rent,Txn: Parking space monthly rent today,Personal spending on rent,rent,11705.77,24,5,1
Protein powder supplement urgent Monthly health budget expense,Protein powder supplement urgent,Monthly health budget expense,health,342.29,9,3,0
Purchase at Water utility bill with discount Paid via UPI for other,Purchase at Water utility bill with discount,Paid via UPI for other,other,4049.7,24,6,1
Paid for Ajio discount clothes for home,Paid for Ajio discount clothes for home,,shopping,12960.14,11,0,0
Purchase at Winter jacket shopping for home Paid via UPI for shopping,Purchase at Winter jacket shopping for home,Paid via UPI for shopping,shopping,12964.37,2,0,0
Txn: Electricity bill payment today Monthly other budget expense,Txn: Electricity bill payment today,Monthly other budget expense,other,694.56,15,2,0
Paid for Starbucks coffee & snack with discount Paid via UPI for food,Paid for Starbucks coffee & snack with discount,Paid via UPI for food,food,2654.0,15,4,0
Online Doctor consultation fee today Personal spending on health,Online Doctor consultation fee today,Personal spending on health,health,5665.69,17,2,0
Quick PVR cinemas IMAX tickets via GPay Routine entertainment item,Quick PVR cinemas IMAX tickets via GPay,Routine entertainment item,entertainment,506.67,19,6,1
Quick Croma electronics cable & charger with discount Personal spending on shopping,Quick Croma electronics cable & charger with discount,Personal spending on shopping,shopping,7471.75,12,1,0
Txn: Coding bootcamp installment for home Routine education item,Txn: Coding bootcamp installment for home,Routine education item,education,22040.07,23,4,0
Online Udemy online programming course Personal spending on education,Online Udemy online programming course,Personal spending on education,education,11633.59,18,4,0
Paid for Decathlon sportswear and gear at store Routine shopping item,Paid for Decathlon sportswear and gear at store,Routine shopping item,shopping,4456.52,27,0,0
Kitchen cookware set with card Monthly shopping budget expense,Kitchen cookware set with card,Monthly shopping budget expense,shopping,5189.05,20,3,0
Online Cult.fit fitness pass urgent Personal spending on health,Online Cult.fit fitness pass urgent,Personal spending on health,health,7809.53,14,3,0
Online Sneakers purchase today Monthly shopping budget expense,Online Sneakers purchase today,Monthly shopping budget expense,shopping,8172.68,23,2,0
Chai Point tea with biscuits Personal spending on food,Chai Point tea with biscuits,Personal spending on food,food,3209.9,26,2,0
Bill for Academic journal access fee via GPay Monthly education budget expense,Bill for Academic journal access fee via GPay,Monthly education budget expense,education,10050.27,17,1,0
Quick Hotstar subscription plan at store Paid via UPI for entertainment,Quick Hotstar subscription plan at store,Paid via UPI for entertainment,entertainment,2711.29,26,4,0
Spent on Dental clinic root canal visit today,Spent on Dental clinic root canal visit today,,health,3547.48,4,0,0
Txn: Diesel filling for car via GPay Personal spending on transport,Txn: Diesel filling for car via GPay,Personal spending on transport,transport,386.24,11,6,1
Paid for Airport cab taxi fare with card,Paid for Airport cab taxi fare with card,,transport,2655.83,19,6,1
Purchase at Car servicing & oil change today Routine transport item,Purchase at Car servicing & oil change today,Routine transport item,transport,4396.52,15,2,0
Bill for First aid kit supplies at store Routine health item,Bill for First aid kit supplies at store,Routine health item,health,1610.74,9,2,0
Paid for House rent payment via UPI for home Paid via UPI for rent,Paid for House rent payment via UPI for home,Paid via UPI for rent,rent,8413.12,15,1,0
Spent on Pizza Hut dinner,Spent on Pizza Hut dinner,,food,816.54,4,5,1
Quick Bedsheet and pillow covers urgent,Quick Bedsheet and pillow covers urgent,,shopping,14133.68,25,2,0
Purchase at Mobile postpaid monthly bill today Personal spending on other,Purchase at Mobile postpaid monthly bill today,Personal spending on other,other,4057.49,1,0,0
Txn: Hospital OPD registration at store Routine health item,Txn: Hospital OPD registration at store,Routine health item,health,2094.89,2,0,0
Online PG accommodation fee via GPay Paid via UPI for rent,Online PG accommodation fee via GPay,Paid via UPI for rent,rent,26668.11,1,1,0
Quick Breakfast at Saravana Bhavan urgent Paid via UPI for food,Quick Breakfast at Saravana Bhavan urgent,Paid via UPI for food,food,1704.25,2,5,1
Online Oatmeal and cereal pack today,Online Oatmeal and cereal pack today,,food,486.42,8,6,1
Spent on House cleaning service Urban Company for home Paid via UPI for other,Spent on House cleaning service Urban Company for home,Paid via UPI for other,other,115.24,21,3,0
Quick Office space rent share via GPay Paid via UPI for rent,Quick Office space rent share via GPay,Paid via UPI for rent,rent,43338.45,5,0,0
Quick Hospital OPD registration Monthly health budget expense,Quick Hospital OPD registration,Monthly health budget expense,health,5322.81,17,3,0
Txn: Flipkart electronics sale via GPay Routine shopping item,Txn: Flipkart electronics sale via GPay,Routine shopping item,shopping,7213.36,21,2,0
Quick Kindle e-book purchase with discount,Quick Kindle e-book purchase with discount,,education,7812.81,20,0,0
Bill for Udemy online programming course at store Monthly education budget expense,Bill for Udemy online programming course at store,Monthly education budget expense,education,15425.65,13,6,1
Online Doctor consultation fee Personal spending on health,Online Doctor consultation fee,Personal spending on health,health,1989.85,11,6,1
Online Storage locker monthly rental Monthly rent budget expense,Online Storage locker monthly rental,Monthly rent budget expense,rent,9935.31,24,6,1
Txn: PVR cinemas IMAX tickets today Personal spending on entertainment,Txn: PVR cinemas IMAX tickets today,Personal spending on entertainment,entertainment,2981.71,19,3,0
Online Electricity bill payment urgent Routine other item,Online Electricity bill payment urgent,Routine other item,other,1133.39,8,0,0
Spent on Perfume & cosmetics store for home Paid via UPI for shopping,Spent on Perfume & cosmetics store for home,Paid via UPI for shopping,shopping,17165.77,26,0,0
Paid for Rapido bike taxi today Monthly transport budget expense,Paid for Rapido bike taxi today,Monthly transport budget expense,transport,2592.67,18,5,1
Purchase at Pet food and veterinary care,Purchase at Pet food and veterinary care,,other,935.23,8,1,0
Purchase at Steam video game purchase at store,Purchase at Steam video game purchase at store,,entertainment,2110.52,21,0,0
Bill for Oatmeal and cereal pack with discount Routine food item,Bill for Oatmeal and cereal pack with discount,Routine food item,food,928.88,28,0,0
Bill for Courier speed post delivery urgent Personal spending on other,Bill for Courier speed post delivery urgent,Personal spending on other,other,2326.55,25,5,1
PVR cinemas IMAX tickets via GPay Routine entertainment item,PVR cinemas IMAX tickets via GPay,Routine entertainment item,entertainment,2256.07,2,6,1
Txn: PG accommodation fee at store Routine rent item,Txn: PG accommodation fee at store,Routine rent item,rent,8471.22,12,4,0
Txn: Electricity bill payment for home,Txn: Electricity bill payment for home,,other,4867.35,15,0,0
Paid for Gardening plants and soil with discount Personal spending on other,Paid for Gardening plants and soil with discount,Personal spending on other,other,4225.63,2,2,0
Online Technical reference book Routine education item,Online Technical reference book,Routine education item,education,22384.56,3,1,0
First aid kit supplies for home Paid via UPI for health,First aid kit supplies for home,Paid via UPI for health,health,927.14,9,4,0
Bill for Croma electronics cable & charger at store Paid via UPI for shopping,Bill for Croma electronics cable & charger at store,Paid via UPI for shopping,shopping,4607.59,18,2,0
Online Parking space monthly rent today Paid via UPI for rent,Online Parking space monthly rent today,Paid via UPI for rent,rent,23300.2,28,0,0
Purchase at Fresh meat and fish store at store,Purchase at Fresh meat and fish store at store,,food,1168.35,26,5,1
Paid for Bank transaction charge with discount Monthly other budget expense,Paid for Bank transaction charge with discount,Monthly other budget expense,other,4585.8,8,1,0
Quick Flight ticket Indigo to Mumbai with discount Paid via UPI for transport,Quick Flight ticket Indigo to Mumbai with discount,Paid via UPI for transport,transport,1533.32,9,6,1
PVR cinemas IMAX tickets urgent,PVR cinemas IMAX tickets urgent,,entertainment,1719.51,28,0,0
Txn: Protein powder supplement with card Routine health item,Txn: Protein powder supplement with card,Routine health item,health,4422.93,13,0,0
Spent on Bowling & gaming arcade with discount,Spent on Bowling & gaming arcade with discount,,entertainment,343.15,25,6,1
Online Bowling & gaming arcade today Monthly entertainment budget expense,Online Bowling & gaming arcade today,Monthly entertainment budget expense,entertainment,2529.31,4,0,0
Quick Gardening plants and soil urgent Routine other item,Quick Gardening plants and soil urgent,Routine other item,other,5298.57,10,5,1
Bill for Board game cafe bill with discount,Bill for Board game cafe bill with discount,,entertainment,618.75,26,3,0
Quick Rapido bike taxi at store Routine transport item,Quick Rapido bike taxi at store,Routine transport item,transport,1367.39,9,5,1
Supermarket food supplies urgent Paid via UPI for food,Supermarket food supplies urgent,Paid via UPI for food,food,3353.44,17,6,1
Board game cafe bill today,Board game cafe bill today,,entertainment,1260.46,24,4,0
Paid for Parking fee at mall at store Paid via UPI for transport,Paid for Parking fee at mall at store,Paid via UPI for transport,transport,2361.34,26,4,0
Online Broadband WiFi internet bill with discount Paid via UPI for other,Online Broadband WiFi internet bill with discount,Paid via UPI for other,other,5353.19,20,2,0
Txn: Broadband WiFi internet bill today Personal spending on other,Txn: Broadband WiFi internet bill today,Personal spending on other,other,951.46,16,3,0
Paid for EV charging station fee with card Paid via UPI for transport,Paid for EV charging station fee with card,Paid via UPI for transport,transport,295.52,25,1,0
Spent on PVR cinemas IMAX tickets today Monthly entertainment budget expense,Spent on PVR cinemas IMAX tickets today,Monthly entertainment budget expense,entertainment,681.87,14,4,0
Txn: Toll plaza FASTag recharge via GPay Personal spending on transport,Txn: Toll plaza FASTag recharge via GPay,Personal spending on transport,transport,1081.64,2,6,1
Txn: Bus pass monthly renewal urgent Monthly transport budget expense,Txn: Bus pass monthly renewal urgent,Monthly transport budget expense,transport,1295.66,26,3,0
Purchase at Fresh meat and fish store at store Monthly food budget expense,Purchase at Fresh meat and fish store at store,Monthly food budget expense,food,2418.57,13,4,0
Txn: Amazon Prime annual membership for home Paid via UPI for entertainment,Txn: Amazon Prime annual membership for home,Paid via UPI for entertainment,entertainment,1424.85,11,6,1
Paid for Toll plaza FASTag recharge via GPay Personal spending on transport,Paid for Toll plaza FASTag recharge via GPay,Personal spending on transport,transport,2301.02,16,5,1
Quick Starbucks coffee & snack urgent,Quick Starbucks coffee & snack urgent,,food,977.87,11,2,0
Txn: Laundry dry cleaning with card,Txn: Laundry dry cleaning with card,,other,787.04,21,6,1
Spent on Barbeque Nation buffet for home Routine food item,Spent on Barbeque Nation buffet for home,Routine food item,food,1303.21,5,4,0
Txn: Lunch thali at office canteen with discount Routine food item,Txn: Lunch thali at office canteen with discount,Routine food item,food,1506.47,5,2,0
Online Netflix monthly subscription today Paid via UPI for entertainment,Online Netflix monthly subscription today,Paid via UPI for entertainment,entertainment,1741.37,18,3,0
Cafe Coffee Day latte at store Personal spending on food,Cafe Coffee Day latte at store,Personal spending on food,food,2560.72,6,0,0
Online Myntra clothes shopping Monthly shopping budget expense,Online Myntra clothes shopping,Monthly shopping budget expense,shopping,16274.57,20,5,1
Quick Club weekend party entry at store,Quick Club weekend party entry at store,,entertainment,2863.93,22,1,0
Online Tax filing CA consultancy fee via GPay,Online Tax filing CA consultancy fee via GPay,,other,5526.14,16,1,0
Spent on Society maintenance bill urgent Paid via UPI for rent,Spent on Society maintenance bill urgent,Paid via UPI for rent,rent,27695.36,6,4,0
Quick Co-living monthly rent urgent Paid via UPI for rent,Quick Co-living monthly rent urgent,Paid via UPI for rent,rent,17016.68,1,1,0
Nike running shoes with discount Routine shopping item,Nike running shoes with discount,Routine shopping item,shopping,479.01,3,5,1
Online Cafe Coffee Day latte urgent Monthly food budget expense,Online Cafe Coffee Day latte urgent,Monthly food budget expense,food,1264.05,5,0,0
Rapido bike taxi with card Paid via UPI for transport,Rapido bike taxi with card,Paid via UPI for transport,transport,3268.06,12,2,0
Paid for Concert musical event pass today Paid via UPI for entertainment,Paid for Concert musical event pass today,Paid via UPI for entertainment,entertainment,970.47,20,1,0
Purchase at Monthly apartment rent today Paid via UPI for rent,Purchase at Monthly apartment rent today,Paid via UPI for rent,rent,21602.1,11,5,1
Bill for Blinkit instant grocery via GPay,Bill for Blinkit instant grocery via GPay,,food,1491.45,15,2,0
Cult.fit fitness pass at store Paid via UPI for health,Cult.fit fitness pass at store,Paid via UPI for health,health,6968.23,2,3,0
Txn: Bowling & gaming arcade at store Routine entertainment item,Txn: Bowling & gaming arcade at store,Routine entertainment item,entertainment,236.52,17,3,0
Txn: Train ticket booking IRCTC today Monthly transport budget expense,Txn: Train ticket booking IRCTC today,Monthly transport budget expense,transport,2430.34,14,0,0
Purchase at Brokerage fee for apartment for home,Purchase at Brokerage fee for apartment for home,,rent,22817.37,5,1,0
Online Airport cab taxi fare with card,Online Airport cab taxi fare with card,,transport,1242.12,11,4,0
Online Quarterly rent transfer to landlord Monthly rent budget expense,Online Quarterly rent transfer to landlord,Monthly rent budget expense,rent,8826.15,24,0,0
Online Coding bootcamp installment via GPay Personal spending on education,Online Coding bootcamp installment via GPay,Personal spending on education,education,1177.89,12,0,0
Paid for Ola auto ride via GPay Routine transport item,Paid for Ola auto ride via GPay,Routine transport item,transport,2496.2,5,1,0
Online H&M summer collection,Online H&M summer collection,,shopping,15031.6,21,6,1
Bill for Winter jacket shopping via GPay Monthly shopping budget expense,Bill for Winter jacket shopping via GPay,Monthly shopping budget expense,shopping,10843.66,11,4,0
Paid for Amusement park entry ticket with card Personal spending on entertainment,Paid for Amusement park entry ticket with card,Personal spending on entertainment,entertainment,1401.63,26,4,0
Purchase at Mobile postpaid monthly bill via GPay Paid via UPI for other,Purchase at Mobile postpaid monthly bill via GPay,Paid via UPI for other,other,5844.21,11,6,1
Paid for Courier speed post delivery urgent Routine other item,Paid for Courier speed post delivery urgent,Routine other item,other,5496.97,18,6,1
Quick Bank transaction charge via GPay Routine other item,Quick Bank transaction charge via GPay,Routine other item,other,2374.33,20,0,0
Spent on Myntra clothes shopping urgent Paid via UPI for shopping,Spent on Myntra clothes shopping urgent,Paid via UPI for shopping,shopping,11895.18,24,3,0
Online Watch purchase at Titan with discount Routine shopping item,Online Watch purchase at Titan with discount,Routine shopping item,shopping,3424.58,10,1,0
Bill for Medplus health supplements urgent Paid via UPI for health,Bill for Medplus health supplements urgent,Paid via UPI for health,health,5056.56,17,3,0
Bill for Airport cab taxi fare with discount Paid via UPI for transport,Bill for Airport cab taxi fare with discount,Paid via UPI for transport,transport,540.91,25,5,1
Eye checkup and new glasses via GPay,Eye checkup and new glasses via GPay,,health,4984.39,2,6,1
Decathlon sportswear and gear urgent Paid via UPI for shopping,Decathlon sportswear and gear urgent,Paid via UPI for shopping,shopping,2606.35,19,6,1
Udemy online programming course Monthly education budget expense,Udemy online programming course,Monthly education budget expense,education,14406.36,20,0,0
Bill for Online test series subscription with discount Paid via UPI for education,Bill for Online test series subscription with discount,Paid via UPI for education,education,6086.56,5,2,0
Quick Airport cab taxi fare via GPay Routine transport item,Quick Airport cab taxi fare via GPay,Routine transport item,transport,610.21,20,1,0
Quick Organic fruit market at store Monthly food budget expense,Quick Organic fruit market at store,Monthly food budget expense,food,299.31,23,2,0
Bill for Blinkit instant grocery via GPay Monthly food budget expense,Bill for Blinkit instant grocery via GPay,Monthly food budget expense,food,1697.65,23,0,0
Spent on Charity donation to NGO today Monthly other budget expense,Spent on Charity donation to NGO today,Monthly other budget expense,other,1933.36,9,3,0
Board game cafe bill,Board game cafe bill,,entertainment,1975.21,9,1,0
Bill for Apple store accessories urgent Routine shopping item,Bill for Apple store accessories urgent,Routine shopping item,shopping,8291.4,6,1,0
Quick Sneakers purchase today Paid via UPI for shopping,Quick Sneakers purchase today,Paid via UPI for shopping,shopping,16444.05,26,3,0
Txn: Room rent for current month Personal spending on rent,Txn: Room rent for current month,Personal spending on rent,rent,36585.76,14,6,1
Online Toll plaza FASTag recharge at store Monthly transport budget expense,Online Toll plaza FASTag recharge at store,Monthly transport budget expense,transport,1841.94,2,5,1
H&M summer collection Monthly shopping budget expense,H&M summer collection,Monthly shopping budget expense,shopping,12775.81,14,2,0
Paid for Legal notary & document stamps urgent Paid via UPI for other,Paid for Legal notary & document stamps urgent,Paid via UPI for other,other,1876.53,17,3,0
Bill for Sneakers purchase urgent Monthly shopping budget expense,Bill for Sneakers purchase urgent,Monthly shopping budget expense,shopping,11992.39,23,2,0
Paid for Train ticket booking IRCTC today,Paid for Train ticket booking IRCTC today,,transport,2805.63,5,5,1
Online Biryani takeaway for home Routine food item,Online Biryani takeaway for home,Routine food item,food,2862.62,19,1,0
Txn: Ajio discount clothes today Routine shopping item,Txn: Ajio discount clothes today,Routine shopping item,shopping,10739.68,11,6,1
Spent on Sunglasses purchase for home Paid via UPI for shopping,Spent on Sunglasses purchase for home,Paid via UPI for shopping,shopping,3471.51,18,5,1
Online Sneakers purchase at store,Online Sneakers purchase at store,,shopping,4766.91,4,1,0
Online Amazon online purchase at store Personal spending on shopping,Online Amazon online purchase at store,Personal spending on shopping,shopping,5279.32,21,6,1
Spent on Flipkart electronics sale at store Monthly shopping budget expense,Spent on Flipkart electronics sale at store,Monthly shopping budget expense,shopping,7846.57,28,1,0
Online Toll plaza FASTag recharge urgent,Online Toll plaza FASTag recharge urgent,,transport,146.29,18,2,0
Spent on Bedsheet and pillow covers Routine shopping item,Spent on Bedsheet and pillow covers,Routine shopping item,shopping,4654.4,2,2,0
Hostel fees payment via GPay Personal spending on rent,Hostel fees payment via GPay,Personal spending on rent,rent,14941.52,11,0,0
Paid for Coffee beans purchase for home Routine food item,Paid for Coffee beans purchase for home,Routine food item,food,3321.57,18,6,1
Purchase at Broadband WiFi internet bill Personal spending on other,Purchase at Broadband WiFi internet bill,Personal spending on other,other,1712.96,21,6,1
Quick Health insurance premium urgent,Quick Health insurance premium urgent,,health,755.41,20,1,0
Paid for YouTube Premium family plan via GPay,Paid for YouTube Premium family plan via GPay,,entertainment,1097.4,26,6,1
Paid for Coffee beans purchase with card Routine food item,Paid for Coffee beans purchase with card,Routine food item,food,2974.34,1,2,0
Purchase at Ajio discount clothes with card Paid via UPI for shopping,Purchase at Ajio discount clothes with card,Paid via UPI for shopping,shopping,11249.88,4,2,0
Bill for Laundry dry cleaning with discount Paid via UPI for other,Bill for Laundry dry cleaning with discount,Paid via UPI for other,other,5701.42,14,6,1
Spent on Nike running shoes urgent Monthly shopping budget expense,Spent on Nike running shoes urgent,Monthly shopping budget expense,shopping,7608.6,27,6,1
Quick Coursera specialization certification via GPay Monthly education budget expense,Quick Coursera specialization certification via GPay,Monthly education budget expense,education,21211.55,22,5,1
Txn: Board game cafe bill for home Monthly entertainment budget expense,Txn: Board game cafe bill for home,Monthly entertainment budget expense,entertainment,567.12,15,3,0
Room rent for current month urgent Routine rent item,Room rent for current month urgent,Routine rent item,rent,11153.71,20,4,0
Bill for Technical reference book today Paid via UPI for education,Bill for Technical reference book today,Paid via UPI for education,education,15092.93,3,2,0
Quick Apple store accessories,Quick Apple store accessories,,shopping,16467.11,2,5,1
Blinkit instant grocery with card Paid via UPI for food,Blinkit instant grocery with card,Paid via UPI for food,food,3217.64,24,0,0
Spent on Supermarket food supplies with discount,Spent on Supermarket food supplies with discount,,food,2928.98,17,4,0
Txn: Security deposit installment Paid via UPI for rent,Txn: Security deposit installment,Paid via UPI for rent,rent,16241.9,22,0,0
Paid for Books and stationery store today Paid via UPI for education,Paid for Books and stationery store today,Paid via UPI for education,education,24188.66,23,4,0
Bill for BookMyShow movie tickets today Monthly entertainment budget expense,Bill for BookMyShow movie tickets today,Monthly entertainment budget expense,entertainment,2806.63,12,5,1
Bill for Fresh meat and fish store today,Bill for Fresh meat and fish store today,,food,2684.56,25,1,0
Spent on Coding bootcamp installment Personal spending on education,Spent on Coding bootcamp installment,Personal spending on education,education,793.78,23,3,0
Paid for Uber cab ride to office urgent Personal spending on transport,Paid for Uber cab ride to office urgent,Personal spending on transport,transport,2041.06,15,1,0
Purchase at Board game cafe bill Personal spending on entertainment,Purchase at Board game cafe bill,Personal spending on entertainment,entertainment,1504.57,24,5,1
Organic fruit market today,Organic fruit market today,,food,2160.37,25,4,0
Purchase at PVR cinemas IMAX tickets for home,Purchase at PVR cinemas IMAX tickets for home,,entertainment,2935.42,18,1,0
Paid for Coding bootcamp installment urgent Routine education item,Paid for Coding bootcamp installment urgent,Routine education item,education,9993.83,19,0,0
Quick GRE / TOEFL exam registration with discount,Quick GRE / TOEFL exam registration with discount,,education,9627.44,11,6,1
Paid for Water utility bill today Paid via UPI for other,Paid for Water utility bill today,Paid via UPI for other,other,1895.5,2,2,0
Txn: Club weekend party entry urgent Monthly entertainment budget expense,Txn: Club weekend party entry urgent,Monthly entertainment budget expense,entertainment,896.29,17,0,0
Spent on Gift for friend birthday Personal spending on other,Spent on Gift for friend birthday,Personal spending on other,other,4346.58,12,4,0
Bill for Board game cafe bill at store Paid via UPI for entertainment,Bill for Board game cafe bill at store,Paid via UPI for entertainment,entertainment,871.87,23,3,0
Bank transaction charge at store Paid via UPI for other,Bank transaction charge at store,Paid via UPI for other,other,686.59,23,4,0
Spent on Water utility bill today Routine other item,Spent on Water utility bill today,Routine other item,other,735.61,18,3,0
Paid for Uber cab ride to office via GPay Monthly transport budget expense,Paid for Uber cab ride to office via GPay,Monthly transport budget expense,transport,1218.66,5,2,0
Bill for Health insurance premium Routine health item,Bill for Health insurance premium,Routine health item,health,5333.84,10,4,0
Txn: Starbucks coffee & snack with discount Paid via UPI for food,Txn: Starbucks coffee & snack with discount,Paid via UPI for food,food,1476.94,8,4,0
Purchase at LPG gas cylinder refill today Personal spending on other,Purchase at LPG gas cylinder refill today,Personal spending on other,other,674.64,1,1,0
Txn: Eye checkup and new glasses,Txn: Eye checkup and new glasses,,health,414.48,3,2,0
Spent on Sneakers purchase urgent Personal spending on shopping,Spent on Sneakers purchase urgent,Personal spending on shopping,shopping,11284.92,1,3,0
Online Blood test and full body checkup today Routine health item,Online Blood test and full body checkup today,Routine health item,health,2649.92,14,6,1
Online College semester tuition fee at store,Online College semester tuition fee at store,,education,9300.4,20,6,1
Spent on College semester tuition fee for home Routine education item,Spent on College semester tuition fee for home,Routine education item,education,4301.63,21,3,0
Spent on Swiggy order for dinner via GPay Personal spending on food,Spent on Swiggy order for dinner via GPay,Personal spending on food,food,964.36,8,2,0
Quick Groceries at Reliance Smart with discount Monthly food budget expense,Quick Groceries at Reliance Smart with discount,Monthly food budget expense,food,1646.43,6,2,0
Bill for Office space rent share Monthly rent budget expense,Bill for Office space rent share,Monthly rent budget expense,rent,38042.63,17,6,1
Auto rickshaw cash fare for home Paid via UPI for transport,Auto rickshaw cash fare for home,Paid via UPI for transport,transport,359.05,14,0,0
Spent on Brokerage fee for apartment at store Paid via UPI for rent,Spent on Brokerage fee for apartment at store,Paid via UPI for rent,rent,28164.59,17,4,0
Online Ayurvedic medicines purchase Paid via UPI for health,Online Ayurvedic medicines purchase,Paid via UPI for health,health,4752.89,26,1,0
Bill for Coursera specialization certification via GPay,Bill for Coursera specialization certification via GPay,,education,12103.54,11,6,1
Purchase at Physiotherapy session via GPay Personal spending on health,Purchase at Physiotherapy session via GPay,Personal spending on health,health,315.54,26,2,0
Quick Flight ticket Indigo to Mumbai at store Personal spending on transport,Quick Flight ticket Indigo to Mumbai at store,Personal spending on transport,transport,3272.63,28,3,0
Paid for Bedsheet and pillow covers urgent Personal spending on shopping,Paid for Bedsheet and pillow covers urgent,Personal spending on shopping,shopping,6859.05,3,6,1
Water tanker for society via GPay Paid via UPI for rent,Water tanker for society via GPay,Paid via UPI for rent,rent,20210.36,21,4,0
Purchase at Water tanker for society with card Personal spending on rent,Purchase at Water tanker for society with card,Personal spending on rent,rent,29171.31,22,4,0
Quick Udemy online programming course with card Paid via UPI for education,Quick Udemy online programming course with card,Paid via UPI for education,education,1099.45,26,6,1
Paid for Brokerage fee for apartment with card,Paid for Brokerage fee for apartment with card,,rent,37583.31,5,5,1
Spent on Club weekend party entry urgent Paid via UPI for entertainment,Spent on Club weekend party entry urgent,Paid via UPI for entertainment,entertainment,2233.31,18,4,0
Paid for Ajio discount clothes Monthly shopping budget expense,Paid for Ajio discount clothes,Monthly shopping budget expense,shopping,4279.82,9,0,0
Paid for Myntra clothes shopping with card,Paid for Myntra clothes shopping with card,,shopping,17012.08,21,0,0
Bill for Apollo Pharmacy medicines with card Personal spending on health,Bill for Apollo Pharmacy medicines with card,Personal spending on health,health,5639.78,6,2,0
Co-living monthly rent urgent Monthly rent budget expense,Co-living monthly rent urgent,Monthly rent budget expense,rent,17472.77,17,2,0
Purchase at Udemy online programming course Paid via UPI for education,Purchase at Udemy online programming course,Paid via UPI for education,education,20263.27,15,0,0
Online Hospital OPD registration at store Personal spending on health,Online Hospital OPD registration at store,Personal spending on health,health,739.83,4,2,0
Purchase at Club weekend party entry for home Personal spending on entertainment,Purchase at Club weekend party entry for home,Personal spending on entertainment,entertainment,1526.12,15,2,0
Home repair and plumbing with discount Monthly other budget expense,Home repair and plumbing with discount,Monthly other budget expense,other,4381.3,8,1,0
Purchase at Home repair and plumbing with discount Personal spending on other,Purchase at Home repair and plumbing with discount,Personal spending on other,other,121.89,8,4,0
Txn: Storage locker monthly rental today,Txn: Storage locker monthly rental today,,rent,34911.76,10,0,0
Purchase at Airport cab taxi fare with card Paid via UPI for transport,Purchase at Airport cab taxi fare with card,Paid via UPI for transport,transport,69.17,1,1,0
Online Parking fee at mall for home Monthly transport budget expense,Online Parking fee at mall for home,Monthly transport budget expense,transport,1090.16,23,5,1
Online Ice cream at Baskin Robbins today Monthly food budget expense,Online Ice cream at Baskin Robbins today,Monthly food budget expense,food,936.05,3,0,0
Bill for Notebooks and pens set urgent Monthly education budget expense,Bill for Notebooks and pens set urgent,Monthly education budget expense,education,10471.0,6,2,0
Perfume & cosmetics store today Monthly shopping budget expense,Perfume & cosmetics store today,Monthly shopping budget expense,shopping,16785.97,2,2,0
Quick Courier speed post delivery with discount,Quick Courier speed post delivery with discount,,other,3636.74,13,6,1
Purchase at Hospital OPD registration with card Personal spending on health,Purchase at Hospital OPD registration with card,Personal spending on health,health,3844.92,13,6,1
Monthly apartment rent with discount Monthly rent budget expense,Monthly apartment rent with discount,Monthly rent budget expense,rent,36917.3,25,0,0
Txn: Gardening plants and soil with discount Routine other item,Txn: Gardening plants and soil with discount,Routine other item,other,1947.87,20,1,0
Online Flipkart electronics sale with card Monthly shopping budget expense,Online Flipkart electronics sale with card,Monthly shopping budget expense,shopping,2347.41,15,0,0
Academic journal access fee Monthly education budget expense,Academic journal access fee,Monthly education budget expense,education,7311.06,6,0,0
Purchase at Physiotherapy session with card Routine health item,Purchase at Physiotherapy session with card,Routine health item,health,7569.54,11,6,1
Purchase at Coding bootcamp installment at store,Purchase at Coding bootcamp installment at store,,education,6192.1,10,5,1
Bill for Online test series subscription for home Personal spending on education,Bill for Online test series subscription for home,Personal spending on education,education,23532.96,19,0,0
Txn: Electricity bill payment at store Monthly other budget expense,Txn: Electricity bill payment at store,Monthly other budget expense,other,2225.14,25,0,0
Quick Cult.fit fitness pass today Personal spending on health,Quick Cult.fit fitness pass today,Personal spending on health,health,7843.58,24,3,0
Online Storage locker monthly rental with discount Paid via UPI for rent,Online Storage locker monthly rental with discount,Paid via UPI for rent,rent,14414.32,7,4,0
Spent on Yoga class subscription urgent Personal spending on health,Spent on Yoga class subscription urgent,Personal spending on health,health,4151.22,7,6,1
Bill for Club weekend party entry at store Personal spending on entertainment,Bill for Club weekend party entry at store,Personal spending on entertainment,entertainment,2539.5,28,3,0
Online Technical reference book with card Monthly education budget expense,Online Technical reference book with card,Monthly education budget expense,education,6888.24,8,2,0
Online Zara shirt and jeans today Monthly shopping budget expense,Online Zara shirt and jeans today,Monthly shopping budget expense,shopping,8149.6,14,0,0
Paid for YouTube Premium family plan with discount Routine entertainment item,Paid for YouTube Premium family plan with discount,Routine entertainment item,entertainment,2643.47,15,4,0
Paid for Petrol pump fuel refill today Monthly transport budget expense,Paid for Petrol pump fuel refill today,Monthly transport budget expense,transport,656.3,13,5,1
Purchase at Casual t-shirt and hoodie today Personal spending on shopping,Purchase at Casual t-shirt and hoodie today,Personal spending on shopping,shopping,5719.77,27,4,0
Paid for Electricity bill payment urgent Routine other item,Paid for Electricity bill payment urgent,Routine other item,other,4009.47,12,3,0
Txn: Organic fruit market urgent Paid via UPI for food,Txn: Organic fruit market urgent,Paid via UPI for food,food,2355.57,23,6,1
Quick Storage locker monthly rental today,Quick Storage locker monthly rental today,,rent,43150.58,5,2,0
Amazon Prime annual membership for home Personal spending on entertainment,Amazon Prime annual membership for home,Personal spending on entertainment,entertainment,265.81,13,0,0
Paid for McDonald's burger meal with card Monthly food budget expense,Paid for McDonald's burger meal with card,Monthly food budget expense,food,2375.21,3,6,1
Paid for Board game cafe bill today,Paid for Board game cafe bill today,,entertainment,396.23,15,1,0
Paid for Ayurvedic medicines purchase via GPay Personal spending on health,Paid for Ayurvedic medicines purchase via GPay,Personal spending on health,health,7590.96,1,0,0
Purchase at Bus pass monthly renewal today,Purchase at Bus pass monthly renewal today,,transport,3753.33,2,6,1
Spent on Coding bootcamp installment at store Personal spending on education,Spent on Coding bootcamp installment at store,Personal spending on education,education,17009.09,3,0,0
Paid for Ayurvedic medicines purchase with discount Paid via UPI for health,Paid for Ayurvedic medicines purchase with discount,Paid via UPI for health,health,5474.9,21,1,0
Bill for Academic journal access fee for home Monthly education budget expense,Bill for Academic journal access fee for home,Monthly education budget expense,education,18253.39,20,1,0
Spent on Metro card monthly recharge via GPay Personal spending on transport,Spent on Metro card monthly recharge via GPay,Personal spending on transport,transport,143.41,25,0,0
Purchase at Academic journal access fee with card Monthly education budget expense,Purchase at Academic journal access fee with card,Monthly education budget expense,education,12276.44,21,5,1
Spent on Amazon online purchase at store Monthly shopping budget expense,Spent on Amazon online purchase at store,Monthly shopping budget expense,shopping,7676.9,23,5,1
Txn: Language learning app subscription today Routine education item,Txn: Language learning app subscription today,Routine education item,education,12914.71,21,4,0
Online Hostel fees payment today Personal spending on rent,Online Hostel fees payment today,Personal spending on rent,rent,15956.6,5,1,0
Txn: Storage locker monthly rental via GPay Personal spending on rent,Txn: Storage locker monthly rental via GPay,Personal spending on rent,rent,44100.43,26,4,0
Online Airport cab taxi fare with card,Online Airport cab taxi fare with card,,transport,827.88,8,3,0
Spent on Health insurance premium via GPay,Spent on Health insurance premium via GPay,,health,2641.57,14,6,1
Purchase at Ayurvedic medicines purchase urgent Personal spending on health,Purchase at Ayurvedic medicines purchase urgent,Personal spending on health,health,6128.94,26,5,1
Quick Web development workshop fee with card Monthly education budget expense,Quick Web development workshop fee with card,Monthly education budget expense,education,21866.52,3,2,0
IKEA home furniture today,IKEA home furniture today,,shopping,4932.07,23,4,0
Online Lunch thali at office canteen with discount Routine food item,Online Lunch thali at office canteen with discount,Routine food item,food,407.88,11,5,1
Quick Spotify premium music renewal via GPay,Quick Spotify premium music renewal via GPay,,entertainment,2383.78,16,4,0
Bill for Local bakery bread and cake with card Monthly food budget expense,Bill for Local bakery bread and cake with card,Monthly food budget expense,food,2445.76,23,5,1
Txn: First aid kit supplies with discount Paid via UPI for health,Txn: First aid kit supplies with discount,Paid via UPI for health,health,1512.73,6,5,1
GRE / TOEFL exam registration at store Routine education item,GRE / TOEFL exam registration at store,Routine education item,education,4070.12,17,2,0
Security deposit installment via GPay Routine rent item,Security deposit installment via GPay,Routine rent item,rent,29899.55,22,4,0
Txn: ATM cash withdrawal unaccounted with discount,Txn: ATM cash withdrawal unaccounted with discount,,other,5824.01,7,4,0
Bill for Audible audiobooks for home Personal spending on entertainment,Bill for Audible audiobooks for home,Personal spending on entertainment,entertainment,387.92,9,5,1
Paid for Home repair and plumbing with card Personal spending on other,Paid for Home repair and plumbing with card,Personal spending on other,other,479.9,13,3,0
Quick Supermarket food supplies via GPay Paid via UPI for food,Quick Supermarket food supplies via GPay,Paid via UPI for food,food,3369.2,21,3,0
Paid for Coursera specialization certification via GPay,Paid for Coursera specialization certification via GPay,,education,9436.18,10,5,1
Txn: Bus pass monthly renewal,Txn: Bus pass monthly renewal,,transport,3594.35,2,2,0
Books and stationery store via GPay Personal spending on education,Books and stationery store via GPay,Personal spending on education,education,14661.47,21,2,0
Online Auto rickshaw cash fare at store Personal spending on transport,Online Auto rickshaw cash fare at store,Personal spending on transport,transport,4328.89,26,0,0
Txn: Breakfast at Saravana Bhavan with card Paid via UPI for food,Txn: Breakfast at Saravana Bhavan with card,Paid via UPI for food,food,700.57,8,5,1
Purchase at Skillshare creative subscription for home Monthly education budget expense,Purchase at Skillshare creative subscription for home,Monthly education budget expense,education,4158.12,16,1,0
Online Grocery shopping at DMart Personal spending on food,Online Grocery shopping at DMart,Personal spending on food,food,1980.4,18,3,0
Quick Dental clinic root canal visit via GPay Paid via UPI for health,Quick Dental clinic root canal visit via GPay,Paid via UPI for health,health,4022.44,25,1,0
Paid for Skillshare creative subscription via GPay Routine education item,Paid for Skillshare creative subscription via GPay,Routine education item,education,15804.91,12,2,0
Office space rent share Monthly rent budget expense,Office space rent share,Monthly rent budget expense,rent,43279.8,2,4,0
Purchase at Quarterly rent transfer to landlord urgent Personal spending on rent,Purchase at Quarterly rent transfer to landlord urgent,Personal spending on rent,rent,33400.21,14,1,0
Flipkart electronics sale at store Paid via UPI for shopping,Flipkart electronics sale at store,Paid via UPI for shopping,shopping,7762.81,5,1,0
Sneakers purchase via GPay,Sneakers purchase via GPay,,shopping,13526.47,8,0,0
Spent on Decathlon sportswear and gear urgent Paid via UPI for shopping,Spent on Decathlon sportswear and gear urgent,Paid via UPI for shopping,shopping,3875.85,11,6,1
Paid for Sunglasses purchase today Personal spending on shopping,Paid for Sunglasses purchase today,Personal spending on shopping,shopping,13908.35,28,4,0
Quick Dominos pizza party today Paid via UPI for food,Quick Dominos pizza party today,Paid via UPI for food,food,867.36,27,6,1
Quick Language learning app subscription with discount Routine education item,Quick Language learning app subscription with discount,Routine education item,education,18308.37,1,1,0
Purchase at Amazon online purchase for home Routine shopping item,Purchase at Amazon online purchase for home,Routine shopping item,shopping,5300.69,3,0,0
Quick Coursera specialization certification today Paid via UPI for education,Quick Coursera specialization certification today,Paid via UPI for education,education,6964.89,1,0,0
Bill for Physiotherapy session Monthly health budget expense,Bill for Physiotherapy session,Monthly health budget expense,health,978.85,16,3,0
Quick Gym membership monthly renewal via GPay,Quick Gym membership monthly renewal via GPay,,health,4222.65,5,2,0
Bill for House rent payment via UPI Monthly rent budget expense,Bill for House rent payment via UPI,Monthly rent budget expense,rent,17714.05,21,4,0
Quick Language learning app subscription with card Personal spending on education,Quick Language learning app subscription with card,Personal spending on education,education,18404.52,4,2,0
Bill for Car servicing & oil change via GPay Personal spending on transport,Bill for Car servicing & oil change via GPay,Personal spending on transport,transport,3156.68,5,5,1
Txn: Lunch thali at office canteen with discount Routine food item,Txn: Lunch thali at office canteen with discount,Routine food item,food,2309.98,8,2,0
Purchase at Doctor consultation fee with discount Personal spending on health,Purchase at Doctor consultation fee with discount,Personal spending on health,health,7961.46,11,5,1
Bill for Kitchen cookware set Monthly shopping budget expense,Bill for Kitchen cookware set,Monthly shopping budget expense,shopping,13979.95,4,2,0
Bill for Car servicing & oil change today Paid via UPI for transport,Bill for Car servicing & oil change today,Paid via UPI for transport,transport,3764.97,15,5,1
Airport cab taxi fare at store Paid via UPI for transport,Airport cab taxi fare at store,Paid via UPI for transport,transport,416.93,9,4,0
Haldirams snacks & sweets urgent Routine food item,Haldirams snacks & sweets urgent,Routine food item,food,3190.65,26,4,0
Paid for Breakfast at Saravana Bhavan today Routine food item,Paid for Breakfast at Saravana Bhavan today,Routine food item,food,347.84,27,1,0
Bill for Train ticket booking IRCTC for home Routine transport item,Bill for Train ticket booking IRCTC for home,Routine transport item,transport,4320.33,22,5,1
Hotstar subscription plan for home Routine entertainment item,Hotstar subscription plan for home,Routine entertainment item,entertainment,2261.8,19,3,0
Online Laundry dry cleaning with discount Monthly other budget expense,Online Laundry dry cleaning with discount,Monthly other budget expense,other,3637.55,4,5,1
Txn: Bedsheet and pillow covers Routine shopping item,Txn: Bedsheet and pillow covers,Routine shopping item,shopping,12872.09,15,3,0
Purchase at EV charging station fee for home Monthly transport budget expense,Purchase at EV charging station fee for home,Monthly transport budget expense,transport,3463.39,3,3,0
Online Ice cream at Baskin Robbins Monthly food budget expense,Online Ice cream at Baskin Robbins,Monthly food budget expense,food,2817.21,12,5,1
Paid for Rapido bike taxi at store,Paid for Rapido bike taxi at store,,transport,946.31,20,6,1
Udemy online programming course at store Paid via UPI for education,Udemy online programming course at store,Paid via UPI for education,education,7170.49,22,5,1
Txn: PG accommodation fee Paid via UPI for rent,Txn: PG accommodation fee,Paid via UPI for rent,rent,32474.36,9,3,0
Paid for Storage locker monthly rental at store,Paid for Storage locker monthly rental at store,,rent,34220.9,20,6,1
Online LPG gas cylinder refill with card Routine other item,Online LPG gas cylinder refill with card,Routine other item,other,3837.07,23,3,0
Txn: Organic fruit market with discount,Txn: Organic fruit market with discount,,food,2648.81,22,2,0
Bill for Auto rickshaw cash fare today Monthly transport budget expense,Bill for Auto rickshaw cash fare today,Monthly transport budget expense,transport,2330.76,18,6,1
Online Eye checkup and new glasses today Monthly health budget expense,Online Eye checkup and new glasses today,Monthly health budget expense,health,5634.08,23,4,0
Online Swiggy order for dinner at store Routine food item,Online Swiggy order for dinner at store,Routine food item,food,1797.97,20,4,0
Bill for Ayurvedic medicines purchase with discount Routine health item,Bill for Ayurvedic medicines purchase with discount,Routine health item,health,5535.13,28,6,1
Paid for Ayurvedic medicines purchase,Paid for Ayurvedic medicines purchase,,health,3724.82,27,1,0
Quick College semester tuition fee for home Personal spending on education,Quick College semester tuition fee for home,Personal spending on education,education,7477.11,10,6,1
Paid for Pet food and veterinary care today Routine other item,Paid for Pet food and veterinary care today,Routine other item,other,282.86,8,2,0
Bill for Kitchen cookware set,Bill for Kitchen cookware set,,shopping,8532.28,23,6,1
Bill for Skillshare creative subscription with discount Personal spending on education,Bill for Skillshare creative subscription with discount,Personal spending on education,education,12930.39,22,3,0
Paid for Board game cafe bill today Routine entertainment item,Paid for Board game cafe bill today,Routine entertainment item,entertainment,1534.94,27,1,0
Online Doctor consultation fee at store Paid via UPI for health,Online Doctor consultation fee at store,Paid via UPI for health,health,642.96,21,5,1
Online Parking space monthly rent with discount Monthly rent budget expense,Online Parking space monthly rent with discount,Monthly rent budget expense,rent,43292.06,22,5,1
Sneakers purchase,Sneakers purchase,,shopping,9057.96,7,3,0
Txn: Diesel filling for car at store,Txn: Diesel filling for car at store,,transport,3233.96,11,2,0
Txn: Haldirams snacks & sweets today,Txn: Haldirams snacks & sweets today,,food,2085.95,11,1,0
Spent on Spotify premium music renewal at store Personal spending on entertainment,Spent on Spotify premium music renewal at store,Personal spending on entertainment,entertainment,442.68,27,5,1
Txn: Skillshare creative subscription via GPay Routine education item,Txn: Skillshare creative subscription via GPay,Routine education item,education,11735.18,23,5,1
Purchase at PVR cinemas IMAX tickets with discount,Purchase at PVR cinemas IMAX tickets with discount,,entertainment,635.61,23,0,0
Spent on H&M summer collection at store Paid via UPI for shopping,Spent on H&M summer collection at store,Paid via UPI for shopping,shopping,5113.95,3,2,0
Bill for Web development workshop fee Routine education item,Bill for Web development workshop fee,Routine education item,education,14836.01,11,2,0
Standup comedy show ticket via GPay Paid via UPI for entertainment,Standup comedy show ticket via GPay,Paid via UPI for entertainment,entertainment,301.93,4,3,0
Txn: Dental clinic root canal visit today Routine health item,Txn: Dental clinic root canal visit today,Routine health item,health,7800.13,26,2,0
Quick Dermatologist skin treatment with card Monthly health budget expense,Quick Dermatologist skin treatment with card,Monthly health budget expense,health,6174.58,18,4,0
Paid for Kitchen cookware set via GPay Monthly shopping budget expense,Paid for Kitchen cookware set via GPay,Monthly shopping budget expense,shopping,8805.92,27,3,0
Online Netflix monthly subscription today Personal spending on entertainment,Online Netflix monthly subscription today,Personal spending on entertainment,entertainment,488.53,6,6,1
Txn: Interstate Volvo bus ticket Routine transport item,Txn: Interstate Volvo bus ticket,Routine transport item,transport,1672.82,10,3,0
Steam video game purchase urgent Routine entertainment item,Steam video game purchase urgent,Routine entertainment item,entertainment,1238.11,26,2,0
Spent on Spotify premium music renewal today Routine entertainment item,Spent on Spotify premium music renewal today,Routine entertainment item,entertainment,793.5,14,0,0
Online Gardening plants and soil urgent Personal spending on other,Online Gardening plants and soil urgent,Personal spending on other,other,5545.3,8,5,1
Quick Cycle repair & parts at store,Quick Cycle repair & parts at store,,transport,2615.68,2,2,0
Udemy online programming course via GPay Personal spending on education,Udemy online programming course via GPay,Personal spending on education,education,17509.58,13,4,0
Spent on Online test series subscription today,Spent on Online test series subscription today,,education,22299.79,1,1,0
Diesel filling for car with discount Routine transport item,Diesel filling for car with discount,Routine transport item,transport,1716.64,22,0,0
Online Coursera specialization certification Paid via UPI for education,Online Coursera specialization certification,Paid via UPI for education,education,11075.25,1,5,1
Paid for Room rent for current month via GPay Personal spending on rent,Paid for Room rent for current month via GPay,Personal spending on rent,rent,6546.91,19,6,1
Purchase at Decathlon sportswear and gear,Purchase at Decathlon sportswear and gear,,shopping,8444.89,16,1,0
Spent on Hostel fees payment with card Personal spending on rent,Spent on Hostel fees payment with card,Personal spending on rent,rent,27049.32,22,1,0
Paid for Sunglasses purchase via GPay Paid via UPI for shopping,Paid for Sunglasses purchase via GPay,Paid via UPI for shopping,shopping,10572.65,26,5,1
Petrol pump fuel refill for home Paid via UPI for transport,Petrol pump fuel refill for home,Paid via UPI for transport,transport,1048.27,3,1,0
Parking fee at mall Personal spending on transport,Parking fee at mall,Personal spending on transport,transport,4044.83,5,4,0
Online Bedsheet and pillow covers urgent Monthly shopping budget expense,Online Bedsheet and pillow covers urgent,Monthly shopping budget expense,shopping,3600.23,11,2,0
Online Audible audiobooks via GPay Personal spending on entertainment,Online Audible audiobooks via GPay,Personal spending on entertainment,entertainment,2693.75,2,3,0
Spent on H&M summer collection Personal spending on shopping,Spent on H&M summer collection,Personal spending on shopping,shopping,17295.75,14,4,0
Purchase at Nature's Basket gourmet items today Routine food item,Purchase at Nature's Basket gourmet items today,Routine food item,food,2498.47,17,4,0
Purchase at Amazon Prime annual membership with discount,Purchase at Amazon Prime annual membership with discount,,entertainment,1342.79,14,6,1
Purchase at Biryani takeaway with discount Routine food item,Purchase at Biryani takeaway with discount,Routine food item,food,646.03,27,2,0
Online Bike maintenance and repair at store Paid via UPI for transport,Online Bike maintenance and repair at store,Paid via UPI for transport,transport,2066.07,23,2,0
Purchase at Gardening plants and soil,Purchase at Gardening plants and soil,,other,2704.96,9,3,0
Online Audible audiobooks with discount Monthly entertainment budget expense,Online Audible audiobooks with discount,Monthly entertainment budget expense,entertainment,2371.0,14,0,0
Online Auto rickshaw cash fare via GPay Personal spending on transport,Online Auto rickshaw cash fare via GPay,Personal spending on transport,transport,2478.61,13,4,0
Spent on KFC chicken bucket today Monthly food budget expense,Spent on KFC chicken bucket today,Monthly food budget expense,food,2442.12,23,5,1
Paid for Kindle e-book purchase with discount Routine education item,Paid for Kindle e-book purchase with discount,Routine education item,education,1156.75,7,6,1
Quick Mobile postpaid monthly bill Paid via UPI for other,Quick Mobile postpaid monthly bill,Paid via UPI for other,other,2074.66,18,4,0
Paid for Chai Point tea with biscuits today Paid via UPI for food,Paid for Chai Point tea with biscuits today,Paid via UPI for food,food,1397.64,28,4,0
Spent on BookMyShow movie tickets with discount Personal spending on entertainment,Spent on BookMyShow movie tickets with discount,Personal spending on entertainment,entertainment,1830.96,4,1,0
Bill for Gym membership monthly renewal at store Routine health item,Bill for Gym membership monthly renewal at store,Routine health item,health,7867.26,3,6,1
Web development workshop fee with card Monthly education budget expense,Web development workshop fee with card,Monthly education budget expense,education,14631.2,20,4,0
Online Apollo Pharmacy medicines Monthly health budget expense,Online Apollo Pharmacy medicines,Monthly health budget expense,health,7461.5,16,0,0
Paid for Coding bootcamp installment for home Paid via UPI for education,Paid for Coding bootcamp installment for home,Paid via UPI for education,education,4677.65,15,5,1
Storage locker monthly rental with discount Monthly rent budget expense,Storage locker monthly rental with discount,Monthly rent budget expense,rent,38080.41,10,1,0
Bill for Watch purchase at Titan with discount Paid via UPI for shopping,Bill for Watch purchase at Titan with discount,Paid via UPI for shopping,shopping,10909.01,23,1,0
Paid for Yoga class subscription Monthly health budget expense,Paid for Yoga class subscription,Monthly health budget expense,health,2754.68,3,0,0
Online McDonald's burger meal Paid via UPI for food,Online McDonald's burger meal,Paid via UPI for food,food,2875.52,18,5,1
Spent on Netflix monthly subscription Personal spending on entertainment,Spent on Netflix monthly subscription,Personal spending on entertainment,entertainment,1241.6,12,5,1
Spent on Dermatologist skin treatment at store,Spent on Dermatologist skin treatment at store,,health,5685.97,6,0,0
Spent on Monthly apartment rent with discount,Spent on Monthly apartment rent with discount,,rent,19578.98,26,4,0
Online Home repair and plumbing for home,Online Home repair and plumbing for home,,other,3876.02,14,2,0
Purchase at Courier speed post delivery via GPay Paid via UPI for other,Purchase at Courier speed post delivery via GPay,Paid via UPI for other,other,2144.64,22,5,1
Cult.fit fitness pass urgent Routine health item,Cult.fit fitness pass urgent,Routine health item,health,850.37,4,2,0
Purchase at Bedsheet and pillow covers Routine shopping item,Purchase at Bedsheet and pillow covers,Routine shopping item,shopping,16964.38,3,1,0
Txn: Bedsheet and pillow covers with discount Paid via UPI for shopping,Txn: Bedsheet and pillow covers with discount,Paid via UPI for shopping,shopping,14293.7,24,4,0
Paid for House cleaning service Urban Company today Monthly other budget expense,Paid for House cleaning service Urban Company today,Monthly other budget expense,other,4626.02,27,4,0
Online Amusement park entry ticket with card Paid via UPI for entertainment,Online Amusement park entry ticket with card,Paid via UPI for entertainment,entertainment,2463.14,10,4,0
Purchase at Groceries at Reliance Smart today Monthly food budget expense,Purchase at Groceries at Reliance Smart today,Monthly food budget expense,food,1864.79,9,2,0
Txn: McDonald's burger meal for home Personal spending on food,Txn: McDonald's burger meal for home,Personal spending on food,food,1821.21,10,5,1
Online Ice cream at Baskin Robbins urgent Monthly food budget expense,Online Ice cream at Baskin Robbins urgent,Monthly food budget expense,food,1017.5,19,4,0
Spent on Books and stationery store urgent Personal spending on education,Spent on Books and stationery store urgent,Personal spending on education,education,9659.57,11,1,0
Paid for Water utility bill with card Monthly other budget expense,Paid for Water utility bill with card,Monthly other budget expense,other,634.12,23,4,0
Purchase at BookMyShow movie tickets today,Purchase at BookMyShow movie tickets today,,entertainment,2096.48,20,4,0
Spent on Steam video game purchase with card,Spent on Steam video game purchase with card,,entertainment,878.98,14,0,0
Online Flipkart electronics sale at store,Online Flipkart electronics sale at store,,shopping,11854.69,1,6,1
Spent on Subway sub & drink today Routine food item,Spent on Subway sub & drink today,Routine food item,food,1014.68,20,3,0
Bill for Uber cab ride to office for home Personal spending on transport,Bill for Uber cab ride to office for home,Personal spending on transport,transport,1369.45,27,4,0
Spent on Water utility bill with card Routine other item,Spent on Water utility bill with card,Routine other item,other,5137.8,16,5,1
Online Ayurvedic medicines purchase urgent Routine health item,Online Ayurvedic medicines purchase urgent,Routine health item,health,3215.45,6,4,0
Paid for Bedsheet and pillow covers with discount Routine shopping item,Paid for Bedsheet and pillow covers with discount,Routine shopping item,shopping,13090.62,22,3,0
Purchase at Metro card monthly recharge today Personal spending on transport,Purchase at Metro card monthly recharge today,Personal spending on transport,transport,399.43,16,2,0
Bill for Zepto milk and eggs via GPay Personal spending on food,Bill for Zepto milk and eggs via GPay,Personal spending on food,food,2220.65,14,3,0
Online Language learning app subscription with discount Routine education item,Online Language learning app subscription with discount,Routine education item,education,23547.29,10,2,0
Online Concert musical event pass urgent Personal spending on entertainment,Online Concert musical event pass urgent,Personal spending on entertainment,entertainment,2906.1,9,0,0
Spent on Water tanker for society at store Monthly rent budget expense,Spent on Water tanker for society at store,Monthly rent budget expense,rent,21637.95,23,2,0
Online College semester tuition fee for home Monthly education budget expense,Online College semester tuition fee for home,Monthly education budget expense,education,16755.13,23,4,0
Quick Decathlon sportswear and gear at store Monthly shopping budget expense,Quick Decathlon sportswear and gear at store,Monthly shopping budget expense,shopping,9480.41,4,1,0
Purchase at Hospital OPD registration urgent Personal spending on health,Purchase at Hospital OPD registration urgent,Personal spending on health,health,3932.43,14,5,1
Paid for Board game cafe bill with card Paid via UPI for entertainment,Paid for Board game cafe bill with card,Paid via UPI for entertainment,entertainment,2947.31,18,6,1
Spent on College semester tuition fee at store Monthly education budget expense,Spent on College semester tuition fee at store,Monthly education budget expense,education,21761.25,26,3,0
Bill for Oatmeal and cereal pack urgent Routine food item,Bill for Oatmeal and cereal pack urgent,Routine food item,food,1872.39,8,0,0
Spent on Udemy online programming course via GPay Routine education item,Spent on Udemy online programming course via GPay,Routine education item,education,11512.46,8,1,0
Online Supermarket food supplies via GPay Paid via UPI for food,Online Supermarket food supplies via GPay,Paid via UPI for food,food,2852.48,3,4,0
Spent on Notebooks and pens set urgent Routine education item,Spent on Notebooks and pens set urgent,Routine education item,education,7806.46,14,1,0
Paid for Parking space monthly rent via GPay Personal spending on rent,Paid for Parking space monthly rent via GPay,Personal spending on rent,rent,30021.73,18,5,1
Spent on Coffee beans purchase with discount Monthly food budget expense,Spent on Coffee beans purchase with discount,Monthly food budget expense,food,1943.8,13,3,0
Purchase at Room rent for current month for home,Purchase at Room rent for current month for home,,rent,29903.32,11,4,0
Txn: GRE / TOEFL exam registration for home Routine education item,Txn: GRE / TOEFL exam registration for home,Routine education item,education,11108.14,3,4,0
Spent on Local bakery bread and cake for home Personal spending on food,Spent on Local bakery bread and cake for home,Personal spending on food,food,591.54,22,4,0
GRE / TOEFL exam registration for home,GRE / TOEFL exam registration for home,,education,20937.27,9,3,0
Spent on Cult.fit fitness pass urgent Monthly health budget expense,Spent on Cult.fit fitness pass urgent,Monthly health budget expense,health,3702.26,11,1,0
Paid for Haldirams snacks & sweets at store Personal spending on food,Paid for Haldirams snacks & sweets at store,Personal spending on food,food,2958.3,27,4,0
Spent on Mobile postpaid monthly bill at store Monthly other budget expense,Spent on Mobile postpaid monthly bill at store,Monthly other budget expense,other,4500.17,7,6,1
Quick GRE / TOEFL exam registration urgent Paid via UPI for education,Quick GRE / TOEFL exam registration urgent,Paid via UPI for education,education,3605.14,28,5,1
Spent on House cleaning service Urban Company today Routine other item,Spent on House cleaning service Urban Company today,Routine other item,other,5673.97,6,3,0
Online Auto rickshaw cash fare today Personal spending on transport,Online Auto rickshaw cash fare today,Personal spending on transport,transport,4417.93,5,0,0
Txn: ATM cash withdrawal unaccounted urgent Monthly other budget expense,Txn: ATM cash withdrawal unaccounted urgent,Monthly other budget expense,other,2682.03,24,0,0
Txn: College semester tuition fee at store Routine education item,Txn: College semester tuition fee at store,Routine education item,education,7015.28,27,6,1
Txn: Audible audiobooks for home Personal spending on entertainment,Txn: Audible audiobooks for home,Personal spending on entertainment,entertainment,2693.87,7,5,1
Online EV charging station fee Routine transport item,Online EV charging station fee,Routine transport item,transport,298.91,7,2,0
Txn: Audible audiobooks Paid via UPI for entertainment,Txn: Audible audiobooks,Paid via UPI for entertainment,entertainment,2836.19,8,5,1
Bill for Rapido bike taxi with discount Monthly transport budget expense,Bill for Rapido bike taxi with discount,Monthly transport budget expense,transport,4156.37,10,5,1
Flight ticket Indigo to Mumbai via GPay Routine transport item,Flight ticket Indigo to Mumbai via GPay,Routine transport item,transport,1523.25,10,3,0
Online Sunglasses purchase with discount Routine shopping item,Online Sunglasses purchase with discount,Routine shopping item,shopping,11826.61,4,0,0
Paid for Coding bootcamp installment for home Paid via UPI for education,Paid for Coding bootcamp installment for home,Paid via UPI for education,education,19823.31,21,6,1
Online First aid kit supplies at store Routine health item,Online First aid kit supplies at store,Routine health item,health,4315.62,13,4,0
Purchase at Dinner with friends at restaurant urgent Paid via UPI for food,Purchase at Dinner with friends at restaurant urgent,Paid via UPI for food,food,2641.91,16,5,1
Spent on Apple store accessories via GPay Monthly shopping budget expense,Spent on Apple store accessories via GPay,Monthly shopping budget expense,shopping,11375.35,23,1,0
Bill for Health insurance premium with discount Paid via UPI for health,Bill for Health insurance premium with discount,Paid via UPI for health,health,7360.55,1,0,0
Spent on Tuition fee for coaching at store Routine education item,Spent on Tuition fee for coaching at store,Routine education item,education,17095.74,11,4,0
Quick Cult.fit fitness pass urgent Paid via UPI for health,Quick Cult.fit fitness pass urgent,Paid via UPI for health,health,447.84,1,5,1
PlayStation PS Plus subscription with card Monthly entertainment budget expense,PlayStation PS Plus subscription with card,Monthly entertainment budget expense,entertainment,559.69,8,6,1
Sunglasses purchase with card,Sunglasses purchase with card,,shopping,4647.3,16,0,0
Txn: College semester tuition fee at store,Txn: College semester tuition fee at store,,education,9217.77,20,0,0
BookMyShow movie tickets Routine entertainment item,BookMyShow movie tickets,Routine entertainment item,entertainment,2850.55,27,1,0
Purchase at Bedsheet and pillow covers at store Paid via UPI for shopping,Purchase at Bedsheet and pillow covers at store,Paid via UPI for shopping,shopping,6138.96,1,1,0
Spent on Gardening plants and soil with discount Routine other item,Spent on Gardening plants and soil with discount,Routine other item,other,518.18,13,2,0
Bill for Notebooks and pens set with discount,Bill for Notebooks and pens set with discount,,education,17572.22,22,2,0
Bill for Audible audiobooks for home Routine entertainment item,Bill for Audible audiobooks for home,Routine entertainment item,entertainment,1912.11,12,0,0
Txn: Amusement park entry ticket today Monthly entertainment budget expense,Txn: Amusement park entry ticket today,Monthly entertainment budget expense,entertainment,574.34,15,0,0
Bill for Hospital OPD registration urgent,Bill for Hospital OPD registration urgent,,health,7201.05,8,4,0
Bill for Hotstar subscription plan via GPay Routine entertainment item,Bill for Hotstar subscription plan via GPay,Routine entertainment item,entertainment,2269.13,5,6,1
Spent on Midnight food delivery with card Routine food item,Spent on Midnight food delivery with card,Routine food item,food,1452.93,4,6,1
Spent on Quarterly rent transfer to landlord with card Routine rent item,Spent on Quarterly rent transfer to landlord with card,Routine rent item,rent,16974.78,16,2,0
Spent on Health insurance premium Monthly health budget expense,Spent on Health insurance premium,Monthly health budget expense,health,6469.88,26,6,1
Quick Cycle repair & parts urgent Monthly transport budget expense,Quick Cycle repair & parts urgent,Monthly transport budget expense,transport,2111.37,17,5,1
Toll plaza FASTag recharge at store Routine transport item,Toll plaza FASTag recharge at store,Routine transport item,transport,3710.28,22,6,1
Paid for Nike running shoes via GPay Routine shopping item,Paid for Nike running shoes via GPay,Routine shopping item,shopping,13385.75,10,0,0
Txn: Car wash & detailing today Monthly transport budget expense,Txn: Car wash & detailing today,Monthly transport budget expense,transport,1089.3,19,2,0
Paid for PG accommodation fee Personal spending on rent,Paid for PG accommodation fee,Personal spending on rent,rent,19467.9,12,3,0
Spotify premium music renewal urgent Paid via UPI for entertainment,Spotify premium music renewal urgent,Paid via UPI for entertainment,entertainment,2790.13,20,2,0
Txn: PG accommodation fee via GPay Paid via UPI for rent,Txn: PG accommodation fee via GPay,Paid via UPI for rent,rent,17996.7,1,0,0
Paid for Parking space monthly rent at store Personal spending on rent,Paid for Parking space monthly rent at store,Personal spending on rent,rent,36996.65,9,6,1
Paid for Audible audiobooks at store,Paid for Audible audiobooks at store,,entertainment,799.36,14,5,1
Quick EV charging station fee today Paid via UPI for transport,Quick EV charging station fee today,Paid via UPI for transport,transport,437.97,8,2,0
Paid for Petrol pump fuel refill via GPay Personal spending on transport,Paid for Petrol pump fuel refill via GPay,Personal spending on transport,transport,165.34,20,0,0
Paid for Backpack for travel at store Routine shopping item,Paid for Backpack for travel at store,Routine shopping item,shopping,1094.03,19,6,1
Spent on Doctor consultation fee,Spent on Doctor consultation fee,,health,4537.25,23,0,0
Quick Notebooks and pens set urgent Personal spending on education,Quick Notebooks and pens set urgent,Personal spending on education,education,20334.26,7,0,0
Office space rent share via GPay Personal spending on rent,Office space rent share via GPay,Personal spending on rent,rent,7804.15,7,2,0
Txn: Technical reference book with card Personal spending on education,Txn: Technical reference book with card,Personal spending on education,education,11335.02,8,6,1
Quick Tuition fee for coaching with discount Routine education item,Quick Tuition fee for coaching with discount,Routine education item,education,1818.0,23,5,1
Online Water tanker for society with card Personal spending on rent,Online Water tanker for society with card,Personal spending on rent,rent,5453.81,23,4,0
Paid for Quarterly rent transfer to landlord with discount Routine rent item,Paid for Quarterly rent transfer to landlord with discount,Routine rent item,rent,16622.49,27,6,1
Txn: Dominos pizza party at store Monthly food budget expense,Txn: Dominos pizza party at store,Monthly food budget expense,food,2762.22,25,1,0
Bill for Ayurvedic medicines purchase today Paid via UPI for health,Bill for Ayurvedic medicines purchase today,Paid via UPI for health,health,416.96,3,2,0
Bill for House cleaning service Urban Company Paid via UPI for other,Bill for House cleaning service Urban Company,Paid via UPI for other,other,4975.62,15,2,0
Online Bike maintenance and repair via GPay Paid via UPI for transport,Online Bike maintenance and repair via GPay,Paid via UPI for transport,transport,1056.12,25,5,1
Quick Zara shirt and jeans Paid via UPI for shopping,Quick Zara shirt and jeans,Paid via UPI for shopping,shopping,15100.37,21,4,0
House rent payment via UPI for home Paid via UPI for rent,House rent payment via UPI for home,Paid via UPI for rent,rent,35821.73,28,0,0
Quick Sunglasses purchase at store Paid via UPI for shopping,Quick Sunglasses purchase at store,Paid via UPI for shopping,shopping,1463.51,28,3,0
Bill for Swiggy order for dinner urgent,Bill for Swiggy order for dinner urgent,,food,1480.77,28,6,1
Txn: GRE / TOEFL exam registration via GPay Personal spending on education,Txn: GRE / TOEFL exam registration via GPay,Personal spending on education,education,24676.95,7,5,1
Broadband WiFi internet bill with discount Routine other item,Broadband WiFi internet bill with discount,Routine other item,other,737.76,17,6,1
Online Zomato lunch delivery with card Monthly food budget expense,Online Zomato lunch delivery with card,Monthly food budget expense,food,1047.3,18,3,0
Spent on IKEA home furniture at store Monthly shopping budget expense,Spent on IKEA home furniture at store,Monthly shopping budget expense,shopping,5649.1,26,6,1
Online Skillshare creative subscription urgent,Online Skillshare creative subscription urgent,,education,7489.48,23,4,0
Spent on Kitchen cookware set at store,Spent on Kitchen cookware set at store,,shopping,8638.92,24,0,0
Spent on Charity donation to NGO for home Personal spending on other,Spent on Charity donation to NGO for home,Personal spending on other,other,5488.67,22,2,0
Bill for Concert musical event pass for home Monthly entertainment budget expense,Bill for Concert musical event pass for home,Monthly entertainment budget expense,entertainment,2997.02,7,4,0
Quick Water tanker for society Routine rent item,Quick Water tanker for society,Routine rent item,rent,43554.21,17,6,1
Quick Train ticket booking IRCTC with discount Personal spending on transport,Quick Train ticket booking IRCTC with discount,Personal spending on transport,transport,2464.84,18,5,1
Quick Gift for friend birthday at store Personal spending on other,Quick Gift for friend birthday at store,Personal spending on other,other,957.68,18,0,0
Txn: Barbeque Nation buffet today Routine food item,Txn: Barbeque Nation buffet today,Routine food item,food,983.04,17,2,0
Purchase at GRE / TOEFL exam registration today Routine education item,Purchase at GRE / TOEFL exam registration today,Routine education item,education,18582.07,4,3,0
Paid for Winter jacket shopping via GPay Personal spending on shopping,Paid for Winter jacket shopping via GPay,Personal spending on shopping,shopping,1079.2,4,3,0
Spent on YouTube Premium family plan with discount Monthly entertainment budget expense,Spent on YouTube Premium family plan with discount,Monthly entertainment budget expense,entertainment,1545.68,4,2,0
Bowling & gaming arcade with card Routine entertainment item,Bowling & gaming arcade with card,Routine entertainment item,entertainment,509.65,9,6,1
Online Room rent for current month via GPay Routine rent item,Online Room rent for current month via GPay,Routine rent item,rent,26762.01,23,1,0
Paid for Tuition fee for coaching with card Paid via UPI for education,Paid for Tuition fee for coaching with card,Paid via UPI for education,education,10644.16,4,0,0
First aid kit supplies at store Monthly health budget expense,First aid kit supplies at store,Monthly health budget expense,health,7044.11,3,4,0
Airport cab taxi fare for home Routine transport item,Airport cab taxi fare for home,Routine transport item,transport,1570.54,13,2,0
Quick Cult.fit fitness pass at store Routine health item,Quick Cult.fit fitness pass at store,Routine health item,health,3162.24,28,6,1
Online Winter jacket shopping with card Monthly shopping budget expense,Online Winter jacket shopping with card,Monthly shopping budget expense,shopping,17800.04,7,2,0
Purchase at Health insurance premium for home Routine health item,Purchase at Health insurance premium for home,Routine health item,health,6811.28,22,3,0
Udemy online programming course at store Monthly education budget expense,Udemy online programming course at store,Monthly education budget expense,education,24815.66,3,4,0
Spent on Notebooks and pens set via GPay Personal spending on education,Spent on Notebooks and pens set via GPay,Personal spending on education,education,12664.8,8,4,0
Online Web development workshop fee urgent Monthly education budget expense,Online Web development workshop fee urgent,Monthly education budget expense,education,17330.92,21,6,1
Quick Gift for friend birthday at store Monthly other budget expense,Quick Gift for friend birthday at store,Monthly other budget expense,other,3256.97,19,2,0
Txn: Electricity bill payment urgent,Txn: Electricity bill payment urgent,,other,273.32,19,0,0
Bill for Notebooks and pens set Monthly education budget expense,Bill for Notebooks and pens set,Monthly education budget expense,education,13817.64,7,3,0
Txn: Apollo Pharmacy medicines urgent Routine health item,Txn: Apollo Pharmacy medicines urgent,Routine health item,health,6566.72,18,2,0
Online Winter jacket shopping Paid via UPI for shopping,Online Winter jacket shopping,Paid via UPI for shopping,shopping,674.48,6,6,1
Bill for Laundry dry cleaning with card Personal spending on other,Bill for Laundry dry cleaning with card,Personal spending on other,other,1898.8,20,2,0
Quick Physiotherapy session today Routine health item,Quick Physiotherapy session today,Routine health item,health,4693.41,5,6,1
Online Storage locker monthly rental for home Personal spending on rent,Online Storage locker monthly rental for home,Personal spending on rent,rent,38789.63,16,2,0
Auto rickshaw cash fare Monthly transport budget expense,Auto rickshaw cash fare,Monthly transport budget expense,transport,549.49,21,3,0
Purchase at Decathlon sportswear and gear with discount Routine shopping item,Purchase at Decathlon sportswear and gear with discount,Routine shopping item,shopping,10607.27,23,6,1
Txn: Hotstar subscription plan for home Paid via UPI for entertainment,Txn: Hotstar subscription plan for home,Paid via UPI for entertainment,entertainment,2087.32,23,1,0
Quick Nike running shoes urgent,Quick Nike running shoes urgent,,shopping,16406.26,20,3,0
Office space rent share Monthly rent budget expense,Office space rent share,Monthly rent budget expense,rent,8619.9,15,4,0
Purchase at PG accommodation fee for home Monthly rent budget expense,Purchase at PG accommodation fee for home,Monthly rent budget expense,rent,22938.86,24,5,1
Purchase at Flipkart electronics sale urgent Monthly shopping budget expense,Purchase at Flipkart electronics sale urgent,Monthly shopping budget expense,shopping,10246.1,23,6,1
Txn: Cult.fit fitness pass for home Personal spending on health,Txn: Cult.fit fitness pass for home,Personal spending on health,health,5766.34,26,6,1
Online Apple store accessories via GPay Paid via UPI for shopping,Online Apple store accessories via GPay,Paid via UPI for shopping,shopping,12271.25,23,2,0
Online Notebooks and pens set with card Monthly education budget expense,Online Notebooks and pens set with card,Monthly education budget expense,education,16658.51,5,3,0
Purchase at Club weekend party entry with discount Paid via UPI for entertainment,Purchase at Club weekend party entry with discount,Paid via UPI for entertainment,entertainment,2861.59,4,6,1
Spent on Room rent for current month with card Paid via UPI for rent,Spent on Room rent for current month with card,Paid via UPI for rent,rent,38431.67,2,5,1
Dental clinic root canal visit with discount Monthly health budget expense,Dental clinic root canal visit with discount,Monthly health budget expense,health,5876.23,4,3,0
Purchase at House rent payment via UPI today Paid via UPI for rent,Purchase at House rent payment via UPI today,Paid via UPI for rent,rent,15311.8,23,5,1
Txn: House rent payment via UPI Paid via UPI for rent,Txn: House rent payment via UPI,Paid via UPI for rent,rent,35329.94,12,6,1
Purchase at Cult.fit fitness pass with discount,Purchase at Cult.fit fitness pass with discount,,health,1860.51,18,6,1
Txn: Hotstar subscription plan with discount Paid via UPI for entertainment,Txn: Hotstar subscription plan with discount,Paid via UPI for entertainment,entertainment,2999.97,10,4,0
ATM cash withdrawal unaccounted,ATM cash withdrawal unaccounted,,other,2865.66,4,5,1
Txn: Car servicing & oil change via GPay Monthly transport budget expense,Txn: Car servicing & oil change via GPay,Monthly transport budget expense,transport,1537.79,6,0,0
Spent on Local bakery bread and cake today,Spent on Local bakery bread and cake today,,food,1752.78,2,4,0
Quick Notebooks and pens set today Personal spending on education,Quick Notebooks and pens set today,Personal spending on education,education,18336.04,18,3,0
Txn: PlayStation PS Plus subscription for home Paid via UPI for entertainment,Txn: PlayStation PS Plus subscription for home,Paid via UPI for entertainment,entertainment,1485.71,10,3,0
Petrol pump fuel refill Paid via UPI for transport,Petrol pump fuel refill,Paid via UPI for transport,transport,890.66,1,6,1
Juice center fresh juice at store Monthly food budget expense,Juice center fresh juice at store,Monthly food budget expense,food,1767.47,17,5,1
Quick Tuition fee for coaching at store Paid via UPI for education,Quick Tuition fee for coaching at store,Paid via UPI for education,education,4522.59,26,6,1
Purchase at Haldirams snacks & sweets urgent Paid via UPI for food,Purchase at Haldirams snacks & sweets urgent,Paid via UPI for food,food,2127.27,16,5,1
Quick Protein powder supplement via GPay Routine health item,Quick Protein powder supplement via GPay,Routine health item,health,5002.39,2,6,1
Purchase at Courier speed post delivery for home Paid via UPI for other,Purchase at Courier speed post delivery for home,Paid via UPI for other,other,2430.31,5,3,0
Bill for House cleaning service Urban Company urgent,Bill for House cleaning service Urban Company urgent,,other,629.89,17,1,0
Purchase at Co-living monthly rent with discount Routine rent item,Purchase at Co-living monthly rent with discount,Routine rent item,rent,24065.16,1,6,1
Purchase at Chai Point tea with biscuits for home Personal spending on food,Purchase at Chai Point tea with biscuits for home,Personal spending on food,food,2704.73,2,1,0
Quick College semester tuition fee at store Personal spending on education,Quick College semester tuition fee at store,Personal spending on education,education,1928.57,28,5,1
Purchase at Notebooks and pens set for home Routine education item,Purchase at Notebooks and pens set for home,Routine education item,education,4709.02,15,1,0
Amazon online purchase with discount Routine shopping item,Amazon online purchase with discount,Routine shopping item,shopping,13661.35,25,6,1
Txn: Fresh meat and fish store for home,Txn: Fresh meat and fish store for home,,food,412.51,11,1,0
Online Flight ticket Indigo to Mumbai today Routine transport item,Online Flight ticket Indigo to Mumbai today,Routine transport item,transport,3363.61,4,1,0
Online PlayStation PS Plus subscription Routine entertainment item,Online PlayStation PS Plus subscription,Routine entertainment item,entertainment,372.24,27,6,1
Quick Perfume & cosmetics store at store Paid via UPI for shopping,Quick Perfume & cosmetics store at store,Paid via UPI for shopping,shopping,3816.56,14,1,0
Spent on Decathlon sportswear and gear via GPay Routine shopping item,Spent on Decathlon sportswear and gear via GPay,Routine shopping item,shopping,9777.11,23,3,0
Txn: Auto rickshaw cash fare with discount Personal spending on transport,Txn: Auto rickshaw cash fare with discount,Personal spending on transport,transport,672.17,16,5,1
Bill for Rapido bike taxi at store Personal spending on transport,Bill for Rapido bike taxi at store,Personal spending on transport,transport,503.93,26,1,0
Broadband WiFi internet bill urgent Personal spending on other,Broadband WiFi internet bill urgent,Personal spending on other,other,941.19,9,0,0
Bedsheet and pillow covers urgent Personal spending on shopping,Bedsheet and pillow covers urgent,Personal spending on shopping,shopping,3876.24,25,1,0
Txn: Office space rent share urgent Monthly rent budget expense,Txn: Office space rent share urgent,Monthly rent budget expense,rent,19685.37,5,2,0
Purchase at Electricity bill payment with discount Monthly other budget expense,Purchase at Electricity bill payment with discount,Monthly other budget expense,other,1392.81,19,4,0
Online PVR cinemas IMAX tickets today Paid via UPI for entertainment,Online PVR cinemas IMAX tickets today,Paid via UPI for entertainment,entertainment,1799.4,18,0,0
Bill for Kindle e-book purchase for home Personal spending on education,Bill for Kindle e-book purchase for home,Personal spending on education,education,8024.81,4,2,0
Online Bank transaction charge via GPay Monthly other budget expense,Online Bank transaction charge via GPay,Monthly other budget expense,other,2666.95,11,1,0
Txn: EV charging station fee today Routine transport item,Txn: EV charging station fee today,Routine transport item,transport,2374.66,20,1,0
Txn: Gym membership monthly renewal Paid via UPI for health,Txn: Gym membership monthly renewal,Paid via UPI for health,health,1923.4,20,4,0
Txn: Tax filing CA consultancy fee at store Routine other item,Txn: Tax filing CA consultancy fee at store,Routine other item,other,573.79,1,1,0
Bill for Petrol pump fuel refill today Routine transport item,Bill for Petrol pump fuel refill today,Routine transport item,transport,4339.59,25,0,0
Bill for KFC chicken bucket Paid via UPI for food,Bill for KFC chicken bucket,Paid via UPI for food,food,1458.89,24,5,1
Notebooks and pens set today Personal spending on education,Notebooks and pens set today,Personal spending on education,education,16332.34,10,3,0
Paid for Coding bootcamp installment urgent,Paid for Coding bootcamp installment urgent,,education,20806.36,22,4,0
Spent on Books and stationery store for home Monthly education budget expense,Spent on Books and stationery store for home,Monthly education budget expense,education,18241.62,24,0,0
Bill for Backpack for travel via GPay Paid via UPI for shopping,Bill for Backpack for travel via GPay,Paid via UPI for shopping,shopping,5863.38,13,1,0
Bill for Petrol pump fuel refill for home Paid via UPI for transport,Bill for Petrol pump fuel refill for home,Paid via UPI for transport,transport,2568.61,8,5,1
Txn: Courier speed post delivery today,Txn: Courier speed post delivery today,,other,1444.33,9,4,0
Bowling & gaming arcade at store Routine entertainment item,Bowling & gaming arcade at store,Routine entertainment item,entertainment,1757.28,11,6,1
Bill for Yoga class subscription today Routine health item,Bill for Yoga class subscription today,Routine health item,health,6273.82,7,0,0
Online Broadband WiFi internet bill at store Personal spending on other,Online Broadband WiFi internet bill at store,Personal spending on other,other,284.74,24,6,1
Spent on Monthly apartment rent with discount Paid via UPI for rent,Spent on Monthly apartment rent with discount,Paid via UPI for rent,rent,42600.59,22,3,0
Bill for Nike running shoes today Paid via UPI for shopping,Bill for Nike running shoes today,Paid via UPI for shopping,shopping,11959.89,7,5,1
Txn: Rapido bike taxi urgent Paid via UPI for transport,Txn: Rapido bike taxi urgent,Paid via UPI for transport,transport,4135.65,9,4,0
Paid for Kitchen cookware set today Monthly shopping budget expense,Paid for Kitchen cookware set today,Monthly shopping budget expense,shopping,12148.56,26,0,0
Monthly apartment rent urgent Paid via UPI for rent,Monthly apartment rent urgent,Paid via UPI for rent,rent,26948.62,13,5,1
Txn: Juice center fresh juice via GPay Routine food item,Txn: Juice center fresh juice via GPay,Routine food item,food,1517.12,25,3,0
Bill for Winter jacket shopping for home Routine shopping item,Bill for Winter jacket shopping for home,Routine shopping item,shopping,11489.78,3,3,0
Web development workshop fee Paid via UPI for education,Web development workshop fee,Paid via UPI for education,education,15186.62,4,3,0
Paid for Vitamin D & Calcium tablets Paid via UPI for health,Paid for Vitamin D & Calcium tablets,Paid via UPI for health,health,2427.4,27,1,0
Quick Yoga class subscription urgent Paid via UPI for health,Quick Yoga class subscription urgent,Paid via UPI for health,health,2188.54,26,1,0
Online Croma electronics cable & charger Routine shopping item,Online Croma electronics cable & charger,Routine shopping item,shopping,13497.93,5,4,0
Quick Pizza Hut dinner today Monthly food budget expense,Quick Pizza Hut dinner today,Monthly food budget expense,food,1285.32,18,1,0
Online Courier speed post delivery with discount,Online Courier speed post delivery with discount,,other,634.37,25,4,0
Purchase at Bedsheet and pillow covers at store Routine shopping item,Purchase at Bedsheet and pillow covers at store,Routine shopping item,shopping,14749.07,2,4,0
Bill for Technical reference book at store Paid via UPI for education,Bill for Technical reference book at store,Paid via UPI for education,education,12831.92,6,5,1
Spent on Spotify premium music renewal at store,Spent on Spotify premium music renewal at store,,entertainment,325.27,21,4,0
Quick Kindle e-book purchase via GPay Personal spending on education,Quick Kindle e-book purchase via GPay,Personal spending on education,education,6997.1,10,6,1
Purchase at Casual t-shirt and hoodie today Personal spending on shopping,Purchase at Casual t-shirt and hoodie today,Personal spending on shopping,shopping,10869.62,4,1,0
Bill for Office space rent share today Personal spending on rent,Bill for Office space rent share today,Personal spending on rent,rent,6287.74,17,3,0
Monthly apartment rent at store Routine rent item,Monthly apartment rent at store,Routine rent item,rent,18204.7,14,4,0
Quick First aid kit supplies,Quick First aid kit supplies,,health,7256.74,26,0,0
Quick Winter jacket shopping urgent Paid via UPI for shopping,Quick Winter jacket shopping urgent,Paid via UPI for shopping,shopping,8166.81,14,5,1
Paid for Office space rent share today Personal spending on rent,Paid for Office space rent share today,Personal spending on rent,rent,8242.55,4,6,1
Txn: Spotify premium music renewal today Routine entertainment item,Txn: Spotify premium music renewal today,Routine entertainment item,entertainment,2156.21,18,6,1
Paid for Online test series subscription Routine education item,Paid for Online test series subscription,Routine education item,education,1537.97,4,2,0
Txn: Apple store accessories for home,Txn: Apple store accessories for home,,shopping,2705.99,14,5,1
Paid for Udemy online programming course at store Routine education item,Paid for Udemy online programming course at store,Routine education item,education,13132.33,24,0,0
Bill for Local bakery bread and cake with discount,Bill for Local bakery bread and cake with discount,,food,772.42,1,0,0
Spent on Grocery shopping at DMart urgent Paid via UPI for food,Spent on Grocery shopping at DMart urgent,Paid via UPI for food,food,2859.99,4,4,0
Bill for Water tanker for society Monthly rent budget expense,Bill for Water tanker for society,Monthly rent budget expense,rent,20390.68,20,2,0
Quick Flat maintenance charge for home Routine rent item,Quick Flat maintenance charge for home,Routine rent item,rent,6447.28,11,0,0
Txn: Office space rent share today Monthly rent budget expense,Txn: Office space rent share today,Monthly rent budget expense,rent,26290.19,17,3,0
Online Mobile postpaid monthly bill Routine other item,Online Mobile postpaid monthly bill,Routine other item,other,3263.98,20,1,0
Bill for Nike running shoes Monthly shopping budget expense,Bill for Nike running shoes,Monthly shopping budget expense,shopping,9030.96,20,3,0
Txn: PG accommodation fee at store Monthly rent budget expense,Txn: PG accommodation fee at store,Monthly rent budget expense,rent,37511.22,25,1,0
Spent on Vitamin D & Calcium tablets via GPay Routine health item,Spent on Vitamin D & Calcium tablets via GPay,Routine health item,health,528.31,2,5,1
Online Supermarket food supplies with card Paid via UPI for food,Online Supermarket food supplies with card,Paid via UPI for food,food,3282.44,16,2,0
Spent on Club weekend party entry with discount Monthly entertainment budget expense,Spent on Club weekend party entry with discount,Monthly entertainment budget expense,entertainment,912.94,13,3,0
Spent on House rent payment via UPI today Personal spending on rent,Spent on House rent payment via UPI today,Personal spending on rent,rent,36559.73,24,0,0
Quick Flipkart electronics sale for home Paid via UPI for shopping,Quick Flipkart electronics sale for home,Paid via UPI for shopping,shopping,17000.19,11,3,0
Paid for PG accommodation fee with card Monthly rent budget expense,Paid for PG accommodation fee with card,Monthly rent budget expense,rent,27174.69,27,5,1
Paid for Security deposit installment with card Personal spending on rent,Paid for Security deposit installment with card,Personal spending on rent,rent,31689.02,28,5,1
Txn: Kitchen cookware set at store Routine shopping item,Txn: Kitchen cookware set at store,Routine shopping item,shopping,1443.46,12,4,0
LPG gas cylinder refill today Personal spending on other,LPG gas cylinder refill today,Personal spending on other,other,4749.38,4,6,1
Quick Health insurance premium with card,Quick Health insurance premium with card,,health,6797.38,23,3,0
Quick Quarterly rent transfer to landlord Routine rent item,Quick Quarterly rent transfer to landlord,Routine rent item,rent,43675.46,1,2,0
Paid for Metro card monthly recharge via GPay Personal spending on transport,Paid for Metro card monthly recharge via GPay,Personal spending on transport,transport,3407.68,26,3,0
Quick Dominos pizza party urgent,Quick Dominos pizza party urgent,,food,2742.79,25,0,0
Quick Ayurvedic medicines purchase Monthly health budget expense,Quick Ayurvedic medicines purchase,Monthly health budget expense,health,7036.25,23,4,0
Purchase at Water utility bill,Purchase at Water utility bill,,other,4846.21,27,1,0
Bill for Yoga class subscription urgent Routine health item,Bill for Yoga class subscription urgent,Routine health item,health,2387.82,1,6,1
Bill for Udemy online programming course Personal spending on education,Bill for Udemy online programming course,Personal spending on education,education,10641.7,23,3,0
Quick Health insurance premium today Personal spending on health,Quick Health insurance premium today,Personal spending on health,health,4834.14,22,4,0
Online Spotify premium music renewal urgent Routine entertainment item,Online Spotify premium music renewal urgent,Routine entertainment item,entertainment,595.79,3,2,0
Purchase at Uber cab ride to office for home Paid via UPI for transport,Purchase at Uber cab ride to office for home,Paid via UPI for transport,transport,2071.64,14,1,0
Purchase at PlayStation PS Plus subscription with discount Paid via UPI for entertainment,Purchase at PlayStation PS Plus subscription with discount,Paid via UPI for entertainment,entertainment,1336.87,20,0,0
PlayStation PS Plus subscription with card Routine entertainment item,PlayStation PS Plus subscription with card,Routine entertainment item,entertainment,1293.48,16,1,0
Online Coursera specialization certification urgent Paid via UPI for education,Online Coursera specialization certification urgent,Paid via UPI for education,education,16970.93,17,2,0
Quick KFC chicken bucket via GPay Paid via UPI for food,Quick KFC chicken bucket via GPay,Paid via UPI for food,food,2177.58,13,0,0
Quick Parking space monthly rent today,Quick Parking space monthly rent today,,rent,10484.22,13,3,0
Purchase at Chai Point tea with biscuits via GPay Paid via UPI for food,Purchase at Chai Point tea with biscuits via GPay,Paid via UPI for food,food,1032.83,18,4,0
Coding bootcamp installment with card Paid via UPI for education,Coding bootcamp installment with card,Paid via UPI for education,education,10197.33,6,6,1
Purchase at Gardening plants and soil Routine other item,Purchase at Gardening plants and soil,Routine other item,other,1033.01,27,3,0
Paid for Bus pass monthly renewal via GPay Routine transport item,Paid for Bus pass monthly renewal via GPay,Routine transport item,transport,1484.19,6,1,0
Bill for Amazon Prime annual membership today Monthly entertainment budget expense,Bill for Amazon Prime annual membership today,Monthly entertainment budget expense,entertainment,2527.03,17,2,0
Paid for First aid kit supplies with discount Routine health item,Paid for First aid kit supplies with discount,Routine health item,health,1602.07,28,0,0
Amazon Prime annual membership for home Personal spending on entertainment,Amazon Prime annual membership for home,Personal spending on entertainment,entertainment,2742.85,11,1,0
Paid for Flat maintenance charge urgent Paid via UPI for rent,Paid for Flat maintenance charge urgent,Paid via UPI for rent,rent,19858.67,1,2,0
Spent on Ajio discount clothes at store Monthly shopping budget expense,Spent on Ajio discount clothes at store,Monthly shopping budget expense,shopping,3029.85,1,4,0
Spent on Water tanker for society urgent Personal spending on rent,Spent on Water tanker for society urgent,Personal spending on rent,rent,41656.69,24,0,0
Purchase at Dental clinic root canal visit,Purchase at Dental clinic root canal visit,,health,6498.08,26,3,0
Txn: Decathlon sportswear and gear with discount Paid via UPI for shopping,Txn: Decathlon sportswear and gear with discount,Paid via UPI for shopping,shopping,15816.74,19,6,1
Toll plaza FASTag recharge via GPay Monthly transport budget expense,Toll plaza FASTag recharge via GPay,Monthly transport budget expense,transport,480.18,14,4,0
Paid for Train ticket booking IRCTC at store,Paid for Train ticket booking IRCTC at store,,transport,2239.78,28,5,1
Paid for Security deposit installment,Paid for Security deposit installment,,rent,43404.56,13,1,0
Quick Cult.fit fitness pass for home,Quick Cult.fit fitness pass for home,,health,7948.36,25,4,0
Txn: Web development workshop fee for home Paid via UPI for education,Txn: Web development workshop fee for home,Paid via UPI for education,education,9359.1,15,2,0
Quick Amazon Prime annual membership at store Routine entertainment item,Quick Amazon Prime annual membership at store,Routine entertainment item,entertainment,2348.05,17,4,0
Online Bus pass monthly renewal via GPay Routine transport item,Online Bus pass monthly renewal via GPay,Routine transport item,transport,1449.82,24,1,0
Txn: Car servicing & oil change for home Paid via UPI for transport,Txn: Car servicing & oil change for home,Paid via UPI for transport,transport,569.56,17,5,1
Interstate Volvo bus ticket for home Personal spending on transport,Interstate Volvo bus ticket for home,Personal spending on transport,transport,254.98,9,2,0
Spent on Steam video game purchase with discount Routine entertainment item,Spent on Steam video game purchase with discount,Routine entertainment item,entertainment,643.9,15,3,0
Quick Legal notary & document stamps today,Quick Legal notary & document stamps today,,other,4280.69,5,4,0
Bill for Courier speed post delivery with discount Personal spending on other,Bill for Courier speed post delivery with discount,Personal spending on other,other,566.28,2,5,1
Txn: Laundry dry cleaning with card Personal spending on other,Txn: Laundry dry cleaning with card,Personal spending on other,other,4135.68,23,3,0
Paid for PlayStation PS Plus subscription for home Personal spending on entertainment,Paid for PlayStation PS Plus subscription for home,Personal spending on entertainment,entertainment,2375.76,13,1,0
Office space rent share with discount Monthly rent budget expense,Office space rent share with discount,Monthly rent budget expense,rent,38655.88,9,6,1
Eye checkup and new glasses with card Paid via UPI for health,Eye checkup and new glasses with card,Paid via UPI for health,health,318.76,3,2,0
Spent on Vitamin D & Calcium tablets today Routine health item,Spent on Vitamin D & Calcium tablets today,Routine health item,health,7464.71,23,3,0
Txn: Ayurvedic medicines purchase at store,Txn: Ayurvedic medicines purchase at store,,health,739.19,28,3,0
Paid for Parking space monthly rent for home Personal spending on rent,Paid for Parking space monthly rent for home,Personal spending on rent,rent,14071.27,9,6,1
Quick Charity donation to NGO with discount Monthly other budget expense,Quick Charity donation to NGO with discount,Monthly other budget expense,other,268.09,25,0,0
Txn: Ajio discount clothes urgent,Txn: Ajio discount clothes urgent,,shopping,5706.89,16,2,0
Paid for Board game cafe bill with card Paid via UPI for entertainment,Paid for Board game cafe bill with card,Paid via UPI for entertainment,entertainment,2545.87,17,3,0
Paid for KFC chicken bucket for home Personal spending on food,Paid for KFC chicken bucket for home,Personal spending on food,food,2055.68,16,4,0
Online Medplus health supplements today Personal spending on health,Online Medplus health supplements today,Personal spending on health,health,7825.52,17,1,0
Courier speed post delivery at store Personal spending on other,Courier speed post delivery at store,Personal spending on other,other,1364.88,6,1,0
Bill for Kitchen cookware set urgent Paid via UPI for shopping,Bill for Kitchen cookware set urgent,Paid via UPI for shopping,shopping,10198.76,1,2,0
Paid for Gift for friend birthday urgent,Paid for Gift for friend birthday urgent,,other,4417.83,7,6,1
Online Technical reference book urgent Paid via UPI for education,Online Technical reference book urgent,Paid via UPI for education,education,11765.34,9,0,0
Txn: Electricity bill payment today Routine other item,Txn: Electricity bill payment today,Routine other item,other,2371.48,13,0,0
Quick Juice center fresh juice via GPay,Quick Juice center fresh juice via GPay,,food,667.74,28,1,0
Spent on Brokerage fee for apartment via GPay Personal spending on rent,Spent on Brokerage fee for apartment via GPay,Personal spending on rent,rent,9836.89,28,6,1
Spent on Academic journal access fee with discount Routine education item,Spent on Academic journal access fee with discount,Routine education item,education,14111.68,25,3,0
Purchase at Parking fee at mall at store Personal spending on transport,Purchase at Parking fee at mall at store,Personal spending on transport,transport,2714.2,28,0,0
Quick Vitamin D & Calcium tablets via GPay Monthly health budget expense,Quick Vitamin D & Calcium tablets via GPay,Monthly health budget expense,health,5365.61,13,3,0
Purchase at Udemy online programming course for home Monthly education budget expense,Purchase at Udemy online programming course for home,Monthly education budget expense,education,24719.15,6,1,0
Txn: Ayurvedic medicines purchase for home Routine health item,Txn: Ayurvedic medicines purchase for home,Routine health item,health,4264.2,19,4,0
Purchase at House rent payment via UPI today Personal spending on rent,Purchase at House rent payment via UPI today,Personal spending on rent,rent,19059.37,9,1,0
Quick Monthly apartment rent at store Monthly rent budget expense,Quick Monthly apartment rent at store,Monthly rent budget expense,rent,23707.3,16,6,1
Txn: Dinner with friends at restaurant today,Txn: Dinner with friends at restaurant today,,food,973.18,4,0,0
Bill for Online test series subscription for home,Bill for Online test series subscription for home,,education,23179.98,26,5,1
Spent on Concert musical event pass with card Paid via UPI for entertainment,Spent on Concert musical event pass with card,Paid via UPI for entertainment,entertainment,1943.08,19,6,1
Txn: Zara shirt and jeans today Paid via UPI for shopping,Txn: Zara shirt and jeans today,Paid via UPI for shopping,shopping,3804.21,11,4,0
Online Charity donation to NGO today,Online Charity donation to NGO today,,other,2821.17,16,3,0
Txn: Pet food and veterinary care for home Paid via UPI for other,Txn: Pet food and veterinary care for home,Paid via UPI for other,other,4751.05,3,1,0
Online Dental clinic root canal visit urgent Monthly health budget expense,Online Dental clinic root canal visit urgent,Monthly health budget expense,health,7987.67,19,2,0
Croma electronics cable & charger urgent Paid via UPI for shopping,Croma electronics cable & charger urgent,Paid via UPI for shopping,shopping,3553.15,28,1,0
Apple store accessories with discount Monthly shopping budget expense,Apple store accessories with discount,Monthly shopping budget expense,shopping,15351.64,12,6,1
Paid for Starbucks coffee & snack with card,Paid for Starbucks coffee & snack with card,,food,397.15,4,2,0
Hospital OPD registration urgent Personal spending on health,Hospital OPD registration urgent,Personal spending on health,health,2407.86,14,2,0
Paid for Charity donation to NGO urgent,Paid for Charity donation to NGO urgent,,other,5957.65,1,0,0
Paid for Street food evening snacks today Routine food item,Paid for Street food evening snacks today,Routine food item,food,2747.4,27,3,0
Paid for Dinner with friends at restaurant for home Paid via UPI for food,Paid for Dinner with friends at restaurant for home,Paid via UPI for food,food,3436.59,8,4,0
Online Fresh meat and fish store today Personal spending on food,Online Fresh meat and fish store today,Personal spending on food,food,1680.85,13,3,0
Quick Ola auto ride with card Personal spending on transport,Quick Ola auto ride with card,Personal spending on transport,transport,250.49,25,1,0
Quick Charity donation to NGO urgent Personal spending on other,Quick Charity donation to NGO urgent,Personal spending on other,other,1419.95,2,2,0
Online Language learning app subscription via GPay Routine education item,Online Language learning app subscription via GPay,Routine education item,education,22447.12,20,3,0
Bill for Office space rent share for home Paid via UPI for rent,Bill for Office space rent share for home,Paid via UPI for rent,rent,41600.22,20,1,0
Online Cycle repair & parts Routine transport item,Online Cycle repair & parts,Routine transport item,transport,577.53,10,5,1
Online Brokerage fee for apartment with discount Personal spending on rent,Online Brokerage fee for apartment with discount,Personal spending on rent,rent,13224.08,24,6,1
Quick Udemy online programming course for home,Quick Udemy online programming course for home,,education,10453.78,23,4,0
Paid for Web development workshop fee,Paid for Web development workshop fee,,education,23233.41,11,5,1
Bill for Gift for friend birthday today Paid via UPI for other,Bill for Gift for friend birthday today,Paid via UPI for other,other,5919.23,28,6,1
Txn: Medplus health supplements today Paid via UPI for health,Txn: Medplus health supplements today,Paid via UPI for health,health,2335.69,2,1,0
Spent on Books and stationery store with discount Paid via UPI for education,Spent on Books and stationery store with discount,Paid via UPI for education,education,10191.92,22,3,0
Purchase at Club weekend party entry for home Paid via UPI for entertainment,Purchase at Club weekend party entry for home,Paid via UPI for entertainment,entertainment,1650.6,13,4,0
Online Ayurvedic medicines purchase with card Personal spending on health,Online Ayurvedic medicines purchase with card,Personal spending on health,health,2921.19,9,6,1
Bill for Home repair and plumbing Personal spending on other,Bill for Home repair and plumbing,Personal spending on other,other,4329.72,9,0,0
Online Steam video game purchase with discount Monthly entertainment budget expense,Online Steam video game purchase with discount,Monthly entertainment budget expense,entertainment,674.2,18,5,1
Quick Hospital OPD registration for home,Quick Hospital OPD registration for home,,health,7052.26,9,2,0
Online Haldirams snacks & sweets for home Monthly food budget expense,Online Haldirams snacks & sweets for home,Monthly food budget expense,food,1065.24,25,3,0
Txn: Groceries at Reliance Smart at store,Txn: Groceries at Reliance Smart at store,,food,791.68,12,3,0
Paid for Nike running shoes at store Paid via UPI for shopping,Paid for Nike running shoes at store,Paid via UPI for shopping,shopping,7564.64,10,5,1
Zepto milk and eggs with discount Personal spending on food,Zepto milk and eggs with discount,Personal spending on food,food,868.37,2,6,1
Bill for Dental clinic root canal visit Paid via UPI for health,Bill for Dental clinic root canal visit,Paid via UPI for health,health,5829.34,7,1,0
Bill for Apollo Pharmacy medicines with card Personal spending on health,Bill for Apollo Pharmacy medicines with card,Personal spending on health,health,557.94,14,2,0
Online Croma electronics cable & charger today Routine shopping item,Online Croma electronics cable & charger today,Routine shopping item,shopping,4025.17,13,3,0
Purchase at Yoga class subscription today Monthly health budget expense,Purchase at Yoga class subscription today,Monthly health budget expense,health,6937.4,8,1,0
Txn: Cycle repair & parts with discount Routine transport item,Txn: Cycle repair & parts with discount,Routine transport item,transport,1226.83,20,1,0
Paid for Nature's Basket gourmet items Monthly food budget expense,Paid for Nature's Basket gourmet items,Monthly food budget expense,food,3084.69,6,5,1
Legal notary & document stamps with discount Monthly other budget expense,Legal notary & document stamps with discount,Monthly other budget expense,other,4844.74,22,6,1
Quick PVR cinemas IMAX tickets urgent Routine entertainment item,Quick PVR cinemas IMAX tickets urgent,Routine entertainment item,entertainment,2934.89,19,3,0
Txn: Gardening plants and soil at store Monthly other budget expense,Txn: Gardening plants and soil at store,Monthly other budget expense,other,5975.49,14,0,0
Txn: Ayurvedic medicines purchase for home Routine health item,Txn: Ayurvedic medicines purchase for home,Routine health item,health,3688.06,9,5,1
Txn: Tax filing CA consultancy fee for home Routine other item,Txn: Tax filing CA consultancy fee for home,Routine other item,other,235.27,22,6,1
Parking fee at mall via GPay Monthly transport budget expense,Parking fee at mall via GPay,Monthly transport budget expense,transport,3434.34,24,3,0
Quick Laundry dry cleaning with discount Monthly other budget expense,Quick Laundry dry cleaning with discount,Monthly other budget expense,other,456.73,21,6,1
Spent on PG accommodation fee at store Paid via UPI for rent,Spent on PG accommodation fee at store,Paid via UPI for rent,rent,40321.85,4,6,1
Paid for Sunglasses purchase via GPay Paid via UPI for shopping,Paid for Sunglasses purchase via GPay,Paid via UPI for shopping,shopping,3701.82,9,2,0
Txn: Blood test and full body checkup at store,Txn: Blood test and full body checkup at store,,health,4086.19,15,0,0
Online Netflix monthly subscription with card Paid via UPI for entertainment,Online Netflix monthly subscription with card,Paid via UPI for entertainment,entertainment,2323.54,28,5,1
PVR cinemas IMAX tickets today Paid via UPI for entertainment,PVR cinemas IMAX tickets today,Paid via UPI for entertainment,entertainment,947.79,2,3,0
Purchase at Croma electronics cable & charger with discount Routine shopping item,Purchase at Croma electronics cable & charger with discount,Routine shopping item,shopping,9743.98,17,1,0
Purchase at Organic fruit market for home Paid via UPI for food,Purchase at Organic fruit market for home,Paid via UPI for food,food,1683.05,28,2,0
Purchase at Apollo Pharmacy medicines urgent Paid via UPI for health,Purchase at Apollo Pharmacy medicines urgent,Paid via UPI for health,health,5037.49,6,4,0
Txn: Swiggy order for dinner with card,Txn: Swiggy order for dinner with card,,food,3050.03,28,6,1
Purchase at Perfume & cosmetics store at store Monthly shopping budget expense,Purchase at Perfume & cosmetics store at store,Monthly shopping budget expense,shopping,13412.69,14,3,0
Purchase at Concert musical event pass urgent,Purchase at Concert musical event pass urgent,,entertainment,2688.41,18,5,1
PlayStation PS Plus subscription at store Monthly entertainment budget expense,PlayStation PS Plus subscription at store,Monthly entertainment budget expense,entertainment,2988.37,15,5,1
Board game cafe bill for home,Board game cafe bill for home,,entertainment,631.8,20,6,1
Bill for Dominos pizza party via GPay Monthly food budget expense,Bill for Dominos pizza party via GPay,Monthly food budget expense,food,818.72,5,4,0
Txn: GRE / TOEFL exam registration at store,Txn: GRE / TOEFL exam registration at store,,education,1021.63,27,1,0
Quick Casual t-shirt and hoodie for home Monthly shopping budget expense,Quick Casual t-shirt and hoodie for home,Monthly shopping budget expense,shopping,5059.37,8,0,0
Bill for Water utility bill urgent Monthly other budget expense,Bill for Water utility bill urgent,Monthly other budget expense,other,4850.06,26,1,0
Spent on Gift for friend birthday,Spent on Gift for friend birthday,,other,793.1,12,1,0
Bill for Security deposit installment Personal spending on rent,Bill for Security deposit installment,Personal spending on rent,rent,5879.67,7,0,0
Quick Ola auto ride via GPay Monthly transport budget expense,Quick Ola auto ride via GPay,Monthly transport budget expense,transport,3644.48,10,4,0
Parking space monthly rent at store Monthly rent budget expense,Parking space monthly rent at store,Monthly rent budget expense,rent,41401.9,12,2,0
Txn: Protein powder supplement for home Paid via UPI for health,Txn: Protein powder supplement for home,Paid via UPI for health,health,3659.03,20,3,0
Spent on Sunglasses purchase urgent Routine shopping item,Spent on Sunglasses purchase urgent,Routine shopping item,shopping,15026.09,21,5,1
Paid for Steam video game purchase for home,Paid for Steam video game purchase for home,,entertainment,2602.32,6,3,0
Spent on Bus pass monthly renewal today Personal spending on transport,Spent on Bus pass monthly renewal today,Personal spending on transport,transport,4196.5,19,2,0
Bill for Security deposit installment via GPay Routine rent item,Bill for Security deposit installment via GPay,Routine rent item,rent,39832.91,21,3,0
Paid for Web development workshop fee for home,Paid for Web development workshop fee for home,,education,22678.87,2,1,0
Quick Dominos pizza party for home Routine food item,Quick Dominos pizza party for home,Routine food item,food,2975.99,24,4,0
Paid for House cleaning service Urban Company for home Routine other item,Paid for House cleaning service Urban Company for home,Routine other item,other,187.87,17,4,0
Bill for Blood test and full body checkup Personal spending on health,Bill for Blood test and full body checkup,Personal spending on health,health,4181.28,21,2,0
Purchase at Yoga class subscription Routine health item,Purchase at Yoga class subscription,Routine health item,health,2051.15,1,3,0
Bill for Language learning app subscription for home,Bill for Language learning app subscription for home,,education,19704.21,23,6,1
Bill for Casual t-shirt and hoodie with card,Bill for Casual t-shirt and hoodie with card,,shopping,15514.93,25,5,1
Online Diesel filling for car with discount Routine transport item,Online Diesel filling for car with discount,Routine transport item,transport,3503.04,15,6,1
Online Gardening plants and soil urgent Personal spending on other,Online Gardening plants and soil urgent,Personal spending on other,other,2295.41,12,2,0
Txn: PG accommodation fee with discount Routine rent item,Txn: PG accommodation fee with discount,Routine rent item,rent,10935.39,24,4,0
Online Winter jacket shopping Monthly shopping budget expense,Online Winter jacket shopping,Monthly shopping budget expense,shopping,699.67,23,2,0
Purchase at YouTube Premium family plan urgent Paid via UPI for entertainment,Purchase at YouTube Premium family plan urgent,Paid via UPI for entertainment,entertainment,1793.3,15,2,0
Quick Hostel fees payment via GPay,Quick Hostel fees payment via GPay,,rent,12899.12,11,6,1
Online Notebooks and pens set with card Routine education item,Online Notebooks and pens set with card,Routine education item,education,4273.09,19,1,0
Spent on Netflix monthly subscription with discount Routine entertainment item,Spent on Netflix monthly subscription with discount,Routine entertainment item,entertainment,1406.02,20,5,1
Purchase at Fresh meat and fish store with card Personal spending on food,Purchase at Fresh meat and fish store with card,Personal spending on food,food,2763.97,16,1,0
Bill for House cleaning service Urban Company at store Routine other item,Bill for House cleaning service Urban Company at store,Routine other item,other,4851.09,27,2,0
Txn: Storage locker monthly rental urgent Monthly rent budget expense,Txn: Storage locker monthly rental urgent,Monthly rent budget expense,rent,9128.76,2,2,0
Bill for Vitamin D & Calcium tablets at store Routine health item,Bill for Vitamin D & Calcium tablets at store,Routine health item,health,6364.38,12,4,0
Quick YouTube Premium family plan via GPay Paid via UPI for entertainment,Quick YouTube Premium family plan via GPay,Paid via UPI for entertainment,entertainment,2882.97,18,5,1
Bill for Apple store accessories with discount Paid via UPI for shopping,Bill for Apple store accessories with discount,Paid via UPI for shopping,shopping,12708.66,14,4,0
Ice cream at Baskin Robbins urgent,Ice cream at Baskin Robbins urgent,,food,3461.17,3,0,0
Web development workshop fee urgent Paid via UPI for education,Web development workshop fee urgent,Paid via UPI for education,education,5421.82,3,2,0
Bill for Audible audiobooks via GPay,Bill for Audible audiobooks via GPay,,entertainment,460.86,15,4,0
Quick IKEA home furniture today,Quick IKEA home furniture today,,shopping,16014.14,22,1,0
Quick Office space rent share,Quick Office space rent share,,rent,25940.49,17,4,0
Paid for Netflix monthly subscription,Paid for Netflix monthly subscription,,entertainment,1231.32,7,4,0
Paid for House rent payment via UPI for home Personal spending on rent,Paid for House rent payment via UPI for home,Personal spending on rent,rent,38648.76,2,1,0
Kindle e-book purchase Personal spending on education,Kindle e-book purchase,Personal spending on education,education,15471.3,22,5,1
Quick Apple store accessories at store Monthly shopping budget expense,Quick Apple store accessories at store,Monthly shopping budget expense,shopping,9196.03,6,0,0
Online Croma electronics cable & charger via GPay Monthly shopping budget expense,Online Croma electronics cable & charger via GPay,Monthly shopping budget expense,shopping,17008.01,18,4,0
Purchase at Backpack for travel urgent Paid via UPI for shopping,Purchase at Backpack for travel urgent,Paid via UPI for shopping,shopping,17165.61,17,0,0
Online Web development workshop fee today Routine education item,Online Web development workshop fee today,Routine education item,education,10401.83,27,6,1
Txn: Uber cab ride to office urgent Monthly transport budget expense,Txn: Uber cab ride to office urgent,Monthly transport budget expense,transport,2330.64,6,2,0
Quick Airport cab taxi fare urgent Personal spending on transport,Quick Airport cab taxi fare urgent,Personal spending on transport,transport,2189.27,24,6,1
Purchase at Kindle e-book purchase,Purchase at Kindle e-book purchase,,education,6811.86,7,6,1
Quick Cycle repair & parts today,Quick Cycle repair & parts today,,transport,1116.3,26,5,1
Online BookMyShow movie tickets with discount Routine entertainment item,Online BookMyShow movie tickets with discount,Routine entertainment item,entertainment,2509.23,9,4,0
Quick Toll plaza FASTag recharge with discount Routine transport item,Quick Toll plaza FASTag recharge with discount,Routine transport item,transport,3003.69,9,3,0
Bill for Sunglasses purchase at store Routine shopping item,Bill for Sunglasses purchase at store,Routine shopping item,shopping,2016.59,11,6,1
Purchase at GRE / TOEFL exam registration via GPay Routine education item,Purchase at GRE / TOEFL exam registration via GPay,Routine education item,education,5300.81,1,1,0
Web development workshop fee today,Web development workshop fee today,,education,7071.86,13,3,0
Paid for Notebooks and pens set with card,Paid for Notebooks and pens set with card,,education,16701.22,6,6,1
Spent on Car wash & detailing at store Personal spending on transport,Spent on Car wash & detailing at store,Personal spending on transport,transport,3009.2,9,3,0
Spent on LPG gas cylinder refill Personal spending on other,Spent on LPG gas cylinder refill,Personal spending on other,other,1436.68,8,3,0
Quick Doctor consultation fee with card Paid via UPI for health,Quick Doctor consultation fee with card,Paid via UPI for health,health,1789.27,16,2,0
Txn: Audible audiobooks Routine entertainment item,Txn: Audible audiobooks,Routine entertainment item,entertainment,2799.01,11,4,0
Bill for Notebooks and pens set with discount Routine education item,Bill for Notebooks and pens set with discount,Routine education item,education,16733.18,27,6,1
Quick Tax filing CA consultancy fee Routine other item,Quick Tax filing CA consultancy fee,Routine other item,other,419.26,11,0,0
Online Airport cab taxi fare today Routine transport item,Online Airport cab taxi fare today,Routine transport item,transport,1212.07,20,2,0
Txn: Watch purchase at Titan via GPay Routine shopping item,Txn: Watch purchase at Titan via GPay,Routine shopping item,shopping,8617.3,14,0,0
Bill for Yoga class subscription at store Routine health item,Bill for Yoga class subscription at store,Routine health item,health,7085.92,6,0,0
Spent on Nature's Basket gourmet items with card,Spent on Nature's Basket gourmet items with card,,food,3434.72,14,3,0
Paid for Protein powder supplement for home Personal spending on health,Paid for Protein powder supplement for home,Personal spending on health,health,1270.85,11,0,0
Bill for Quarterly rent transfer to landlord Paid via UPI for rent,Bill for Quarterly rent transfer to landlord,Paid via UPI for rent,rent,37178.66,12,5,1
Txn: Flat maintenance charge for home,Txn: Flat maintenance charge for home,,rent,40164.96,11,0,0
Purchase at Office space rent share at store Personal spending on rent,Purchase at Office space rent share at store,Personal spending on rent,rent,41497.64,23,4,0
Quick Legal notary & document stamps at store Paid via UPI for other,Quick Legal notary & document stamps at store,Paid via UPI for other,other,1198.38,22,4,0
Spent on Zepto milk and eggs at store Monthly food budget expense,Spent on Zepto milk and eggs at store,Monthly food budget expense,food,811.06,1,3,0
Online Grocery shopping at DMart Personal spending on food,Online Grocery shopping at DMart,Personal spending on food,food,248.98,5,4,0
Purchase at Security deposit installment for home Routine rent item,Purchase at Security deposit installment for home,Routine rent item,rent,23365.12,19,6,1
Skillshare creative subscription for home Paid via UPI for education,Skillshare creative subscription for home,Paid via UPI for education,education,21257.34,1,5,1
Quick Bike maintenance and repair with card Routine transport item,Quick Bike maintenance and repair with card,Routine transport item,transport,4310.78,7,2,0
Purchase at Flipkart electronics sale Paid via UPI for shopping,Purchase at Flipkart electronics sale,Paid via UPI for shopping,shopping,11444.2,24,5,1
Txn: PVR cinemas IMAX tickets Monthly entertainment budget expense,Txn: PVR cinemas IMAX tickets,Monthly entertainment budget expense,entertainment,1398.13,20,6,1
Paid for Diesel filling for car today Paid via UPI for transport,Paid for Diesel filling for car today,Paid via UPI for transport,transport,2496.43,10,2,0
Paid for Bedsheet and pillow covers urgent Personal spending on shopping,Paid for Bedsheet and pillow covers urgent,Personal spending on shopping,shopping,17970.83,27,1,0
Txn: Nature's Basket gourmet items with card Paid via UPI for food,Txn: Nature's Basket gourmet items with card,Paid via UPI for food,food,2180.41,10,1,0
Quick PG accommodation fee today Paid via UPI for rent,Quick PG accommodation fee today,Paid via UPI for rent,rent,21449.34,28,0,0
Txn: Train ticket booking IRCTC today Paid via UPI for transport,Txn: Train ticket booking IRCTC today,Paid via UPI for transport,transport,434.69,12,2,0
Spent on Oatmeal and cereal pack urgent Routine food item,Spent on Oatmeal and cereal pack urgent,Routine food item,food,1653.47,11,1,0
Spent on Coding bootcamp installment Paid via UPI for education,Spent on Coding bootcamp installment,Paid via UPI for education,education,17023.75,21,3,0
Online Subway sub & drink for home Monthly food budget expense,Online Subway sub & drink for home,Monthly food budget expense,food,501.04,12,5,1
Online Technical reference book Monthly education budget expense,Online Technical reference book,Monthly education budget expense,education,10942.94,11,3,0
Paid for Parking space monthly rent via GPay,Paid for Parking space monthly rent via GPay,,rent,8329.16,3,6,1
Txn: Coding bootcamp installment via GPay Routine education item,Txn: Coding bootcamp installment via GPay,Routine education item,education,24310.02,26,6,1
Txn: Sunglasses purchase at store Routine shopping item,Txn: Sunglasses purchase at store,Routine shopping item,shopping,693.88,9,4,0
Paid for Health insurance premium today Monthly health budget expense,Paid for Health insurance premium today,Monthly health budget expense,health,2780.61,15,4,0
Spent on Medplus health supplements with card Personal spending on health,Spent on Medplus health supplements with card,Personal spending on health,health,5708.86,2,1,0
Quick Cult.fit fitness pass urgent,Quick Cult.fit fitness pass urgent,,health,3415.67,26,2,0
PVR cinemas IMAX tickets via GPay Routine entertainment item,PVR cinemas IMAX tickets via GPay,Routine entertainment item,entertainment,2217.8,3,6,1
Purchase at Room rent for current month Monthly rent budget expense,Purchase at Room rent for current month,Monthly rent budget expense,rent,36162.31,2,4,0
Purchase at Apple store accessories today Personal spending on shopping,Purchase at Apple store accessories today,Personal spending on shopping,shopping,14034.53,8,3,0
IKEA home furniture for home Routine shopping item,IKEA home furniture for home,Routine shopping item,shopping,8883.09,23,2,0
Bedsheet and pillow covers,Bedsheet and pillow covers,,shopping,10566.44,10,0,0
Purchase at Web development workshop fee at store Paid via UPI for education,Purchase at Web development workshop fee at store,Paid via UPI for education,education,11544.96,2,5,1
Online Petrol pump fuel refill Routine transport item,Online Petrol pump fuel refill,Routine transport item,transport,3736.62,15,0,0
Spent on Brokerage fee for apartment for home,Spent on Brokerage fee for apartment for home,,rent,33150.55,6,4,0
Online Apple store accessories with card,Online Apple store accessories with card,,shopping,8303.82,12,3,0
Quick Co-living monthly rent with discount Routine rent item,Quick Co-living monthly rent with discount,Routine rent item,rent,19999.03,20,0,0
Txn: Bank transaction charge Monthly other budget expense,Txn: Bank transaction charge,Monthly other budget expense,other,4604.49,2,5,1
Paid for YouTube Premium family plan today,Paid for YouTube Premium family plan today,,entertainment,1898.02,7,1,0
Txn: Co-living monthly rent today Paid via UPI for rent,Txn: Co-living monthly rent today,Paid via UPI for rent,rent,16500.9,1,4,0
Physiotherapy session today Routine health item,Physiotherapy session today,Routine health item,health,2933.01,28,2,0
Txn: Car servicing & oil change for home Paid via UPI for transport,Txn: Car servicing & oil change for home,Paid via UPI for transport,transport,2128.53,28,3,0
Purchase at Netflix monthly subscription today Monthly entertainment budget expense,Purchase at Netflix monthly subscription today,Monthly entertainment budget expense,entertainment,702.97,16,4,0
Spent on Board game cafe bill via GPay,Spent on Board game cafe bill via GPay,,entertainment,1459.92,22,6,1
Parking fee at mall via GPay Paid via UPI for transport,Parking fee at mall via GPay,Paid via UPI for transport,transport,4402.96,26,5,1
Quick House rent payment via UPI Monthly rent budget expense,Quick House rent payment via UPI,Monthly rent budget expense,rent,34580.15,20,6,1
Watch purchase at Titan with card,Watch purchase at Titan with card,,shopping,10776.38,1,6,1
Online Office space rent share Personal spending on rent,Online Office space rent share,Personal spending on rent,rent,6959.57,5,3,0
Spent on Notebooks and pens set,Spent on Notebooks and pens set,,education,8945.13,15,3,0
Gardening plants and soil with card,Gardening plants and soil with card,,other,1737.43,15,1,0
Spent on Technical reference book with card Routine education item,Spent on Technical reference book with card,Routine education item,education,3076.05,14,5,1
Quick Kindle e-book purchase Paid via UPI for education,Quick Kindle e-book purchase,Paid via UPI for education,education,24121.41,7,5,1
Quick YouTube Premium family plan with card Personal spending on entertainment,Quick YouTube Premium family plan with card,Personal spending on entertainment,entertainment,2973.36,5,0,0
Txn: PVR cinemas IMAX tickets for home,Txn: PVR cinemas IMAX tickets for home,,entertainment,1322.95,24,5,1
Spent on Courier speed post delivery for home Paid via UPI for other,Spent on Courier speed post delivery for home,Paid via UPI for other,other,364.81,12,0,0
Purchase at Coding bootcamp installment today Personal spending on education,Purchase at Coding bootcamp installment today,Personal spending on education,education,16154.21,12,4,0
Spent on Security deposit installment with card Paid via UPI for rent,Spent on Security deposit installment with card,Paid via UPI for rent,rent,24602.58,9,4,0
Online Courier speed post delivery with discount Routine other item,Online Courier speed post delivery with discount,Routine other item,other,3682.56,28,4,0
Txn: Bowling & gaming arcade at store,Txn: Bowling & gaming arcade at store,,entertainment,1243.34,19,4,0
Spent on Water utility bill for home Monthly other budget expense,Spent on Water utility bill for home,Monthly other budget expense,other,953.11,27,0,0
Quick Flipkart electronics sale urgent,Quick Flipkart electronics sale urgent,,shopping,7893.83,4,1,0
Online Web development workshop fee with card,Online Web development workshop fee with card,,education,14644.18,14,4,0
Bill for Apple store accessories at store Personal spending on shopping,Bill for Apple store accessories at store,Personal spending on shopping,shopping,12337.09,21,0,0
Online Croma electronics cable & charger at store Paid via UPI for shopping,Online Croma electronics cable & charger at store,Paid via UPI for shopping,shopping,1097.06,17,1,0
Txn: Pet food and veterinary care at store Routine other item,Txn: Pet food and veterinary care at store,Routine other item,other,2043.6,6,3,0
Spent on Ola auto ride urgent Paid via UPI for transport,Spent on Ola auto ride urgent,Paid via UPI for transport,transport,3501.21,9,3,0
Spent on House rent payment via UPI via GPay,Spent on House rent payment via UPI via GPay,,rent,21129.24,7,2,0
Online PVR cinemas IMAX tickets at store Personal spending on entertainment,Online PVR cinemas IMAX tickets at store,Personal spending on entertainment,entertainment,1797.21,26,1,0
Txn: Car wash & detailing with card Paid via UPI for transport,Txn: Car wash & detailing with card,Paid via UPI for transport,transport,2010.21,17,3,0
Txn: Netflix monthly subscription urgent Paid via UPI for entertainment,Txn: Netflix monthly subscription urgent,Paid via UPI for entertainment,entertainment,2119.53,12,6,1
Bill for Lunch thali at office canteen with discount Paid via UPI for food,Bill for Lunch thali at office canteen with discount,Paid via UPI for food,food,2461.4,24,3,0
Purchase at Co-living monthly rent at store Personal spending on rent,Purchase at Co-living monthly rent at store,Personal spending on rent,rent,7966.56,22,2,0
Bill for Ajio discount clothes at store,Bill for Ajio discount clothes at store,,shopping,6555.46,23,0,0
Bill for Storage locker monthly rental with discount,Bill for Storage locker monthly rental with discount,,rent,19068.74,5,3,0
Purchase at Ola auto ride Personal spending on transport,Purchase at Ola auto ride,Personal spending on transport,transport,3312.17,13,4,0
Bill for Standup comedy show ticket today,Bill for Standup comedy show ticket today,,entertainment,721.26,9,1,0
Paid for Sunglasses purchase today Paid via UPI for shopping,Paid for Sunglasses purchase today,Paid via UPI for shopping,shopping,9830.8,1,6,1
Amusement park entry ticket today Routine entertainment item,Amusement park entry ticket today,Routine entertainment item,entertainment,1802.94,8,6,1
Paid for Ayurvedic medicines purchase Monthly health budget expense,Paid for Ayurvedic medicines purchase,Monthly health budget expense,health,6329.63,1,2,0
Online Cycle repair & parts urgent Routine transport item,Online Cycle repair & parts urgent,Routine transport item,transport,2818.94,9,6,1
Petrol pump fuel refill with card Monthly transport budget expense,Petrol pump fuel refill with card,Monthly transport budget expense,transport,3836.06,17,4,0
Paid for Language learning app subscription at store,Paid for Language learning app subscription at store,,education,24004.9,8,2,0
Txn: Laundry dry cleaning urgent Monthly other budget expense,Txn: Laundry dry cleaning urgent,Monthly other budget expense,other,4799.79,4,0,0
Audible audiobooks at store Routine entertainment item,Audible audiobooks at store,Routine entertainment item,entertainment,1038.09,13,0,0
Quick Brokerage fee for apartment urgent Personal spending on rent,Quick Brokerage fee for apartment urgent,Personal spending on rent,rent,38662.51,13,1,0
Bill for Health insurance premium urgent Personal spending on health,Bill for Health insurance premium urgent,Personal spending on health,health,3446.56,1,1,0
Txn: Brokerage fee for apartment for home Paid via UPI for rent,Txn: Brokerage fee for apartment for home,Paid via UPI for rent,rent,33361.95,20,5,1
Txn: Diesel filling for car urgent Monthly transport budget expense,Txn: Diesel filling for car urgent,Monthly transport budget expense,transport,67.65,25,3,0
Txn: Ajio discount clothes urgent Monthly shopping budget expense,Txn: Ajio discount clothes urgent,Monthly shopping budget expense,shopping,7174.61,26,4,0
Online Concert musical event pass Monthly entertainment budget expense,Online Concert musical event pass,Monthly entertainment budget expense,entertainment,2217.8,14,0,0
Paid for Sunglasses purchase Routine shopping item,Paid for Sunglasses purchase,Routine shopping item,shopping,8170.35,4,3,0
Spent on Sneakers purchase with card Monthly shopping budget expense,Spent on Sneakers purchase with card,Monthly shopping budget expense,shopping,4971.75,24,1,0
Spent on Local bakery bread and cake urgent Paid via UPI for food,Spent on Local bakery bread and cake urgent,Paid via UPI for food,food,2259.91,11,3,0
Hostel fees payment for home Monthly rent budget expense,Hostel fees payment for home,Monthly rent budget expense,rent,22444.9,17,5,1
Paid for Concert musical event pass at store Personal spending on entertainment,Paid for Concert musical event pass at store,Personal spending on entertainment,entertainment,810.55,14,3,0
Spent on Netflix monthly subscription for home,Spent on Netflix monthly subscription for home,,entertainment,2945.45,26,0,0
Bill for Board game cafe bill with card,Bill for Board game cafe bill with card,,entertainment,1429.32,4,5,1
Spent on Audible audiobooks Personal spending on entertainment,Spent on Audible audiobooks,Personal spending on entertainment,entertainment,2170.6,24,6,1
Spent on Cult.fit fitness pass with card Monthly health budget expense,Spent on Cult.fit fitness pass with card,Monthly health budget expense,health,6552.63,21,5,1
Purchase at Office space rent share via GPay,Purchase at Office space rent share via GPay,,rent,27817.16,9,4,0
Paid for Society maintenance bill urgent Monthly rent budget expense,Paid for Society maintenance bill urgent,Monthly rent budget expense,rent,5273.59,7,6,1
Txn: Club weekend party entry with card Personal spending on entertainment,Txn: Club weekend party entry with card,Personal spending on entertainment,entertainment,995.91,14,2,0
Paid for Uber cab ride to office via GPay Monthly transport budget expense,Paid for Uber cab ride to office via GPay,Monthly transport budget expense,transport,3702.52,4,3,0
Spent on Doctor consultation fee,Spent on Doctor consultation fee,,health,5030.38,21,2,0
Quick Yoga class subscription today Routine health item,Quick Yoga class subscription today,Routine health item,health,3039.1,18,0,0
Spent on EV charging station fee with card Paid via UPI for transport,Spent on EV charging station fee with card,Paid via UPI for transport,transport,1150.45,15,5,1
Quick PVR cinemas IMAX tickets urgent,Quick PVR cinemas IMAX tickets urgent,,entertainment,2878.41,4,2,0
Paid for H&M summer collection Monthly shopping budget expense,Paid for H&M summer collection,Monthly shopping budget expense,shopping,16106.77,7,0,0
Txn: Amazon Prime annual membership with card,Txn: Amazon Prime annual membership with card,,entertainment,1205.41,25,1,0
Spent on Ajio discount clothes urgent Monthly shopping budget expense,Spent on Ajio discount clothes urgent,Monthly shopping budget expense,shopping,16839.92,24,1,0
Quick Flight ticket Indigo to Mumbai via GPay Paid via UPI for transport,Quick Flight ticket Indigo to Mumbai via GPay,Paid via UPI for transport,transport,4244.88,27,0,0
Nike running shoes via GPay Routine shopping item,Nike running shoes via GPay,Routine shopping item,shopping,5911.17,6,1,0
Coding bootcamp installment with discount Monthly education budget expense,Coding bootcamp installment with discount,Monthly education budget expense,education,12114.6,10,6,1
Online Bus pass monthly renewal today Paid via UPI for transport,Online Bus pass monthly renewal today,Paid via UPI for transport,transport,3202.06,10,0,0
Spent on Gardening plants and soil with card Routine other item,Spent on Gardening plants and soil with card,Routine other item,other,334.33,6,6,1
Doctor consultation fee at store Monthly health budget expense,Doctor consultation fee at store,Monthly health budget expense,health,6693.97,26,2,0
Online Monthly apartment rent via GPay Paid via UPI for rent,Online Monthly apartment rent via GPay,Paid via UPI for rent,rent,16346.29,26,1,0
Spent on Concert musical event pass today Monthly entertainment budget expense,Spent on Concert musical event pass today,Monthly entertainment budget expense,entertainment,1169.14,14,5,1
Spent on Sunglasses purchase with discount Paid via UPI for shopping,Spent on Sunglasses purchase with discount,Paid via UPI for shopping,shopping,17966.37,25,5,1
Bill for Sunglasses purchase via GPay Monthly shopping budget expense,Bill for Sunglasses purchase via GPay,Monthly shopping budget expense,shopping,4263.74,26,4,0
Txn: Auto rickshaw cash fare today Personal spending on transport,Txn: Auto rickshaw cash fare today,Personal spending on transport,transport,2934.06,25,6,1
Legal notary & document stamps with discount Monthly other budget expense,Legal notary & document stamps with discount,Monthly other budget expense,other,5319.37,9,1,0
Online Casual t-shirt and hoodie at store,Online Casual t-shirt and hoodie at store,,shopping,1791.69,20,2,0
Paid for Myntra clothes shopping today,Paid for Myntra clothes shopping today,,shopping,12397.78,6,5,1
Txn: Office space rent share for home Paid via UPI for rent,Txn: Office space rent share for home,Paid via UPI for rent,rent,14977.86,24,0,0
Online Netflix monthly subscription Routine entertainment item,Online Netflix monthly subscription,Routine entertainment item,entertainment,1587.23,1,5,1
Quick Physiotherapy session at store Paid via UPI for health,Quick Physiotherapy session at store,Paid via UPI for health,health,6301.46,13,4,0
Quick Online test series subscription via GPay Personal spending on education,Quick Online test series subscription via GPay,Personal spending on education,education,19332.84,18,0,0
Paid for YouTube Premium family plan urgent Routine entertainment item,Paid for YouTube Premium family plan urgent,Routine entertainment item,entertainment,1746.4,9,5,1
Bill for Rapido bike taxi for home Personal spending on transport,Bill for Rapido bike taxi for home,Personal spending on transport,transport,1548.08,27,6,1
Bill for Flipkart electronics sale with card Monthly shopping budget expense,Bill for Flipkart electronics sale with card,Monthly shopping budget expense,shopping,6577.93,19,3,0
Paid for Casual t-shirt and hoodie with card Paid via UPI for shopping,Paid for Casual t-shirt and hoodie with card,Paid via UPI for shopping,shopping,856.01,16,2,0
Txn: PVR cinemas IMAX tickets today Routine entertainment item,Txn: PVR cinemas IMAX tickets today,Routine entertainment item,entertainment,841.49,24,4,0
Pizza Hut dinner urgent Personal spending on food,Pizza Hut dinner urgent,Personal spending on food,food,339.31,16,1,0
Purchase at Train ticket booking IRCTC via GPay Paid via UPI for transport,Purchase at Train ticket booking IRCTC via GPay,Paid via UPI for transport,transport,1918.15,27,4,0
Txn: Broadband WiFi internet bill via GPay,Txn: Broadband WiFi internet bill via GPay,,other,1377.23,4,1,0
Paid for Co-living monthly rent at store Routine rent item,Paid for Co-living monthly rent at store,Routine rent item,rent,19132.19,22,3,0
Paid for Amazon Prime annual membership with card Paid via UPI for entertainment,Paid for Amazon Prime annual membership with card,Paid via UPI for entertainment,entertainment,2728.75,24,2,0
Online Books and stationery store at store Routine education item,Online Books and stationery store at store,Routine education item,education,2222.16,20,6,1
Paid for IKEA home furniture,Paid for IKEA home furniture,,shopping,17935.08,13,1,0
Quick Flipkart electronics sale for home,Quick Flipkart electronics sale for home,,shopping,14153.86,9,5,1
Txn: Zomato lunch delivery with card Monthly food budget expense,Txn: Zomato lunch delivery with card,Monthly food budget expense,food,1841.88,8,5,1
Bill for Kindle e-book purchase with card Monthly education budget expense,Bill for Kindle e-book purchase with card,Monthly education budget expense,education,17098.68,5,0,0
Paid for Toll plaza FASTag recharge urgent Monthly transport budget expense,Paid for Toll plaza FASTag recharge urgent,Monthly transport budget expense,transport,155.62,15,0,0
Purchase at Auto rickshaw cash fare today,Purchase at Auto rickshaw cash fare today,,transport,328.93,16,4,0
Spent on Gift for friend birthday with card,Spent on Gift for friend birthday with card,,other,1761.14,19,3,0
Spent on Supermarket food supplies Routine food item,Spent on Supermarket food supplies,Routine food item,food,1066.75,22,3,0
Txn: Medplus health supplements urgent Monthly health budget expense,Txn: Medplus health supplements urgent,Monthly health budget expense,health,2582.4,2,3,0
BookMyShow movie tickets Paid via UPI for entertainment,BookMyShow movie tickets,Paid via UPI for entertainment,entertainment,1023.13,1,0,0
Paid for Nature's Basket gourmet items at store Routine food item,Paid for Nature's Basket gourmet items at store,Routine food item,food,532.22,12,2,0
Spent on Courier speed post delivery Personal spending on other,Spent on Courier speed post delivery,Personal spending on other,other,4352.43,22,5,1
Bill for Train ticket booking IRCTC today Paid via UPI for transport,Bill for Train ticket booking IRCTC today,Paid via UPI for transport,transport,3409.84,5,5,1
Quick Co-living monthly rent with card,Quick Co-living monthly rent with card,,rent,33430.91,25,4,0
Online ATM cash withdrawal unaccounted today Paid via UPI for other,Online ATM cash withdrawal unaccounted today,Paid via UPI for other,other,2909.11,12,6,1
Online Flat maintenance charge with discount Personal spending on rent,Online Flat maintenance charge with discount,Personal spending on rent,rent,31251.27,26,1,0
Txn: Security deposit installment with discount Personal spending on rent,Txn: Security deposit installment with discount,Personal spending on rent,rent,30728.92,2,2,0
Bank transaction charge urgent,Bank transaction charge urgent,,other,2231.35,9,2,0
Paid for Board game cafe bill with discount Personal spending on entertainment,Paid for Board game cafe bill with discount,Personal spending on entertainment,entertainment,2519.07,9,0,0
Quick Coffee beans purchase urgent Monthly food budget expense,Quick Coffee beans purchase urgent,Monthly food budget expense,food,2580.35,8,5,1
Online Room rent for current month for home,Online Room rent for current month for home,,rent,25399.95,7,4,0
Bill for Parking space monthly rent at store Personal spending on rent,Bill for Parking space monthly rent at store,Personal spending on rent,rent,31467.0,2,2,0
Txn: Physiotherapy session at store Paid via UPI for health,Txn: Physiotherapy session at store,Paid via UPI for health,health,4751.53,3,5,1
Concert musical event pass today Routine entertainment item,Concert musical event pass today,Routine entertainment item,entertainment,837.36,28,3,0
Spent on Electricity bill payment Monthly other budget expense,Spent on Electricity bill payment,Monthly other budget expense,other,4459.4,25,2,0
Purchase at Bedsheet and pillow covers via GPay Routine shopping item,Purchase at Bedsheet and pillow covers via GPay,Routine shopping item,shopping,1370.99,12,5,1
Txn: Amusement park entry ticket for home Monthly entertainment budget expense,Txn: Amusement park entry ticket for home,Monthly entertainment budget expense,entertainment,946.81,15,6,1
Online Coding bootcamp installment via GPay Personal spending on education,Online Coding bootcamp installment via GPay,Personal spending on education,education,16286.08,26,0,0
Online Starbucks coffee & snack via GPay Monthly food budget expense,Online Starbucks coffee & snack via GPay,Monthly food budget expense,food,2415.48,9,0,0
Paid for Dermatologist skin treatment with card Routine health item,Paid for Dermatologist skin treatment with card,Routine health item,health,6301.87,13,0,0
Online Pet food and veterinary care Routine other item,Online Pet food and veterinary care,Routine other item,other,5365.78,4,0,0
Quick Yoga class subscription with discount Paid via UPI for health,Quick Yoga class subscription with discount,Paid via UPI for health,health,838.19,9,2,0
Spent on Parking fee at mall urgent Paid via UPI for transport,Spent on Parking fee at mall urgent,Paid via UPI for transport,transport,1387.75,2,5,1
Online Yoga class subscription with card Monthly health budget expense,Online Yoga class subscription with card,Monthly health budget expense,health,1096.85,4,4,0
ATM cash withdrawal unaccounted at store Routine other item,ATM cash withdrawal unaccounted at store,Routine other item,other,1528.91,15,6,1
Purchase at Nature's Basket gourmet items at store Monthly food budget expense,Purchase at Nature's Basket gourmet items at store,Monthly food budget expense,food,2776.11,15,1,0
Quick Toll plaza FASTag recharge today,Quick Toll plaza FASTag recharge today,,transport,3488.42,20,6,1
Home repair and plumbing at store Monthly other budget expense,Home repair and plumbing at store,Monthly other budget expense,other,3870.61,9,6,1
Paid for Backpack for travel with discount,Paid for Backpack for travel with discount,,shopping,8184.66,24,4,0
Quick Flight ticket Indigo to Mumbai via GPay Monthly transport budget expense,Quick Flight ticket Indigo to Mumbai via GPay,Monthly transport budget expense,transport,1312.15,10,6,1
Txn: House rent payment via UPI Paid via UPI for rent,Txn: House rent payment via UPI,Paid via UPI for rent,rent,8729.78,25,2,0
Txn: H&M summer collection with card Routine shopping item,Txn: H&M summer collection with card,Routine shopping item,shopping,14727.66,23,3,0
Paid for PVR cinemas IMAX tickets via GPay,Paid for PVR cinemas IMAX tickets via GPay,,entertainment,1497.87,3,6,1
Broadband WiFi internet bill at store Paid via UPI for other,Broadband WiFi internet bill at store,Paid via UPI for other,other,1700.24,9,1,0
Quick Bike maintenance and repair with discount Routine transport item,Quick Bike maintenance and repair with discount,Routine transport item,transport,1367.28,7,3,0
Paid for Car servicing & oil change via GPay Monthly transport budget expense,Paid for Car servicing & oil change via GPay,Monthly transport budget expense,transport,964.5,27,2,0
Paid for Blood test and full body checkup with card Monthly health budget expense,Paid for Blood test and full body checkup with card,Monthly health budget expense,health,4816.61,21,1,0
Fresh meat and fish store with discount Paid via UPI for food,Fresh meat and fish store with discount,Paid via UPI for food,food,466.32,21,4,0
Flipkart electronics sale for home Personal spending on shopping,Flipkart electronics sale for home,Personal spending on shopping,shopping,15732.12,3,5,1
Spent on Ayurvedic medicines purchase today Paid via UPI for health,Spent on Ayurvedic medicines purchase today,Paid via UPI for health,health,6316.57,21,1,0
Purchase at PlayStation PS Plus subscription via GPay Paid via UPI for entertainment,Purchase at PlayStation PS Plus subscription via GPay,Paid via UPI for entertainment,entertainment,1084.01,4,0,0
Bill for Coursera specialization certification urgent Personal spending on education,Bill for Coursera specialization certification urgent,Personal spending on education,education,7117.57,14,6,1
Purchase at Security deposit installment for home Paid via UPI for rent,Purchase at Security deposit installment for home,Paid via UPI for rent,rent,17583.34,25,6,1
Quick Amazon Prime annual membership via GPay,Quick Amazon Prime annual membership via GPay,,entertainment,2215.26,12,0,0
Purchase at Society maintenance bill Personal spending on rent,Purchase at Society maintenance bill,Personal spending on rent,rent,12318.9,5,1,0
Txn: YouTube Premium family plan for home Personal spending on entertainment,Txn: YouTube Premium family plan for home,Personal spending on entertainment,entertainment,1630.8,22,5,1
Hotstar subscription plan for home Paid via UPI for entertainment,Hotstar subscription plan for home,Paid via UPI for entertainment,entertainment,277.48,11,0,0
Paid for Tax filing CA consultancy fee with discount Routine other item,Paid for Tax filing CA consultancy fee with discount,Routine other item,other,4868.94,9,6,1
Bill for Gym membership monthly renewal via GPay Paid via UPI for health,Bill for Gym membership monthly renewal via GPay,Paid via UPI for health,health,2387.89,16,3,0
Purchase at Home repair and plumbing urgent Routine other item,Purchase at Home repair and plumbing urgent,Routine other item,other,3436.41,26,4,0
Purchase at Flipkart electronics sale today Monthly shopping budget expense,Purchase at Flipkart electronics sale today,Monthly shopping budget expense,shopping,5368.69,2,3,0
Spent on Fresh meat and fish store today Paid via UPI for food,Spent on Fresh meat and fish store today,Paid via UPI for food,food,1126.06,5,5,1
Bill for Pet food and veterinary care at store,Bill for Pet food and veterinary care at store,,other,3031.35,8,6,1
Quick Bowling & gaming arcade Personal spending on entertainment,Quick Bowling & gaming arcade,Personal spending on entertainment,entertainment,1831.45,4,0,0
Online Apollo Pharmacy medicines via GPay Routine health item,Online Apollo Pharmacy medicines via GPay,Routine health item,health,6905.72,26,2,0
Quick Kitchen cookware set Paid via UPI for shopping,Quick Kitchen cookware set,Paid via UPI for shopping,shopping,2029.41,2,4,0
Purchase at H&M summer collection with discount,Purchase at H&M summer collection with discount,,shopping,947.04,5,3,0
Paid for Bike maintenance and repair with discount Monthly transport budget expense,Paid for Bike maintenance and repair with discount,Monthly transport budget expense,transport,1370.09,22,3,0
Spent on Supermarket food supplies for home Personal spending on food,Spent on Supermarket food supplies for home,Personal spending on food,food,318.46,24,5,1
Purchase at Eye checkup and new glasses urgent Paid via UPI for health,Purchase at Eye checkup and new glasses urgent,Paid via UPI for health,health,7515.08,18,4,0
Txn: Amazon Prime annual membership today Paid via UPI for entertainment,Txn: Amazon Prime annual membership today,Paid via UPI for entertainment,entertainment,453.35,19,2,0
Purchase at Online test series subscription for home Routine education item,Purchase at Online test series subscription for home,Routine education item,education,23198.1,20,5,1
Online YouTube Premium family plan with card Personal spending on entertainment,Online YouTube Premium family plan with card,Personal spending on entertainment,entertainment,684.42,24,0,0
Spent on Courier speed post delivery with discount,Spent on Courier speed post delivery with discount,,other,4403.15,8,1,0
Flight ticket Indigo to Mumbai via GPay Personal spending on transport,Flight ticket Indigo to Mumbai via GPay,Personal spending on transport,transport,999.08,13,6,1
Quick Cycle repair & parts with card Routine transport item,Quick Cycle repair & parts with card,Routine transport item,transport,2104.43,23,0,0
Purchase at Doctor consultation fee today Routine health item,Purchase at Doctor consultation fee today,Routine health item,health,2823.58,4,0,0
Quick Interstate Volvo bus ticket at store Monthly transport budget expense,Quick Interstate Volvo bus ticket at store,Monthly transport budget expense,transport,2295.65,1,2,0
Spent on KFC chicken bucket via GPay Routine food item,Spent on KFC chicken bucket via GPay,Routine food item,food,247.97,22,5,1
Spent on YouTube Premium family plan via GPay Paid via UPI for entertainment,Spent on YouTube Premium family plan via GPay,Paid via UPI for entertainment,entertainment,1438.03,16,3,0
Txn: Cult.fit fitness pass at store Routine health item,Txn: Cult.fit fitness pass at store,Routine health item,health,2683.1,7,6,1
Txn: Bedsheet and pillow covers via GPay,Txn: Bedsheet and pillow covers via GPay,,shopping,12991.95,7,4,0
Spent on Web development workshop fee with card Routine education item,Spent on Web development workshop fee with card,Routine education item,education,20709.18,4,0,0
Quick KFC chicken bucket Personal spending on food,Quick KFC chicken bucket,Personal spending on food,food,1775.24,3,2,0
Quick Decathlon sportswear and gear today Routine shopping item,Quick Decathlon sportswear and gear today,Routine shopping item,shopping,17494.01,7,6,1
Bill for Mobile postpaid monthly bill for home Monthly other budget expense,Bill for Mobile postpaid monthly bill for home,Monthly other budget expense,other,2910.78,1,2,0
Txn: Uber cab ride to office with card Personal spending on transport,Txn: Uber cab ride to office with card,Personal spending on transport,transport,2524.71,1,5,1
Online Spotify premium music renewal at store Paid via UPI for entertainment,Online Spotify premium music renewal at store,Paid via UPI for entertainment,entertainment,2555.47,15,6,1
Spent on Zara shirt and jeans with discount Routine shopping item,Spent on Zara shirt and jeans with discount,Routine shopping item,shopping,17804.71,3,5,1
Bill for Hospital OPD registration Personal spending on health,Bill for Hospital OPD registration,Personal spending on health,health,7171.04,22,5,1
Pet food and veterinary care via GPay Monthly other budget expense,Pet food and veterinary care via GPay,Monthly other budget expense,other,2530.65,1,4,0
Spent on Breakfast at Saravana Bhavan via GPay Paid via UPI for food,Spent on Breakfast at Saravana Bhavan via GPay,Paid via UPI for food,food,213.01,3,6,1
Purchase at Petrol pump fuel refill for home,Purchase at Petrol pump fuel refill for home,,transport,850.95,21,5,1
Board game cafe bill via GPay Monthly entertainment budget expense,Board game cafe bill via GPay,Monthly entertainment budget expense,entertainment,856.05,27,2,0
Paid for Pet food and veterinary care with discount,Paid for Pet food and veterinary care with discount,,other,2228.59,1,1,0
Bus pass monthly renewal Monthly transport budget expense,Bus pass monthly renewal,Monthly transport budget expense,transport,3584.93,20,2,0
Bill for Co-living monthly rent Routine rent item,Bill for Co-living monthly rent,Routine rent item,rent,11772.0,4,1,0
Online McDonald's burger meal today Routine food item,Online McDonald's burger meal today,Routine food item,food,1788.45,17,5,1
Bill for Laundry dry cleaning for home Monthly other budget expense,Bill for Laundry dry cleaning for home,Monthly other budget expense,other,5702.01,19,2,0
Bill for Society maintenance bill Paid via UPI for rent,Bill for Society maintenance bill,Paid via UPI for rent,rent,16867.04,6,1,0
Purchase at GRE / TOEFL exam registration today Personal spending on education,Purchase at GRE / TOEFL exam registration today,Personal spending on education,education,3633.56,17,3,0
Paid for PVR cinemas IMAX tickets urgent Personal spending on entertainment,Paid for PVR cinemas IMAX tickets urgent,Personal spending on entertainment,entertainment,2347.85,2,2,0
Purchase at Croma electronics cable & charger for home Routine shopping item,Purchase at Croma electronics cable & charger for home,Routine shopping item,shopping,16474.16,13,1,0
Quick Co-living monthly rent urgent Routine rent item,Quick Co-living monthly rent urgent,Routine rent item,rent,31495.96,20,6,1
Purchase at Sunglasses purchase with card Paid via UPI for shopping,Purchase at Sunglasses purchase with card,Paid via UPI for shopping,shopping,7893.11,15,2,0
Quick Juice center fresh juice for home Paid via UPI for food,Quick Juice center fresh juice for home,Paid via UPI for food,food,1921.2,9,4,0
Paid for Parking space monthly rent Paid via UPI for rent,Paid for Parking space monthly rent,Paid via UPI for rent,rent,20811.67,15,5,1
Purchase at Parking fee at mall with card,Purchase at Parking fee at mall with card,,transport,2292.82,8,5,1
Txn: Laundry dry cleaning with discount Monthly other budget expense,Txn: Laundry dry cleaning with discount,Monthly other budget expense,other,2888.99,6,2,0
Quick Zara shirt and jeans urgent,Quick Zara shirt and jeans urgent,,shopping,6672.18,17,1,0
Online Eye checkup and new glasses Monthly health budget expense,Online Eye checkup and new glasses,Monthly health budget expense,health,2309.18,10,0,0
Quick Gift for friend birthday for home,Quick Gift for friend birthday for home,,other,502.81,27,3,0
Spent on Club weekend party entry today,Spent on Club weekend party entry today,,entertainment,2719.72,5,6,1
Spent on Organic fruit market with discount Routine food item,Spent on Organic fruit market with discount,Routine food item,food,3340.56,25,3,0
Bill for PG accommodation fee today Personal spending on rent,Bill for PG accommodation fee today,Personal spending on rent,rent,40641.03,3,1,0
Amazon online purchase for home,Amazon online purchase for home,,shopping,8457.89,28,4,0
Bill for PVR cinemas IMAX tickets at store Routine entertainment item,Bill for PVR cinemas IMAX tickets at store,Routine entertainment item,entertainment,596.35,6,2,0
GRE / TOEFL exam registration Monthly education budget expense,GRE / TOEFL exam registration,Monthly education budget expense,education,14717.76,28,2,0
Quick Gift for friend birthday Personal spending on other,Quick Gift for friend birthday,Personal spending on other,other,4216.92,1,1,0
Txn: Dental clinic root canal visit today Personal spending on health,Txn: Dental clinic root canal visit today,Personal spending on health,health,2839.35,5,4,0
Purchase at Board game cafe bill with discount Paid via UPI for entertainment,Purchase at Board game cafe bill with discount,Paid via UPI for entertainment,entertainment,2623.95,27,0,0
Quick Broadband WiFi internet bill Routine other item,Quick Broadband WiFi internet bill,Routine other item,other,246.87,13,0,0
Txn: Eye checkup and new glasses with discount Monthly health budget expense,Txn: Eye checkup and new glasses with discount,Monthly health budget expense,health,444.82,26,2,0
Online Storage locker monthly rental urgent Routine rent item,Online Storage locker monthly rental urgent,Routine rent item,rent,40669.49,7,3,0
Quick Mobile postpaid monthly bill at store Paid via UPI for other,Quick Mobile postpaid monthly bill at store,Paid via UPI for other,other,3072.03,14,1,0
Bill for Water tanker for society with discount Routine rent item,Bill for Water tanker for society with discount,Routine rent item,rent,33314.92,27,0,0
Bill for Concert musical event pass today,Bill for Concert musical event pass today,,entertainment,1400.86,5,2,0
Paid for Courier speed post delivery urgent,Paid for Courier speed post delivery urgent,,other,1105.01,12,1,0
Paid for Society maintenance bill with discount Personal spending on rent,Paid for Society maintenance bill with discount,Personal spending on rent,rent,11924.84,23,2,0
Spent on Metro card monthly recharge via GPay Personal spending on transport,Spent on Metro card monthly recharge via GPay,Personal spending on transport,transport,962.05,19,6,1
Bill for Petrol pump fuel refill Monthly transport budget expense,Bill for Petrol pump fuel refill,Monthly transport budget expense,transport,113.63,7,6,1
Purchase at Uber cab ride to office urgent Routine transport item,Purchase at Uber cab ride to office urgent,Routine transport item,transport,4268.93,25,2,0
Online Coding bootcamp installment with card Routine education item,Online Coding bootcamp installment with card,Routine education item,education,9402.14,4,5,1
Quick House cleaning service Urban Company Paid via UPI for other,Quick House cleaning service Urban Company,Paid via UPI for other,other,1850.54,18,4,0
Paid for Sunglasses purchase with card Routine shopping item,Paid for Sunglasses purchase with card,Routine shopping item,shopping,7472.9,12,3,0
Online Coding bootcamp installment today Paid via UPI for education,Online Coding bootcamp installment today,Paid via UPI for education,education,23339.16,24,3,0
Purchase at GRE / TOEFL exam registration with discount Monthly education budget expense,Purchase at GRE / TOEFL exam registration with discount,Monthly education budget expense,education,24330.26,18,2,0
Bill for Uber cab ride to office via GPay Routine transport item,Bill for Uber cab ride to office via GPay,Routine transport item,transport,2658.21,11,2,0
Online Metro card monthly recharge for home,Online Metro card monthly recharge for home,,transport,326.0,20,4,0
Spent on Tax filing CA consultancy fee with discount Paid via UPI for other,Spent on Tax filing CA consultancy fee with discount,Paid via UPI for other,other,5976.8,12,2,0
Spent on Gym membership monthly renewal,Spent on Gym membership monthly renewal,,health,3562.77,12,5,1
Spent on Oatmeal and cereal pack with discount Personal spending on food,Spent on Oatmeal and cereal pack with discount,Personal spending on food,food,2768.69,21,4,0
Purchase at Web development workshop fee Paid via UPI for education,Purchase at Web development workshop fee,Paid via UPI for education,education,2010.8,5,2,0
Quick Academic journal access fee at store Personal spending on education,Quick Academic journal access fee at store,Personal spending on education,education,14811.41,6,6,1
Txn: Society maintenance bill,Txn: Society maintenance bill,,rent,12759.23,23,1,0
IKEA home furniture with card Monthly shopping budget expense,IKEA home furniture with card,Monthly shopping budget expense,shopping,2309.5,26,6,1
Quick Apollo Pharmacy medicines for home,Quick Apollo Pharmacy medicines for home,,health,2162.42,11,2,0
Bill for Laundry dry cleaning via GPay Routine other item,Bill for Laundry dry cleaning via GPay,Routine other item,other,4209.52,5,4,0
Bill for Coursera specialization certification with card Paid via UPI for education,Bill for Coursera specialization certification with card,Paid via UPI for education,education,7273.04,20,3,0
Online Vitamin D & Calcium tablets at store Paid via UPI for health,Online Vitamin D & Calcium tablets at store,Paid via UPI for health,health,2675.57,19,4,0
Online Backpack for travel with card Routine shopping item,Online Backpack for travel with card,Routine shopping item,shopping,11958.46,12,3,0
Quick Tuition fee for coaching at store Personal spending on education,Quick Tuition fee for coaching at store,Personal spending on education,education,16597.38,26,6,1
Purchase at Board game cafe bill with card,Purchase at Board game cafe bill with card,,entertainment,1498.59,5,2,0
Tuition fee for coaching with card,Tuition fee for coaching with card,,education,15199.74,4,6,1
Purchase at College semester tuition fee today Routine education item,Purchase at College semester tuition fee today,Routine education item,education,23389.59,21,3,0
Spent on Online test series subscription at store,Spent on Online test series subscription at store,,education,10136.09,10,1,0
Bill for Technical reference book with card,Bill for Technical reference book with card,,education,12388.02,15,1,0
Coding bootcamp installment with card Monthly education budget expense,Coding bootcamp installment with card,Monthly education budget expense,education,20409.81,5,5,1
Mobile postpaid monthly bill for home Personal spending on other,Mobile postpaid monthly bill for home,Personal spending on other,other,5150.76,27,0,0
Online Croma electronics cable & charger via GPay Personal spending on shopping,Online Croma electronics cable & charger via GPay,Personal spending on shopping,shopping,2175.12,4,6,1
BookMyShow movie tickets urgent Paid via UPI for entertainment,BookMyShow movie tickets urgent,Paid via UPI for entertainment,entertainment,2717.2,6,6,1
Quick Ayurvedic medicines purchase via GPay Monthly health budget expense,Quick Ayurvedic medicines purchase via GPay,Monthly health budget expense,health,1373.93,13,2,0
Txn: GRE / TOEFL exam registration at store Routine education item,Txn: GRE / TOEFL exam registration at store,Routine education item,education,15239.43,2,4,0
Txn: Toll plaza FASTag recharge via GPay Routine transport item,Txn: Toll plaza FASTag recharge via GPay,Routine transport item,transport,1755.51,8,5,1
Society maintenance bill at store Paid via UPI for rent,Society maintenance bill at store,Paid via UPI for rent,rent,7146.17,11,2,0
Purchase at Dental clinic root canal visit via GPay Routine health item,Purchase at Dental clinic root canal visit via GPay,Routine health item,health,678.05,17,2,0
Casual t-shirt and hoodie with discount Monthly shopping budget expense,Casual t-shirt and hoodie with discount,Monthly shopping budget expense,shopping,5328.35,25,5,1
Spent on IKEA home furniture,Spent on IKEA home furniture,,shopping,15447.45,20,6,1
Spent on Electricity bill payment urgent Routine other item,Spent on Electricity bill payment urgent,Routine other item,other,1692.0,26,1,0
Monthly apartment rent with discount,Monthly apartment rent with discount,,rent,24368.66,6,1,0
Spent on Steam video game purchase with discount Personal spending on entertainment,Spent on Steam video game purchase with discount,Personal spending on entertainment,entertainment,1528.68,16,3,0
Purchase at Amusement park entry ticket with discount Paid via UPI for entertainment,Purchase at Amusement park entry ticket with discount,Paid via UPI for entertainment,entertainment,1313.34,5,3,0
Txn: Audible audiobooks for home,Txn: Audible audiobooks for home,,entertainment,1096.69,4,2,0
Spent on Water utility bill today Monthly other budget expense,Spent on Water utility bill today,Monthly other budget expense,other,2497.09,11,5,1
Txn: Sunglasses purchase via GPay Personal spending on shopping,Txn: Sunglasses purchase via GPay,Personal spending on shopping,shopping,11087.01,15,5,1
Paid for KFC chicken bucket for home Monthly food budget expense,Paid for KFC chicken bucket for home,Monthly food budget expense,food,318.98,7,2,0
IKEA home furniture today,IKEA home furniture today,,shopping,3173.72,28,5,1
Purchase at Hotstar subscription plan with discount Personal spending on entertainment,Purchase at Hotstar subscription plan with discount,Personal spending on entertainment,entertainment,1524.31,23,6,1
Spent on Brokerage fee for apartment Monthly rent budget expense,Spent on Brokerage fee for apartment,Monthly rent budget expense,rent,13841.89,23,4,0
Online PG accommodation fee for home,Online PG accommodation fee for home,,rent,28978.17,23,6,1
Online Amusement park entry ticket with card Personal spending on entertainment,Online Amusement park entry ticket with card,Personal spending on entertainment,entertainment,2856.97,3,6,1
Spent on Hostel fees payment via GPay Paid via UPI for rent,Spent on Hostel fees payment via GPay,Paid via UPI for rent,rent,6343.86,28,5,1
BookMyShow movie tickets Routine entertainment item,BookMyShow movie tickets,Routine entertainment item,entertainment,2207.71,7,3,0
Quick Medplus health supplements urgent Personal spending on health,Quick Medplus health supplements urgent,Personal spending on health,health,2462.79,27,1,0
Paid for Language learning app subscription urgent Monthly education budget expense,Paid for Language learning app subscription urgent,Monthly education budget expense,education,4109.32,21,0,0
Spent on LPG gas cylinder refill with discount,Spent on LPG gas cylinder refill with discount,,other,2448.04,8,2,0
EV charging station fee with discount Routine transport item,EV charging station fee with discount,Routine transport item,transport,4151.75,22,3,0
Txn: Monthly apartment rent at store Routine rent item,Txn: Monthly apartment rent at store,Routine rent item,rent,26616.28,7,0,0
Starbucks coffee & snack Personal spending on food,Starbucks coffee & snack,Personal spending on food,food,2369.73,21,1,0
Online Board game cafe bill with discount Routine entertainment item,Online Board game cafe bill with discount,Routine entertainment item,entertainment,2677.07,13,2,0
Online Coursera specialization certification via GPay Routine education item,Online Coursera specialization certification via GPay,Routine education item,education,14041.68,15,5,1
Purchase at Haldirams snacks & sweets urgent Personal spending on food,Purchase at Haldirams snacks & sweets urgent,Personal spending on food,food,2835.58,8,1,0
Bill for First aid kit supplies today,Bill for First aid kit supplies today,,health,6874.23,10,6,1
Purchase at Room rent for current month today Routine rent item,Purchase at Room rent for current month today,Routine rent item,rent,34393.88,4,3,0
Txn: Audible audiobooks for home Monthly entertainment budget expense,Txn: Audible audiobooks for home,Monthly entertainment budget expense,entertainment,2924.0,27,4,0
Online PVR cinemas IMAX tickets today Paid via UPI for entertainment,Online PVR cinemas IMAX tickets today,Paid via UPI for entertainment,entertainment,1792.44,12,5,1
Bill for Board game cafe bill today Personal spending on entertainment,Bill for Board game cafe bill today,Personal spending on entertainment,entertainment,234.31,23,1,0
Spent on Laundry dry cleaning via GPay Paid via UPI for other,Spent on Laundry dry cleaning via GPay,Paid via UPI for other,other,3459.28,24,2,0
Paid for Gym membership monthly renewal Personal spending on health,Paid for Gym membership monthly renewal,Personal spending on health,health,4598.84,5,2,0
Purchase at Storage locker monthly rental for home,Purchase at Storage locker monthly rental for home,,rent,19125.06,21,2,0
Spent on Bedsheet and pillow covers at store Paid via UPI for shopping,Spent on Bedsheet and pillow covers at store,Paid via UPI for shopping,shopping,8930.24,2,2,0
Spent on Society maintenance bill today Monthly rent budget expense,Spent on Society maintenance bill today,Monthly rent budget expense,rent,17275.4,6,4,0
Paid for Broadband WiFi internet bill at store Personal spending on other,Paid for Broadband WiFi internet bill at store,Personal spending on other,other,4761.44,6,4,0
Petrol pump fuel refill at store Personal spending on transport,Petrol pump fuel refill at store,Personal spending on transport,transport,1659.58,10,5,1
Spent on Kitchen cookware set via GPay Routine shopping item,Spent on Kitchen cookware set via GPay,Routine shopping item,shopping,11089.46,2,0,0
Spent on First aid kit supplies urgent Paid via UPI for health,Spent on First aid kit supplies urgent,Paid via UPI for health,health,399.5,22,5,1
PlayStation PS Plus subscription with discount Personal spending on entertainment,PlayStation PS Plus subscription with discount,Personal spending on entertainment,entertainment,1707.33,22,5,1
Quick Dermatologist skin treatment with discount Monthly health budget expense,Quick Dermatologist skin treatment with discount,Monthly health budget expense,health,5558.9,2,3,0
Purchase at Toll plaza FASTag recharge today Paid via UPI for transport,Purchase at Toll plaza FASTag recharge today,Paid via UPI for transport,transport,1967.69,13,4,0
Quick Eye checkup and new glasses,Quick Eye checkup and new glasses,,health,5504.06,21,2,0
Quick Backpack for travel via GPay Routine shopping item,Quick Backpack for travel via GPay,Routine shopping item,shopping,15866.82,24,0,0
Spent on Amusement park entry ticket for home Paid via UPI for entertainment,Spent on Amusement park entry ticket for home,Paid via UPI for entertainment,entertainment,2403.75,6,4,0
Quick Charity donation to NGO today Personal spending on other,Quick Charity donation to NGO today,Personal spending on other,other,3436.84,7,6,1
Online Car servicing & oil change via GPay Routine transport item,Online Car servicing & oil change via GPay,Routine transport item,transport,2220.9,23,6,1
Spent on Tuition fee for coaching with discount Routine education item,Spent on Tuition fee for coaching with discount,Routine education item,education,24043.07,15,1,0
Purchase at IKEA home furniture urgent Paid via UPI for shopping,Purchase at IKEA home furniture urgent,Paid via UPI for shopping,shopping,15804.2,14,3,0
Bill for Monthly apartment rent with card Routine rent item,Bill for Monthly apartment rent with card,Routine rent item,rent,42493.64,20,5,1
Coursera specialization certification today Paid via UPI for education,Coursera specialization certification today,Paid via UPI for education,education,21817.05,6,4,0
Online Web development workshop fee via GPay Routine education item,Online Web development workshop fee via GPay,Routine education item,education,7159.33,20,2,0
Bill for Haldirams snacks & sweets with card Paid via UPI for food,Bill for Haldirams snacks & sweets with card,Paid via UPI for food,food,1878.08,20,5,1
Paid for Board game cafe bill at store Routine entertainment item,Paid for Board game cafe bill at store,Routine entertainment item,entertainment,2067.89,2,6,1
Paid for IKEA home furniture at store Monthly shopping budget expense,Paid for IKEA home furniture at store,Monthly shopping budget expense,shopping,9982.42,13,4,0
Online Decathlon sportswear and gear today Personal spending on shopping,Online Decathlon sportswear and gear today,Personal spending on shopping,shopping,10706.86,21,6,1
Online Winter jacket shopping at store,Online Winter jacket shopping at store,,shopping,11516.82,18,6,1
Spent on BigBasket weekly vegetables via GPay Monthly food budget expense,Spent on BigBasket weekly vegetables via GPay,Monthly food budget expense,food,3264.68,3,3,0
Bill for Zara shirt and jeans via GPay Personal spending on shopping,Bill for Zara shirt and jeans via GPay,Personal spending on shopping,shopping,947.0,8,4,0
Spent on Room rent for current month at store Personal spending on rent,Spent on Room rent for current month at store,Personal spending on rent,rent,7927.85,8,6,1
Txn: Notebooks and pens set with card Monthly education budget expense,Txn: Notebooks and pens set with card,Monthly education budget expense,education,7630.97,19,4,0
Spent on Metro card monthly recharge with discount Personal spending on transport,Spent on Metro card monthly recharge with discount,Personal spending on transport,transport,252.48,4,4,0
Spent on Coding bootcamp installment Personal spending on education,Spent on Coding bootcamp installment,Personal spending on education,education,20926.56,20,2,0
Paid for Haldirams snacks & sweets with discount Routine food item,Paid for Haldirams snacks & sweets with discount,Routine food item,food,1762.54,13,4,0
Swiggy order for dinner with card Monthly food budget expense,Swiggy order for dinner with card,Monthly food budget expense,food,2337.82,15,3,0
Spent on PlayStation PS Plus subscription urgent,Spent on PlayStation PS Plus subscription urgent,,entertainment,2579.67,8,2,0
Online Backpack for travel with card Monthly shopping budget expense,Online Backpack for travel with card,Monthly shopping budget expense,shopping,6959.84,11,2,0
Quick Courier speed post delivery with card Monthly other budget expense,Quick Courier speed post delivery with card,Monthly other budget expense,other,770.04,23,5,1
Spent on Electricity bill payment with discount Personal spending on other,Spent on Electricity bill payment with discount,Personal spending on other,other,929.73,2,6,1
Doctor consultation fee at store,Doctor consultation fee at store,,health,5322.95,1,6,1
Paid for Ajio discount clothes via GPay Personal spending on shopping,Paid for Ajio discount clothes via GPay,Personal spending on shopping,shopping,15137.81,4,3,0
Bill for Zomato lunch delivery at store Monthly food budget expense,Bill for Zomato lunch delivery at store,Monthly food budget expense,food,721.47,18,1,0
Spent on Bike maintenance and repair with discount Routine transport item,Spent on Bike maintenance and repair with discount,Routine transport item,transport,1760.49,5,5,1
Paid for Local bakery bread and cake at store Paid via UPI for food,Paid for Local bakery bread and cake at store,Paid via UPI for food,food,497.56,15,4,0
Spent on Bowling & gaming arcade at store Paid via UPI for entertainment,Spent on Bowling & gaming arcade at store,Paid via UPI for entertainment,entertainment,668.07,16,5,1
Paid for Blinkit instant grocery today Monthly food budget expense,Paid for Blinkit instant grocery today,Monthly food budget expense,food,1627.26,4,6,1
Online Tuition fee for coaching today,Online Tuition fee for coaching today,,education,18552.68,1,1,0
Bill for PVR cinemas IMAX tickets at store Routine entertainment item,Bill for PVR cinemas IMAX tickets at store,Routine entertainment item,entertainment,1619.67,25,1,0
Txn: Coding bootcamp installment Monthly education budget expense,Txn: Coding bootcamp installment,Monthly education budget expense,education,4679.66,20,4,0
Online Dental clinic root canal visit for home Monthly health budget expense,Online Dental clinic root canal visit for home,Monthly health budget expense,health,1827.98,10,5,1
Txn: Groceries at Reliance Smart with card Routine food item,Txn: Groceries at Reliance Smart with card,Routine food item,food,2176.17,25,0,0
Pizza Hut dinner with discount Routine food item,Pizza Hut dinner with discount,Routine food item,food,1209.55,1,4,0
Bill for Hospital OPD registration via GPay Paid via UPI for health,Bill for Hospital OPD registration via GPay,Paid via UPI for health,health,4472.44,16,3,0
Online Organic fruit market urgent,Online Organic fruit market urgent,,food,1594.23,16,0,0
Organic fruit market with discount Routine food item,Organic fruit market with discount,Routine food item,food,1447.34,27,0,0
Bill for Steam video game purchase for home Monthly entertainment budget expense,Bill for Steam video game purchase for home,Monthly entertainment budget expense,entertainment,2209.8,3,3,0
Spent on EV charging station fee with discount Paid via UPI for transport,Spent on EV charging station fee with discount,Paid via UPI for transport,transport,2903.52,8,5,1
Spent on Interstate Volvo bus ticket,Spent on Interstate Volvo bus ticket,,transport,574.23,8,1,0
Paid for Groceries at Reliance Smart with card Monthly food budget expense,Paid for Groceries at Reliance Smart with card,Monthly food budget expense,food,2659.75,27,1,0
Quick Apollo Pharmacy medicines at store,Quick Apollo Pharmacy medicines at store,,health,6828.69,1,0,0
Groceries at Reliance Smart via GPay Paid via UPI for food,Groceries at Reliance Smart via GPay,Paid via UPI for food,food,1143.63,11,0,0
Online Office space rent share urgent Paid via UPI for rent,Online Office space rent share urgent,Paid via UPI for rent,rent,39234.44,26,0,0
Co-living monthly rent today Routine rent item,Co-living monthly rent today,Routine rent item,rent,15860.66,26,6,1
Quick Legal notary & document stamps at store Monthly other budget expense,Quick Legal notary & document stamps at store,Monthly other budget expense,other,3821.46,6,6,1
Online Doctor consultation fee Routine health item,Online Doctor consultation fee,Routine health item,health,2601.66,18,5,1
Paid for Flat maintenance charge Monthly rent budget expense,Paid for Flat maintenance charge,Monthly rent budget expense,rent,41556.56,25,6,1
Quick Health insurance premium with discount Paid via UPI for health,Quick Health insurance premium with discount,Paid via UPI for health,health,6406.68,15,3,0
Paid for Tuition fee for coaching for home,Paid for Tuition fee for coaching for home,,education,3665.66,13,5,1
Online Blinkit instant grocery Monthly food budget expense,Online Blinkit instant grocery,Monthly food budget expense,food,2040.67,15,3,0
Paid for Health insurance premium with discount Paid via UPI for health,Paid for Health insurance premium with discount,Paid via UPI for health,health,6986.01,25,6,1
Spent on KFC chicken bucket at store Routine food item,Spent on KFC chicken bucket at store,Routine food item,food,1996.3,23,2,0
Online Ajio discount clothes via GPay Personal spending on shopping,Online Ajio discount clothes via GPay,Personal spending on shopping,shopping,8151.53,11,6,1
H&M summer collection for home Personal spending on shopping,H&M summer collection for home,Personal spending on shopping,shopping,11595.55,18,2,0
Bill for Bank transaction charge with discount Paid via UPI for other,Bill for Bank transaction charge with discount,Paid via UPI for other,other,1130.44,6,4,0
Bill for Apple store accessories with discount Monthly shopping budget expense,Bill for Apple store accessories with discount,Monthly shopping budget expense,shopping,16094.79,6,5,1
Txn: Apollo Pharmacy medicines today Personal spending on health,Txn: Apollo Pharmacy medicines today,Personal spending on health,health,5394.63,23,4,0
Purchase at First aid kit supplies urgent Paid via UPI for health,Purchase at First aid kit supplies urgent,Paid via UPI for health,health,2279.22,8,4,0
Quick Sneakers purchase for home Personal spending on shopping,Quick Sneakers purchase for home,Personal spending on shopping,shopping,2703.33,20,0,0
Online Notebooks and pens set today Personal spending on education,Online Notebooks and pens set today,Personal spending on education,education,4566.7,16,1,0
Txn: Steam video game purchase urgent Paid via UPI for entertainment,Txn: Steam video game purchase urgent,Paid via UPI for entertainment,entertainment,2705.77,21,1,0
Quick Blinkit instant grocery today Routine food item,Quick Blinkit instant grocery today,Routine food item,food,777.18,25,0,0
Spent on Society maintenance bill with card Personal spending on rent,Spent on Society maintenance bill with card,Personal spending on rent,rent,19975.96,9,5,1
Quick Hotstar subscription plan at store,Quick Hotstar subscription plan at store,,entertainment,1322.63,18,3,0
Txn: Bus pass monthly renewal for home Routine transport item,Txn: Bus pass monthly renewal for home,Routine transport item,transport,2094.2,9,2,0
Paid for YouTube Premium family plan urgent Routine entertainment item,Paid for YouTube Premium family plan urgent,Routine entertainment item,entertainment,768.68,5,0,0
Online House rent payment via UPI for home,Online House rent payment via UPI for home,,rent,15605.51,9,2,0
Purchase at Audible audiobooks via GPay Monthly entertainment budget expense,Purchase at Audible audiobooks via GPay,Monthly entertainment budget expense,entertainment,2342.63,21,4,0
Purchase at Cult.fit fitness pass today Monthly health budget expense,Purchase at Cult.fit fitness pass today,Monthly health budget expense,health,2053.57,12,0,0
Paid for Petrol pump fuel refill today Paid via UPI for transport,Paid for Petrol pump fuel refill today,Paid via UPI for transport,transport,1265.34,21,4,0
Quick Flight ticket Indigo to Mumbai urgent,Quick Flight ticket Indigo to Mumbai urgent,,transport,842.25,17,3,0
Online Flight ticket Indigo to Mumbai at store,Online Flight ticket Indigo to Mumbai at store,,transport,1488.28,20,4,0
Paid for Pet food and veterinary care for home Monthly other budget expense,Paid for Pet food and veterinary care for home,Monthly other budget expense,other,1515.21,2,3,0
Purchase at PVR cinemas IMAX tickets for home Monthly entertainment budget expense,Purchase at PVR cinemas IMAX tickets for home,Monthly entertainment budget expense,entertainment,2948.38,26,4,0
Online Decathlon sportswear and gear via GPay Personal spending on shopping,Online Decathlon sportswear and gear via GPay,Personal spending on shopping,shopping,16546.26,2,2,0
Purchase at Charity donation to NGO for home Monthly other budget expense,Purchase at Charity donation to NGO for home,Monthly other budget expense,other,4466.89,1,5,1
Purchase at PG accommodation fee today Personal spending on rent,Purchase at PG accommodation fee today,Personal spending on rent,rent,44187.69,24,3,0
Purchase at College semester tuition fee at store Monthly education budget expense,Purchase at College semester tuition fee at store,Monthly education budget expense,education,18746.78,9,5,1
Quick Udemy online programming course today,Quick Udemy online programming course today,,education,18541.08,13,0,0
Quick Fresh meat and fish store at store Routine food item,Quick Fresh meat and fish store at store,Routine food item,food,2654.84,20,0,0
Online Metro card monthly recharge Monthly transport budget expense,Online Metro card monthly recharge,Monthly transport budget expense,transport,1766.62,14,0,0
Paid for Protein powder supplement for home Monthly health budget expense,Paid for Protein powder supplement for home,Monthly health budget expense,health,4734.2,4,1,0
Spent on Netflix monthly subscription at store Monthly entertainment budget expense,Spent on Netflix monthly subscription at store,Monthly entertainment budget expense,entertainment,426.99,1,2,0
Online Cafe Coffee Day latte via GPay,Online Cafe Coffee Day latte via GPay,,food,2005.78,18,3,0
Paid for H&M summer collection via GPay Paid via UPI for shopping,Paid for H&M summer collection via GPay,Paid via UPI for shopping,shopping,1457.37,3,2,0
Bill for Gym membership monthly renewal,Bill for Gym membership monthly renewal,,health,6833.64,13,6,1
Online Language learning app subscription urgent Monthly education budget expense,Online Language learning app subscription urgent,Monthly education budget expense,education,4515.37,21,0,0
Purchase at Dental clinic root canal visit urgent Paid via UPI for health,Purchase at Dental clinic root canal visit urgent,Paid via UPI for health,health,1264.04,1,5,1
Online Bank transaction charge via GPay,Online Bank transaction charge via GPay,,other,1555.48,14,0,0
Spent on YouTube Premium family plan for home,Spent on YouTube Premium family plan for home,,entertainment,2271.37,9,3,0
Quick Audible audiobooks at store Paid via UPI for entertainment,Quick Audible audiobooks at store,Paid via UPI for entertainment,entertainment,2706.99,23,6,1
Txn: Car wash & detailing Paid via UPI for transport,Txn: Car wash & detailing,Paid via UPI for transport,transport,1563.06,16,4,0
Quick Gift for friend birthday with discount Paid via UPI for other,Quick Gift for friend birthday with discount,Paid via UPI for other,other,2663.84,10,5,1
Bill for Monthly apartment rent at store,Bill for Monthly apartment rent at store,,rent,29209.77,4,2,0
Txn: Zepto milk and eggs Routine food item,Txn: Zepto milk and eggs,Routine food item,food,3416.31,26,3,0
Bill for KFC chicken bucket today Paid via UPI for food,Bill for KFC chicken bucket today,Paid via UPI for food,food,2212.13,14,5,1
Txn: Oatmeal and cereal pack for home Paid via UPI for food,Txn: Oatmeal and cereal pack for home,Paid via UPI for food,food,1158.52,13,0,0
Paid for Laundry dry cleaning via GPay Monthly other budget expense,Paid for Laundry dry cleaning via GPay,Monthly other budget expense,other,613.73,17,2,0
Spent on Airport cab taxi fare via GPay Routine transport item,Spent on Airport cab taxi fare via GPay,Routine transport item,transport,1739.62,4,4,0
Purchase at KFC chicken bucket for home Monthly food budget expense,Purchase at KFC chicken bucket for home,Monthly food budget expense,food,2088.61,17,2,0
Quick Sneakers purchase for home Personal spending on shopping,Quick Sneakers purchase for home,Personal spending on shopping,shopping,4631.09,26,2,0
Online Winter jacket shopping for home Paid via UPI for shopping,Online Winter jacket shopping for home,Paid via UPI for shopping,shopping,1069.99,24,3,0
Online Amusement park entry ticket at store Routine entertainment item,Online Amusement park entry ticket at store,Routine entertainment item,entertainment,1559.84,18,6,1
Bill for Amazon Prime annual membership with card Routine entertainment item,Bill for Amazon Prime annual membership with card,Routine entertainment item,entertainment,676.47,27,5,1
Online Yoga class subscription Paid via UPI for health,Online Yoga class subscription,Paid via UPI for health,health,841.87,26,2,0
Online Rapido bike taxi via GPay,Online Rapido bike taxi via GPay,,transport,2814.19,22,6,1
Spent on Skillshare creative subscription at store Paid via UPI for education,Spent on Skillshare creative subscription at store,Paid via UPI for education,education,19769.97,16,2,0
Subway sub & drink at store Routine food item,Subway sub & drink at store,Routine food item,food,2366.93,9,0,0
Electricity bill payment urgent Routine other item,Electricity bill payment urgent,Routine other item,other,4581.69,19,5,1
Purchase at PG accommodation fee via GPay Routine rent item,Purchase at PG accommodation fee via GPay,Routine rent item,rent,21594.03,16,2,0
Bill for Croma electronics cable & charger with card Personal spending on shopping,Bill for Croma electronics cable & charger with card,Personal spending on shopping,shopping,12846.12,22,4,0
Txn: House cleaning service Urban Company for home Routine other item,Txn: House cleaning service Urban Company for home,Routine other item,other,1050.05,14,0,0
Quick Gym membership monthly renewal via GPay Monthly health budget expense,Quick Gym membership monthly renewal via GPay,Monthly health budget expense,health,369.77,17,2,0
Quick Uber cab ride to office at store Paid via UPI for transport,Quick Uber cab ride to office at store,Paid via UPI for transport,transport,959.99,3,0,0
Online Tax filing CA consultancy fee at store,Online Tax filing CA consultancy fee at store,,other,2748.06,6,5,1
Bill for Tuition fee for coaching at store,Bill for Tuition fee for coaching at store,,education,16645.45,2,2,0
Paid for Storage locker monthly rental with discount Paid via UPI for rent,Paid for Storage locker monthly rental with discount,Paid via UPI for rent,rent,8401.16,2,1,0
IKEA home furniture for home Monthly shopping budget expense,IKEA home furniture for home,Monthly shopping budget expense,shopping,5537.01,17,5,1
Quick Eye checkup and new glasses today Personal spending on health,Quick Eye checkup and new glasses today,Personal spending on health,health,622.93,22,0,0
Txn: Myntra clothes shopping with discount,Txn: Myntra clothes shopping with discount,,shopping,16426.46,2,5,1
Metro card monthly recharge at store Paid via UPI for transport,Metro card monthly recharge at store,Paid via UPI for transport,transport,4187.61,24,5,1
Online Coding bootcamp installment with discount Paid via UPI for education,Online Coding bootcamp installment with discount,Paid via UPI for education,education,11644.98,11,6,1
Purchase at House cleaning service Urban Company for home Routine other item,Purchase at House cleaning service Urban Company for home,Routine other item,other,2156.7,20,0,0
Paid for Decathlon sportswear and gear for home Routine shopping item,Paid for Decathlon sportswear and gear for home,Routine shopping item,shopping,14584.24,7,2,0
House rent payment via UPI via GPay Personal spending on rent,House rent payment via UPI via GPay,Personal spending on rent,rent,20272.75,19,2,0
Txn: PlayStation PS Plus subscription Personal spending on entertainment,Txn: PlayStation PS Plus subscription,Personal spending on entertainment,entertainment,1704.13,7,5,1
Paid for Apple store accessories at store Monthly shopping budget expense,Paid for Apple store accessories at store,Monthly shopping budget expense,shopping,6827.93,10,5,1
Amusement park entry ticket with discount Paid via UPI for entertainment,Amusement park entry ticket with discount,Paid via UPI for entertainment,entertainment,262.97,9,0,0
Quick College semester tuition fee Routine education item,Quick College semester tuition fee,Routine education item,education,9944.31,23,0,0
Purchase at PVR cinemas IMAX tickets urgent Paid via UPI for entertainment,Purchase at PVR cinemas IMAX tickets urgent,Paid via UPI for entertainment,entertainment,2481.72,14,1,0
Quick Water tanker for society urgent Personal spending on rent,Quick Water tanker for society urgent,Personal spending on rent,rent,27499.48,24,2,0
Online EV charging station fee at store,Online EV charging station fee at store,,transport,292.67,10,0,0
Bill for Language learning app subscription with discount Routine education item,Bill for Language learning app subscription with discount,Routine education item,education,22996.47,6,5,1
Txn: Local bakery bread and cake for home Personal spending on food,Txn: Local bakery bread and cake for home,Personal spending on food,food,1834.5,15,3,0
Bill for PG accommodation fee via GPay,Bill for PG accommodation fee via GPay,,rent,26480.52,25,4,0
Purchase at Quarterly rent transfer to landlord for home Paid via UPI for rent,Purchase at Quarterly rent transfer to landlord for home,Paid via UPI for rent,rent,43067.94,22,5,1
Purchase at BookMyShow movie tickets for home Paid via UPI for entertainment,Purchase at BookMyShow movie tickets for home,Paid via UPI for entertainment,entertainment,2541.23,22,2,0
Purchase at Yoga class subscription for home,Purchase at Yoga class subscription for home,,health,1326.16,1,0,0
Bill for Dental clinic root canal visit via GPay Personal spending on health,Bill for Dental clinic root canal visit via GPay,Personal spending on health,health,2564.64,28,5,1
Bill for Coding bootcamp installment for home Monthly education budget expense,Bill for Coding bootcamp installment for home,Monthly education budget expense,education,6762.58,26,0,0
Bill for Gardening plants and soil Routine other item,Bill for Gardening plants and soil,Routine other item,other,837.12,13,3,0
Quick Organic fruit market with discount Routine food item,Quick Organic fruit market with discount,Routine food item,food,604.19,2,5,1
Auto rickshaw cash fare Routine transport item,Auto rickshaw cash fare,Routine transport item,transport,3598.68,22,0,0
Gardening plants and soil with discount Paid via UPI for other,Gardening plants and soil with discount,Paid via UPI for other,other,1523.75,2,5,1
Quick Zara shirt and jeans with card Routine shopping item,Quick Zara shirt and jeans with card,Routine shopping item,shopping,4299.46,1,5,1
Paid for LPG gas cylinder refill today Routine other item,Paid for LPG gas cylinder refill today,Routine other item,other,5322.93,16,2,0
Bill for Cycle repair & parts urgent,Bill for Cycle repair & parts urgent,,transport,2931.81,23,5,1
Quick H&M summer collection with discount,Quick H&M summer collection with discount,,shopping,12495.88,11,0,0
Quick Spotify premium music renewal today,Quick Spotify premium music renewal today,,entertainment,1658.51,3,2,0
Paid for Standup comedy show ticket for home Paid via UPI for entertainment,Paid for Standup comedy show ticket for home,Paid via UPI for entertainment,entertainment,1220.82,22,3,0
Quick Brokerage fee for apartment today,Quick Brokerage fee for apartment today,,rent,27387.12,10,0,0
Txn: Watch purchase at Titan today Monthly shopping budget expense,Txn: Watch purchase at Titan today,Monthly shopping budget expense,shopping,4815.56,11,4,0
Paid for Amusement park entry ticket today Monthly entertainment budget expense,Paid for Amusement park entry ticket today,Monthly entertainment budget expense,entertainment,525.5,8,1,0
Txn: Board game cafe bill via GPay Routine entertainment item,Txn: Board game cafe bill via GPay,Routine entertainment item,entertainment,567.89,3,4,0
Quick Bike maintenance and repair today Personal spending on transport,Quick Bike maintenance and repair today,Personal spending on transport,transport,349.82,3,1,0
Online Tuition fee for coaching urgent Paid via UPI for education,Online Tuition fee for coaching urgent,Paid via UPI for education,education,14171.61,19,3,0
Online Hospital OPD registration today Monthly health budget expense,Online Hospital OPD registration today,Monthly health budget expense,health,5968.3,19,3,0
Bill for Flipkart electronics sale via GPay Monthly shopping budget expense,Bill for Flipkart electronics sale via GPay,Monthly shopping budget expense,shopping,9106.03,9,5,1
Spent on Perfume & cosmetics store via GPay,Spent on Perfume & cosmetics store via GPay,,shopping,13809.75,24,0,0
Spent on Kindle e-book purchase at store Monthly education budget expense,Spent on Kindle e-book purchase at store,Monthly education budget expense,education,604.95,5,3,0
First aid kit supplies with card Personal spending on health,First aid kit supplies with card,Personal spending on health,health,4005.29,4,6,1
Quick Quarterly rent transfer to landlord at store Monthly rent budget expense,Quick Quarterly rent transfer to landlord at store,Monthly rent budget expense,rent,23667.64,27,4,0
Txn: YouTube Premium family plan today Personal spending on entertainment,Txn: YouTube Premium family plan today,Personal spending on entertainment,entertainment,211.41,6,1,0
Txn: Oatmeal and cereal pack for home Personal spending on food,Txn: Oatmeal and cereal pack for home,Personal spending on food,food,1530.06,21,5,1
Online Audible audiobooks for home Routine entertainment item,Online Audible audiobooks for home,Routine entertainment item,entertainment,1295.85,6,6,1
Dental clinic root canal visit urgent Monthly health budget expense,Dental clinic root canal visit urgent,Monthly health budget expense,health,7063.01,7,6,1
Txn: Cycle repair & parts Personal spending on transport,Txn: Cycle repair & parts,Personal spending on transport,transport,1020.11,10,6,1
Purchase at EV charging station fee today Routine transport item,Purchase at EV charging station fee today,Routine transport item,transport,971.23,5,5,1
Quick Sneakers purchase with card,Quick Sneakers purchase with card,,shopping,2440.47,23,6,1
Txn: Uber cab ride to office Paid via UPI for transport,Txn: Uber cab ride to office,Paid via UPI for transport,transport,3105.96,28,6,1
Spent on Board game cafe bill with card Personal spending on entertainment,Spent on Board game cafe bill with card,Personal spending on entertainment,entertainment,1773.67,21,5,1
Paid for Storage locker monthly rental with card Personal spending on rent,Paid for Storage locker monthly rental with card,Personal spending on rent,rent,31234.45,17,6,1
Online Co-living monthly rent Personal spending on rent,Online Co-living monthly rent,Personal spending on rent,rent,37381.57,21,3,0
Quick GRE / TOEFL exam registration at store,Quick GRE / TOEFL exam registration at store,,education,10110.32,10,3,0
Paid for Auto rickshaw cash fare at store Routine transport item,Paid for Auto rickshaw cash fare at store,Routine transport item,transport,754.73,19,4,0
Health insurance premium at store Paid via UPI for health,Health insurance premium at store,Paid via UPI for health,health,1768.2,20,0,0
Flight ticket Indigo to Mumbai at store Personal spending on transport,Flight ticket Indigo to Mumbai at store,Personal spending on transport,transport,2233.03,12,5,1
Txn: Zara shirt and jeans via GPay Routine shopping item,Txn: Zara shirt and jeans via GPay,Routine shopping item,shopping,12904.69,5,6,1
Quick Laundry dry cleaning with discount,Quick Laundry dry cleaning with discount,,other,4999.76,21,2,0
Haldirams snacks & sweets for home Paid via UPI for food,Haldirams snacks & sweets for home,Paid via UPI for food,food,1481.49,18,0,0
Spent on Mobile postpaid monthly bill today Routine other item,Spent on Mobile postpaid monthly bill today,Routine other item,other,2045.6,28,6,1
Bill for Dental clinic root canal visit via GPay,Bill for Dental clinic root canal visit via GPay,,health,6434.71,17,1,0
Paid for Uber cab ride to office for home,Paid for Uber cab ride to office for home,,transport,587.58,15,3,0
Purchase at Legal notary & document stamps with card Monthly other budget expense,Purchase at Legal notary & document stamps with card,Monthly other budget expense,other,1551.94,14,6,1
Quick Standup comedy show ticket for home Personal spending on entertainment,Quick Standup comedy show ticket for home,Personal spending on entertainment,entertainment,584.6,5,5,1
Bill for Coursera specialization certification urgent,Bill for Coursera specialization certification urgent,,education,17856.36,22,6,1
Purchase at KFC chicken bucket urgent Routine food item,Purchase at KFC chicken bucket urgent,Routine food item,food,2081.76,7,5,1
Online Health insurance premium with discount Paid via UPI for health,Online Health insurance premium with discount,Paid via UPI for health,health,6702.51,28,3,0
Txn: Storage locker monthly rental today Routine rent item,Txn: Storage locker monthly rental today,Routine rent item,rent,18730.45,1,6,1
Bill for BigBasket weekly vegetables for home Paid via UPI for food,Bill for BigBasket weekly vegetables for home,Paid via UPI for food,food,2554.49,17,1,0
Bill for Bus pass monthly renewal at store Monthly transport budget expense,Bill for Bus pass monthly renewal at store,Monthly transport budget expense,transport,1757.12,4,4,0
Spent on Dental clinic root canal visit with discount Paid via UPI for health,Spent on Dental clinic root canal visit with discount,Paid via UPI for health,health,439.39,4,4,0
Quick Steam video game purchase Paid via UPI for entertainment,Quick Steam video game purchase,Paid via UPI for entertainment,entertainment,2175.03,18,0,0
LPG gas cylinder refill via GPay Personal spending on other,LPG gas cylinder refill via GPay,Personal spending on other,other,271.5,21,5,1
Paid for Croma electronics cable & charger with card,Paid for Croma electronics cable & charger with card,,shopping,3179.8,20,3,0
Online Academic journal access fee today Paid via UPI for education,Online Academic journal access fee today,Paid via UPI for education,education,24473.27,6,0,0
Txn: Bedsheet and pillow covers urgent,Txn: Bedsheet and pillow covers urgent,,shopping,14028.47,8,3,0
Online Board game cafe bill Monthly entertainment budget expense,Online Board game cafe bill,Monthly entertainment budget expense,entertainment,1487.46,19,5,1
Quick Ice cream at Baskin Robbins for home Routine food item,Quick Ice cream at Baskin Robbins for home,Routine food item,food,1777.5,27,6,1
Quick Sunglasses purchase with discount Routine shopping item,Quick Sunglasses purchase with discount,Routine shopping item,shopping,8818.37,9,3,0
Txn: Gift for friend birthday with card,Txn: Gift for friend birthday with card,,other,2415.57,1,4,0
Quick Concert musical event pass with discount Personal spending on entertainment,Quick Concert musical event pass with discount,Personal spending on entertainment,entertainment,2289.28,23,5,1
Quick Ice cream at Baskin Robbins with card Personal spending on food,Quick Ice cream at Baskin Robbins with card,Personal spending on food,food,316.49,11,1,0
Spent on PG accommodation fee today Paid via UPI for rent,Spent on PG accommodation fee today,Paid via UPI for rent,rent,38564.81,5,2,0
Dermatologist skin treatment,Dermatologist skin treatment,,health,4595.69,2,2,0
Purchase at BigBasket weekly vegetables today Routine food item,Purchase at BigBasket weekly vegetables today,Routine food item,food,532.87,20,6,1
Electricity bill payment,Electricity bill payment,,other,515.0,22,0,0
Txn: Juice center fresh juice for home Paid via UPI for food,Txn: Juice center fresh juice for home,Paid via UPI for food,food,990.8,25,5,1
Online Ajio discount clothes urgent Paid via UPI for shopping,Online Ajio discount clothes urgent,Paid via UPI for shopping,shopping,4694.6,25,4,0
Sunglasses purchase urgent Monthly shopping budget expense,Sunglasses purchase urgent,Monthly shopping budget expense,shopping,2241.57,19,4,0
Online Club weekend party entry with card Personal spending on entertainment,Online Club weekend party entry with card,Personal spending on entertainment,entertainment,1665.82,4,1,0
Purchase at Ice cream at Baskin Robbins via GPay,Purchase at Ice cream at Baskin Robbins via GPay,,food,3271.9,21,2,0
Paid for Bike maintenance and repair with card,Paid for Bike maintenance and repair with card,,transport,435.31,21,0,0
Purchase at Casual t-shirt and hoodie Personal spending on shopping,Purchase at Casual t-shirt and hoodie,Personal spending on shopping,shopping,10569.69,22,4,0
Spent on Dental clinic root canal visit for home,Spent on Dental clinic root canal visit for home,,health,4604.79,20,5,1
Spent on Organic fruit market at store Paid via UPI for food,Spent on Organic fruit market at store,Paid via UPI for food,food,2005.44,22,3,0
Quick House cleaning service Urban Company Paid via UPI for other,Quick House cleaning service Urban Company,Paid via UPI for other,other,5963.09,27,1,0
Txn: BookMyShow movie tickets urgent Personal spending on entertainment,Txn: BookMyShow movie tickets urgent,Personal spending on entertainment,entertainment,245.76,19,4,0
Online Gift for friend birthday urgent Personal spending on other,Online Gift for friend birthday urgent,Personal spending on other,other,1812.16,1,4,0
Txn: Security deposit installment today,Txn: Security deposit installment today,,rent,14552.73,22,1,0
Spent on Electricity bill payment today Personal spending on other,Spent on Electricity bill payment today,Personal spending on other,other,4537.45,17,1,0
Paid for Breakfast at Saravana Bhavan for home,Paid for Breakfast at Saravana Bhavan for home,,food,3274.91,3,4,0
Txn: PVR cinemas IMAX tickets at store Monthly entertainment budget expense,Txn: PVR cinemas IMAX tickets at store,Monthly entertainment budget expense,entertainment,2509.55,3,6,1
Quick Tax filing CA consultancy fee Paid via UPI for other,Quick Tax filing CA consultancy fee,Paid via UPI for other,other,2112.61,13,6,1
Paid for Gardening plants and soil via GPay,Paid for Gardening plants and soil via GPay,,other,5926.48,18,4,0
Txn: Ola auto ride,Txn: Ola auto ride,,transport,4152.31,15,2,0
Home repair and plumbing for home Personal spending on other,Home repair and plumbing for home,Personal spending on other,other,3070.54,8,5,1
Quick Supermarket food supplies Paid via UPI for food,Quick Supermarket food supplies,Paid via UPI for food,food,1397.88,17,3,0
Spent on Quarterly rent transfer to landlord urgent Paid via UPI for rent,Spent on Quarterly rent transfer to landlord urgent,Paid via UPI for rent,rent,35384.91,22,1,0
Bill for Skillshare creative subscription with discount Paid via UPI for education,Bill for Skillshare creative subscription with discount,Paid via UPI for education,education,2070.6,10,4,0
Purchase at Coding bootcamp installment for home Routine education item,Purchase at Coding bootcamp installment for home,Routine education item,education,2820.34,11,1,0
Spent on Pet food and veterinary care for home Routine other item,Spent on Pet food and veterinary care for home,Routine other item,other,2716.07,26,2,0
Spent on Car servicing & oil change today,Spent on Car servicing & oil change today,,transport,2963.39,19,0,0
Bill for Brokerage fee for apartment with card Monthly rent budget expense,Bill for Brokerage fee for apartment with card,Monthly rent budget expense,rent,35475.9,27,0,0
Online Board game cafe bill at store,Online Board game cafe bill at store,,entertainment,2404.36,28,2,0
Online Room rent for current month today Paid via UPI for rent,Online Room rent for current month today,Paid via UPI for rent,rent,16473.97,16,0,0
Quick Spotify premium music renewal,Quick Spotify premium music renewal,,entertainment,2917.52,7,4,0
Txn: Myntra clothes shopping urgent Monthly shopping budget expense,Txn: Myntra clothes shopping urgent,Monthly shopping budget expense,shopping,8036.96,6,6,1
Quick Laundry dry cleaning Routine other item,Quick Laundry dry cleaning,Routine other item,other,1566.88,24,5,1
Txn: Club weekend party entry at store,Txn: Club weekend party entry at store,,entertainment,2591.36,19,1,0
Bill for Ajio discount clothes via GPay Routine shopping item,Bill for Ajio discount clothes via GPay,Routine shopping item,shopping,5308.58,15,0,0
Bill for BookMyShow movie tickets for home,Bill for BookMyShow movie tickets for home,,entertainment,2222.63,21,1,0
Books and stationery store at store Routine education item,Books and stationery store at store,Routine education item,education,20200.21,22,5,1
Paid for EV charging station fee today,Paid for EV charging station fee today,,transport,539.95,24,5,1
Spent on Web development workshop fee today Paid via UPI for education,Spent on Web development workshop fee today,Paid via UPI for education,education,14709.72,24,2,0
Spent on Legal notary & document stamps at store Monthly other budget expense,Spent on Legal notary & document stamps at store,Monthly other budget expense,other,3832.31,7,5,1
Online Concert musical event pass with discount Personal spending on entertainment,Online Concert musical event pass with discount,Personal spending on entertainment,entertainment,2305.63,14,4,0
Txn: Quarterly rent transfer to landlord with card Personal spending on rent,Txn: Quarterly rent transfer to landlord with card,Personal spending on rent,rent,36861.02,6,5,1
Spent on Dental clinic root canal visit at store Monthly health budget expense,Spent on Dental clinic root canal visit at store,Monthly health budget expense,health,1288.08,28,6,1
Bill for College semester tuition fee at store Routine education item,Bill for College semester tuition fee at store,Routine education item,education,17287.16,28,5,1
Bill for Water tanker for society urgent Routine rent item,Bill for Water tanker for society urgent,Routine rent item,rent,18669.04,3,6,1
Txn: Car servicing & oil change with card Monthly transport budget expense,Txn: Car servicing & oil change with card,Monthly transport budget expense,transport,1212.69,2,1,0
Txn: Club weekend party entry Personal spending on entertainment,Txn: Club weekend party entry,Personal spending on entertainment,entertainment,767.67,17,1,0
Txn: Coding bootcamp installment for home,Txn: Coding bootcamp installment for home,,education,16859.25,1,2,0
Bill for House cleaning service Urban Company with discount,Bill for House cleaning service Urban Company with discount,,other,691.54,19,5,1
Spent on Notebooks and pens set with card Routine education item,Spent on Notebooks and pens set with card,Routine education item,education,5269.32,2,4,0
Quick College semester tuition fee for home Personal spending on education,Quick College semester tuition fee for home,Personal spending on education,education,9954.79,10,3,0
Spent on Udemy online programming course at store Personal spending on education,Spent on Udemy online programming course at store,Personal spending on education,education,996.0,28,2,0
Purchase at Charity donation to NGO today Personal spending on other,Purchase at Charity donation to NGO today,Personal spending on other,other,2854.3,13,1,0
Txn: Hostel fees payment at store,Txn: Hostel fees payment at store,,rent,5657.85,10,3,0
Online Blinkit instant grocery via GPay Personal spending on food,Online Blinkit instant grocery via GPay,Personal spending on food,food,2635.46,17,6,1
Txn: Haldirams snacks & sweets today Monthly food budget expense,Txn: Haldirams snacks & sweets today,Monthly food budget expense,food,1173.2,17,6,1
Purchase at Dermatologist skin treatment with card Paid via UPI for health,Purchase at Dermatologist skin treatment with card,Paid via UPI for health,health,5127.17,26,1,0
Eye checkup and new glasses at store Monthly health budget expense,Eye checkup and new glasses at store,Monthly health budget expense,health,7553.72,23,5,1
Quick Hostel fees payment at store Paid via UPI for rent,Quick Hostel fees payment at store,Paid via UPI for rent,rent,35744.14,6,6,1
Purchase at Auto rickshaw cash fare for home Routine transport item,Purchase at Auto rickshaw cash fare for home,Routine transport item,transport,3775.03,3,2,0
Online Pizza Hut dinner today,Online Pizza Hut dinner today,,food,634.65,12,0,0
Office space rent share urgent Monthly rent budget expense,Office space rent share urgent,Monthly rent budget expense,rent,26081.95,2,3,0
Online test series subscription Paid via UPI for education,Online test series subscription,Paid via UPI for education,education,4974.26,1,2,0
Language learning app subscription with card,Language learning app subscription with card,,education,11333.28,22,2,0
Paid for Backpack for travel today Personal spending on shopping,Paid for Backpack for travel today,Personal spending on shopping,shopping,16085.26,10,2,0
Quick Monthly apartment rent today,Quick Monthly apartment rent today,,rent,30059.46,18,2,0
Txn: Audible audiobooks via GPay Paid via UPI for entertainment,Txn: Audible audiobooks via GPay,Paid via UPI for entertainment,entertainment,2745.61,12,0,0
Spent on Flight ticket Indigo to Mumbai at store,Spent on Flight ticket Indigo to Mumbai at store,,transport,3495.13,7,2,0
Ayurvedic medicines purchase with discount Monthly health budget expense,Ayurvedic medicines purchase with discount,Monthly health budget expense,health,794.86,21,0,0
Bill for Charity donation to NGO Monthly other budget expense,Bill for Charity donation to NGO,Monthly other budget expense,other,1096.69,12,5,1
Quick Biryani takeaway with discount,Quick Biryani takeaway with discount,,food,438.69,11,1,0
Paid for Apple store accessories with discount Routine shopping item,Paid for Apple store accessories with discount,Routine shopping item,shopping,13845.68,15,4,0
Purchase at YouTube Premium family plan with card,Purchase at YouTube Premium family plan with card,,entertainment,677.14,23,1,0
Spent on Cult.fit fitness pass Personal spending on health,Spent on Cult.fit fitness pass,Personal spending on health,health,6601.38,17,5,1
Spent on Room rent for current month Routine rent item,Spent on Room rent for current month,Routine rent item,rent,25360.44,5,0,0
House cleaning service Urban Company with card Personal spending on other,House cleaning service Urban Company with card,Personal spending on other,other,5835.92,14,4,0
Bill for College semester tuition fee Monthly education budget expense,Bill for College semester tuition fee,Monthly education budget expense,education,21350.27,16,5,1
Purchase at H&M summer collection with card,Purchase at H&M summer collection with card,,shopping,4477.64,10,1,0
Spent on Haldirams snacks & sweets for home Personal spending on food,Spent on Haldirams snacks & sweets for home,Personal spending on food,food,274.9,16,2,0
Spent on Academic journal access fee at store,Spent on Academic journal access fee at store,,education,14247.83,10,2,0
Online Organic fruit market today Personal spending on food,Online Organic fruit market today,Personal spending on food,food,1319.16,20,4,0
Bill for Gym membership monthly renewal Monthly health budget expense,Bill for Gym membership monthly renewal,Monthly health budget expense,health,1690.4,17,3,0
Purchase at Blood test and full body checkup today Personal spending on health,Purchase at Blood test and full body checkup today,Personal spending on health,health,5311.81,19,5,1
Lunch thali at office canteen for home Routine food item,Lunch thali at office canteen for home,Routine food item,food,3414.14,22,4,0
Bill for Water utility bill Monthly other budget expense,Bill for Water utility bill,Monthly other budget expense,other,5033.98,18,1,0
Online Bedsheet and pillow covers via GPay,Online Bedsheet and pillow covers via GPay,,shopping,2244.0,2,3,0
Purchase at Physiotherapy session with discount Personal spending on health,Purchase at Physiotherapy session with discount,Personal spending on health,health,4664.63,19,0,0
Paid for Co-living monthly rent with discount Monthly rent budget expense,Paid for Co-living monthly rent with discount,Monthly rent budget expense,rent,42586.21,1,1,0
Quick Vitamin D & Calcium tablets urgent,Quick Vitamin D & Calcium tablets urgent,,health,7339.78,13,2,0
Online Gift for friend birthday urgent,Online Gift for friend birthday urgent,,other,4706.32,13,3,0
Online Udemy online programming course via GPay Paid via UPI for education,Online Udemy online programming course via GPay,Paid via UPI for education,education,5867.71,24,0,0
Purchase at Dermatologist skin treatment with card,Purchase at Dermatologist skin treatment with card,,health,1354.24,4,4,0
Quick Chai Point tea with biscuits at store Personal spending on food,Quick Chai Point tea with biscuits at store,Personal spending on food,food,1813.62,12,6,1
Purchase at Interstate Volvo bus ticket,Purchase at Interstate Volvo bus ticket,,transport,1412.31,8,6,1
Quick PVR cinemas IMAX tickets,Quick PVR cinemas IMAX tickets,,entertainment,581.99,25,5,1
Online Audible audiobooks for home Paid via UPI for entertainment,Online Audible audiobooks for home,Paid via UPI for entertainment,entertainment,569.85,14,4,0
Txn: Doctor consultation fee with card Paid via UPI for health,Txn: Doctor consultation fee with card,Paid via UPI for health,health,3533.36,16,4,0
Bill for Co-living monthly rent via GPay,Bill for Co-living monthly rent via GPay,,rent,15464.99,3,1,0
Online Steam video game purchase today Personal spending on entertainment,Online Steam video game purchase today,Personal spending on entertainment,entertainment,2681.82,20,6,1
Txn: Kitchen cookware set,Txn: Kitchen cookware set,,shopping,4081.79,25,2,0
Bill for Kitchen cookware set via GPay Paid via UPI for shopping,Bill for Kitchen cookware set via GPay,Paid via UPI for shopping,shopping,13432.75,2,4,0
Spent on PlayStation PS Plus subscription with discount Routine entertainment item,Spent on PlayStation PS Plus subscription with discount,Routine entertainment item,entertainment,2662.94,23,6,1
Paid for BigBasket weekly vegetables urgent,Paid for BigBasket weekly vegetables urgent,,food,2213.58,16,6,1
Bill for Protein powder supplement urgent Personal spending on health,Bill for Protein powder supplement urgent,Personal spending on health,health,5874.61,22,6,1
ATM cash withdrawal unaccounted urgent,ATM cash withdrawal unaccounted urgent,,other,4589.02,2,4,0
Paid for Coding bootcamp installment urgent Paid via UPI for education,Paid for Coding bootcamp installment urgent,Paid via UPI for education,education,9431.92,28,2,0
Txn: ATM cash withdrawal unaccounted today Monthly other budget expense,Txn: ATM cash withdrawal unaccounted today,Monthly other budget expense,other,655.14,22,1,0
Bill for Apollo Pharmacy medicines with discount Paid via UPI for health,Bill for Apollo Pharmacy medicines with discount,Paid via UPI for health,health,1803.63,18,6,1
Water tanker for society Monthly rent budget expense,Water tanker for society,Monthly rent budget expense,rent,16733.52,23,5,1
Quick Laundry dry cleaning urgent Monthly other budget expense,Quick Laundry dry cleaning urgent,Monthly other budget expense,other,5353.4,16,6,1
Online Petrol pump fuel refill with discount Paid via UPI for transport,Online Petrol pump fuel refill with discount,Paid via UPI for transport,transport,3618.35,19,4,0
Bill for Hostel fees payment with discount Paid via UPI for rent,Bill for Hostel fees payment with discount,Paid via UPI for rent,rent,12241.53,8,2,0
House rent payment via UPI urgent Routine rent item,House rent payment via UPI urgent,Routine rent item,rent,26521.15,15,4,0
Paid for Coding bootcamp installment via GPay Paid via UPI for education,Paid for Coding bootcamp installment via GPay,Paid via UPI for education,education,9932.75,23,1,0
Spent on Security deposit installment with card Paid via UPI for rent,Spent on Security deposit installment with card,Paid via UPI for rent,rent,11649.85,25,4,0
Purchase at Hotstar subscription plan with card Paid via UPI for entertainment,Purchase at Hotstar subscription plan with card,Paid via UPI for entertainment,entertainment,1948.28,1,5,1
Bill for Blood test and full body checkup for home Personal spending on health,Bill for Blood test and full body checkup for home,Personal spending on health,health,7030.21,15,5,1
Purchase at Flipkart electronics sale at store Paid via UPI for shopping,Purchase at Flipkart electronics sale at store,Paid via UPI for shopping,shopping,8420.9,7,0,0
Quick YouTube Premium family plan with discount Monthly entertainment budget expense,Quick YouTube Premium family plan with discount,Monthly entertainment budget expense,entertainment,260.06,14,6,1
Paid for Ayurvedic medicines purchase urgent Monthly health budget expense,Paid for Ayurvedic medicines purchase urgent,Monthly health budget expense,health,6047.93,1,0,0
Online Doctor consultation fee for home Personal spending on health,Online Doctor consultation fee for home,Personal spending on health,health,3400.32,8,6,1
Quick Monthly apartment rent urgent Monthly rent budget expense,Quick Monthly apartment rent urgent,Monthly rent budget expense,rent,43759.65,15,6,1
Quick Charity donation to NGO via GPay,Quick Charity donation to NGO via GPay,,other,1141.14,17,5,1
Spent on Bowling & gaming arcade with discount Routine entertainment item,Spent on Bowling & gaming arcade with discount,Routine entertainment item,entertainment,2786.93,9,4,0
Bill for LPG gas cylinder refill with card,Bill for LPG gas cylinder refill with card,,other,4802.08,16,5,1
Quick Watch purchase at Titan for home Paid via UPI for shopping,Quick Watch purchase at Titan for home,Paid via UPI for shopping,shopping,17855.47,24,2,0
Online Bank transaction charge with card Routine other item,Online Bank transaction charge with card,Routine other item,other,5470.53,7,4,0
Bike maintenance and repair today Paid via UPI for transport,Bike maintenance and repair today,Paid via UPI for transport,transport,3134.75,15,0,0
Quick PlayStation PS Plus subscription Monthly entertainment budget expense,Quick PlayStation PS Plus subscription,Monthly entertainment budget expense,entertainment,2349.75,16,2,0
Purchase at Amazon online purchase Personal spending on shopping,Purchase at Amazon online purchase,Personal spending on shopping,shopping,17349.02,12,3,0
Purchase at Starbucks coffee & snack with card Monthly food budget expense,Purchase at Starbucks coffee & snack with card,Monthly food budget expense,food,799.31,14,5,1
Online Academic journal access fee with discount Paid via UPI for education,Online Academic journal access fee with discount,Paid via UPI for education,education,9126.36,25,0,0
Spent on Water utility bill with discount Paid via UPI for other,Spent on Water utility bill with discount,Paid via UPI for other,other,3496.35,4,3,0
Bill for Books and stationery store Routine education item,Bill for Books and stationery store,Routine education item,education,10555.06,6,5,1
Charity donation to NGO urgent,Charity donation to NGO urgent,,other,1342.89,21,0,0
Online Legal notary & document stamps today Personal spending on other,Online Legal notary & document stamps today,Personal spending on other,other,899.41,28,3,0
Bill for Subway sub & drink urgent Monthly food budget expense,Bill for Subway sub & drink urgent,Monthly food budget expense,food,953.42,13,5,1
Paid for Sunglasses purchase for home Paid via UPI for shopping,Paid for Sunglasses purchase for home,Paid via UPI for shopping,shopping,9380.84,9,3,0
Quick Car servicing & oil change Paid via UPI for transport,Quick Car servicing & oil change,Paid via UPI for transport,transport,3726.42,26,3,0
Txn: Ola auto ride today Paid via UPI for transport,Txn: Ola auto ride today,Paid via UPI for transport,transport,2810.58,23,0,0
YouTube Premium family plan via GPay Monthly entertainment budget expense,YouTube Premium family plan via GPay,Monthly entertainment budget expense,entertainment,1299.43,8,2,0
Txn: Breakfast at Saravana Bhavan with card Personal spending on food,Txn: Breakfast at Saravana Bhavan with card,Personal spending on food,food,3044.16,26,6,1
Quick Biryani takeaway with discount Routine food item,Quick Biryani takeaway with discount,Routine food item,food,1591.74,10,5,1
Txn: Lunch thali at office canteen via GPay Monthly food budget expense,Txn: Lunch thali at office canteen via GPay,Monthly food budget expense,food,1058.68,23,6,1
Purchase at Language learning app subscription at store Personal spending on education,Purchase at Language learning app subscription at store,Personal spending on education,education,8705.37,17,5,1
Paid for Tuition fee for coaching with discount Monthly education budget expense,Paid for Tuition fee for coaching with discount,Monthly education budget expense,education,13978.22,12,4,0
Flat maintenance charge for home Personal spending on rent,Flat maintenance charge for home,Personal spending on rent,rent,23123.36,4,1,0
Online Web development workshop fee today Routine education item,Online Web development workshop fee today,Routine education item,education,7766.3,27,2,0
Paid for Parking fee at mall for home Paid via UPI for transport,Paid for Parking fee at mall for home,Paid via UPI for transport,transport,580.18,1,5,1
Online YouTube Premium family plan Personal spending on entertainment,Online YouTube Premium family plan,Personal spending on entertainment,entertainment,1219.04,20,2,0
Online Street food evening snacks urgent Personal spending on food,Online Street food evening snacks urgent,Personal spending on food,food,1097.81,25,1,0
Spent on Board game cafe bill for home,Spent on Board game cafe bill for home,,entertainment,1771.25,5,6,1
Bill for Books and stationery store today Paid via UPI for education,Bill for Books and stationery store today,Paid via UPI for education,education,1110.44,21,1,0
Paid for YouTube Premium family plan for home,Paid for YouTube Premium family plan for home,,entertainment,443.79,28,6,1
Paid for Pet food and veterinary care at store,Paid for Pet food and veterinary care at store,,other,2900.27,9,4,0
Paid for PlayStation PS Plus subscription via GPay Personal spending on entertainment,Paid for PlayStation PS Plus subscription via GPay,Personal spending on entertainment,entertainment,1471.61,9,6,1
Health insurance premium with card Paid via UPI for health,Health insurance premium with card,Paid via UPI for health,health,5070.42,14,5,1
Txn: Petrol pump fuel refill urgent Monthly transport budget expense,Txn: Petrol pump fuel refill urgent,Monthly transport budget expense,transport,1905.1,13,2,0
Bill for Coursera specialization certification via GPay Paid via UPI for education,Bill for Coursera specialization certification via GPay,Paid via UPI for education,education,23493.39,25,2,0
Spent on H&M summer collection via GPay Routine shopping item,Spent on H&M summer collection via GPay,Routine shopping item,shopping,15304.61,25,3,0
Blinkit instant grocery with card Monthly food budget expense,Blinkit instant grocery with card,Monthly food budget expense,food,1031.83,6,4,0
Purchase at Mobile postpaid monthly bill,Purchase at Mobile postpaid monthly bill,,other,4668.92,20,5,1
Online Eye checkup and new glasses urgent Monthly health budget expense,Online Eye checkup and new glasses urgent,Monthly health budget expense,health,4519.67,26,1,0
Paid for Technical reference book with discount,Paid for Technical reference book with discount,,education,18974.62,8,0,0
Bill for Zomato lunch delivery,Bill for Zomato lunch delivery,,food,1234.39,2,4,0
Society maintenance bill at store Monthly rent budget expense,Society maintenance bill at store,Monthly rent budget expense,rent,13665.22,11,0,0
Storage locker monthly rental for home Personal spending on rent,Storage locker monthly rental for home,Personal spending on rent,rent,20066.2,11,5,1
Web development workshop fee via GPay Personal spending on education,Web development workshop fee via GPay,Personal spending on education,education,24055.01,3,0,0
Quick Online test series subscription urgent Personal spending on education,Quick Online test series subscription urgent,Personal spending on education,education,10740.9,21,0,0
Quick Toll plaza FASTag recharge with discount Routine transport item,Quick Toll plaza FASTag recharge with discount,Routine transport item,transport,3741.1,5,4,0
Bill for PG accommodation fee at store Personal spending on rent,Bill for PG accommodation fee at store,Personal spending on rent,rent,20861.56,2,3,0
Purchase at Hospital OPD registration for home Personal spending on health,Purchase at Hospital OPD registration for home,Personal spending on health,health,4870.78,13,0,0
Txn: Uber cab ride to office at store Routine transport item,Txn: Uber cab ride to office at store,Routine transport item,transport,401.71,24,3,0
Bill for Board game cafe bill with discount Monthly entertainment budget expense,Bill for Board game cafe bill with discount,Monthly entertainment budget expense,entertainment,2202.93,25,3,0
Online Skillshare creative subscription with card Routine education item,Online Skillshare creative subscription with card,Routine education item,education,5670.71,19,4,0
Purchase at Spotify premium music renewal at store,Purchase at Spotify premium music renewal at store,,entertainment,2795.86,22,6,1
Paid for Kindle e-book purchase today Monthly education budget expense,Paid for Kindle e-book purchase today,Monthly education budget expense,education,7130.69,17,3,0
Bill for Car wash & detailing at store Personal spending on transport,Bill for Car wash & detailing at store,Personal spending on transport,transport,3584.67,25,1,0
Online Amazon online purchase via GPay,Online Amazon online purchase via GPay,,shopping,17880.63,16,3,0
Spent on Blood test and full body checkup today Personal spending on health,Spent on Blood test and full body checkup today,Personal spending on health,health,970.15,22,6,1
Online YouTube Premium family plan urgent Paid via UPI for entertainment,Online YouTube Premium family plan urgent,Paid via UPI for entertainment,entertainment,1096.99,4,4,0
Txn: Lunch thali at office canteen at store Monthly food budget expense,Txn: Lunch thali at office canteen at store,Monthly food budget expense,food,1175.55,17,1,0
Purchase at Concert musical event pass via GPay Paid via UPI for entertainment,Purchase at Concert musical event pass via GPay,Paid via UPI for entertainment,entertainment,2090.6,17,4,0
Spent on PVR cinemas IMAX tickets Paid via UPI for entertainment,Spent on PVR cinemas IMAX tickets,Paid via UPI for entertainment,entertainment,1412.87,12,3,0
Bill for Nike running shoes today Paid via UPI for shopping,Bill for Nike running shoes today,Paid via UPI for shopping,shopping,14660.14,14,5,1
Txn: Diesel filling for car today Monthly transport budget expense,Txn: Diesel filling for car today,Monthly transport budget expense,transport,2447.98,26,1,0
Txn: Laundry dry cleaning urgent Personal spending on other,Txn: Laundry dry cleaning urgent,Personal spending on other,other,824.32,20,5,1
Online Amusement park entry ticket Personal spending on entertainment,Online Amusement park entry ticket,Personal spending on entertainment,entertainment,649.96,17,0,0
Online Brokerage fee for apartment with discount Monthly rent budget expense,Online Brokerage fee for apartment with discount,Monthly rent budget expense,rent,8226.63,14,1,0
Vitamin D & Calcium tablets via GPay,Vitamin D & Calcium tablets via GPay,,health,6041.42,10,2,0
Bill for Bank transaction charge at store Routine other item,Bill for Bank transaction charge at store,Routine other item,other,1737.68,23,1,0
Txn: Monthly apartment rent via GPay Monthly rent budget expense,Txn: Monthly apartment rent via GPay,Monthly rent budget expense,rent,42991.22,27,4,0
Quick Academic journal access fee with discount Monthly education budget expense,Quick Academic journal access fee with discount,Monthly education budget expense,education,21490.11,14,3,0
Online Home repair and plumbing with discount Personal spending on other,Online Home repair and plumbing with discount,Personal spending on other,other,3910.81,25,0,0
House rent payment via UPI urgent Personal spending on rent,House rent payment via UPI urgent,Personal spending on rent,rent,5061.47,17,2,0
Spent on Bedsheet and pillow covers today Monthly shopping budget expense,Spent on Bedsheet and pillow covers today,Monthly shopping budget expense,shopping,714.05,21,4,0
Online Gardening plants and soil for home Personal spending on other,Online Gardening plants and soil for home,Personal spending on other,other,3901.67,28,5,1
Spent on Gym membership monthly renewal for home Personal spending on health,Spent on Gym membership monthly renewal for home,Personal spending on health,health,1851.6,20,1,0
Spent on Flight ticket Indigo to Mumbai for home Paid via UPI for transport,Spent on Flight ticket Indigo to Mumbai for home,Paid via UPI for transport,transport,3988.57,16,3,0
Online EV charging station fee urgent Routine transport item,Online EV charging station fee urgent,Routine transport item,transport,1661.4,2,1,0
Bill for Office space rent share via GPay Routine rent item,Bill for Office space rent share via GPay,Routine rent item,rent,8729.38,17,2,0
Txn: Udemy online programming course today Personal spending on education,Txn: Udemy online programming course today,Personal spending on education,education,5144.5,19,6,1
Online Online test series subscription urgent Monthly education budget expense,Online Online test series subscription urgent,Monthly education budget expense,education,4819.65,25,5,1
Bill for Protein powder supplement at store,Bill for Protein powder supplement at store,,health,3074.35,26,4,0
Online Protein powder supplement,Online Protein powder supplement,,health,7067.59,23,5,1
Spent on Sunglasses purchase for home Monthly shopping budget expense,Spent on Sunglasses purchase for home,Monthly shopping budget expense,shopping,4647.71,5,2,0
Paid for Yoga class subscription today Paid via UPI for health,Paid for Yoga class subscription today,Paid via UPI for health,health,5758.97,19,2,0
Online Online test series subscription with discount Monthly education budget expense,Online Online test series subscription with discount,Monthly education budget expense,education,13370.34,17,6,1
Quick Books and stationery store with card,Quick Books and stationery store with card,,education,21891.03,11,4,0
Spent on Health insurance premium with card,Spent on Health insurance premium with card,,health,1095.18,11,5,1
Txn: Charity donation to NGO for home Monthly other budget expense,Txn: Charity donation to NGO for home,Monthly other budget expense,other,5771.28,3,4,0
Txn: Protein powder supplement with discount Paid via UPI for health,Txn: Protein powder supplement with discount,Paid via UPI for health,health,4001.84,5,3,0
Quick Backpack for travel for home,Quick Backpack for travel for home,,shopping,5540.25,20,3,0
Online Mobile postpaid monthly bill via GPay Personal spending on other,Online Mobile postpaid monthly bill via GPay,Personal spending on other,other,4879.54,1,0,0
Monthly apartment rent with card Personal spending on rent,Monthly apartment rent with card,Personal spending on rent,rent,34694.2,17,6,1
Quick Notebooks and pens set Routine education item,Quick Notebooks and pens set,Routine education item,education,10179.65,3,2,0
Bill for Laundry dry cleaning with card,Bill for Laundry dry cleaning with card,,other,1594.81,25,6,1
Online Street food evening snacks with card Monthly food budget expense,Online Street food evening snacks with card,Monthly food budget expense,food,2257.74,22,4,0
Purchase at Swiggy order for dinner for home Paid via UPI for food,Purchase at Swiggy order for dinner for home,Paid via UPI for food,food,1860.17,6,2,0
Online Rapido bike taxi urgent,Online Rapido bike taxi urgent,,transport,3950.74,13,3,0
Purchase at Amazon Prime annual membership at store Routine entertainment item,Purchase at Amazon Prime annual membership at store,Routine entertainment item,entertainment,2589.6,4,3,0
Online Quarterly rent transfer to landlord via GPay Monthly rent budget expense,Online Quarterly rent transfer to landlord via GPay,Monthly rent budget expense,rent,34717.69,6,5,1
Txn: Decathlon sportswear and gear at store Paid via UPI for shopping,Txn: Decathlon sportswear and gear at store,Paid via UPI for shopping,shopping,6164.82,15,2,0
Online Gardening plants and soil with discount Personal spending on other,Online Gardening plants and soil with discount,Personal spending on other,other,1354.79,13,6,1
Bill for Audible audiobooks Monthly entertainment budget expense,Bill for Audible audiobooks,Monthly entertainment budget expense,entertainment,778.29,1,2,0
Purchase at Mobile postpaid monthly bill Paid via UPI for other,Purchase at Mobile postpaid monthly bill,Paid via UPI for other,other,2874.84,3,5,1
Auto rickshaw cash fare today,Auto rickshaw cash fare today,,transport,429.76,20,0,0
Quick Home repair and plumbing today Paid via UPI for other,Quick Home repair and plumbing today,Paid via UPI for other,other,5335.6,20,6,1
Online Home repair and plumbing via GPay Monthly other budget expense,Online Home repair and plumbing via GPay,Monthly other budget expense,other,4782.56,15,0,0
Txn: Toll plaza FASTag recharge for home,Txn: Toll plaza FASTag recharge for home,,transport,1785.71,22,6,1
Txn: Flipkart electronics sale via GPay Personal spending on shopping,Txn: Flipkart electronics sale via GPay,Personal spending on shopping,shopping,6529.46,13,6,1
Bill for Amazon Prime annual membership for home Paid via UPI for entertainment,Bill for Amazon Prime annual membership for home,Paid via UPI for entertainment,entertainment,1689.18,16,1,0
Online Netflix monthly subscription with card Paid via UPI for entertainment,Online Netflix monthly subscription with card,Paid via UPI for entertainment,entertainment,2288.88,6,4,0
Purchase at Kitchen cookware set with discount Routine shopping item,Purchase at Kitchen cookware set with discount,Routine shopping item,shopping,15204.02,24,3,0
Quick PG accommodation fee with card,Quick PG accommodation fee with card,,rent,15412.32,7,5,1
Txn: Notebooks and pens set with card Paid via UPI for education,Txn: Notebooks and pens set with card,Paid via UPI for education,education,19387.69,6,6,1
Quick Laundry dry cleaning urgent,Quick Laundry dry cleaning urgent,,other,1608.43,28,6,1
Paid for Lunch thali at office canteen for home Paid via UPI for food,Paid for Lunch thali at office canteen for home,Paid via UPI for food,food,1449.18,7,0,0
Txn: Street food evening snacks today Monthly food budget expense,Txn: Street food evening snacks today,Monthly food budget expense,food,610.41,26,0,0
Quick BookMyShow movie tickets urgent,Quick BookMyShow movie tickets urgent,,entertainment,357.22,15,6,1
Paid for Dinner with friends at restaurant with card Routine food item,Paid for Dinner with friends at restaurant with card,Routine food item,food,811.15,25,6,1
Txn: Winter jacket shopping today Personal spending on shopping,Txn: Winter jacket shopping today,Personal spending on shopping,shopping,6822.07,16,5,1
Quick Car servicing & oil change with discount Monthly transport budget expense,Quick Car servicing & oil change with discount,Monthly transport budget expense,transport,2100.61,11,2,0
Hospital OPD registration with discount Personal spending on health,Hospital OPD registration with discount,Personal spending on health,health,895.54,23,4,0
Paid for Language learning app subscription for home,Paid for Language learning app subscription for home,,education,7664.11,6,6,1
Electricity bill payment via GPay Personal spending on other,Electricity bill payment via GPay,Personal spending on other,other,3485.9,25,5,1
Spent on Flat maintenance charge today Personal spending on rent,Spent on Flat maintenance charge today,Personal spending on rent,rent,25372.58,16,6,1
Yoga class subscription via GPay Paid via UPI for health,Yoga class subscription via GPay,Paid via UPI for health,health,701.84,25,4,0
Bill for Dental clinic root canal visit with discount Personal spending on health,Bill for Dental clinic root canal visit with discount,Personal spending on health,health,3959.83,24,4,0
Purchase at Security deposit installment via GPay Routine rent item,Purchase at Security deposit installment via GPay,Routine rent item,rent,33015.39,3,5,1
Paid for Board game cafe bill with discount Routine entertainment item,Paid for Board game cafe bill with discount,Routine entertainment item,entertainment,1419.49,11,4,0
Txn: Diesel filling for car for home Personal spending on transport,Txn: Diesel filling for car for home,Personal spending on transport,transport,1658.81,23,4,0
Audible audiobooks today Personal spending on entertainment,Audible audiobooks today,Personal spending on entertainment,entertainment,745.08,25,1,0
Txn: Train ticket booking IRCTC for home,Txn: Train ticket booking IRCTC for home,,transport,4279.83,28,3,0
Bill for Water utility bill at store,Bill for Water utility bill at store,,other,2169.42,21,3,0
Spent on Dermatologist skin treatment today Routine health item,Spent on Dermatologist skin treatment today,Routine health item,health,4304.73,28,5,1
Quick Home repair and plumbing urgent Routine other item,Quick Home repair and plumbing urgent,Routine other item,other,4087.74,2,3,0
Txn: Auto rickshaw cash fare with card Monthly transport budget expense,Txn: Auto rickshaw cash fare with card,Monthly transport budget expense,transport,3423.95,18,2,0
Online McDonald's burger meal for home Routine food item,Online McDonald's burger meal for home,Routine food item,food,1482.55,27,2,0
Paid for Pizza Hut dinner Monthly food budget expense,Paid for Pizza Hut dinner,Monthly food budget expense,food,1201.8,4,0,0
Online Coding bootcamp installment urgent Paid via UPI for education,Online Coding bootcamp installment urgent,Paid via UPI for education,education,6713.4,3,4,0
Quick Bedsheet and pillow covers today Paid via UPI for shopping,Quick Bedsheet and pillow covers today,Paid via UPI for shopping,shopping,3811.96,26,5,1
Bill for First aid kit supplies at store Personal spending on health,Bill for First aid kit supplies at store,Personal spending on health,health,7500.98,10,6,1
Purchase at ATM cash withdrawal unaccounted today Personal spending on other,Purchase at ATM cash withdrawal unaccounted today,Personal spending on other,other,5846.99,16,4,0
Quick Diesel filling for car via GPay,Quick Diesel filling for car via GPay,,transport,2283.89,3,2,0
Txn: Cafe Coffee Day latte with discount,Txn: Cafe Coffee Day latte with discount,,food,1100.77,21,3,0
Bill for Ajio discount clothes Personal spending on shopping,Bill for Ajio discount clothes,Personal spending on shopping,shopping,6087.13,4,4,0
Bill for Apollo Pharmacy medicines Personal spending on health,Bill for Apollo Pharmacy medicines,Personal spending on health,health,2169.49,25,3,0
Quick Breakfast at Saravana Bhavan via GPay Routine food item,Quick Breakfast at Saravana Bhavan via GPay,Routine food item,food,2131.68,12,4,0
Txn: ATM cash withdrawal unaccounted today,Txn: ATM cash withdrawal unaccounted today,,other,2328.13,18,6,1
Paid for PVR cinemas IMAX tickets with discount Paid via UPI for entertainment,Paid for PVR cinemas IMAX tickets with discount,Paid via UPI for entertainment,entertainment,2303.6,24,1,0
Bill for GRE / TOEFL exam registration at store,Bill for GRE / TOEFL exam registration at store,,education,15542.56,17,2,0
Bill for Courier speed post delivery for home Personal spending on other,Bill for Courier speed post delivery for home,Personal spending on other,other,2770.83,4,6,1
Purchase at Ayurvedic medicines purchase today Paid via UPI for health,Purchase at Ayurvedic medicines purchase today,Paid via UPI for health,health,703.26,8,6,1
Bill for Hotstar subscription plan with discount Paid via UPI for entertainment,Bill for Hotstar subscription plan with discount,Paid via UPI for entertainment,entertainment,901.98,16,2,0
Spent on Bedsheet and pillow covers with card,Spent on Bedsheet and pillow covers with card,,shopping,2892.22,9,4,0
Bill for ATM cash withdrawal unaccounted today Monthly other budget expense,Bill for ATM cash withdrawal unaccounted today,Monthly other budget expense,other,5424.54,26,6,1
Online Water tanker for society for home,Online Water tanker for society for home,,rent,19932.51,28,5,1
Spent on H&M summer collection Monthly shopping budget expense,Spent on H&M summer collection,Monthly shopping budget expense,shopping,11650.81,2,2,0
Purchase at Lunch thali at office canteen for home Paid via UPI for food,Purchase at Lunch thali at office canteen for home,Paid via UPI for food,food,2619.3,8,3,0
Purchase at YouTube Premium family plan,Purchase at YouTube Premium family plan,,entertainment,1102.38,3,4,0
Purchase at Decathlon sportswear and gear via GPay Personal spending on shopping,Purchase at Decathlon sportswear and gear via GPay,Personal spending on shopping,shopping,5511.92,28,5,1
Spent on Water utility bill at store Personal spending on other,Spent on Water utility bill at store,Personal spending on other,other,3699.4,2,6,1
Txn: Skillshare creative subscription at store Personal spending on education,Txn: Skillshare creative subscription at store,Personal spending on education,education,9609.92,23,2,0
Laundry dry cleaning today Personal spending on other,Laundry dry cleaning today,Personal spending on other,other,5985.44,17,1,0
Quick Quarterly rent transfer to landlord,Quick Quarterly rent transfer to landlord,,rent,26013.89,16,6,1
Spent on Audible audiobooks with discount Paid via UPI for entertainment,Spent on Audible audiobooks with discount,Paid via UPI for entertainment,entertainment,2955.83,28,3,0
Online Flipkart electronics sale with discount,Online Flipkart electronics sale with discount,,shopping,4263.07,24,1,0
Quick Academic journal access fee today Paid via UPI for education,Quick Academic journal access fee today,Paid via UPI for education,education,1166.05,22,4,0
Bill for Tax filing CA consultancy fee for home Monthly other budget expense,Bill for Tax filing CA consultancy fee for home,Monthly other budget expense,other,5858.88,22,5,1
Bill for Ayurvedic medicines purchase Personal spending on health,Bill for Ayurvedic medicines purchase,Personal spending on health,health,3660.79,20,3,0
Paid for Uber cab ride to office,Paid for Uber cab ride to office,,transport,4184.41,8,5,1
Quick Diesel filling for car for home,Quick Diesel filling for car for home,,transport,707.34,6,2,0
Txn: First aid kit supplies Routine health item,Txn: First aid kit supplies,Routine health item,health,2794.02,22,0,0
Online Board game cafe bill with card Paid via UPI for entertainment,Online Board game cafe bill with card,Paid via UPI for entertainment,entertainment,388.59,11,1,0
Purchase at Charity donation to NGO for home,Purchase at Charity donation to NGO for home,,other,3366.33,26,6,1
Purchase at Broadband WiFi internet bill Routine other item,Purchase at Broadband WiFi internet bill,Routine other item,other,3019.58,25,1,0
Txn: Groceries at Reliance Smart today Paid via UPI for food,Txn: Groceries at Reliance Smart today,Paid via UPI for food,food,1264.91,5,3,0
Bill for Kitchen cookware set Monthly shopping budget expense,Bill for Kitchen cookware set,Monthly shopping budget expense,shopping,13941.85,12,0,0
Quick Flipkart electronics sale today Monthly shopping budget expense,Quick Flipkart electronics sale today,Monthly shopping budget expense,shopping,8292.44,25,1,0
Quick Room rent for current month at store Monthly rent budget expense,Quick Room rent for current month at store,Monthly rent budget expense,rent,27111.63,27,1,0
Bill for Tax filing CA consultancy fee at store,Bill for Tax filing CA consultancy fee at store,,other,2753.79,25,1,0
Spent on Society maintenance bill urgent Paid via UPI for rent,Spent on Society maintenance bill urgent,Paid via UPI for rent,rent,8378.85,4,3,0
Quick Amazon online purchase at store,Quick Amazon online purchase at store,,shopping,10367.91,12,4,0
Quick Flipkart electronics sale urgent,Quick Flipkart electronics sale urgent,,shopping,12429.04,7,6,1
Paid for Web development workshop fee today Personal spending on education,Paid for Web development workshop fee today,Personal spending on education,education,11354.06,18,3,0
Quick Skillshare creative subscription Paid via UPI for education,Quick Skillshare creative subscription,Paid via UPI for education,education,23390.47,16,2,0
Online YouTube Premium family plan at store Routine entertainment item,Online YouTube Premium family plan at store,Routine entertainment item,entertainment,2257.77,10,0,0
Online Lunch thali at office canteen with discount Personal spending on food,Online Lunch thali at office canteen with discount,Personal spending on food,food,3162.69,12,0,0
Spent on Doctor consultation fee for home,Spent on Doctor consultation fee for home,,health,5569.88,21,4,0
Bill for Monthly apartment rent for home Personal spending on rent,Bill for Monthly apartment rent for home,Personal spending on rent,rent,26143.94,7,2,0
Purchase at Tax filing CA consultancy fee for home Personal spending on other,Purchase at Tax filing CA consultancy fee for home,Personal spending on other,other,4726.7,2,4,0
Purchase at Subway sub & drink with card Routine food item,Purchase at Subway sub & drink with card,Routine food item,food,175.49,3,2,0
Purchase at Midnight food delivery at store Paid via UPI for food,Purchase at Midnight food delivery at store,Paid via UPI for food,food,515.27,1,4,0
Paid for Hostel fees payment with card Routine rent item,Paid for Hostel fees payment with card,Routine rent item,rent,18731.06,21,3,0
Txn: Coursera specialization certification urgent Routine education item,Txn: Coursera specialization certification urgent,Routine education item,education,906.84,15,5,1
Spotify premium music renewal Routine entertainment item,Spotify premium music renewal,Routine entertainment item,entertainment,2640.58,11,4,0
Spent on Doctor consultation fee via GPay Monthly health budget expense,Spent on Doctor consultation fee via GPay,Monthly health budget expense,health,5084.31,13,6,1
Purchase at Fresh meat and fish store urgent Routine food item,Purchase at Fresh meat and fish store urgent,Routine food item,food,2228.49,14,5,1
Txn: Spotify premium music renewal today Personal spending on entertainment,Txn: Spotify premium music renewal today,Personal spending on entertainment,entertainment,790.48,13,2,0
Spent on LPG gas cylinder refill urgent,Spent on LPG gas cylinder refill urgent,,other,2240.64,24,0,0
Txn: Broadband WiFi internet bill at store Routine other item,Txn: Broadband WiFi internet bill at store,Routine other item,other,2161.92,28,5,1
Purchase at Flight ticket Indigo to Mumbai today Personal spending on transport,Purchase at Flight ticket Indigo to Mumbai today,Personal spending on transport,transport,1836.13,22,4,0
Starbucks coffee & snack urgent,Starbucks coffee & snack urgent,,food,1326.54,23,4,0
Quick Zepto milk and eggs with discount Routine food item,Quick Zepto milk and eggs with discount,Routine food item,food,2256.05,4,2,0
Paid for Fresh meat and fish store with discount,Paid for Fresh meat and fish store with discount,,food,292.14,17,3,0
Online Myntra clothes shopping,Online Myntra clothes shopping,,shopping,17162.39,4,3,0
Paid for Technical reference book at store Personal spending on education,Paid for Technical reference book at store,Personal spending on education,education,22386.18,28,5,1
Paid for First aid kit supplies via GPay Routine health item,Paid for First aid kit supplies via GPay,Routine health item,health,4486.22,2,0,0
Bill for Kindle e-book purchase urgent Paid via UPI for education,Bill for Kindle e-book purchase urgent,Paid via UPI for education,education,23223.19,5,2,0
Paid for Bank transaction charge via GPay Personal spending on other,Paid for Bank transaction charge via GPay,Personal spending on other,other,5209.88,14,0,0
Quick EV charging station fee with discount Personal spending on transport,Quick EV charging station fee with discount,Personal spending on transport,transport,1806.25,26,6,1
Purchase at Audible audiobooks with discount Monthly entertainment budget expense,Purchase at Audible audiobooks with discount,Monthly entertainment budget expense,entertainment,983.55,18,0,0
Online Water utility bill at store Monthly other budget expense,Online Water utility bill at store,Monthly other budget expense,other,3946.97,25,2,0
Quick Water utility bill Personal spending on other,Quick Water utility bill,Personal spending on other,other,5373.46,13,6,1
Purchase at Society maintenance bill with discount Paid via UPI for rent,Purchase at Society maintenance bill with discount,Paid via UPI for rent,rent,8502.54,11,0,0
Paid for Ayurvedic medicines purchase for home Routine health item,Paid for Ayurvedic medicines purchase for home,Routine health item,health,1645.77,10,2,0
Purchase at Parking fee at mall for home,Purchase at Parking fee at mall for home,,transport,1193.43,26,0,0
Bedsheet and pillow covers urgent Paid via UPI for shopping,Bedsheet and pillow covers urgent,Paid via UPI for shopping,shopping,10870.89,27,3,0
Txn: Uber cab ride to office at store,Txn: Uber cab ride to office at store,,transport,2026.89,13,2,0
Spent on Toll plaza FASTag recharge with discount Monthly transport budget expense,Spent on Toll plaza FASTag recharge with discount,Monthly transport budget expense,transport,3032.02,23,6,1
Paid for Courier speed post delivery urgent Routine other item,Paid for Courier speed post delivery urgent,Routine other item,other,2675.69,1,6,1
Paid for Parking fee at mall at store Routine transport item,Paid for Parking fee at mall at store,Routine transport item,transport,1617.75,5,2,0
Quick Amusement park entry ticket with card Personal spending on entertainment,Quick Amusement park entry ticket with card,Personal spending on entertainment,entertainment,1759.12,27,3,0
Txn: Metro card monthly recharge urgent Routine transport item,Txn: Metro card monthly recharge urgent,Routine transport item,transport,4227.9,12,0,0
Purchase at Ice cream at Baskin Robbins via GPay Routine food item,Purchase at Ice cream at Baskin Robbins via GPay,Routine food item,food,3063.08,25,1,0
Laundry dry cleaning for home,Laundry dry cleaning for home,,other,2471.58,17,5,1
Spent on Zepto milk and eggs Paid via UPI for food,Spent on Zepto milk and eggs,Paid via UPI for food,food,1602.47,3,1,0
Txn: Books and stationery store urgent Personal spending on education,Txn: Books and stationery store urgent,Personal spending on education,education,1298.2,22,4,0
Paid for Winter jacket shopping at store Paid via UPI for shopping,Paid for Winter jacket shopping at store,Paid via UPI for shopping,shopping,3065.45,6,3,0
Spent on IKEA home furniture today Paid via UPI for shopping,Spent on IKEA home furniture today,Paid via UPI for shopping,shopping,2606.59,24,3,0
Quick Courier speed post delivery for home,Quick Courier speed post delivery for home,,other,5477.97,28,0,0
Online First aid kit supplies with discount,Online First aid kit supplies with discount,,health,6069.99,22,1,0
Txn: Ayurvedic medicines purchase with card Paid via UPI for health,Txn: Ayurvedic medicines purchase with card,Paid via UPI for health,health,1769.78,12,5,1
Quick Charity donation to NGO today,Quick Charity donation to NGO today,,other,3077.34,1,5,1
Quick Steam video game purchase today,Quick Steam video game purchase today,,entertainment,2713.08,7,6,1
Txn: Ola auto ride with card Personal spending on transport,Txn: Ola auto ride with card,Personal spending on transport,transport,1815.9,28,0,0
ATM cash withdrawal unaccounted for home Monthly other budget expense,ATM cash withdrawal unaccounted for home,Monthly other budget expense,other,1535.62,7,4,0
Txn: Apple store accessories with card Monthly shopping budget expense,Txn: Apple store accessories with card,Monthly shopping budget expense,shopping,11913.66,17,0,0
Quick Hostel fees payment urgent Monthly rent budget expense,Quick Hostel fees payment urgent,Monthly rent budget expense,rent,26622.04,6,1,0
College semester tuition fee with card Personal spending on education,College semester tuition fee with card,Personal spending on education,education,21846.82,17,4,0
Paid for PlayStation PS Plus subscription with card Personal spending on entertainment,Paid for PlayStation PS Plus subscription with card,Personal spending on entertainment,entertainment,1189.47,19,3,0
Online Room rent for current month at store Monthly rent budget expense,Online Room rent for current month at store,Monthly rent budget expense,rent,15403.63,28,2,0
Quick Monthly apartment rent today Paid via UPI for rent,Quick Monthly apartment rent today,Paid via UPI for rent,rent,5492.49,28,1,0
Bill for Perfume & cosmetics store Monthly shopping budget expense,Bill for Perfume & cosmetics store,Monthly shopping budget expense,shopping,5498.79,5,3,0
Purchase at Diesel filling for car with discount,Purchase at Diesel filling for car with discount,,transport,2507.27,5,1,0
Spent on PVR cinemas IMAX tickets today Monthly entertainment budget expense,Spent on PVR cinemas IMAX tickets today,Monthly entertainment budget expense,entertainment,2892.63,26,6,1
Sneakers purchase today Monthly shopping budget expense,Sneakers purchase today,Monthly shopping budget expense,shopping,2606.56,17,2,0
Bill for Grocery shopping at DMart with discount,Bill for Grocery shopping at DMart with discount,,food,2973.91,16,5,1
Spent on Street food evening snacks with card,Spent on Street food evening snacks with card,,food,245.64,16,5,1
Quick Hotstar subscription plan today Routine entertainment item,Quick Hotstar subscription plan today,Routine entertainment item,entertainment,1370.94,2,4,0
Paid for Watch purchase at Titan today Personal spending on shopping,Paid for Watch purchase at Titan today,Personal spending on shopping,shopping,10205.89,4,2,0
Txn: Juice center fresh juice with discount Monthly food budget expense,Txn: Juice center fresh juice with discount,Monthly food budget expense,food,3451.46,17,5,1
Purchase at Mobile postpaid monthly bill at store Personal spending on other,Purchase at Mobile postpaid monthly bill at store,Personal spending on other,other,3513.53,20,0,0
Uber cab ride to office for home Paid via UPI for transport,Uber cab ride to office for home,Paid via UPI for transport,transport,3812.56,6,3,0
Breakfast at Saravana Bhavan via GPay Routine food item,Breakfast at Saravana Bhavan via GPay,Routine food item,food,3449.12,16,2,0
Spent on Standup comedy show ticket with card Paid via UPI for entertainment,Spent on Standup comedy show ticket with card,Paid via UPI for entertainment,entertainment,846.13,8,4,0
Bill for Water tanker for society via GPay Personal spending on rent,Bill for Water tanker for society via GPay,Personal spending on rent,rent,11107.05,6,1,0
Bill for Charity donation to NGO urgent Routine other item,Bill for Charity donation to NGO urgent,Routine other item,other,319.32,19,5,1
Purchase at Croma electronics cable & charger with discount Routine shopping item,Purchase at Croma electronics cable & charger with discount,Routine shopping item,shopping,13967.06,10,1,0
Quick Security deposit installment urgent Routine rent item,Quick Security deposit installment urgent,Routine rent item,rent,19440.3,15,4,0
Online McDonald's burger meal via GPay Routine food item,Online McDonald's burger meal via GPay,Routine food item,food,2609.19,25,3,0
Quick Perfume & cosmetics store at store Routine shopping item,Quick Perfume & cosmetics store at store,Routine shopping item,shopping,8813.52,12,5,1
Purchase at Netflix monthly subscription for home,Purchase at Netflix monthly subscription for home,,entertainment,1723.18,16,2,0
Online Swiggy order for dinner with discount,Online Swiggy order for dinner with discount,,food,3396.26,19,0,0
Online Zara shirt and jeans via GPay Monthly shopping budget expense,Online Zara shirt and jeans via GPay,Monthly shopping budget expense,shopping,2071.82,26,1,0
Purchase at Netflix monthly subscription at store Monthly entertainment budget expense,Purchase at Netflix monthly subscription at store,Monthly entertainment budget expense,entertainment,785.75,26,6,1
Quick Board game cafe bill urgent Monthly entertainment budget expense,Quick Board game cafe bill urgent,Monthly entertainment budget expense,entertainment,250.5,3,2,0
Paid for Udemy online programming course at store Personal spending on education,Paid for Udemy online programming course at store,Personal spending on education,education,24730.09,11,1,0
Spent on Biryani takeaway via GPay Paid via UPI for food,Spent on Biryani takeaway via GPay,Paid via UPI for food,food,2855.95,2,5,1
Quick Myntra clothes shopping urgent Paid via UPI for shopping,Quick Myntra clothes shopping urgent,Paid via UPI for shopping,shopping,2695.97,13,6,1
Paid for IKEA home furniture today Monthly shopping budget expense,Paid for IKEA home furniture today,Monthly shopping budget expense,shopping,2063.04,18,1,0
Zara shirt and jeans with card Paid via UPI for shopping,Zara shirt and jeans with card,Paid via UPI for shopping,shopping,8766.31,4,4,0
Online Health insurance premium urgent Monthly health budget expense,Online Health insurance premium urgent,Monthly health budget expense,health,560.37,20,5,1
Paid for Netflix monthly subscription Routine entertainment item,Paid for Netflix monthly subscription,Routine entertainment item,entertainment,214.91,14,6,1
Bill for Bank transaction charge via GPay Personal spending on other,Bill for Bank transaction charge via GPay,Personal spending on other,other,4835.16,12,4,0
Online BookMyShow movie tickets today Personal spending on entertainment,Online BookMyShow movie tickets today,Personal spending on entertainment,entertainment,867.41,9,0,0
Spent on Amazon online purchase via GPay,Spent on Amazon online purchase via GPay,,shopping,14590.63,26,6,1
Paid for Coding bootcamp installment Routine education item,Paid for Coding bootcamp installment,Routine education item,education,10222.28,24,3,0
Purchase at Local bakery bread and cake via GPay Routine food item,Purchase at Local bakery bread and cake via GPay,Routine food item,food,3387.99,15,3,0
Paid for Courier speed post delivery urgent Routine other item,Paid for Courier speed post delivery urgent,Routine other item,other,3521.86,16,0,0
Txn: Laundry dry cleaning via GPay Paid via UPI for other,Txn: Laundry dry cleaning via GPay,Paid via UPI for other,other,858.18,28,5,1
Spent on Pet food and veterinary care today Routine other item,Spent on Pet food and veterinary care today,Routine other item,other,5911.67,17,3,0
Txn: Hostel fees payment with card Monthly rent budget expense,Txn: Hostel fees payment with card,Monthly rent budget expense,rent,24094.03,11,6,1
Paid for House rent payment via UPI urgent Routine rent item,Paid for House rent payment via UPI urgent,Routine rent item,rent,11499.28,4,1,0
Purchase at Hospital OPD registration for home Paid via UPI for health,Purchase at Hospital OPD registration for home,Paid via UPI for health,health,7117.32,15,1,0
Txn: Water tanker for society with discount Paid via UPI for rent,Txn: Water tanker for society with discount,Paid via UPI for rent,rent,7974.2,27,5,1
Dental clinic root canal visit today Routine health item,Dental clinic root canal visit today,Routine health item,health,3337.84,10,2,0
Online Ice cream at Baskin Robbins Monthly food budget expense,Online Ice cream at Baskin Robbins,Monthly food budget expense,food,769.15,4,5,1
Online Water tanker for society today Monthly rent budget expense,Online Water tanker for society today,Monthly rent budget expense,rent,40317.31,15,0,0
Txn: Coursera specialization certification Personal spending on education,Txn: Coursera specialization certification,Personal spending on education,education,3276.32,15,1,0
Paid for Myntra clothes shopping with discount Personal spending on shopping,Paid for Myntra clothes shopping with discount,Personal spending on shopping,shopping,3257.06,11,3,0
Quick Skillshare creative subscription urgent Monthly education budget expense,Quick Skillshare creative subscription urgent,Monthly education budget expense,education,798.29,19,0,0
Spent on Bowling & gaming arcade today Paid via UPI for entertainment,Spent on Bowling & gaming arcade today,Paid via UPI for entertainment,entertainment,2223.56,18,6,1
Paid for Toll plaza FASTag recharge with card Routine transport item,Paid for Toll plaza FASTag recharge with card,Routine transport item,transport,1924.1,7,2,0
Paid for Toll plaza FASTag recharge with card Paid via UPI for transport,Paid for Toll plaza FASTag recharge with card,Paid via UPI for transport,transport,1177.98,11,2,0
Spent on GRE / TOEFL exam registration urgent,Spent on GRE / TOEFL exam registration urgent,,education,22784.47,5,1,0
Quick Flipkart electronics sale urgent Monthly shopping budget expense,Quick Flipkart electronics sale urgent,Monthly shopping budget expense,shopping,2622.81,26,0,0
Purchase at Tuition fee for coaching today,Purchase at Tuition fee for coaching today,,education,1842.0,26,4,0
Bill for PVR cinemas IMAX tickets via GPay Paid via UPI for entertainment,Bill for PVR cinemas IMAX tickets via GPay,Paid via UPI for entertainment,entertainment,865.82,13,2,0
Online Metro card monthly recharge urgent Routine transport item,Online Metro card monthly recharge urgent,Routine transport item,transport,1939.86,7,6,1
Quick Zara shirt and jeans urgent Routine shopping item,Quick Zara shirt and jeans urgent,Routine shopping item,shopping,10616.59,1,3,0
Purchase at Lunch thali at office canteen with card Personal spending on food,Purchase at Lunch thali at office canteen with card,Personal spending on food,food,444.91,16,5,1
Txn: Water tanker for society urgent Personal spending on rent,Txn: Water tanker for society urgent,Personal spending on rent,rent,30630.7,21,0,0
Coffee beans purchase with discount,Coffee beans purchase with discount,,food,1930.09,27,5,1
Quick Standup comedy show ticket,Quick Standup comedy show ticket,,entertainment,511.24,8,0,0
Bill for Blood test and full body checkup urgent Paid via UPI for health,Bill for Blood test and full body checkup urgent,Paid via UPI for health,health,5182.06,10,6,1
Txn: Bank transaction charge urgent Routine other item,Txn: Bank transaction charge urgent,Routine other item,other,4242.59,21,6,1
Quick Bank transaction charge with discount Paid via UPI for other,Quick Bank transaction charge with discount,Paid via UPI for other,other,303.13,17,6,1
Bill for Amazon Prime annual membership at store Paid via UPI for entertainment,Bill for Amazon Prime annual membership at store,Paid via UPI for entertainment,entertainment,413.29,26,6,1
Purchase at Spotify premium music renewal Personal spending on entertainment,Purchase at Spotify premium music renewal,Personal spending on entertainment,entertainment,2426.25,16,0,0
Paid for Water tanker for society for home,Paid for Water tanker for society for home,,rent,29855.14,19,5,1
Home repair and plumbing for home Monthly other budget expense,Home repair and plumbing for home,Monthly other budget expense,other,1098.0,11,5,1
Bill for Spotify premium music renewal with discount Personal spending on entertainment,Bill for Spotify premium music renewal with discount,Personal spending on entertainment,entertainment,2780.68,17,0,0
Spent on Protein powder supplement today Monthly health budget expense,Spent on Protein powder supplement today,Monthly health budget expense,health,3306.12,13,1,0
Paid for Toll plaza FASTag recharge today Monthly transport budget expense,Paid for Toll plaza FASTag recharge today,Monthly transport budget expense,transport,4232.59,3,4,0
Concert musical event pass today Paid via UPI for entertainment,Concert musical event pass today,Paid via UPI for entertainment,entertainment,696.18,17,5,1
Quick McDonald's burger meal at store Monthly food budget expense,Quick McDonald's burger meal at store,Monthly food budget expense,food,420.92,5,5,1
Bill for Co-living monthly rent via GPay Personal spending on rent,Bill for Co-living monthly rent via GPay,Personal spending on rent,rent,40127.88,25,6,1
Txn: Bus pass monthly renewal with card Paid via UPI for transport,Txn: Bus pass monthly renewal with card,Paid via UPI for transport,transport,874.93,16,3,0
Bike maintenance and repair at store Routine transport item,Bike maintenance and repair at store,Routine transport item,transport,2360.01,25,3,0
Spent on Hostel fees payment with discount Routine rent item,Spent on Hostel fees payment with discount,Routine rent item,rent,32972.16,3,1,0
Online Cult.fit fitness pass with discount Personal spending on health,Online Cult.fit fitness pass with discount,Personal spending on health,health,1671.31,11,5,1
Online Bank transaction charge urgent Monthly other budget expense,Online Bank transaction charge urgent,Monthly other budget expense,other,1161.4,22,2,0
Purchase at Uber cab ride to office via GPay,Purchase at Uber cab ride to office via GPay,,transport,204.35,8,3,0
Bill for Blood test and full body checkup with discount,Bill for Blood test and full body checkup with discount,,health,710.94,10,1,0
Bill for Spotify premium music renewal via GPay Routine entertainment item,Bill for Spotify premium music renewal via GPay,Routine entertainment item,entertainment,2056.31,8,6,1
Bill for Groceries at Reliance Smart with discount,Bill for Groceries at Reliance Smart with discount,,food,1790.97,8,3,0
Online Cult.fit fitness pass at store Routine health item,Online Cult.fit fitness pass at store,Routine health item,health,3790.59,15,1,0
Paid for Backpack for travel today Monthly shopping budget expense,Paid for Backpack for travel today,Monthly shopping budget expense,shopping,17311.74,5,4,0
Txn: Metro card monthly recharge for home Monthly transport budget expense,Txn: Metro card monthly recharge for home,Monthly transport budget expense,transport,511.33,8,5,1
Paid for Flipkart electronics sale Personal spending on shopping,Paid for Flipkart electronics sale,Personal spending on shopping,shopping,8767.46,12,6,1
Purchase at Cafe Coffee Day latte today Routine food item,Purchase at Cafe Coffee Day latte today,Routine food item,food,3413.29,17,6,1
Spent on Blood test and full body checkup at store Personal spending on health,Spent on Blood test and full body checkup at store,Personal spending on health,health,1287.58,6,1,0
Online Ola auto ride at store Routine transport item,Online Ola auto ride at store,Routine transport item,transport,2380.57,23,6,1
Purchase at Broadband WiFi internet bill at store Monthly other budget expense,Purchase at Broadband WiFi internet bill at store,Monthly other budget expense,other,3550.12,8,3,0
Online Ice cream at Baskin Robbins at store Personal spending on food,Online Ice cream at Baskin Robbins at store,Personal spending on food,food,1741.47,4,1,0
Spent on Hostel fees payment via GPay Monthly rent budget expense,Spent on Hostel fees payment via GPay,Monthly rent budget expense,rent,20031.36,17,0,0
Paid for Bedsheet and pillow covers for home Personal spending on shopping,Paid for Bedsheet and pillow covers for home,Personal spending on shopping,shopping,2278.09,3,3,0
Txn: Ayurvedic medicines purchase Routine health item,Txn: Ayurvedic medicines purchase,Routine health item,health,1739.27,21,3,0
Paid for Croma electronics cable & charger with card Personal spending on shopping,Paid for Croma electronics cable & charger with card,Personal spending on shopping,shopping,4330.64,15,0,0
Quick Ayurvedic medicines purchase via GPay Routine health item,Quick Ayurvedic medicines purchase via GPay,Routine health item,health,2588.35,11,2,0
Online Juice center fresh juice Personal spending on food,Online Juice center fresh juice,Personal spending on food,food,172.44,12,2,0
Purchase at Bus pass monthly renewal with card,Purchase at Bus pass monthly renewal with card,,transport,3018.76,1,5,1
Txn: Car wash & detailing for home Personal spending on transport,Txn: Car wash & detailing for home,Personal spending on transport,transport,307.92,24,4,0
Online Dermatologist skin treatment via GPay,Online Dermatologist skin treatment via GPay,,health,7699.92,16,5,1
Online Steam video game purchase with card Paid via UPI for entertainment,Online Steam video game purchase with card,Paid via UPI for entertainment,entertainment,2977.88,25,2,0
Txn: Room rent for current month at store Paid via UPI for rent,Txn: Room rent for current month at store,Paid via UPI for rent,rent,34740.2,25,0,0
Quick GRE / TOEFL exam registration with discount Paid via UPI for education,Quick GRE / TOEFL exam registration with discount,Paid via UPI for education,education,1989.98,7,6,1
Paid for Myntra clothes shopping with card Monthly shopping budget expense,Paid for Myntra clothes shopping with card,Monthly shopping budget expense,shopping,13047.95,4,4,0
Txn: Amusement park entry ticket Paid via UPI for entertainment,Txn: Amusement park entry ticket,Paid via UPI for entertainment,entertainment,1865.51,7,5,1
Txn: Brokerage fee for apartment urgent Personal spending on rent,Txn: Brokerage fee for apartment urgent,Personal spending on rent,rent,32407.15,16,3,0
Co-living monthly rent at store Personal spending on rent,Co-living monthly rent at store,Personal spending on rent,rent,24425.82,1,3,0
Spent on Parking space monthly rent Routine rent item,Spent on Parking space monthly rent,Routine rent item,rent,40846.25,12,4,0
Online Ola auto ride via GPay Paid via UPI for transport,Online Ola auto ride via GPay,Paid via UPI for transport,transport,3638.71,6,6,1
Purchase at Protein powder supplement via GPay,Purchase at Protein powder supplement via GPay,,health,2528.72,9,3,0
Bill for H&M summer collection for home Paid via UPI for shopping,Bill for H&M summer collection for home,Paid via UPI for shopping,shopping,1466.91,11,6,1
Car wash & detailing for home Personal spending on transport,Car wash & detailing for home,Personal spending on transport,transport,3238.44,13,6,1
Spent on Water utility bill Personal spending on other,Spent on Water utility bill,Personal spending on other,other,4905.23,24,5,1
Online Ice cream at Baskin Robbins Routine food item,Online Ice cream at Baskin Robbins,Routine food item,food,2983.22,23,5,1
Paid for Netflix monthly subscription today Routine entertainment item,Paid for Netflix monthly subscription today,Routine entertainment item,entertainment,1710.44,9,2,0
Online Skillshare creative subscription with card Paid via UPI for education,Online Skillshare creative subscription with card,Paid via UPI for education,education,20696.93,9,2,0
Bill for Ola auto ride urgent Routine transport item,Bill for Ola auto ride urgent,Routine transport item,transport,297.12,3,2,0
Online Board game cafe bill urgent Personal spending on entertainment,Online Board game cafe bill urgent,Personal spending on entertainment,entertainment,225.94,2,0,0
Online Notebooks and pens set for home,Online Notebooks and pens set for home,,education,15234.35,22,1,0
Paid for Zomato lunch delivery at store Monthly food budget expense,Paid for Zomato lunch delivery at store,Monthly food budget expense,food,3108.81,10,6,1
Ice cream at Baskin Robbins today Monthly food budget expense,Ice cream at Baskin Robbins today,Monthly food budget expense,food,2249.66,19,0,0
Quick Ayurvedic medicines purchase for home Routine health item,Quick Ayurvedic medicines purchase for home,Routine health item,health,2612.77,1,0,0
Purchase at Starbucks coffee & snack Paid via UPI for food,Purchase at Starbucks coffee & snack,Paid via UPI for food,food,196.05,9,6,1
Online Concert musical event pass today Personal spending on entertainment,Online Concert musical event pass today,Personal spending on entertainment,entertainment,1679.11,10,5,1
Spent on Pet food and veterinary care for home Routine other item,Spent on Pet food and veterinary care for home,Routine other item,other,2497.1,18,4,0
Quick Toll plaza FASTag recharge today Paid via UPI for transport,Quick Toll plaza FASTag recharge today,Paid via UPI for transport,transport,648.75,14,0,0
Flat maintenance charge with discount Monthly rent budget expense,Flat maintenance charge with discount,Monthly rent budget expense,rent,29097.53,3,4,0
Paid for PG accommodation fee today Routine rent item,Paid for PG accommodation fee today,Routine rent item,rent,19116.16,2,4,0
Bill for Room rent for current month Monthly rent budget expense,Bill for Room rent for current month,Monthly rent budget expense,rent,17331.02,11,0,0
Online Mobile postpaid monthly bill urgent Paid via UPI for other,Online Mobile postpaid monthly bill urgent,Paid via UPI for other,other,519.82,22,2,0
Quick Gardening plants and soil at store Monthly other budget expense,Quick Gardening plants and soil at store,Monthly other budget expense,other,4929.5,21,0,0
Txn: Nike running shoes with card Paid via UPI for shopping,Txn: Nike running shoes with card,Paid via UPI for shopping,shopping,10677.32,16,0,0
Purchase at Bike maintenance and repair today,Purchase at Bike maintenance and repair today,,transport,493.4,9,2,0
Quick First aid kit supplies urgent,Quick First aid kit supplies urgent,,health,3050.69,20,6,1
Purchase at Flight ticket Indigo to Mumbai with card,Purchase at Flight ticket Indigo to Mumbai with card,,transport,4239.56,8,1,0
Paid for Brokerage fee for apartment at store Personal spending on rent,Paid for Brokerage fee for apartment at store,Personal spending on rent,rent,39557.86,9,5,1
Spent on Dermatologist skin treatment with discount Routine health item,Spent on Dermatologist skin treatment with discount,Routine health item,health,6035.7,19,0,0
Purchase at Physiotherapy session,Purchase at Physiotherapy session,,health,7134.75,22,2,0
Purchase at Skillshare creative subscription today,Purchase at Skillshare creative subscription today,,education,6247.61,5,5,1
Online Hospital OPD registration Paid via UPI for health,Online Hospital OPD registration,Paid via UPI for health,health,5223.35,25,1,0
Online House cleaning service Urban Company today,Online House cleaning service Urban Company today,,other,4836.56,16,1,0
Tax filing CA consultancy fee for home Personal spending on other,Tax filing CA consultancy fee for home,Personal spending on other,other,1564.57,12,0,0
Online Brokerage fee for apartment with card,Online Brokerage fee for apartment with card,,rent,21938.18,19,3,0
Quick Protein powder supplement with discount Paid via UPI for health,Quick Protein powder supplement with discount,Paid via UPI for health,health,3573.74,25,0,0
Paid for Quarterly rent transfer to landlord at store Personal spending on rent,Paid for Quarterly rent transfer to landlord at store,Personal spending on rent,rent,40765.12,13,6,1
Bill for Gym membership monthly renewal at store Paid via UPI for health,Bill for Gym membership monthly renewal at store,Paid via UPI for health,health,1083.15,28,4,0
Bill for Electricity bill payment today Paid via UPI for other,Bill for Electricity bill payment today,Paid via UPI for other,other,4536.95,11,4,0
Bill for Monthly apartment rent today Personal spending on rent,Bill for Monthly apartment rent today,Personal spending on rent,rent,34346.36,26,5,1
Coding bootcamp installment urgent Paid via UPI for education,Coding bootcamp installment urgent,Paid via UPI for education,education,21465.03,16,3,0
Society maintenance bill for home Paid via UPI for rent,Society maintenance bill for home,Paid via UPI for rent,rent,37198.35,2,1,0
Paid for Netflix monthly subscription for home Routine entertainment item,Paid for Netflix monthly subscription for home,Routine entertainment item,entertainment,1231.25,9,4,0
Bill for Doctor consultation fee with discount Personal spending on health,Bill for Doctor consultation fee with discount,Personal spending on health,health,6535.49,12,3,0
Purchase at Winter jacket shopping urgent,Purchase at Winter jacket shopping urgent,,shopping,16834.75,9,2,0
Online Amusement park entry ticket today Paid via UPI for entertainment,Online Amusement park entry ticket today,Paid via UPI for entertainment,entertainment,2838.2,7,1,0
Spent on Concert musical event pass Routine entertainment item,Spent on Concert musical event pass,Routine entertainment item,entertainment,2183.74,1,4,0
PlayStation PS Plus subscription with discount Paid via UPI for entertainment,PlayStation PS Plus subscription with discount,Paid via UPI for entertainment,entertainment,648.7,5,4,0
Quick Cycle repair & parts for home,Quick Cycle repair & parts for home,,transport,3041.52,16,0,0
Quick Cult.fit fitness pass today Paid via UPI for health,Quick Cult.fit fitness pass today,Paid via UPI for health,health,378.24,14,6,1
Online Cafe Coffee Day latte today Routine food item,Online Cafe Coffee Day latte today,Routine food item,food,2422.94,9,4,0
Txn: Toll plaza FASTag recharge for home Paid via UPI for transport,Txn: Toll plaza FASTag recharge for home,Paid via UPI for transport,transport,255.52,20,6,1
Paid for Web development workshop fee today Paid via UPI for education,Paid for Web development workshop fee today,Paid via UPI for education,education,9194.09,16,6,1
Purchase at Tax filing CA consultancy fee via GPay Monthly other budget expense,Purchase at Tax filing CA consultancy fee via GPay,Monthly other budget expense,other,1741.34,14,2,0
Paid for Quarterly rent transfer to landlord today Paid via UPI for rent,Paid for Quarterly rent transfer to landlord today,Paid via UPI for rent,rent,12721.79,19,2,0
Spent on Breakfast at Saravana Bhavan for home Routine food item,Spent on Breakfast at Saravana Bhavan for home,Routine food item,food,2172.96,2,0,0
Paid for Language learning app subscription for home Paid via UPI for education,Paid for Language learning app subscription for home,Paid via UPI for education,education,10963.17,17,0,0
Spent on Tax filing CA consultancy fee at store Monthly other budget expense,Spent on Tax filing CA consultancy fee at store,Monthly other budget expense,other,415.48,1,4,0
Txn: Flat maintenance charge urgent,Txn: Flat maintenance charge urgent,,rent,37993.1,1,1,0
Purchase at Winter jacket shopping at store Paid via UPI for shopping,Purchase at Winter jacket shopping at store,Paid via UPI for shopping,shopping,3530.16,19,6,1
Purchase at Flight ticket Indigo to Mumbai with card Monthly transport budget expense,Purchase at Flight ticket Indigo to Mumbai with card,Monthly transport budget expense,transport,2507.29,23,3,0
Paid for PVR cinemas IMAX tickets via GPay Routine entertainment item,Paid for PVR cinemas IMAX tickets via GPay,Routine entertainment item,entertainment,1802.19,14,2,0
Paid for Haldirams snacks & sweets with card,Paid for Haldirams snacks & sweets with card,,food,1953.31,15,4,0
Quick Society maintenance bill for home Monthly rent budget expense,Quick Society maintenance bill for home,Monthly rent budget expense,rent,28604.94,3,5,1
Txn: Uber cab ride to office at store Monthly transport budget expense,Txn: Uber cab ride to office at store,Monthly transport budget expense,transport,2554.83,12,4,0
Quick GRE / TOEFL exam registration urgent,Quick GRE / TOEFL exam registration urgent,,education,4276.64,10,6,1
Txn: Croma electronics cable & charger with discount Routine shopping item,Txn: Croma electronics cable & charger with discount,Routine shopping item,shopping,6687.54,6,4,0
Txn: First aid kit supplies with discount Personal spending on health,Txn: First aid kit supplies with discount,Personal spending on health,health,5812.15,10,5,1
Txn: Spotify premium music renewal Personal spending on entertainment,Txn: Spotify premium music renewal,Personal spending on entertainment,entertainment,2485.44,28,3,0
Paid for LPG gas cylinder refill with discount Monthly other budget expense,Paid for LPG gas cylinder refill with discount,Monthly other budget expense,other,3495.18,13,1,0
Bill for Spotify premium music renewal for home Paid via UPI for entertainment,Bill for Spotify premium music renewal for home,Paid via UPI for entertainment,entertainment,753.23,15,4,0
Purchase at Flight ticket Indigo to Mumbai at store Personal spending on transport,Purchase at Flight ticket Indigo to Mumbai at store,Personal spending on transport,transport,3124.83,13,4,0
Txn: Gardening plants and soil urgent Monthly other budget expense,Txn: Gardening plants and soil urgent,Monthly other budget expense,other,5177.63,26,1,0
Spent on Coding bootcamp installment with discount Paid via UPI for education,Spent on Coding bootcamp installment with discount,Paid via UPI for education,education,12262.59,26,4,0
Paid for Tuition fee for coaching Paid via UPI for education,Paid for Tuition fee for coaching,Paid via UPI for education,education,7716.11,13,5,1
Quick Airport cab taxi fare for home Routine transport item,Quick Airport cab taxi fare for home,Routine transport item,transport,862.75,4,5,1
Txn: Audible audiobooks with card Monthly entertainment budget expense,Txn: Audible audiobooks with card,Monthly entertainment budget expense,entertainment,2063.68,5,0,0
Purchase at Apollo Pharmacy medicines with card Monthly health budget expense,Purchase at Apollo Pharmacy medicines with card,Monthly health budget expense,health,5694.05,15,6,1
Paid for Quarterly rent transfer to landlord via GPay Routine rent item,Paid for Quarterly rent transfer to landlord via GPay,Routine rent item,rent,28805.67,8,6,1
Bedsheet and pillow covers via GPay Paid via UPI for shopping,Bedsheet and pillow covers via GPay,Paid via UPI for shopping,shopping,7833.06,17,0,0
Txn: First aid kit supplies for home Monthly health budget expense,Txn: First aid kit supplies for home,Monthly health budget expense,health,2679.23,19,1,0
Paid for PlayStation PS Plus subscription with card Monthly entertainment budget expense,Paid for PlayStation PS Plus subscription with card,Monthly entertainment budget expense,entertainment,284.01,24,2,0
Quick Vitamin D & Calcium tablets with discount Monthly health budget expense,Quick Vitamin D & Calcium tablets with discount,Monthly health budget expense,health,6778.09,27,1,0
Broadband WiFi internet bill with card Paid via UPI for other,Broadband WiFi internet bill with card,Paid via UPI for other,other,5923.9,9,4,0
Online Myntra clothes shopping for home Monthly shopping budget expense,Online Myntra clothes shopping for home,Monthly shopping budget expense,shopping,7701.41,26,3,0
Spent on Amazon online purchase with card Paid via UPI for shopping,Spent on Amazon online purchase with card,Paid via UPI for shopping,shopping,12819.32,7,3,0
Online IKEA home furniture Monthly shopping budget expense,Online IKEA home furniture,Monthly shopping budget expense,shopping,1868.32,4,5,1
Quick Cult.fit fitness pass via GPay,Quick Cult.fit fitness pass via GPay,,health,798.64,20,6,1
Purchase at Rapido bike taxi Paid via UPI for transport,Purchase at Rapido bike taxi,Paid via UPI for transport,transport,4423.57,3,1,0
Purchase at Skillshare creative subscription today Monthly education budget expense,Purchase at Skillshare creative subscription today,Monthly education budget expense,education,23200.12,6,5,1
Purchase at BookMyShow movie tickets at store Monthly entertainment budget expense,Purchase at BookMyShow movie tickets at store,Monthly entertainment budget expense,entertainment,1155.24,27,2,0
Paid for Mobile postpaid monthly bill Monthly other budget expense,Paid for Mobile postpaid monthly bill,Monthly other budget expense,other,5964.02,10,2,0
Bill for BigBasket weekly vegetables at store Monthly food budget expense,Bill for BigBasket weekly vegetables at store,Monthly food budget expense,food,3238.81,19,2,0
Spent on Udemy online programming course with discount Personal spending on education,Spent on Udemy online programming course with discount,Personal spending on education,education,10452.15,26,5,1
Online Dermatologist skin treatment today Routine health item,Online Dermatologist skin treatment today,Routine health item,health,3453.69,9,4,0
Spent on Club weekend party entry for home Monthly entertainment budget expense,Spent on Club weekend party entry for home,Monthly entertainment budget expense,entertainment,1521.62,27,2,0
Purchase at Rapido bike taxi today Monthly transport budget expense,Purchase at Rapido bike taxi today,Monthly transport budget expense,transport,3898.87,13,4,0
Quick Hospital OPD registration with card Paid via UPI for health,Quick Hospital OPD registration with card,Paid via UPI for health,health,6286.81,11,6,1
Spent on Blood test and full body checkup with discount Monthly health budget expense,Spent on Blood test and full body checkup with discount,Monthly health budget expense,health,6261.97,26,0,0
Quick Blood test and full body checkup,Quick Blood test and full body checkup,,health,3078.93,1,0,0
Bill for Laundry dry cleaning with discount Personal spending on other,Bill for Laundry dry cleaning with discount,Personal spending on other,other,348.03,13,3,0
Bill for Academic journal access fee Routine education item,Bill for Academic journal access fee,Routine education item,education,6934.27,3,2,0
Purchase at Gym membership monthly renewal via GPay Paid via UPI for health,Purchase at Gym membership monthly renewal via GPay,Paid via UPI for health,health,6040.02,26,5,1
Bill for McDonald's burger meal Monthly food budget expense,Bill for McDonald's burger meal,Monthly food budget expense,food,339.02,8,3,0
Spent on Web development workshop fee today,Spent on Web development workshop fee today,,education,12990.78,15,0,0
Purchase at Gym membership monthly renewal with card,Purchase at Gym membership monthly renewal with card,,health,3405.65,22,4,0
Spent on Society maintenance bill Paid via UPI for rent,Spent on Society maintenance bill,Paid via UPI for rent,rent,22811.41,22,4,0
Co-living monthly rent Monthly rent budget expense,Co-living monthly rent,Monthly rent budget expense,rent,22166.95,9,1,0
Online Skillshare creative subscription via GPay Personal spending on education,Online Skillshare creative subscription via GPay,Personal spending on education,education,16956.16,20,5,1
Quick House cleaning service Urban Company with card Routine other item,Quick House cleaning service Urban Company with card,Routine other item,other,4130.71,9,0,0
Bill for Mobile postpaid monthly bill Paid via UPI for other,Bill for Mobile postpaid monthly bill,Paid via UPI for other,other,272.85,14,0,0
Online Storage locker monthly rental for home Monthly rent budget expense,Online Storage locker monthly rental for home,Monthly rent budget expense,rent,35310.92,23,5,1
Online Swiggy order for dinner with discount Personal spending on food,Online Swiggy order for dinner with discount,Personal spending on food,food,1991.16,17,2,0
Online YouTube Premium family plan today Paid via UPI for entertainment,Online YouTube Premium family plan today,Paid via UPI for entertainment,entertainment,486.51,16,3,0
Quick Biryani takeaway with discount Monthly food budget expense,Quick Biryani takeaway with discount,Monthly food budget expense,food,563.55,20,5,1
Txn: Rapido bike taxi urgent Monthly transport budget expense,Txn: Rapido bike taxi urgent,Monthly transport budget expense,transport,2658.57,9,1,0
Paid for Subway sub & drink for home Personal spending on food,Paid for Subway sub & drink for home,Personal spending on food,food,655.53,24,2,0
Txn: Bank transaction charge today Paid via UPI for other,Txn: Bank transaction charge today,Paid via UPI for other,other,5727.04,9,6,1
Spent on Blinkit instant grocery,Spent on Blinkit instant grocery,,food,1287.09,26,2,0
Quick Protein powder supplement Personal spending on health,Quick Protein powder supplement,Personal spending on health,health,906.71,11,6,1
Spent on Web development workshop fee Paid via UPI for education,Spent on Web development workshop fee,Paid via UPI for education,education,13536.4,4,5,1
Spent on Starbucks coffee & snack for home Monthly food budget expense,Spent on Starbucks coffee & snack for home,Monthly food budget expense,food,1779.21,26,0,0
Spent on Academic journal access fee Paid via UPI for education,Spent on Academic journal access fee,Paid via UPI for education,education,18512.73,23,1,0
Txn: Broadband WiFi internet bill for home,Txn: Broadband WiFi internet bill for home,,other,5569.76,12,4,0
Paid for Room rent for current month today Paid via UPI for rent,Paid for Room rent for current month today,Paid via UPI for rent,rent,22524.46,25,0,0
Quick Online test series subscription via GPay Paid via UPI for education,Quick Online test series subscription via GPay,Paid via UPI for education,education,24572.79,26,2,0
Txn: Tuition fee for coaching today Monthly education budget expense,Txn: Tuition fee for coaching today,Monthly education budget expense,education,21468.94,5,6,1
Quick Steam video game purchase with discount Personal spending on entertainment,Quick Steam video game purchase with discount,Personal spending on entertainment,entertainment,725.61,26,0,0
Bill for Rapido bike taxi urgent,Bill for Rapido bike taxi urgent,,transport,1650.16,1,3,0
Online Apollo Pharmacy medicines with discount,Online Apollo Pharmacy medicines with discount,,health,6591.17,16,0,0
Paid for Ajio discount clothes Monthly shopping budget expense,Paid for Ajio discount clothes,Monthly shopping budget expense,shopping,17687.45,14,3,0
Purchase at Bowling & gaming arcade at store,Purchase at Bowling & gaming arcade at store,,entertainment,2584.47,8,0,0
Quick Zepto milk and eggs Routine food item,Quick Zepto milk and eggs,Routine food item,food,880.99,27,5,1
Online Udemy online programming course,Online Udemy online programming course,,education,9902.8,28,6,1
Bill for Winter jacket shopping Paid via UPI for shopping,Bill for Winter jacket shopping,Paid via UPI for shopping,shopping,5409.45,20,0,0
Steam video game purchase urgent Personal spending on entertainment,Steam video game purchase urgent,Personal spending on entertainment,entertainment,1515.16,16,5,1
Online Local bakery bread and cake today Monthly food budget expense,Online Local bakery bread and cake today,Monthly food budget expense,food,1008.55,7,0,0
Lunch thali at office canteen with card,Lunch thali at office canteen with card,,food,3145.18,11,3,0
Online Bowling & gaming arcade at store,Online Bowling & gaming arcade at store,,entertainment,2728.03,25,0,0
Online Cult.fit fitness pass urgent Personal spending on health,Online Cult.fit fitness pass urgent,Personal spending on health,health,390.02,17,1,0
Online Netflix monthly subscription via GPay Personal spending on entertainment,Online Netflix monthly subscription via GPay,Personal spending on entertainment,entertainment,1163.87,6,0,0
Bill for Amazon Prime annual membership with card Routine entertainment item,Bill for Amazon Prime annual membership with card,Routine entertainment item,entertainment,1094.21,2,0,0
Spent on Sneakers purchase urgent Monthly shopping budget expense,Spent on Sneakers purchase urgent,Monthly shopping budget expense,shopping,8638.82,26,3,0
Pet food and veterinary care for home,Pet food and veterinary care for home,,other,820.3,24,5,1
Purchase at Water tanker for society with card Routine rent item,Purchase at Water tanker for society with card,Routine rent item,rent,25515.28,24,0,0
Spent on Blood test and full body checkup Monthly health budget expense,Spent on Blood test and full body checkup,Monthly health budget expense,health,7748.63,16,2,0
Bill for Zepto milk and eggs with card,Bill for Zepto milk and eggs with card,,food,1239.53,20,6,1
Spent on Apple store accessories with discount,Spent on Apple store accessories with discount,,shopping,7566.12,5,6,1
Purchase at Technical reference book with discount Paid via UPI for education,Purchase at Technical reference book with discount,Paid via UPI for education,education,6039.32,27,4,0
Spent on Flipkart electronics sale for home Personal spending on shopping,Spent on Flipkart electronics sale for home,Personal spending on shopping,shopping,3535.75,20,0,0
Bill for Udemy online programming course today Monthly education budget expense,Bill for Udemy online programming course today,Monthly education budget expense,education,5367.22,15,0,0
Paid for Toll plaza FASTag recharge at store,Paid for Toll plaza FASTag recharge at store,,transport,2173.46,28,2,0
Bill for PG accommodation fee with card Paid via UPI for rent,Bill for PG accommodation fee with card,Paid via UPI for rent,rent,27699.69,13,4,0
Quick Medplus health supplements urgent Paid via UPI for health,Quick Medplus health supplements urgent,Paid via UPI for health,health,1818.99,12,5,1
Purchase at Myntra clothes shopping for home,Purchase at Myntra clothes shopping for home,,shopping,12596.51,26,2,0
Paid for Board game cafe bill for home,Paid for Board game cafe bill for home,,entertainment,287.87,19,2,0
Purchase at Water tanker for society today Monthly rent budget expense,Purchase at Water tanker for society today,Monthly rent budget expense,rent,33049.61,18,3,0
Txn: Legal notary & document stamps at store Monthly other budget expense,Txn: Legal notary & document stamps at store,Monthly other budget expense,other,5856.81,5,1,0
Spent on Zepto milk and eggs at store Personal spending on food,Spent on Zepto milk and eggs at store,Personal spending on food,food,933.49,23,4,0
Quick Zara shirt and jeans Routine shopping item,Quick Zara shirt and jeans,Routine shopping item,shopping,13925.89,1,4,0
Cycle repair & parts urgent Routine transport item,Cycle repair & parts urgent,Routine transport item,transport,75.67,8,6,1
Quick Tuition fee for coaching today Paid via UPI for education,Quick Tuition fee for coaching today,Paid via UPI for education,education,13119.4,2,6,1
Quick LPG gas cylinder refill Paid via UPI for other,Quick LPG gas cylinder refill,Paid via UPI for other,other,4455.51,11,3,0
Txn: GRE / TOEFL exam registration today Routine education item,Txn: GRE / TOEFL exam registration today,Routine education item,education,12834.41,7,3,0
Backpack for travel via GPay Monthly shopping budget expense,Backpack for travel via GPay,Monthly shopping budget expense,shopping,3941.95,19,3,0
Spent on BigBasket weekly vegetables urgent Monthly food budget expense,Spent on BigBasket weekly vegetables urgent,Monthly food budget expense,food,1688.8,21,5,1
Paid for Pet food and veterinary care today Monthly other budget expense,Paid for Pet food and veterinary care today,Monthly other budget expense,other,917.79,19,4,0
Txn: Academic journal access fee today Personal spending on education,Txn: Academic journal access fee today,Personal spending on education,education,11779.12,17,5,1
Quick Water tanker for society today Paid via UPI for rent,Quick Water tanker for society today,Paid via UPI for rent,rent,5450.93,25,3,0
Spent on Water tanker for society with discount Routine rent item,Spent on Water tanker for society with discount,Routine rent item,rent,28519.74,24,6,1
Spent on Bike maintenance and repair urgent,Spent on Bike maintenance and repair urgent,,transport,1729.58,1,3,0
Online Office space rent share via GPay Routine rent item,Online Office space rent share via GPay,Routine rent item,rent,11271.31,4,5,1
ATM cash withdrawal unaccounted at store,ATM cash withdrawal unaccounted at store,,other,827.54,2,4,0
Decathlon sportswear and gear for home Routine shopping item,Decathlon sportswear and gear for home,Routine shopping item,shopping,15976.55,9,4,0
Purchase at Broadband WiFi internet bill at store Paid via UPI for other,Purchase at Broadband WiFi internet bill at store,Paid via UPI for other,other,1235.15,26,2,0
Online Tuition fee for coaching via GPay Personal spending on education,Online Tuition fee for coaching via GPay,Personal spending on education,education,9978.19,4,1,0
Office space rent share today Paid via UPI for rent,Office space rent share today,Paid via UPI for rent,rent,33129.31,10,0,0
Purchase at Audible audiobooks at store,Purchase at Audible audiobooks at store,,entertainment,1992.61,16,5,1
Online Supermarket food supplies via GPay Routine food item,Online Supermarket food supplies via GPay,Routine food item,food,3237.53,23,6,1
Paid for Bedsheet and pillow covers via GPay,Paid for Bedsheet and pillow covers via GPay,,shopping,7761.52,17,3,0
Paid for Nature's Basket gourmet items for home Routine food item,Paid for Nature's Basket gourmet items for home,Routine food item,food,2778.44,16,4,0
Online Flat maintenance charge at store Routine rent item,Online Flat maintenance charge at store,Routine rent item,rent,33576.21,27,1,0
Online Brokerage fee for apartment for home Personal spending on rent,Online Brokerage fee for apartment for home,Personal spending on rent,rent,20507.9,9,3,0
Txn: Ayurvedic medicines purchase at store Paid via UPI for health,Txn: Ayurvedic medicines purchase at store,Paid via UPI for health,health,6713.52,18,1,0
Bank transaction charge for home,Bank transaction charge for home,,other,3930.75,16,3,0
College semester tuition fee urgent Paid via UPI for education,College semester tuition fee urgent,Paid via UPI for education,education,20710.2,17,2,0
Kindle e-book purchase with card Paid via UPI for education,Kindle e-book purchase with card,Paid via UPI for education,education,8634.63,10,3,0
Paid for College semester tuition fee with discount Routine education item,Paid for College semester tuition fee with discount,Routine education item,education,13018.96,27,3,0
Bill for Amazon Prime annual membership for home Routine entertainment item,Bill for Amazon Prime annual membership for home,Routine entertainment item,entertainment,2058.83,5,2,0
Quick Board game cafe bill with discount Personal spending on entertainment,Quick Board game cafe bill with discount,Personal spending on entertainment,entertainment,687.84,19,4,0
Spent on Midnight food delivery via GPay Paid via UPI for food,Spent on Midnight food delivery via GPay,Paid via UPI for food,food,3441.45,16,4,0
Quick Doctor consultation fee Routine health item,Quick Doctor consultation fee,Routine health item,health,971.37,4,1,0
Txn: EV charging station fee today,Txn: EV charging station fee today,,transport,3035.59,7,1,0
Quick Bus pass monthly renewal via GPay Routine transport item,Quick Bus pass monthly renewal via GPay,Routine transport item,transport,740.35,14,5,1
Quick College semester tuition fee today Monthly education budget expense,Quick College semester tuition fee today,Monthly education budget expense,education,24582.42,8,2,0
Online Skillshare creative subscription urgent Monthly education budget expense,Online Skillshare creative subscription urgent,Monthly education budget expense,education,16214.56,18,2,0
Paid for Winter jacket shopping urgent,Paid for Winter jacket shopping urgent,,shopping,15050.82,6,3,0
Txn: Cycle repair & parts for home Paid via UPI for transport,Txn: Cycle repair & parts for home,Paid via UPI for transport,transport,68.1,2,0,0
Quick PG accommodation fee today Paid via UPI for rent,Quick PG accommodation fee today,Paid via UPI for rent,rent,39470.98,21,6,1
Paid for Biryani takeaway urgent Monthly food budget expense,Paid for Biryani takeaway urgent,Monthly food budget expense,food,2164.46,19,6,1
Monthly apartment rent with card Routine rent item,Monthly apartment rent with card,Routine rent item,rent,22187.58,27,5,1
Bill for Bowling & gaming arcade urgent Personal spending on entertainment,Bill for Bowling & gaming arcade urgent,Personal spending on entertainment,entertainment,2819.31,2,0,0
Purchase at Co-living monthly rent today Paid via UPI for rent,Purchase at Co-living monthly rent today,Paid via UPI for rent,rent,10211.72,24,2,0
Bill for Uber cab ride to office via GPay Personal spending on transport,Bill for Uber cab ride to office via GPay,Personal spending on transport,transport,3704.98,11,5,1
Gift for friend birthday with discount Personal spending on other,Gift for friend birthday with discount,Personal spending on other,other,4665.0,6,0,0
Bill for GRE / TOEFL exam registration today Monthly education budget expense,Bill for GRE / TOEFL exam registration today,Monthly education budget expense,education,14453.55,2,5,1
Quick Broadband WiFi internet bill with card Paid via UPI for other,Quick Broadband WiFi internet bill with card,Paid via UPI for other,other,5200.73,3,1,0
Spent on Apollo Pharmacy medicines for home Monthly health budget expense,Spent on Apollo Pharmacy medicines for home,Monthly health budget expense,health,461.5,14,2,0
Online Diesel filling for car today Routine transport item,Online Diesel filling for car today,Routine transport item,transport,4091.29,8,2,0
Bill for Yoga class subscription via GPay Routine health item,Bill for Yoga class subscription via GPay,Routine health item,health,7357.39,2,6,1
Purchase at PlayStation PS Plus subscription with discount Routine entertainment item,Purchase at PlayStation PS Plus subscription with discount,Routine entertainment item,entertainment,2688.43,3,0,0
Spent on Udemy online programming course for home Routine education item,Spent on Udemy online programming course for home,Routine education item,education,17677.12,7,5,1
Bill for Laundry dry cleaning with discount,Bill for Laundry dry cleaning with discount,,other,5545.93,24,1,0
Paid for Barbeque Nation buffet for home Personal spending on food,Paid for Barbeque Nation buffet for home,Personal spending on food,food,3099.82,26,4,0
Train ticket booking IRCTC with card Routine transport item,Train ticket booking IRCTC with card,Routine transport item,transport,1827.18,24,1,0
Spent on Haldirams snacks & sweets with discount Routine food item,Spent on Haldirams snacks & sweets with discount,Routine food item,food,1667.99,10,5,1
Txn: Eye checkup and new glasses via GPay Routine health item,Txn: Eye checkup and new glasses via GPay,Routine health item,health,4826.52,12,5,1
Quick Tax filing CA consultancy fee with discount Routine other item,Quick Tax filing CA consultancy fee with discount,Routine other item,other,4190.05,23,0,0
Online Dermatologist skin treatment via GPay Paid via UPI for health,Online Dermatologist skin treatment via GPay,Paid via UPI for health,health,2242.26,24,2,0
Txn: LPG gas cylinder refill urgent Monthly other budget expense,Txn: LPG gas cylinder refill urgent,Monthly other budget expense,other,706.37,14,3,0
Monthly apartment rent with discount Routine rent item,Monthly apartment rent with discount,Routine rent item,rent,27361.45,6,4,0
Txn: Car wash & detailing with card Routine transport item,Txn: Car wash & detailing with card,Routine transport item,transport,1737.75,5,0,0
Spent on Auto rickshaw cash fare today Routine transport item,Spent on Auto rickshaw cash fare today,Routine transport item,transport,1631.96,20,3,0
Purchase at Cafe Coffee Day latte with card Routine food item,Purchase at Cafe Coffee Day latte with card,Routine food item,food,125.97,16,4,0
Purchase at Room rent for current month at store Routine rent item,Purchase at Room rent for current month at store,Routine rent item,rent,15579.96,13,2,0
Spent on Office space rent share at store Routine rent item,Spent on Office space rent share at store,Routine rent item,rent,16472.86,9,0,0
Electricity bill payment today Personal spending on other,Electricity bill payment today,Personal spending on other,other,5134.58,3,5,1
Bill for Sunglasses purchase urgent Paid via UPI for shopping,Bill for Sunglasses purchase urgent,Paid via UPI for shopping,shopping,4600.24,18,5,1
Health insurance premium with discount Monthly health budget expense,Health insurance premium with discount,Monthly health budget expense,health,1832.32,5,4,0
Paid for Metro card monthly recharge with card Routine transport item,Paid for Metro card monthly recharge with card,Routine transport item,transport,862.07,21,1,0
Paid for Office space rent share for home Paid via UPI for rent,Paid for Office space rent share for home,Paid via UPI for rent,rent,15241.1,18,4,0
Online Bedsheet and pillow covers Routine shopping item,Online Bedsheet and pillow covers,Routine shopping item,shopping,8981.64,28,0,0
Bill for Electricity bill payment Personal spending on other,Bill for Electricity bill payment,Personal spending on other,other,3866.92,13,5,1
Online Nike running shoes today Routine shopping item,Online Nike running shoes today,Routine shopping item,shopping,3555.77,23,5,1
Quick H&M summer collection for home Monthly shopping budget expense,Quick H&M summer collection for home,Monthly shopping budget expense,shopping,8372.87,25,3,0
Online Barbeque Nation buffet,Online Barbeque Nation buffet,,food,1746.67,26,5,1
Online Bedsheet and pillow covers with discount Personal spending on shopping,Online Bedsheet and pillow covers with discount,Personal spending on shopping,shopping,12078.65,23,5,1
Quick Kitchen cookware set at store Monthly shopping budget expense,Quick Kitchen cookware set at store,Monthly shopping budget expense,shopping,7242.93,26,4,0
Purchase at Vitamin D & Calcium tablets urgent,Purchase at Vitamin D & Calcium tablets urgent,,health,1039.51,18,5,1
Bill for Backpack for travel with discount,Bill for Backpack for travel with discount,,shopping,17526.45,5,4,0
Spent on Airport cab taxi fare Routine transport item,Spent on Airport cab taxi fare,Routine transport item,transport,497.71,4,2,0
Online Hotstar subscription plan urgent,Online Hotstar subscription plan urgent,,entertainment,1449.18,27,5,1
Bill for Water utility bill for home Personal spending on other,Bill for Water utility bill for home,Personal spending on other,other,4433.99,7,0,0
Paid for Bank transaction charge at store Paid via UPI for other,Paid for Bank transaction charge at store,Paid via UPI for other,other,3882.76,11,3,0
Quick Quarterly rent transfer to landlord with card Paid via UPI for rent,Quick Quarterly rent transfer to landlord with card,Paid via UPI for rent,rent,39374.82,12,5,1
Paid for Subway sub & drink Monthly food budget expense,Paid for Subway sub & drink,Monthly food budget expense,food,2829.99,6,3,0
Bill for Kindle e-book purchase with discount Monthly education budget expense,Bill for Kindle e-book purchase with discount,Monthly education budget expense,education,1880.88,12,0,0
Txn: Car servicing & oil change Paid via UPI for transport,Txn: Car servicing & oil change,Paid via UPI for transport,transport,3941.91,7,0,0
Txn: Pizza Hut dinner with discount Paid via UPI for food,Txn: Pizza Hut dinner with discount,Paid via UPI for food,food,2941.24,20,1,0
Online Interstate Volvo bus ticket via GPay Paid via UPI for transport,Online Interstate Volvo bus ticket via GPay,Paid via UPI for transport,transport,3204.68,10,5,1
Spent on Web development workshop fee via GPay,Spent on Web development workshop fee via GPay,,education,10182.34,22,4,0
Txn: Laundry dry cleaning with card Routine other item,Txn: Laundry dry cleaning with card,Routine other item,other,552.59,6,5,1
Online Medplus health supplements via GPay Monthly health budget expense,Online Medplus health supplements via GPay,Monthly health budget expense,health,6902.11,15,2,0
Paid for Gift for friend birthday urgent Routine other item,Paid for Gift for friend birthday urgent,Routine other item,other,5180.58,9,5,1
Quick Blood test and full body checkup urgent,Quick Blood test and full body checkup urgent,,health,2661.48,25,6,1
Purchase at College semester tuition fee at store Monthly education budget expense,Purchase at College semester tuition fee at store,Monthly education budget expense,education,14044.72,19,5,1
Online Cycle repair & parts with card Paid via UPI for transport,Online Cycle repair & parts with card,Paid via UPI for transport,transport,3804.89,28,1,0
Bill for Technical reference book Monthly education budget expense,Bill for Technical reference book,Monthly education budget expense,education,16352.54,11,5,1
Spent on Water tanker for society for home Monthly rent budget expense,Spent on Water tanker for society for home,Monthly rent budget expense,rent,8546.93,26,0,0
Quick Myntra clothes shopping with discount Monthly shopping budget expense,Quick Myntra clothes shopping with discount,Monthly shopping budget expense,shopping,2698.21,16,2,0
Purchase at Society maintenance bill for home Monthly rent budget expense,Purchase at Society maintenance bill for home,Monthly rent budget expense,rent,21570.03,20,3,0
Online Online test series subscription today Monthly education budget expense,Online Online test series subscription today,Monthly education budget expense,education,20006.71,24,2,0
Txn: Zepto milk and eggs urgent Monthly food budget expense,Txn: Zepto milk and eggs urgent,Monthly food budget expense,food,3482.44,1,1,0
Bill for Notebooks and pens set for home Routine education item,Bill for Notebooks and pens set for home,Routine education item,education,11612.7,15,2,0
Quick Academic journal access fee for home Personal spending on education,Quick Academic journal access fee for home,Personal spending on education,education,18777.96,24,1,0
Purchase at Gardening plants and soil with card Routine other item,Purchase at Gardening plants and soil with card,Routine other item,other,4610.63,1,3,0
Spent on Netflix monthly subscription at store,Spent on Netflix monthly subscription at store,,entertainment,881.5,26,2,0
Spent on Web development workshop fee with card Paid via UPI for education,Spent on Web development workshop fee with card,Paid via UPI for education,education,8109.47,21,0,0
Paid for Academic journal access fee today Routine education item,Paid for Academic journal access fee today,Routine education item,education,23793.89,8,6,1
Bank transaction charge for home Routine other item,Bank transaction charge for home,Routine other item,other,1302.66,6,4,0
Paid for Coffee beans purchase today Personal spending on food,Paid for Coffee beans purchase today,Personal spending on food,food,623.39,2,4,0
Bill for Coursera specialization certification Monthly education budget expense,Bill for Coursera specialization certification,Monthly education budget expense,education,12235.05,14,3,0
Hostel fees payment at store Paid via UPI for rent,Hostel fees payment at store,Paid via UPI for rent,rent,22338.61,2,2,0
Paid for Zepto milk and eggs with card,Paid for Zepto milk and eggs with card,,food,1675.21,21,6,1
Quick ATM cash withdrawal unaccounted at store,Quick ATM cash withdrawal unaccounted at store,,other,713.06,10,3,0
Quick Broadband WiFi internet bill Routine other item,Quick Broadband WiFi internet bill,Routine other item,other,3342.07,20,3,0
Spent on Brokerage fee for apartment via GPay,Spent on Brokerage fee for apartment via GPay,,rent,29203.45,8,0,0
Purchase at Tax filing CA consultancy fee with discount,Purchase at Tax filing CA consultancy fee with discount,,other,2768.68,18,4,0
Txn: Flight ticket Indigo to Mumbai with discount Paid via UPI for transport,Txn: Flight ticket Indigo to Mumbai with discount,Paid via UPI for transport,transport,1599.56,17,5,1
Quick Technical reference book via GPay Routine education item,Quick Technical reference book via GPay,Routine education item,education,11450.74,17,1,0
Amazon online purchase with discount Routine shopping item,Amazon online purchase with discount,Routine shopping item,shopping,1540.53,9,3,0
YouTube Premium family plan with card Personal spending on entertainment,YouTube Premium family plan with card,Personal spending on entertainment,entertainment,2474.57,28,6,1
Online Perfume & cosmetics store via GPay Monthly shopping budget expense,Online Perfume & cosmetics store via GPay,Monthly shopping budget expense,shopping,13192.09,3,6,1
Online Club weekend party entry with card,Online Club weekend party entry with card,,entertainment,974.94,6,4,0
Quick Toll plaza FASTag recharge urgent Monthly transport budget expense,Quick Toll plaza FASTag recharge urgent,Monthly transport budget expense,transport,4225.0,21,1,0
Quick Mobile postpaid monthly bill for home Routine other item,Quick Mobile postpaid monthly bill for home,Routine other item,other,430.03,22,5,1
Paid for Bus pass monthly renewal for home Paid via UPI for transport,Paid for Bus pass monthly renewal for home,Paid via UPI for transport,transport,4083.12,21,1,0
Txn: Mobile postpaid monthly bill with card,Txn: Mobile postpaid monthly bill with card,,other,5303.72,3,2,0
Paid for Security deposit installment at store,Paid for Security deposit installment at store,,rent,20248.29,26,0,0
Online Zepto milk and eggs Routine food item,Online Zepto milk and eggs,Routine food item,food,1147.06,10,4,0
Bill for Doctor consultation fee with card,Bill for Doctor consultation fee with card,,health,2763.15,25,1,0
Online Gym membership monthly renewal with card Monthly health budget expense,Online Gym membership monthly renewal with card,Monthly health budget expense,health,7997.33,20,5,1
Parking fee at mall Paid via UPI for transport,Parking fee at mall,Paid via UPI for transport,transport,2825.16,22,0,0
Paid for Academic journal access fee urgent Monthly education budget expense,Paid for Academic journal access fee urgent,Monthly education budget expense,education,8052.68,14,5,1
Quick Academic journal access fee with card Paid via UPI for education,Quick Academic journal access fee with card,Paid via UPI for education,education,3018.35,22,1,0
Cult.fit fitness pass today Paid via UPI for health,Cult.fit fitness pass today,Paid via UPI for health,health,7130.89,2,4,0
Bill for Pizza Hut dinner via GPay Monthly food budget expense,Bill for Pizza Hut dinner via GPay,Monthly food budget expense,food,1066.84,9,4,0
Bill for Gardening plants and soil with discount Monthly other budget expense,Bill for Gardening plants and soil with discount,Monthly other budget expense,other,1142.17,2,1,0
Paid for Chai Point tea with biscuits for home,Paid for Chai Point tea with biscuits for home,,food,338.01,28,3,0
Bill for Co-living monthly rent today Personal spending on rent,Bill for Co-living monthly rent today,Personal spending on rent,rent,12122.93,22,2,0
Quick Protein powder supplement urgent Monthly health budget expense,Quick Protein powder supplement urgent,Monthly health budget expense,health,5233.09,20,2,0
Spent on PlayStation PS Plus subscription for home,Spent on PlayStation PS Plus subscription for home,,entertainment,409.87,2,0,0
Quick KFC chicken bucket at store,Quick KFC chicken bucket at store,,food,837.41,27,1,0
Online EV charging station fee with discount Routine transport item,Online EV charging station fee with discount,Routine transport item,transport,294.15,19,2,0
Spent on Parking fee at mall at store Routine transport item,Spent on Parking fee at mall at store,Routine transport item,transport,2795.66,24,2,0
Purchase at Medplus health supplements urgent Personal spending on health,Purchase at Medplus health supplements urgent,Personal spending on health,health,4398.03,3,1,0
Paid for Dominos pizza party for home Routine food item,Paid for Dominos pizza party for home,Routine food item,food,2310.08,16,3,0
Bill for Blood test and full body checkup with card,Bill for Blood test and full body checkup with card,,health,1843.62,25,2,0
Spent on Steam video game purchase at store Monthly entertainment budget expense,Spent on Steam video game purchase at store,Monthly entertainment budget expense,entertainment,1517.02,17,6,1
Online Kitchen cookware set at store Routine shopping item,Online Kitchen cookware set at store,Routine shopping item,shopping,2466.35,6,6,1
Txn: Amazon Prime annual membership via GPay Routine entertainment item,Txn: Amazon Prime annual membership via GPay,Routine entertainment item,entertainment,979.81,23,1,0
Txn: Storage locker monthly rental for home Paid via UPI for rent,Txn: Storage locker monthly rental for home,Paid via UPI for rent,rent,36907.23,26,4,0
Quick Skillshare creative subscription via GPay Paid via UPI for education,Quick Skillshare creative subscription via GPay,Paid via UPI for education,education,14016.39,7,1,0
Netflix monthly subscription today Routine entertainment item,Netflix monthly subscription today,Routine entertainment item,entertainment,2186.19,25,2,0
Spent on Dinner with friends at restaurant urgent,Spent on Dinner with friends at restaurant urgent,,food,260.83,6,4,0
Bill for College semester tuition fee for home Personal spending on education,Bill for College semester tuition fee for home,Personal spending on education,education,13277.92,19,1,0
Quick Electricity bill payment via GPay Routine other item,Quick Electricity bill payment via GPay,Routine other item,other,3817.22,28,4,0
Quick Gift for friend birthday Routine other item,Quick Gift for friend birthday,Routine other item,other,3189.1,12,4,0
Quick Diesel filling for car via GPay Monthly transport budget expense,Quick Diesel filling for car via GPay,Monthly transport budget expense,transport,3413.01,14,3,0
Paid for Netflix monthly subscription with card Personal spending on entertainment,Paid for Netflix monthly subscription with card,Personal spending on entertainment,entertainment,1235.63,21,3,0
Purchase at Supermarket food supplies with card Routine food item,Purchase at Supermarket food supplies with card,Routine food item,food,2923.48,15,3,0
Quick Club weekend party entry at store Monthly entertainment budget expense,Quick Club weekend party entry at store,Monthly entertainment budget expense,entertainment,2260.85,8,3,0
Electricity bill payment for home Personal spending on other,Electricity bill payment for home,Personal spending on other,other,1564.22,18,4,0
Spent on Parking space monthly rent via GPay Personal spending on rent,Spent on Parking space monthly rent via GPay,Personal spending on rent,rent,31188.67,22,6,1
Bill for Web development workshop fee with discount Routine education item,Bill for Web development workshop fee with discount,Routine education item,education,17354.04,28,1,0
Purchase at House cleaning service Urban Company urgent Personal spending on other,Purchase at House cleaning service Urban Company urgent,Personal spending on other,other,2059.83,21,2,0
Spent on College semester tuition fee via GPay Personal spending on education,Spent on College semester tuition fee via GPay,Personal spending on education,education,793.62,26,2,0
Purchase at Academic journal access fee urgent Personal spending on education,Purchase at Academic journal access fee urgent,Personal spending on education,education,20099.36,19,4,0
Txn: Coursera specialization certification,Txn: Coursera specialization certification,,education,11464.86,22,3,0
Txn: Biryani takeaway urgent Monthly food budget expense,Txn: Biryani takeaway urgent,Monthly food budget expense,food,1268.76,13,5,1
Spent on Backpack for travel via GPay Personal spending on shopping,Spent on Backpack for travel via GPay,Personal spending on shopping,shopping,1642.62,19,4,0
Purchase at Udemy online programming course via GPay Routine education item,Purchase at Udemy online programming course via GPay,Routine education item,education,12375.7,23,3,0
Parking space monthly rent at store Personal spending on rent,Parking space monthly rent at store,Personal spending on rent,rent,21860.37,21,0,0
Bill for Club weekend party entry today Routine entertainment item,Bill for Club weekend party entry today,Routine entertainment item,entertainment,2756.08,21,0,0
Purchase at Language learning app subscription with card Routine education item,Purchase at Language learning app subscription with card,Routine education item,education,3933.34,6,4,0
Fresh meat and fish store with card Monthly food budget expense,Fresh meat and fish store with card,Monthly food budget expense,food,430.16,15,0,0
Txn: Cult.fit fitness pass today Paid via UPI for health,Txn: Cult.fit fitness pass today,Paid via UPI for health,health,400.2,17,0,0
Purchase at Bowling & gaming arcade urgent Paid via UPI for entertainment,Purchase at Bowling & gaming arcade urgent,Paid via UPI for entertainment,entertainment,785.59,5,6,1
Txn: Brokerage fee for apartment via GPay Paid via UPI for rent,Txn: Brokerage fee for apartment via GPay,Paid via UPI for rent,rent,22261.34,16,6,1
Txn: Books and stationery store with card Monthly education budget expense,Txn: Books and stationery store with card,Monthly education budget expense,education,18019.75,22,4,0
Txn: Dinner with friends at restaurant urgent Monthly food budget expense,Txn: Dinner with friends at restaurant urgent,Monthly food budget expense,food,2480.69,25,4,0
Bill for Gardening plants and soil today Routine other item,Bill for Gardening plants and soil today,Routine other item,other,3124.42,6,0,0
Security deposit installment with card Paid via UPI for rent,Security deposit installment with card,Paid via UPI for rent,rent,37429.4,9,3,0
Txn: Metro card monthly recharge with card Paid via UPI for transport,Txn: Metro card monthly recharge with card,Paid via UPI for transport,transport,597.54,12,4,0
Quick Courier speed post delivery Personal spending on other,Quick Courier speed post delivery,Personal spending on other,other,1381.5,22,1,0
Paid for PG accommodation fee with discount Paid via UPI for rent,Paid for PG accommodation fee with discount,Paid via UPI for rent,rent,26112.98,26,6,1
Spent on Dinner with friends at restaurant at store Paid via UPI for food,Spent on Dinner with friends at restaurant at store,Paid via UPI for food,food,3056.08,28,2,0
Paid for Brokerage fee for apartment for home Personal spending on rent,Paid for Brokerage fee for apartment for home,Personal spending on rent,rent,29441.33,1,3,0
Purchase at Amazon online purchase with card Personal spending on shopping,Purchase at Amazon online purchase with card,Personal spending on shopping,shopping,7106.57,28,3,0
Paid for Airport cab taxi fare with card Routine transport item,Paid for Airport cab taxi fare with card,Routine transport item,transport,93.09,8,0,0
Paid for Zomato lunch delivery with discount Personal spending on food,Paid for Zomato lunch delivery with discount,Personal spending on food,food,2154.65,25,2,0
Quick Flat maintenance charge via GPay,Quick Flat maintenance charge via GPay,,rent,11244.04,21,0,0
Online Flat maintenance charge,Online Flat maintenance charge,,rent,12065.08,21,4,0
Purchase at Brokerage fee for apartment Routine rent item,Purchase at Brokerage fee for apartment,Routine rent item,rent,7989.97,13,4,0
Txn: Coursera specialization certification today Paid via UPI for education,Txn: Coursera specialization certification today,Paid via UPI for education,education,1377.48,16,1,0
Charity donation to NGO urgent,Charity donation to NGO urgent,,other,2250.32,18,0,0
Txn: Online test series subscription for home Personal spending on education,Txn: Online test series subscription for home,Personal spending on education,education,6102.14,12,0,0
Spent on Hostel fees payment today Monthly rent budget expense,Spent on Hostel fees payment today,Monthly rent budget expense,rent,10281.87,2,2,0
Paid for First aid kit supplies with discount Routine health item,Paid for First aid kit supplies with discount,Routine health item,health,2105.18,22,0,0
Txn: PVR cinemas IMAX tickets at store Monthly entertainment budget expense,Txn: PVR cinemas IMAX tickets at store,Monthly entertainment budget expense,entertainment,2040.73,19,3,0
Gift for friend birthday via GPay Monthly other budget expense,Gift for friend birthday via GPay,Monthly other budget expense,other,1831.16,16,2,0
